source_root	source_path	size_bytes	disposition
../data	.done_rank_1	18	external_original_not_selected
../data	.done_rank_2	18	external_original_not_selected
../data	.done_rank_3	18	external_original_not_selected
../data	act_base/1-4/ppl_batch_base_act_summary.json	1706	copied_exactly
../data	act_base/1-4/ppl_results_MXFP4.json	1512	copied_exactly
../data	act_base/1-4/ppl_results_MXFP6_E2M3.json	1546	copied_exactly
../data	act_base/1-4/ppl_results_MXFP6_E3M2.json	1546	copied_exactly
../data	act_base/1-4/ppl_results_MXFP8.json	1515	copied_exactly
../data	act_base/10-16/ppl_batch_base_act_summary.json	699	copied_exactly
../data	act_base/10-16/ppl_results_MXFP8.json	1519	copied_exactly
../data	act_base/12-16/ppl_batch_base_act_summary.json	704	copied_exactly
../data	act_base/12-16/ppl_results_MXFP8.json	1563	copied_exactly
../data	act_base/12-32/ppl_batch_base_act_summary.json	697	copied_exactly
../data	act_base/12-32/ppl_results_MXFP8.json	1518	copied_exactly
../data	act_base/16-32/ppl_batch_base_act_summary.json	1707	copied_exactly
../data	act_base/16-32/ppl_results_MXFP4.json	1516	copied_exactly
../data	act_base/16-32/ppl_results_MXFP6_E2M3.json	1550	copied_exactly
../data	act_base/16-32/ppl_results_MXFP6_E3M2.json	1550	copied_exactly
../data	act_base/16-32/ppl_results_MXFP8.json	1519	copied_exactly
../data	act_base/2-4/ppl_batch_base_act_summary.json	1707	copied_exactly
../data	act_base/2-4/ppl_results_MXFP4.json	1514	copied_exactly
../data	act_base/2-4/ppl_results_MXFP6_E2M3.json	1545	copied_exactly
../data	act_base/2-4/ppl_results_MXFP6_E3M2.json	1546	copied_exactly
../data	act_base/2-4/ppl_results_MXFP8.json	1513	copied_exactly
../data	act_base/20-32/ppl_batch_base_act_summary.json	698	copied_exactly
../data	act_base/20-32/ppl_results_MXFP8.json	1518	copied_exactly
../data	act_base/3-4/ppl_batch_base_act_summary.json	707	copied_exactly
../data	act_base/3-4/ppl_results_MXFP8.json	1523	copied_exactly
../data	act_base/3-8/ppl_batch_base_act_summary.json	1703	copied_exactly
../data	act_base/3-8/ppl_results_MXFP4.json	1512	copied_exactly
../data	act_base/3-8/ppl_results_MXFP6_E2M3.json	1546	copied_exactly
../data	act_base/3-8/ppl_results_MXFP6_E3M2.json	1545	copied_exactly
../data	act_base/3-8/ppl_results_MXFP8.json	1512	copied_exactly
../data	act_base/4-16/ppl_batch_base_act_summary.json	698	copied_exactly
../data	act_base/4-16/ppl_results_MXFP8.json	1555	copied_exactly
../data	act_base/4-8/ppl_batch_base_act_summary.json	1705	copied_exactly
../data	act_base/4-8/ppl_results_MXFP4.json	1513	copied_exactly
../data	act_base/4-8/ppl_results_MXFP6_E2M3.json	1546	copied_exactly
../data	act_base/4-8/ppl_results_MXFP6_E3M2.json	1545	copied_exactly
../data	act_base/4-8/ppl_results_MXFP8.json	1515	copied_exactly
../data	act_base/6-16/ppl_batch_base_act_summary.json	699	copied_exactly
../data	act_base/6-16/ppl_results_MXFP8.json	1516	copied_exactly
../data	act_base/8-16/ppl_batch_base_act_summary.json	1705	copied_exactly
../data	act_base/8-16/ppl_results_MXFP4.json	1515	copied_exactly
../data	act_base/8-16/ppl_results_MXFP6_E2M3.json	1547	copied_exactly
../data	act_base/8-16/ppl_results_MXFP6_E3M2.json	1548	copied_exactly
../data	act_base/8-16/ppl_results_MXFP8.json	1516	copied_exactly
../data	arrival_hist/10db/calibration_MXFP4/arrival_hist.json	13973	external_original_not_selected
../data	arrival_hist/10db/calibration_MXFP4/arrival_hist.png	45154	external_original_not_selected
../data	arrival_hist/10db/calibration_MXFP4/arrival_hist_bins.csv	7378	external_original_not_selected
../data	arrival_hist/10db/calibration_MXFP4/arrival_hist_layer_summary.csv	2451	external_original_not_selected
../data	arrival_hist/10db/calibration_MXFP6_E2M3/arrival_hist.json	14018	external_original_not_selected
../data	arrival_hist/10db/calibration_MXFP6_E2M3/arrival_hist.png	40243	external_original_not_selected
../data	arrival_hist/10db/calibration_MXFP6_E2M3/arrival_hist_bins.csv	7535	external_original_not_selected
../data	arrival_hist/10db/calibration_MXFP6_E2M3/arrival_hist_layer_summary.csv	2463	external_original_not_selected
../data	arrival_hist/10db/calibration_MXFP6_E3M2/arrival_hist.json	14017	external_original_not_selected
../data	arrival_hist/10db/calibration_MXFP6_E3M2/arrival_hist.png	40179	external_original_not_selected
../data	arrival_hist/10db/calibration_MXFP6_E3M2/arrival_hist_bins.csv	7628	external_original_not_selected
../data	arrival_hist/10db/calibration_MXFP6_E3M2/arrival_hist_layer_summary.csv	2429	external_original_not_selected
../data	arrival_hist/10db/calibration_MXFP8/arrival_hist.json	14057	external_original_not_selected
../data	arrival_hist/10db/calibration_MXFP8/arrival_hist.png	46447	external_original_not_selected
../data	arrival_hist/10db/calibration_MXFP8/arrival_hist_bins.csv	7538	external_original_not_selected
../data	arrival_hist/10db/calibration_MXFP8/arrival_hist_layer_summary.csv	2466	external_original_not_selected
../data	arrival_hist/12db/calibration_MXFP4/arrival_hist.json	13900	external_original_not_selected
../data	arrival_hist/12db/calibration_MXFP4/arrival_hist.png	42818	external_original_not_selected
../data	arrival_hist/12db/calibration_MXFP4/arrival_hist_bins.csv	7356	external_original_not_selected
../data	arrival_hist/12db/calibration_MXFP4/arrival_hist_layer_summary.csv	2446	external_original_not_selected
../data	arrival_hist/12db/calibration_MXFP6_E2M3/arrival_hist.json	13912	external_original_not_selected
../data	arrival_hist/12db/calibration_MXFP6_E2M3/arrival_hist.png	42421	external_original_not_selected
../data	arrival_hist/12db/calibration_MXFP6_E2M3/arrival_hist_bins.csv	7254	external_original_not_selected
../data	arrival_hist/12db/calibration_MXFP6_E2M3/arrival_hist_layer_summary.csv	2464	external_original_not_selected
../data	arrival_hist/12db/calibration_MXFP6_E3M2/arrival_hist.json	13840	external_original_not_selected
../data	arrival_hist/12db/calibration_MXFP6_E3M2/arrival_hist.png	44170	external_original_not_selected
../data	arrival_hist/12db/calibration_MXFP6_E3M2/arrival_hist_bins.csv	6943	external_original_not_selected
../data	arrival_hist/12db/calibration_MXFP6_E3M2/arrival_hist_layer_summary.csv	2472	external_original_not_selected
../data	arrival_hist/12db/calibration_MXFP8/arrival_hist.json	13896	external_original_not_selected
../data	arrival_hist/12db/calibration_MXFP8/arrival_hist.png	43131	external_original_not_selected
../data	arrival_hist/12db/calibration_MXFP8/arrival_hist_bins.csv	7213	external_original_not_selected
../data	arrival_hist/12db/calibration_MXFP8/arrival_hist_layer_summary.csv	2467	external_original_not_selected
../data	arrival_hist/15db/14db/calibration_MXFP4/arrival_hist.json	13912	external_original_not_selected
../data	arrival_hist/15db/14db/calibration_MXFP4/arrival_hist.png	40770	external_original_not_selected
../data	arrival_hist/15db/14db/calibration_MXFP4/arrival_hist_bins.csv	7180	external_original_not_selected
../data	arrival_hist/15db/14db/calibration_MXFP4/arrival_hist_layer_summary.csv	2461	external_original_not_selected
../data	arrival_hist/15db/14db/calibration_MXFP6_E2M3/arrival_hist.json	13908	external_original_not_selected
../data	arrival_hist/15db/14db/calibration_MXFP6_E2M3/arrival_hist.png	44112	external_original_not_selected
../data	arrival_hist/15db/14db/calibration_MXFP6_E2M3/arrival_hist_bins.csv	7062	external_original_not_selected
../data	arrival_hist/15db/14db/calibration_MXFP6_E2M3/arrival_hist_layer_summary.csv	2474	external_original_not_selected
../data	arrival_hist/15db/14db/calibration_MXFP6_E3M2/arrival_hist.json	13866	external_original_not_selected
../data	arrival_hist/15db/14db/calibration_MXFP6_E3M2/arrival_hist.png	43787	external_original_not_selected
../data	arrival_hist/15db/14db/calibration_MXFP6_E3M2/arrival_hist_bins.csv	7050	external_original_not_selected
../data	arrival_hist/15db/14db/calibration_MXFP6_E3M2/arrival_hist_layer_summary.csv	2467	external_original_not_selected
../data	arrival_hist/15db/14db/calibration_MXFP8/arrival_hist.json	13907	external_original_not_selected
../data	arrival_hist/15db/14db/calibration_MXFP8/arrival_hist.png	40677	external_original_not_selected
../data	arrival_hist/15db/14db/calibration_MXFP8/arrival_hist_bins.csv	7120	external_original_not_selected
../data	arrival_hist/15db/14db/calibration_MXFP8/arrival_hist_layer_summary.csv	2464	external_original_not_selected
../data	arrival_hist/15db/calibration_MXFP4/arrival_hist.json	13860	external_original_not_selected
../data	arrival_hist/15db/calibration_MXFP4/arrival_hist.png	38160	external_original_not_selected
../data	arrival_hist/15db/calibration_MXFP4/arrival_hist_bins.csv	7060	external_original_not_selected
../data	arrival_hist/15db/calibration_MXFP4/arrival_hist_layer_summary.csv	2469	external_original_not_selected
../data	arrival_hist/15db/calibration_MXFP6_E2M3/arrival_hist.json	13856	external_original_not_selected
../data	arrival_hist/15db/calibration_MXFP6_E2M3/arrival_hist.png	41903	external_original_not_selected
../data	arrival_hist/15db/calibration_MXFP6_E2M3/arrival_hist_bins.csv	7041	external_original_not_selected
../data	arrival_hist/15db/calibration_MXFP6_E2M3/arrival_hist_layer_summary.csv	2453	external_original_not_selected
../data	arrival_hist/15db/calibration_MXFP6_E3M2/arrival_hist.json	13828	external_original_not_selected
../data	arrival_hist/15db/calibration_MXFP6_E3M2/arrival_hist.png	41874	external_original_not_selected
../data	arrival_hist/15db/calibration_MXFP6_E3M2/arrival_hist_bins.csv	6980	external_original_not_selected
../data	arrival_hist/15db/calibration_MXFP6_E3M2/arrival_hist_layer_summary.csv	2459	external_original_not_selected
../data	arrival_hist/15db/calibration_MXFP8/arrival_hist.json	13863	external_original_not_selected
../data	arrival_hist/15db/calibration_MXFP8/arrival_hist.png	38451	external_original_not_selected
../data	arrival_hist/15db/calibration_MXFP8/arrival_hist_bins.csv	7188	external_original_not_selected
../data	arrival_hist/15db/calibration_MXFP8/arrival_hist_layer_summary.csv	2448	external_original_not_selected
../data	arrival_hist/18db/calibration_MXFP4/arrival_hist.json	13871	external_original_not_selected
../data	arrival_hist/18db/calibration_MXFP4/arrival_hist.png	43204	external_original_not_selected
../data	arrival_hist/18db/calibration_MXFP4/arrival_hist_bins.csv	6928	external_original_not_selected
../data	arrival_hist/18db/calibration_MXFP4/arrival_hist_layer_summary.csv	2520	external_original_not_selected
../data	arrival_hist/18db/calibration_MXFP4_fixed_sum/arrival_hist.json	13429	external_original_not_selected
../data	arrival_hist/18db/calibration_MXFP4_fixed_sum/arrival_hist.png	44739	external_original_not_selected
../data	arrival_hist/18db/calibration_MXFP4_fixed_sum/arrival_hist_bins.csv	5831	external_original_not_selected
../data	arrival_hist/18db/calibration_MXFP4_fixed_sum/arrival_hist_layer_summary.csv	2464	external_original_not_selected
../data	arrival_hist/18db/calibration_MXFP6_E2M3/arrival_hist.json	13849	external_original_not_selected
../data	arrival_hist/18db/calibration_MXFP6_E2M3/arrival_hist.png	44494	external_original_not_selected
../data	arrival_hist/18db/calibration_MXFP6_E2M3/arrival_hist_bins.csv	7012	external_original_not_selected
../data	arrival_hist/18db/calibration_MXFP6_E2M3/arrival_hist_layer_summary.csv	2455	external_original_not_selected
../data	arrival_hist/18db/calibration_MXFP6_E2M3_fixed_sum/arrival_hist.json	13453	external_original_not_selected
../data	arrival_hist/18db/calibration_MXFP6_E2M3_fixed_sum/arrival_hist.png	44013	external_original_not_selected
../data	arrival_hist/18db/calibration_MXFP6_E2M3_fixed_sum/arrival_hist_bins.csv	5824	external_original_not_selected
../data	arrival_hist/18db/calibration_MXFP6_E2M3_fixed_sum/arrival_hist_layer_summary.csv	2484	external_original_not_selected
../data	arrival_hist/18db/calibration_MXFP6_E3M2/arrival_hist.json	13795	external_original_not_selected
../data	arrival_hist/18db/calibration_MXFP6_E3M2/arrival_hist.png	44464	external_original_not_selected
../data	arrival_hist/18db/calibration_MXFP6_E3M2/arrival_hist_bins.csv	6906	external_original_not_selected
../data	arrival_hist/18db/calibration_MXFP6_E3M2/arrival_hist_layer_summary.csv	2451	external_original_not_selected
../data	arrival_hist/18db/calibration_MXFP6_E3M2_fixed_sum/arrival_hist.json	13438	external_original_not_selected
../data	arrival_hist/18db/calibration_MXFP6_E3M2_fixed_sum/arrival_hist.png	44007	external_original_not_selected
../data	arrival_hist/18db/calibration_MXFP6_E3M2_fixed_sum/arrival_hist_bins.csv	5788	external_original_not_selected
../data	arrival_hist/18db/calibration_MXFP6_E3M2_fixed_sum/arrival_hist_layer_summary.csv	2481	external_original_not_selected
../data	arrival_hist/18db/calibration_MXFP8/arrival_hist.json	13946	external_original_not_selected
../data	arrival_hist/18db/calibration_MXFP8/arrival_hist.png	43317	external_original_not_selected
../data	arrival_hist/18db/calibration_MXFP8/arrival_hist_bins.csv	7152	external_original_not_selected
../data	arrival_hist/18db/calibration_MXFP8/arrival_hist_layer_summary.csv	2517	external_original_not_selected
../data	arrival_hist/18db/calibration_MXFP8_fixed_sum/arrival_hist.json	13431	external_original_not_selected
../data	arrival_hist/18db/calibration_MXFP8_fixed_sum/arrival_hist.png	44935	external_original_not_selected
../data	arrival_hist/18db/calibration_MXFP8_fixed_sum/arrival_hist_bins.csv	5748	external_original_not_selected
../data	arrival_hist/18db/calibration_MXFP8_fixed_sum/arrival_hist_layer_summary.csv	2486	external_original_not_selected
../data	arrival_hist/20db/calibration_MXFP4/arrival_hist.json	13838	external_original_not_selected
../data	arrival_hist/20db/calibration_MXFP4/arrival_hist.png	42600	external_original_not_selected
../data	arrival_hist/20db/calibration_MXFP4/arrival_hist_bins.csv	6792	external_original_not_selected
../data	arrival_hist/20db/calibration_MXFP4/arrival_hist_layer_summary.csv	2489	external_original_not_selected
../data	arrival_hist/20db/calibration_MXFP4_fixed_sum/arrival_hist.json	13550	external_original_not_selected
../data	arrival_hist/20db/calibration_MXFP4_fixed_sum/arrival_hist.png	45088	external_original_not_selected
../data	arrival_hist/20db/calibration_MXFP4_fixed_sum/arrival_hist_bins.csv	5971	external_original_not_selected
../data	arrival_hist/20db/calibration_MXFP4_fixed_sum/arrival_hist_layer_summary.csv	2509	external_original_not_selected
../data	arrival_hist/20db/calibration_MXFP6_E2M3/arrival_hist.json	13941	external_original_not_selected
../data	arrival_hist/20db/calibration_MXFP6_E2M3/arrival_hist.png	44558	external_original_not_selected
../data	arrival_hist/20db/calibration_MXFP6_E2M3/arrival_hist_bins.csv	7055	external_original_not_selected
../data	arrival_hist/20db/calibration_MXFP6_E2M3/arrival_hist_layer_summary.csv	2517	external_original_not_selected
../data	arrival_hist/20db/calibration_MXFP6_E2M3_fixed_sum/arrival_hist.json	13527	external_original_not_selected
../data	arrival_hist/20db/calibration_MXFP6_E2M3_fixed_sum/arrival_hist.png	45779	external_original_not_selected
../data	arrival_hist/20db/calibration_MXFP6_E2M3_fixed_sum/arrival_hist_bins.csv	5893	external_original_not_selected
../data	arrival_hist/20db/calibration_MXFP6_E2M3_fixed_sum/arrival_hist_layer_summary.csv	2500	external_original_not_selected
../data	arrival_hist/20db/calibration_MXFP6_E3M2/arrival_hist.json	13831	external_original_not_selected
../data	arrival_hist/20db/calibration_MXFP6_E3M2/arrival_hist.png	44118	external_original_not_selected
../data	arrival_hist/20db/calibration_MXFP6_E3M2/arrival_hist_bins.csv	6933	external_original_not_selected
../data	arrival_hist/20db/calibration_MXFP6_E3M2/arrival_hist_layer_summary.csv	2470	external_original_not_selected
../data	arrival_hist/20db/calibration_MXFP6_E3M2_fixed_sum/arrival_hist.json	13545	external_original_not_selected
../data	arrival_hist/20db/calibration_MXFP6_E3M2_fixed_sum/arrival_hist.png	45883	external_original_not_selected
../data	arrival_hist/20db/calibration_MXFP6_E3M2_fixed_sum/arrival_hist_bins.csv	5915	external_original_not_selected
../data	arrival_hist/20db/calibration_MXFP6_E3M2_fixed_sum/arrival_hist_layer_summary.csv	2524	external_original_not_selected
../data	arrival_hist/20db/calibration_MXFP8/arrival_hist.json	13943	external_original_not_selected
../data	arrival_hist/20db/calibration_MXFP8/arrival_hist.png	40981	external_original_not_selected
../data	arrival_hist/20db/calibration_MXFP8/arrival_hist_bins.csv	6967	external_original_not_selected
../data	arrival_hist/20db/calibration_MXFP8/arrival_hist_layer_summary.csv	2536	external_original_not_selected
../data	arrival_hist/20db/calibration_MXFP8_fixed_sum/arrival_hist.json	13603	external_original_not_selected
../data	arrival_hist/20db/calibration_MXFP8_fixed_sum/arrival_hist.png	43021	external_original_not_selected
../data	arrival_hist/20db/calibration_MXFP8_fixed_sum/arrival_hist_bins.csv	6084	external_original_not_selected
../data	arrival_hist/20db/calibration_MXFP8_fixed_sum/arrival_hist_layer_summary.csv	2527	external_original_not_selected
../data	arrival_hist/22db/calibration_MXFP4/arrival_hist.json	13896	external_original_not_selected
../data	arrival_hist/22db/calibration_MXFP4/arrival_hist.png	45944	external_original_not_selected
../data	arrival_hist/22db/calibration_MXFP4/arrival_hist_bins.csv	6980	external_original_not_selected
../data	arrival_hist/22db/calibration_MXFP4/arrival_hist_layer_summary.csv	2530	external_original_not_selected
../data	arrival_hist/22db/calibration_MXFP4_fixed_sum/arrival_hist.json	13558	external_original_not_selected
../data	arrival_hist/22db/calibration_MXFP4_fixed_sum/arrival_hist.png	40803	external_original_not_selected
../data	arrival_hist/22db/calibration_MXFP4_fixed_sum/arrival_hist_bins.csv	5987	external_original_not_selected
../data	arrival_hist/22db/calibration_MXFP4_fixed_sum/arrival_hist_layer_summary.csv	2500	external_original_not_selected
../data	arrival_hist/22db/calibration_MXFP6_E2M3/arrival_hist.json	13922	external_original_not_selected
../data	arrival_hist/22db/calibration_MXFP6_E2M3/arrival_hist.png	47211	external_original_not_selected
../data	arrival_hist/22db/calibration_MXFP6_E2M3/arrival_hist_bins.csv	6972	external_original_not_selected
../data	arrival_hist/22db/calibration_MXFP6_E2M3/arrival_hist_layer_summary.csv	2507	external_original_not_selected
../data	arrival_hist/22db/calibration_MXFP6_E2M3_fixed_sum/arrival_hist.json	13647	external_original_not_selected
../data	arrival_hist/22db/calibration_MXFP6_E2M3_fixed_sum/arrival_hist.png	48749	external_original_not_selected
../data	arrival_hist/22db/calibration_MXFP6_E2M3_fixed_sum/arrival_hist_bins.csv	6114	external_original_not_selected
../data	arrival_hist/22db/calibration_MXFP6_E2M3_fixed_sum/arrival_hist_layer_summary.csv	2537	external_original_not_selected
../data	arrival_hist/22db/calibration_MXFP6_E3M2/arrival_hist.json	13860	external_original_not_selected
../data	arrival_hist/22db/calibration_MXFP6_E3M2/arrival_hist.png	47410	external_original_not_selected
../data	arrival_hist/22db/calibration_MXFP6_E3M2/arrival_hist_bins.csv	6786	external_original_not_selected
../data	arrival_hist/22db/calibration_MXFP6_E3M2/arrival_hist_layer_summary.csv	2539	external_original_not_selected
../data	arrival_hist/22db/calibration_MXFP6_E3M2_fixed_sum/arrival_hist.json	13563	external_original_not_selected
../data	arrival_hist/22db/calibration_MXFP6_E3M2_fixed_sum/arrival_hist.png	41660	external_original_not_selected
../data	arrival_hist/22db/calibration_MXFP6_E3M2_fixed_sum/arrival_hist_bins.csv	5848	external_original_not_selected
../data	arrival_hist/22db/calibration_MXFP6_E3M2_fixed_sum/arrival_hist_layer_summary.csv	2530	external_original_not_selected
../data	arrival_hist/22db/calibration_MXFP8/arrival_hist.json	13954	external_original_not_selected
../data	arrival_hist/22db/calibration_MXFP8/arrival_hist.png	40871	external_original_not_selected
../data	arrival_hist/22db/calibration_MXFP8/arrival_hist_bins.csv	6950	external_original_not_selected
../data	arrival_hist/22db/calibration_MXFP8/arrival_hist_layer_summary.csv	2562	external_original_not_selected
../data	arrival_hist/22db/calibration_MXFP8_fixed_sum/arrival_hist.json	13642	external_original_not_selected
../data	arrival_hist/22db/calibration_MXFP8_fixed_sum/arrival_hist.png	40900	external_original_not_selected
../data	arrival_hist/22db/calibration_MXFP8_fixed_sum/arrival_hist_bins.csv	6021	external_original_not_selected
../data	arrival_hist/22db/calibration_MXFP8_fixed_sum/arrival_hist_layer_summary.csv	2552	external_original_not_selected
../data	arrival_hist/25db/calibration_MXFP4/arrival_hist.json	13930	external_original_not_selected
../data	arrival_hist/25db/calibration_MXFP4/arrival_hist.png	42626	external_original_not_selected
../data	arrival_hist/25db/calibration_MXFP4/arrival_hist_bins.csv	6851	external_original_not_selected
../data	arrival_hist/25db/calibration_MXFP4/arrival_hist_layer_summary.csv	2578	external_original_not_selected
../data	arrival_hist/25db/calibration_MXFP6_E2M3/arrival_hist.json	14019	external_original_not_selected
../data	arrival_hist/25db/calibration_MXFP6_E2M3/arrival_hist.png	44179	external_original_not_selected
../data	arrival_hist/25db/calibration_MXFP6_E2M3/arrival_hist_bins.csv	7021	external_original_not_selected
../data	arrival_hist/25db/calibration_MXFP6_E2M3/arrival_hist_layer_summary.csv	2614	external_original_not_selected
../data	arrival_hist/25db/calibration_MXFP6_E3M2/arrival_hist.json	13975	external_original_not_selected
../data	arrival_hist/25db/calibration_MXFP6_E3M2/arrival_hist.png	43881	external_original_not_selected
../data	arrival_hist/25db/calibration_MXFP6_E3M2/arrival_hist_bins.csv	6983	external_original_not_selected
../data	arrival_hist/25db/calibration_MXFP6_E3M2/arrival_hist_layer_summary.csv	2587	external_original_not_selected
../data	arrival_hist/25db/calibration_MXFP8/arrival_hist.json	14044	external_original_not_selected
../data	arrival_hist/25db/calibration_MXFP8/arrival_hist.png	43065	external_original_not_selected
../data	arrival_hist/25db/calibration_MXFP8/arrival_hist_bins.csv	7101	external_original_not_selected
../data	arrival_hist/25db/calibration_MXFP8/arrival_hist_layer_summary.csv	2611	external_original_not_selected
../data	arrival_hist/27db/calibration_MXFP4/arrival_hist.json	13911	external_original_not_selected
../data	arrival_hist/27db/calibration_MXFP4/arrival_hist.png	42711	external_original_not_selected
../data	arrival_hist/27db/calibration_MXFP4/arrival_hist_bins.csv	6642	external_original_not_selected
../data	arrival_hist/27db/calibration_MXFP4/arrival_hist_layer_summary.csv	2615	external_original_not_selected
../data	arrival_hist/27db/calibration_MXFP6_E2M3/arrival_hist.json	14036	external_original_not_selected
../data	arrival_hist/27db/calibration_MXFP6_E2M3/arrival_hist.png	42070	external_original_not_selected
../data	arrival_hist/27db/calibration_MXFP6_E2M3/arrival_hist_bins.csv	6843	external_original_not_selected
../data	arrival_hist/27db/calibration_MXFP6_E2M3/arrival_hist_layer_summary.csv	2622	external_original_not_selected
../data	arrival_hist/27db/calibration_MXFP6_E3M2/arrival_hist.json	14001	external_original_not_selected
../data	arrival_hist/27db/calibration_MXFP6_E3M2/arrival_hist.png	42101	external_original_not_selected
../data	arrival_hist/27db/calibration_MXFP6_E3M2/arrival_hist_bins.csv	6835	external_original_not_selected
../data	arrival_hist/27db/calibration_MXFP6_E3M2/arrival_hist_layer_summary.csv	2640	external_original_not_selected
../data	arrival_hist/27db/calibration_MXFP8/arrival_hist.json	14043	external_original_not_selected
../data	arrival_hist/27db/calibration_MXFP8/arrival_hist.png	38873	external_original_not_selected
../data	arrival_hist/27db/calibration_MXFP8/arrival_hist_bins.csv	6929	external_original_not_selected
../data	arrival_hist/27db/calibration_MXFP8/arrival_hist_layer_summary.csv	2652	external_original_not_selected
../data	calib-data/10db/calibration_MXFP4.json	3575872	external_original_not_selected
../data	calib-data/10db/calibration_MXFP6_E2M3.json	3576222	external_original_not_selected
../data	calib-data/10db/calibration_MXFP6_E3M2.json	3577048	external_original_not_selected
../data	calib-data/10db/calibration_MXFP8.json	3580606	external_original_not_selected
../data	calib-data/12db/calibration_MXFP4.json	3575233	external_original_not_selected
../data	calib-data/12db/calibration_MXFP4_fixed_sum.json	3592156	external_original_not_selected
../data	calib-data/12db/calibration_MXFP6_E2M3.json	3575704	external_original_not_selected
../data	calib-data/12db/calibration_MXFP6_E2M3_fixed_sum.json	3592653	external_original_not_selected
../data	calib-data/12db/calibration_MXFP6_E3M2.json	3576695	external_original_not_selected
../data	calib-data/12db/calibration_MXFP6_E3M2_fixed_sum.json	3593625	external_original_not_selected
../data	calib-data/12db/calibration_MXFP8.json	3581054	external_original_not_selected
../data	calib-data/12db/calibration_MXFP8_fixed_sum.json	3597802	external_original_not_selected
../data	calib-data/12db/ppl_results_MXFP8_calibration_fix.json	30127	copied_exactly
../data	calib-data/12db/ppl_results_MXFP8_calibration_snr.json	30140	copied_exactly
../data	calib-data/12db/ppl_results_MXFP8_fix_cap.json	30304	copied_exactly
../data	calib-data/12db/ppl_results_MXFP8_fix_time.json	43627	copied_exactly
../data	calib-data/13db/calibration_MXFP8_fixed_sum.json	3598400	external_original_not_selected
../data	calib-data/13db/ppl_results_MXFP8_calibration_fix.json	43618	copied_exactly
../data	calib-data/13db/ppl_results_MXFP8_fix_time.json	43618	copied_exactly
../data	calib-data/14db/calibration_MXFP4.json	3578216	external_original_not_selected
../data	calib-data/14db/calibration_MXFP4_fixed_sum.json	3594732	external_original_not_selected
../data	calib-data/14db/calibration_MXFP6_E2M3.json	3576661	external_original_not_selected
../data	calib-data/14db/calibration_MXFP6_E2M3_fixed_sum.json	3593246	external_original_not_selected
../data	calib-data/14db/calibration_MXFP6_E3M2.json	3578317	external_original_not_selected
../data	calib-data/14db/calibration_MXFP6_E3M2_fixed_sum.json	3594867	external_original_not_selected
../data	calib-data/14db/calibration_MXFP8.json	3583093	external_original_not_selected
../data	calib-data/14db/calibration_MXFP8_fixed_sum.json	3599526	external_original_not_selected
../data	calib-data/14db/ppl_result_MXFP8_calibration_fix.json	30142	copied_exactly
../data	calib-data/14db/ppl_results_MXFP8_calibration_fix.json	30143	copied_exactly
../data	calib-data/14db/ppl_results_MXFP8_fix_cap.json	30291	copied_exactly
../data	calib-data/14db/ppl_results_MXFP8_fix_time.json	43609	copied_exactly
../data	calib-data/15db/calibration_MXFP4.json	3580485	external_original_not_selected
../data	calib-data/15db/calibration_MXFP4_fixed_sum.json	3596710	external_original_not_selected
../data	calib-data/15db/calibration_MXFP6_E2M3.json	3578466	external_original_not_selected
../data	calib-data/15db/calibration_MXFP6_E2M3_fixed_sum.json	3594925	external_original_not_selected
../data	calib-data/15db/calibration_MXFP6_E3M2.json	3580077	external_original_not_selected
../data	calib-data/15db/calibration_MXFP6_E3M2_fixed_sum.json	3596460	external_original_not_selected
../data	calib-data/15db/calibration_MXFP8.json	3585226	external_original_not_selected
../data	calib-data/15db/calibration_MXFP8_fixed_sum.json	3601549	external_original_not_selected
../data	calib-data/15db/ppl_results_MXFP8_MSD_B16_calib.json	22674	copied_exactly
../data	calib-data/15db/ppl_results_MXFP8_calibration_fix.json	30136	copied_exactly
../data	calib-data/15db/ppl_results_MXFP8_calibration_snr.json	30132	copied_exactly
../data	calib-data/15db/ppl_results_MXFP8_fix_cap.json	30290	copied_exactly
../data	calib-data/15db/ppl_results_MXFP8_fix_time.json	43613	copied_exactly
../data	calib-data/16db/calibration_MXFP8_fixed_sum.json	3604917	external_original_not_selected
../data	calib-data/16db/ppl_results_MXFP8_fix_time.json	43586	copied_exactly
../data	calib-data/17db/calibration_MXFP4.json	3587869	external_original_not_selected
../data	calib-data/17db/calibration_MXFP4_fixed_sum.json	3603922	external_original_not_selected
../data	calib-data/17db/calibration_MXFP6_E2M3.json	3585979	external_original_not_selected
../data	calib-data/17db/calibration_MXFP6_E2M3_fixed_sum.json	3602213	external_original_not_selected
../data	calib-data/17db/calibration_MXFP6_E3M2.json	3586544	external_original_not_selected
../data	calib-data/17db/calibration_MXFP6_E3M2_fixed_sum.json	3602962	external_original_not_selected
../data	calib-data/17db/calibration_MXFP8.json	3593855	external_original_not_selected
../data	calib-data/17db/calibration_MXFP8_fixed_sum.json	3610049	external_original_not_selected
../data	calib-data/17db/ppl_results_MXFP8_calibration_fix.json	30113	copied_exactly
../data	calib-data/17db/ppl_results_MXFP8_calibration_snr.json	30123	copied_exactly
../data	calib-data/17db/ppl_results_MXFP8_fix_cap.json	30257	copied_exactly
../data	calib-data/17db/ppl_results_MXFP8_fix_time.json	43585	copied_exactly
../data	calib-data/18db/calibration_MXFP4.json	3593228	external_original_not_selected
../data	calib-data/18db/calibration_MXFP4_fixed_sum.json	3609437	external_original_not_selected
../data	calib-data/18db/calibration_MXFP6_E2M3.json	3591996	external_original_not_selected
../data	calib-data/18db/calibration_MXFP6_E2M3_fixed_sum.json	3608122	external_original_not_selected
../data	calib-data/18db/calibration_MXFP6_E3M2.json	3592265	external_original_not_selected
../data	calib-data/18db/calibration_MXFP6_E3M2_fixed_sum.json	3608588	external_original_not_selected
../data	calib-data/18db/calibration_MXFP8.json	3601978	external_original_not_selected
../data	calib-data/18db/calibration_MXFP8_fixed_sum.json	3617897	external_original_not_selected
../data	calib-data/18db/ppl_results_MXFP4_MSD_B16_calib.json	22650	copied_exactly
../data	calib-data/18db/ppl_results_MXFP4_MSD_B16_calib_snr.json	22678	copied_exactly
../data	calib-data/18db/ppl_results_MXFP8_MSD_B16_calib.json	22658	copied_exactly
../data	calib-data/18db/ppl_results_MXFP8_MSD_B16_calib_snr.json	22672	copied_exactly
../data	calib-data/18db/ppl_results_MXFP8_calibration_fix.json	30085	copied_exactly
../data	calib-data/18db/ppl_results_MXFP8_calibration_snr.json	30123	copied_exactly
../data	calib-data/18db/ppl_results_MXFP8_fix_cap.json	30242	copied_exactly
../data	calib-data/18db/ppl_results_MXFP8_fix_time.json	43568	copied_exactly
../data	calib-data/19db/calibration_MXFP4.json	3601939	external_original_not_selected
../data	calib-data/19db/calibration_MXFP4_fixed_sum.json	3617649	external_original_not_selected
../data	calib-data/19db/calibration_MXFP6_E2M3.json	3601797	external_original_not_selected
../data	calib-data/19db/calibration_MXFP6_E2M3_fixed_sum.json	3617263	external_original_not_selected
../data	calib-data/19db/calibration_MXFP6_E3M2.json	3601810	external_original_not_selected
../data	calib-data/19db/calibration_MXFP6_E3M2_fixed_sum.json	3617559	external_original_not_selected
../data	calib-data/19db/calibration_MXFP8.json	3615391	external_original_not_selected
../data	calib-data/19db/calibration_MXFP8_fixed_sum.json	3630189	external_original_not_selected
../data	calib-data/19db/ppl_results_MXFP8_calibration_fix.json	30088	copied_exactly
../data	calib-data/19db/ppl_results_MXFP8_calibration_snr.json	30114	copied_exactly
../data	calib-data/19db/ppl_results_MXFP8_fix_cap.json	30215	copied_exactly
../data	calib-data/19db/ppl_results_MXFP8_fix_time.json	43542	copied_exactly
../data	calib-data/20db/calibration_MXFP4.json	3615126	external_original_not_selected
../data	calib-data/20db/calibration_MXFP4_fixed_sum.json	3630152	external_original_not_selected
../data	calib-data/20db/calibration_MXFP6_E2M3.json	3616456	external_original_not_selected
../data	calib-data/20db/calibration_MXFP6_E2M3_fixed_sum.json	3631345	external_original_not_selected
../data	calib-data/20db/calibration_MXFP6_E3M2.json	3615653	external_original_not_selected
../data	calib-data/20db/calibration_MXFP6_E3M2_fixed_sum.json	3630650	external_original_not_selected
../data	calib-data/20db/calibration_MXFP8.json	3633083	external_original_not_selected
../data	calib-data/20db/calibration_MXFP8_fixed_sum.json	3646970	external_original_not_selected
../data	calib-data/20db/ppl_results_MXFP4_MSD_B16_calib.json	30137	copied_exactly
../data	calib-data/20db/ppl_results_MXFP8_MSD_B16_calib.json	22659	copied_exactly
../data	calib-data/20db/ppl_results_MXFP8_MSD_B16_calib_snr.json	22662	copied_exactly
../data	calib-data/20db/ppl_results_MXFP8_calibration_fix.json	30076	copied_exactly
../data	calib-data/20db/ppl_results_MXFP8_calibration_snr.json	30109	copied_exactly
../data	calib-data/20db/ppl_results_MXFP8_fix_cap.json	30244	copied_exactly
../data	calib-data/20db/ppl_results_MXFP8_fix_time.json	43558	copied_exactly
../data	calib-data/21db/calibration_MXFP4.json	3632508	external_original_not_selected
../data	calib-data/21db/calibration_MXFP4_fixed_sum.json	3646290	external_original_not_selected
../data	calib-data/21db/calibration_MXFP6_E2M3.json	3635201	external_original_not_selected
../data	calib-data/21db/calibration_MXFP6_E2M3_fixed_sum.json	3648574	external_original_not_selected
../data	calib-data/21db/calibration_MXFP6_E3M2.json	3632363	external_original_not_selected
../data	calib-data/21db/calibration_MXFP6_E3M2_fixed_sum.json	3646220	external_original_not_selected
../data	calib-data/21db/calibration_MXFP8.json	3653617	external_original_not_selected
../data	calib-data/21db/calibration_MXFP8_fixed_sum.json	3666306	external_original_not_selected
../data	calib-data/21db/ppl_results_MXFP8_calibration_fix.json	30054	copied_exactly
../data	calib-data/21db/ppl_results_MXFP8_calibration_snr.json	30108	copied_exactly
../data	calib-data/21db/ppl_results_MXFP8_fix_cap.json	30170	copied_exactly
../data	calib-data/21db/ppl_results_MXFP8_fix_time.json	43476	copied_exactly
../data	calib-data/22db/calibration_MXFP4.json	3651304	external_original_not_selected
../data	calib-data/22db/calibration_MXFP4_fixed_sum.json	3664719	external_original_not_selected
../data	calib-data/22db/calibration_MXFP6_E2M3.json	3656937	external_original_not_selected
../data	calib-data/22db/calibration_MXFP6_E2M3_fixed_sum.json	3669476	external_original_not_selected
../data	calib-data/22db/calibration_MXFP6_E3M2.json	3651158	external_original_not_selected
../data	calib-data/22db/calibration_MXFP6_E3M2_fixed_sum.json	3664315	external_original_not_selected
../data	calib-data/22db/calibration_MXFP8.json	3676367	external_original_not_selected
../data	calib-data/22db/calibration_MXFP8_fixed_sum.json	3688520	external_original_not_selected
../data	calib-data/22db/ppl_results_MXFP8_MSD_B16_calib.json	22717	copied_exactly
../data	calib-data/22db/ppl_results_MXFP8_MSD_B16_calib_snr.json	22660	copied_exactly
../data	calib-data/22db/ppl_results_MXFP8_calibration_fix.json	29994	copied_exactly
../data	calib-data/22db/ppl_results_MXFP8_calibration_snr.json	30089	copied_exactly
../data	calib-data/22db/ppl_results_MXFP8_fix_cap.json	30129	copied_exactly
../data	calib-data/22db/ppl_results_MXFP8_fix_time.json	43441	copied_exactly
../data	calib-data/23db/calibration_MXFP4.json	3671308	external_original_not_selected
../data	calib-data/23db/calibration_MXFP4_fixed_sum.json	3684159	external_original_not_selected
../data	calib-data/23db/calibration_MXFP6_E2M3.json	3680539	external_original_not_selected
../data	calib-data/23db/calibration_MXFP6_E2M3_fixed_sum.json	3692621	external_original_not_selected
../data	calib-data/23db/calibration_MXFP6_E3M2.json	3673149	external_original_not_selected
../data	calib-data/23db/calibration_MXFP6_E3M2_fixed_sum.json	3685648	external_original_not_selected
../data	calib-data/23db/calibration_MXFP8.json	3699411	external_original_not_selected
../data	calib-data/23db/calibration_MXFP8_fixed_sum.json	3711994	external_original_not_selected
../data	calib-data/23db/ppl_results_MXFP8_calibration_fix.json	29916	copied_exactly
../data	calib-data/23db/ppl_results_MXFP8_calibration_snr.json	30069	copied_exactly
../data	calib-data/23db/ppl_results_MXFP8_fix_cap.json	30110	copied_exactly
../data	calib-data/23db/ppl_results_MXFP8_fix_time.json	43425	copied_exactly
../data	calib-data/25db/calibration_MXFP4.json	3710508	external_original_not_selected
../data	calib-data/25db/calibration_MXFP4_fixed_sum.json	3725913	external_original_not_selected
../data	calib-data/25db/calibration_MXFP6_E2M3.json	3719711	external_original_not_selected
../data	calib-data/25db/calibration_MXFP6_E2M3_fixed_sum.json	3735315	external_original_not_selected
../data	calib-data/25db/calibration_MXFP6_E3M2.json	3715075	external_original_not_selected
../data	calib-data/25db/calibration_MXFP6_E3M2_fixed_sum.json	3730265	external_original_not_selected
../data	calib-data/25db/calibration_MXFP8.json	3735140	external_original_not_selected
../data	calib-data/25db/calibration_MXFP8_fixed_sum.json	3752464	external_original_not_selected
../data	calib-data/25db/ppl_results_MXFP8_calibration_fix.json	29891	copied_exactly
../data	calib-data/25db/ppl_results_MXFP8_calibration_snr.json	30024	copied_exactly
../data	calib-data/25db/ppl_results_MXFP8_fix_cap.json	30034	copied_exactly
../data	calib-data/25db/ppl_results_MXFP8_fix_time.json	43359	copied_exactly
../data	calib-data/26db/calibration_MXFP8_fixed_sum.json	3767842	external_original_not_selected
../data	calib-data/26db/ppl_results_MXFP8_fix_time.json	43323	copied_exactly
../data	calib-data/27db/calibration_MXFP4.json	3741190	external_original_not_selected
../data	calib-data/27db/calibration_MXFP6_E2M3.json	3747188	external_original_not_selected
../data	calib-data/27db/calibration_MXFP6_E3M2.json	3743988	external_original_not_selected
../data	calib-data/27db/calibration_MXFP8.json	3757864	external_original_not_selected
../data	calib-data/27db/calibration_MXFP8_fixed_sum.json	3778990	external_original_not_selected
../data	calib-data/27db/ppl_results_MXFP8_fix_time.json	43260	copied_exactly
../data	calib-data/29db/calibration_MXFP8_fixed_sum.json	3791926	external_original_not_selected
../data	calib-data/29db/ppl_results_MXFP8_fix_time.json	43214	copied_exactly
../data	calib-data/30db/calibration_MXFP8_fixed_sum.json	3793315	external_original_not_selected
../data	calib-data/30db/ppl_results_MXFP8_fix_time.json	43196	copied_exactly
../data	calib-data/ppl_results_MXFP8.json	1553	copied_exactly
../data	calib-data/ppl_results_MXFP8_MSD_27db_calib.json	5966028	copied_exactly
../data	calib-data/ppl_results_MXFP8_MSD_B16.json	22189	copied_exactly
../data	calib-data/ppl_results_MXFP8_MSD_B16_pipeline.json	1297	copied_exactly
../data	calib-data/ppl_results_baseline.json	1999	copied_exactly
../data	calib_charts/calib_MXFP8_L2_budget_hist.png	75266	external_original_not_selected
../data	calib_charts/calib_MXFP8_L2_budget_vs_ecomb.png	136828	external_original_not_selected
../data	calib_charts/calib_MXFP8_L2_budget_vs_sigpow.png	127030	external_original_not_selected
../data	calib_charts/calib_MXFP8_L2_effprec_vs_budget.png	124422	external_original_not_selected
../data	calib_charts/calib_MXFP8_L2_interdelay_vs_ecomb.png	226443	external_original_not_selected
../data	calib_charts/calib_MXFP8_L2_snr_dist.png	93455	external_original_not_selected
../data	calib_charts/calib_MXFP8_layer_budget.png	113606	external_original_not_selected
../data	calib_charts/calib_MXFP8_layer_snr.png	117123	external_original_not_selected
../data	chart_mmlu_radar.png	345991	external_original_not_selected
../data	chart_mmlu_subjects.png	228021	external_original_not_selected
../data	chart_overview.png	75109	external_original_not_selected
../data	old-plans/260223-plan-gemini.md	6081	external_original_not_selected
../data	old-plans/260223-plan.md	5990	external_original_not_selected
../data	old-plans/260225-claude-codes.md	11498	external_original_not_selected
../data	old-plans/260227-proposal_summary.md	3560	external_original_not_selected
../data	old-plans/260228-MSD-further-plan.md	23909	external_original_not_selected
../data	old-plans/260228-MSD-plan-reply.md	24190	external_original_not_selected
../data	old-plans/260228-MSD-plan-request.md	7832	external_original_not_selected
../data	old-plans/260228-dist-plan.md	58526	external_original_not_selected
../data	old-plans/260301-twolevel_and_BSD-plan.md	15388	external_original_not_selected
../data	ppl_results_MXFP4.json	733	external_original_not_selected
../data	ppl_results_MXFP6_E2M3.json	776	external_original_not_selected
../data	ppl_results_MXFP6_E3M2.json	776	external_original_not_selected
../data	ppl_results_MXFP8.json	618	copied_exactly
../data	ppl_results_MXFP8_MSD_10db_calib.json	6084612	external_original_not_selected
../data	ppl_results_MXFP8_MSD_30db_calib.json	5912064	external_original_not_selected
../data	ppl_results_baseline.json	810	copied_exactly
../data	qwen3_benchmark_results_original.json	8699	external_original_not_selected
../data	qwen3_final_experiments/fixed_sum17_full_stats/logs/full_stats_20260601_181331/driver.log	5696	external_original_not_selected
../data	qwen3_final_experiments/fixed_sum17_full_stats/logs/full_stats_20260601_181331/final_status.txt	726	external_original_not_selected
../data	qwen3_final_experiments/fixed_sum17_full_stats/logs/full_stats_20260601_181331/fixed_sum_stats_full.json	2640	external_original_not_selected
../data	qwen3_final_experiments/fixed_sum17_full_stats/logs/full_stats_20260601_181331/fixed_sum_stats_full.tsv	1396	copied_exactly
../data	qwen3_final_experiments/fixed_sum17_full_stats/logs/full_stats_20260601_181331/nohup.out	5696	external_original_not_selected
../data	qwen3_final_experiments/fixed_sum17_full_stats/logs/full_stats_20260601_181331/qwen0_6b/calib/snr17db/fixed_sum_down.log	93906	external_original_not_selected
../data	qwen3_final_experiments/fixed_sum17_full_stats/logs/full_stats_20260601_181331/qwen0_6b/calib/snr17db/fixed_sum_gate.log	93902	external_original_not_selected
../data	qwen3_final_experiments/fixed_sum17_full_stats/logs/full_stats_20260601_181331/qwen0_6b/calib/snr17db/fixed_sum_merge.log	802	external_original_not_selected
../data	qwen3_final_experiments/fixed_sum17_full_stats/logs/full_stats_20260601_181331/qwen0_6b/calib/snr17db/fixed_sum_up.log	93901	external_original_not_selected
../data	qwen3_final_experiments/fixed_sum17_full_stats/logs/full_stats_20260601_181331/qwen0_6b/ppl/snr17db/ppl_util_fig5_full.log	46300257	external_original_not_selected
../data	qwen3_final_experiments/fixed_sum17_full_stats/logs/full_stats_20260601_181331/qwen1_7b/calib/snr17db/fixed_sum_down.log	94027	external_original_not_selected
../data	qwen3_final_experiments/fixed_sum17_full_stats/logs/full_stats_20260601_181331/qwen1_7b/calib/snr17db/fixed_sum_gate.log	94211	external_original_not_selected
../data	qwen3_final_experiments/fixed_sum17_full_stats/logs/full_stats_20260601_181331/qwen1_7b/calib/snr17db/fixed_sum_merge.log	802	external_original_not_selected
../data	qwen3_final_experiments/fixed_sum17_full_stats/logs/full_stats_20260601_181331/qwen1_7b/calib/snr17db/fixed_sum_up.log	93150	external_original_not_selected
../data	qwen3_final_experiments/fixed_sum17_full_stats/logs/full_stats_20260601_181331/qwen1_7b/ppl/snr17db/ppl_util_fig5_full.log	381040	external_original_not_selected
../data	qwen3_final_experiments/fixed_sum17_full_stats/logs/full_stats_20260601_181331/run.env	573	external_original_not_selected
../data	qwen3_final_experiments/fixed_sum17_full_stats/logs/full_stats_20260601_181331/status.tsv	6220	external_original_not_selected
../data	qwen3_final_experiments/fixed_sum17_full_stats/qwen0_6b/snr17db/calib/calibration_MXFP8_fixed_sum_qwen0_6b_snr17db.json	3611508	external_original_not_selected
../data	qwen3_final_experiments/fixed_sum17_full_stats/qwen0_6b/snr17db/calib/calibration_MXFP8_fixed_sum_qwen0_6b_snr17db_down.json	536329	external_original_not_selected
../data	qwen3_final_experiments/fixed_sum17_full_stats/qwen0_6b/snr17db/calib/calibration_MXFP8_fixed_sum_qwen0_6b_snr17db_gate.json	1533457	external_original_not_selected
../data	qwen3_final_experiments/fixed_sum17_full_stats/qwen0_6b/snr17db/calib/calibration_MXFP8_fixed_sum_qwen0_6b_snr17db_up.json	1543005	external_original_not_selected
../data	qwen3_final_experiments/fixed_sum17_full_stats/qwen0_6b/snr17db/ppl/util_fig5_full/ppl_results_MXFP8_fixed_sum_qwen0_6b_snr17db_util_fig5_full.json	44716	external_original_not_selected
../data	qwen3_final_experiments/fixed_sum17_full_stats/qwen1_7b/snr17db/calib/calibration_MXFP8_fixed_sum_qwen1_7b_snr17db.json	7154678	external_original_not_selected
../data	qwen3_final_experiments/fixed_sum17_full_stats/qwen1_7b/snr17db/calib/calibration_MXFP8_fixed_sum_qwen1_7b_snr17db_down.json	1060650	external_original_not_selected
../data	qwen3_final_experiments/fixed_sum17_full_stats/qwen1_7b/snr17db/calib/calibration_MXFP8_fixed_sum_qwen1_7b_snr17db_gate.json	3034919	external_original_not_selected
../data	qwen3_final_experiments/fixed_sum17_full_stats/qwen1_7b/snr17db/calib/calibration_MXFP8_fixed_sum_qwen1_7b_snr17db_up.json	3060385	external_original_not_selected
../data	qwen3_final_experiments/fixed_sum17_ppl_stats300/logs/ppl_stats300_20260602_144534/driver.log	11868540	external_original_not_selected
../data	qwen3_final_experiments/fixed_sum17_ppl_stats300/logs/ppl_stats300_20260602_144534/final_status.txt	870	external_original_not_selected
../data	qwen3_final_experiments/fixed_sum17_ppl_stats300/logs/ppl_stats300_20260602_144534/fixed_sum17_ppl_stats_summary.json	7316	copied_exactly
../data	qwen3_final_experiments/fixed_sum17_ppl_stats300/logs/ppl_stats300_20260602_144534/fixed_sum17_ppl_stats_summary.tsv	3251	copied_exactly
../data	qwen3_final_experiments/fixed_sum17_ppl_stats300/logs/ppl_stats300_20260602_144534/nohup.out	11868540	external_original_not_selected
../data	qwen3_final_experiments/fixed_sum17_ppl_stats300/logs/ppl_stats300_20260602_144534/qwen0_6b/calib/snr17db/adopt_existing_calibration.log	203	external_original_not_selected
../data	qwen3_final_experiments/fixed_sum17_ppl_stats300/logs/ppl_stats300_20260602_144534/qwen0_6b/ppl/snr17db/full_no_stats.log	362252	external_original_not_selected
../data	qwen3_final_experiments/fixed_sum17_ppl_stats300/logs/ppl_stats300_20260602_144534/qwen0_6b/ppl/snr17db/stats_limit300.log	3046334	external_original_not_selected
../data	qwen3_final_experiments/fixed_sum17_ppl_stats300/logs/ppl_stats300_20260602_144534/qwen1_7b/calib/snr17db/adopt_existing_calibration.log	203	external_original_not_selected
../data	qwen3_final_experiments/fixed_sum17_ppl_stats300/logs/ppl_stats300_20260602_144534/qwen1_7b/ppl/snr17db/full_no_stats.log	364011	external_original_not_selected
../data	qwen3_final_experiments/fixed_sum17_ppl_stats300/logs/ppl_stats300_20260602_144534/qwen1_7b/ppl/snr17db/stats_limit300.log	3084507	external_original_not_selected
../data	qwen3_final_experiments/fixed_sum17_ppl_stats300/logs/ppl_stats300_20260602_144534/qwen4b/calib/snr17db/fixed_sum_down.log	119713	external_original_not_selected
../data	qwen3_final_experiments/fixed_sum17_ppl_stats300/logs/ppl_stats300_20260602_144534/qwen4b/calib/snr17db/fixed_sum_gate.log	119676	external_original_not_selected
../data	qwen3_final_experiments/fixed_sum17_ppl_stats300/logs/ppl_stats300_20260602_144534/qwen4b/calib/snr17db/fixed_sum_merge.log	793	external_original_not_selected
../data	qwen3_final_experiments/fixed_sum17_ppl_stats300/logs/ppl_stats300_20260602_144534/qwen4b/calib/snr17db/fixed_sum_up.log	119489	external_original_not_selected
../data	qwen3_final_experiments/fixed_sum17_ppl_stats300/logs/ppl_stats300_20260602_144534/qwen4b/ppl/snr17db/full_no_stats.log	464006	external_original_not_selected
../data	qwen3_final_experiments/fixed_sum17_ppl_stats300/logs/ppl_stats300_20260602_144534/qwen4b/ppl/snr17db/stats_limit300.log	3922475	external_original_not_selected
../data	qwen3_final_experiments/fixed_sum17_ppl_stats300/logs/ppl_stats300_20260602_144534/qwen8b/calib/snr17db/fixed_sum_down_l00.log	120371	external_original_not_selected
../data	qwen3_final_experiments/fixed_sum17_ppl_stats300/logs/ppl_stats300_20260602_144534/qwen8b/calib/snr17db/fixed_sum_down_l01_l12.log	120159	external_original_not_selected
../data	qwen3_final_experiments/fixed_sum17_ppl_stats300/logs/ppl_stats300_20260602_144534/qwen8b/calib/snr17db/fixed_sum_down_l13_l24.log	120087	external_original_not_selected
../data	qwen3_final_experiments/fixed_sum17_ppl_stats300/logs/ppl_stats300_20260602_144534/qwen8b/calib/snr17db/fixed_sum_down_l25_l35.log	119940	external_original_not_selected
../data	qwen3_final_experiments/fixed_sum17_ppl_stats300/logs/ppl_stats300_20260602_144534/qwen8b/calib/snr17db/fixed_sum_gate.log	125085	external_original_not_selected
../data	qwen3_final_experiments/fixed_sum17_ppl_stats300/logs/ppl_stats300_20260602_144534/qwen8b/calib/snr17db/fixed_sum_merge.log	1215	external_original_not_selected
../data	qwen3_final_experiments/fixed_sum17_ppl_stats300/logs/ppl_stats300_20260602_144534/qwen8b/calib/snr17db/fixed_sum_up.log	124865	external_original_not_selected
../data	qwen3_final_experiments/fixed_sum17_ppl_stats300/logs/ppl_stats300_20260602_144534/qwen8b/ppl/snr17db/full_no_stats.log	471072	external_original_not_selected
../data	qwen3_final_experiments/fixed_sum17_ppl_stats300/logs/ppl_stats300_20260602_144534/qwen8b/ppl/snr17db/stats_limit300.log	146987	external_original_not_selected
../data	qwen3_final_experiments/fixed_sum17_ppl_stats300/logs/ppl_stats300_20260602_144534/resummary_after_failure/fixed_sum17_ppl_stats_summary.json	7316	external_original_not_selected
../data	qwen3_final_experiments/fixed_sum17_ppl_stats300/logs/ppl_stats300_20260602_144534/resummary_after_failure/fixed_sum17_ppl_stats_summary.tsv	3251	external_original_not_selected
../data	qwen3_final_experiments/fixed_sum17_ppl_stats300/logs/ppl_stats300_20260602_144534/run.env	789	external_original_not_selected
../data	qwen3_final_experiments/fixed_sum17_ppl_stats300/logs/ppl_stats300_20260602_144534/status.tsv	13906	external_original_not_selected
../data	qwen3_final_experiments/fixed_sum17_ppl_stats300/qwen0_6b/snr17db/calib/calibration_MXFP8_fixed_sum_qwen0_6b_snr17db.json	3611508	external_original_not_selected
../data	qwen3_final_experiments/fixed_sum17_ppl_stats300/qwen0_6b/snr17db/calib/calibration_MXFP8_fixed_sum_qwen0_6b_snr17db_down.json	536329	external_original_not_selected
../data	qwen3_final_experiments/fixed_sum17_ppl_stats300/qwen0_6b/snr17db/calib/calibration_MXFP8_fixed_sum_qwen0_6b_snr17db_gate.json	1533457	external_original_not_selected
../data	qwen3_final_experiments/fixed_sum17_ppl_stats300/qwen0_6b/snr17db/calib/calibration_MXFP8_fixed_sum_qwen0_6b_snr17db_up.json	1543005	external_original_not_selected
../data	qwen3_final_experiments/fixed_sum17_ppl_stats300/qwen0_6b/snr17db/ppl/full_no_stats/ppl_results_MXFP8_fixed_sum_qwen0_6b_snr17db_full_no_stats.json	2464	copied_exactly
../data	qwen3_final_experiments/fixed_sum17_ppl_stats300/qwen0_6b/snr17db/ppl/stats_limit300/ppl_results_MXFP8_fixed_sum_qwen0_6b_snr17db_stats_limit300.json	44703	copied_exactly
../data	qwen3_final_experiments/fixed_sum17_ppl_stats300/qwen1_7b/snr17db/calib/calibration_MXFP8_fixed_sum_qwen1_7b_snr17db.json	7154678	external_original_not_selected
../data	qwen3_final_experiments/fixed_sum17_ppl_stats300/qwen1_7b/snr17db/calib/calibration_MXFP8_fixed_sum_qwen1_7b_snr17db_down.json	1060650	external_original_not_selected
../data	qwen3_final_experiments/fixed_sum17_ppl_stats300/qwen1_7b/snr17db/calib/calibration_MXFP8_fixed_sum_qwen1_7b_snr17db_gate.json	3034919	external_original_not_selected
../data	qwen3_final_experiments/fixed_sum17_ppl_stats300/qwen1_7b/snr17db/calib/calibration_MXFP8_fixed_sum_qwen1_7b_snr17db_up.json	3060385	external_original_not_selected
../data	qwen3_final_experiments/fixed_sum17_ppl_stats300/qwen1_7b/snr17db/ppl/full_no_stats/ppl_results_MXFP8_fixed_sum_qwen1_7b_snr17db_full_no_stats.json	2468	copied_exactly
../data	qwen3_final_experiments/fixed_sum17_ppl_stats300/qwen1_7b/snr17db/ppl/stats_limit300/ppl_results_MXFP8_fixed_sum_qwen1_7b_snr17db_stats_limit300.json	44802	copied_exactly
../data	qwen3_final_experiments/fixed_sum17_ppl_stats300/qwen4b/snr17db/calib/calibration_MXFP8_fixed_sum_qwen4b_snr17db.json	12976984	external_original_not_selected
../data	qwen3_final_experiments/fixed_sum17_ppl_stats300/qwen4b/snr17db/calib/calibration_MXFP8_fixed_sum_qwen4b_snr17db_down.json	1585623	external_original_not_selected
../data	qwen3_final_experiments/fixed_sum17_ppl_stats300/qwen4b/snr17db/calib/calibration_MXFP8_fixed_sum_qwen4b_snr17db_gate.json	5676295	external_original_not_selected
../data	qwen3_final_experiments/fixed_sum17_ppl_stats300/qwen4b/snr17db/calib/calibration_MXFP8_fixed_sum_qwen4b_snr17db_up.json	5716346	external_original_not_selected
../data	qwen3_final_experiments/fixed_sum17_ppl_stats300/qwen4b/snr17db/ppl/full_no_stats/ppl_results_MXFP8_fixed_sum_qwen4b_snr17db_full_no_stats.json	2462	copied_exactly
../data	qwen3_final_experiments/fixed_sum17_ppl_stats300/qwen4b/snr17db/ppl/stats_limit300/ppl_results_MXFP8_fixed_sum_qwen4b_snr17db_stats_limit300.json	56843	copied_exactly
../data	qwen3_final_experiments/fixed_sum17_ppl_stats300/qwen8b/snr17db/calib/calibration_MXFP8_fixed_sum_qwen8b_snr17db.json	16915765	external_original_not_selected
../data	qwen3_final_experiments/fixed_sum17_ppl_stats300/qwen8b/snr17db/calib/calibration_MXFP8_fixed_sum_qwen8b_snr17db_down_l00.json	51254	external_original_not_selected
../data	qwen3_final_experiments/fixed_sum17_ppl_stats300/qwen8b/snr17db/calib/calibration_MXFP8_fixed_sum_qwen8b_snr17db_down_l01_l12.json	1340766	external_original_not_selected
../data	qwen3_final_experiments/fixed_sum17_ppl_stats300/qwen8b/snr17db/calib/calibration_MXFP8_fixed_sum_qwen8b_snr17db_down_l13_l24.json	582615	external_original_not_selected
../data	qwen3_final_experiments/fixed_sum17_ppl_stats300/qwen8b/snr17db/calib/calibration_MXFP8_fixed_sum_qwen8b_snr17db_down_l25_l35.json	550610	external_original_not_selected
../data	qwen3_final_experiments/fixed_sum17_ppl_stats300/qwen8b/snr17db/calib/calibration_MXFP8_fixed_sum_qwen8b_snr17db_gate.json	7168380	external_original_not_selected
../data	qwen3_final_experiments/fixed_sum17_ppl_stats300/qwen8b/snr17db/calib/calibration_MXFP8_fixed_sum_qwen8b_snr17db_up.json	7225876	external_original_not_selected
../data	qwen3_final_experiments/fixed_sum17_ppl_stats300/qwen8b/snr17db/ppl/full_no_stats/ppl_results_MXFP8_fixed_sum_qwen8b_snr17db_full_no_stats.json	2463	copied_exactly
../data	qwen3_final_experiments/fixed_sum_norm_sweep/logs/qwen_fixed_sum_norm_20260601_160336/qwen0_6b/snr17db/fixed_sum_down.log	93989	external_original_not_selected
../data	qwen3_final_experiments/fixed_sum_norm_sweep/logs/qwen_fixed_sum_norm_20260601_160336/qwen0_6b/snr17db/fixed_sum_gate.log	93768	external_original_not_selected
../data	qwen3_final_experiments/fixed_sum_norm_sweep/logs/qwen_fixed_sum_norm_20260601_160336/qwen0_6b/snr17db/fixed_sum_merge.log	907	external_original_not_selected
../data	qwen3_final_experiments/fixed_sum_norm_sweep/logs/qwen_fixed_sum_norm_20260601_160336/qwen0_6b/snr17db/fixed_sum_up.log	93952	external_original_not_selected
../data	qwen3_final_experiments/fixed_sum_norm_sweep/logs/qwen_fixed_sum_norm_20260601_160336/qwen0_6b/snr17db/ppl_util_fig5_limit120.log	741028	external_original_not_selected
../data	qwen3_final_experiments/fixed_sum_norm_sweep/logs/qwen_fixed_sum_norm_20260601_160336/qwen0_6b/snr18db/fixed_sum_down.log	93838	external_original_not_selected
../data	qwen3_final_experiments/fixed_sum_norm_sweep/logs/qwen_fixed_sum_norm_20260601_160336/qwen0_6b/snr18db/fixed_sum_gate.log	93988	external_original_not_selected
../data	qwen3_final_experiments/fixed_sum_norm_sweep/logs/qwen_fixed_sum_norm_20260601_160336/qwen0_6b/snr18db/fixed_sum_merge.log	907	external_original_not_selected
../data	qwen3_final_experiments/fixed_sum_norm_sweep/logs/qwen_fixed_sum_norm_20260601_160336/qwen0_6b/snr18db/fixed_sum_up.log	93973	external_original_not_selected
../data	qwen3_final_experiments/fixed_sum_norm_sweep/logs/qwen_fixed_sum_norm_20260601_160336/qwen0_6b/snr18db/ppl_util_fig5_limit120.log	741044	external_original_not_selected
../data	qwen3_final_experiments/fixed_sum_norm_sweep/logs/qwen_fixed_sum_norm_20260601_160336/qwen0_6b/snr19db/fixed_sum_down.log	93990	external_original_not_selected
../data	qwen3_final_experiments/fixed_sum_norm_sweep/logs/qwen_fixed_sum_norm_20260601_160336/qwen0_6b/snr19db/fixed_sum_gate.log	93989	external_original_not_selected
../data	qwen3_final_experiments/fixed_sum_norm_sweep/logs/qwen_fixed_sum_norm_20260601_160336/qwen0_6b/snr19db/fixed_sum_merge.log	907	external_original_not_selected
../data	qwen3_final_experiments/fixed_sum_norm_sweep/logs/qwen_fixed_sum_norm_20260601_160336/qwen0_6b/snr19db/fixed_sum_up.log	93980	external_original_not_selected
../data	qwen3_final_experiments/fixed_sum_norm_sweep/logs/qwen_fixed_sum_norm_20260601_160336/qwen0_6b/snr19db/ppl_util_fig5_limit120.log	741053	external_original_not_selected
../data	qwen3_final_experiments/fixed_sum_norm_sweep/logs/qwen_fixed_sum_norm_20260601_160336/status.tsv	9881	external_original_not_selected
../data	qwen3_final_experiments/fixed_sum_norm_sweep/logs/qwen_fixed_sum_norm_20260601_160336/summary_limit120/fixed_sum_norm_sweep_limit120.json	2987	external_original_not_selected
../data	qwen3_final_experiments/fixed_sum_norm_sweep/logs/qwen_fixed_sum_norm_20260601_160336/summary_limit120/fixed_sum_norm_sweep_limit120.tsv	1355	external_original_not_selected
../data	qwen3_final_experiments/fixed_sum_norm_sweep/qwen0_6b/snr17db/calib/calibration_MXFP8_fixed_sum_qwen0_6b_snr17db.json	3611097	external_original_not_selected
../data	qwen3_final_experiments/fixed_sum_norm_sweep/qwen0_6b/snr17db/calib/calibration_MXFP8_fixed_sum_qwen0_6b_snr17db_down.json	535921	external_original_not_selected
../data	qwen3_final_experiments/fixed_sum_norm_sweep/qwen0_6b/snr17db/calib/calibration_MXFP8_fixed_sum_qwen0_6b_snr17db_gate.json	1533330	external_original_not_selected
../data	qwen3_final_experiments/fixed_sum_norm_sweep/qwen0_6b/snr17db/calib/calibration_MXFP8_fixed_sum_qwen0_6b_snr17db_up.json	1543132	external_original_not_selected
../data	qwen3_final_experiments/fixed_sum_norm_sweep/qwen0_6b/snr17db/ppl/util_fig5_limit120/ppl_results_MXFP8_fixed_sum_qwen0_6b_snr17db_util_fig5_limit120.json	44311	external_original_not_selected
../data	qwen3_final_experiments/fixed_sum_norm_sweep/qwen0_6b/snr18db/calib/calibration_MXFP8_fixed_sum_qwen0_6b_snr18db.json	3618944	external_original_not_selected
../data	qwen3_final_experiments/fixed_sum_norm_sweep/qwen0_6b/snr18db/calib/calibration_MXFP8_fixed_sum_qwen0_6b_snr18db_down.json	539226	external_original_not_selected
../data	qwen3_final_experiments/fixed_sum_norm_sweep/qwen0_6b/snr18db/calib/calibration_MXFP8_fixed_sum_qwen0_6b_snr18db_gate.json	1534472	external_original_not_selected
../data	qwen3_final_experiments/fixed_sum_norm_sweep/qwen0_6b/snr18db/calib/calibration_MXFP8_fixed_sum_qwen0_6b_snr18db_up.json	1546530	external_original_not_selected
../data	qwen3_final_experiments/fixed_sum_norm_sweep/qwen0_6b/snr18db/ppl/util_fig5_limit120/ppl_results_MXFP8_fixed_sum_qwen0_6b_snr18db_util_fig5_limit120.json	44262	external_original_not_selected
../data	qwen3_final_experiments/fixed_sum_norm_sweep/qwen0_6b/snr19db/calib/calibration_MXFP8_fixed_sum_qwen0_6b_snr19db.json	3631233	external_original_not_selected
../data	qwen3_final_experiments/fixed_sum_norm_sweep/qwen0_6b/snr19db/calib/calibration_MXFP8_fixed_sum_qwen0_6b_snr19db_down.json	544953	external_original_not_selected
../data	qwen3_final_experiments/fixed_sum_norm_sweep/qwen0_6b/snr19db/calib/calibration_MXFP8_fixed_sum_qwen0_6b_snr19db_gate.json	1536448	external_original_not_selected
../data	qwen3_final_experiments/fixed_sum_norm_sweep/qwen0_6b/snr19db/calib/calibration_MXFP8_fixed_sum_qwen0_6b_snr19db_up.json	1551118	external_original_not_selected
../data	qwen3_final_experiments/fixed_sum_norm_sweep/qwen0_6b/snr19db/ppl/util_fig5_limit120/ppl_results_MXFP8_fixed_sum_qwen0_6b_snr19db_util_fig5_limit120.json	44285	external_original_not_selected
../data	qwen3_final_experiments/model_sweep_4gpu/logs/artifacts_20260528_151556/qwen0_6b/fixed_sum.log	716	external_original_not_selected
../data	qwen3_final_experiments/model_sweep_4gpu/logs/artifacts_20260528_151556/qwen0_6b/fixed_sum_down.log	532	external_original_not_selected
../data	qwen3_final_experiments/model_sweep_4gpu/logs/artifacts_20260528_151556/qwen0_6b/fixed_sum_gate.log	532	external_original_not_selected
../data	qwen3_final_experiments/model_sweep_4gpu/logs/artifacts_20260528_151556/qwen0_6b/fixed_sum_up.log	526	external_original_not_selected
../data	qwen3_final_experiments/model_sweep_4gpu/logs/artifacts_20260528_151556/qwen0_6b/wanda.log	419	external_original_not_selected
../data	qwen3_final_experiments/model_sweep_4gpu/logs/artifacts_20260528_151556/qwen1_7b/fixed_sum.log	716	external_original_not_selected
../data	qwen3_final_experiments/model_sweep_4gpu/logs/artifacts_20260528_151556/qwen1_7b/fixed_sum_down.log	532	external_original_not_selected
../data	qwen3_final_experiments/model_sweep_4gpu/logs/artifacts_20260528_151556/qwen1_7b/fixed_sum_gate.log	532	external_original_not_selected
../data	qwen3_final_experiments/model_sweep_4gpu/logs/artifacts_20260528_151556/qwen1_7b/fixed_sum_up.log	526	external_original_not_selected
../data	qwen3_final_experiments/model_sweep_4gpu/logs/artifacts_20260528_151556/qwen1_7b/wanda.log	419	external_original_not_selected
../data	qwen3_final_experiments/model_sweep_4gpu/logs/artifacts_20260528_151556/qwen4b/fixed_sum.log	698	external_original_not_selected
../data	qwen3_final_experiments/model_sweep_4gpu/logs/artifacts_20260528_151556/qwen4b/fixed_sum_down.log	524	external_original_not_selected
../data	qwen3_final_experiments/model_sweep_4gpu/logs/artifacts_20260528_151556/qwen4b/fixed_sum_gate.log	524	external_original_not_selected
../data	qwen3_final_experiments/model_sweep_4gpu/logs/artifacts_20260528_151556/qwen4b/fixed_sum_up.log	518	external_original_not_selected
../data	qwen3_final_experiments/model_sweep_4gpu/logs/artifacts_20260528_151556/qwen4b/wanda.log	411	external_original_not_selected
../data	qwen3_final_experiments/model_sweep_4gpu/logs/artifacts_20260528_151556/status.tsv	8926	external_original_not_selected
../data	qwen3_final_experiments/model_sweep_4gpu/logs/artifacts_20260528_154021/qwen0_6b/fixed_sum.log	716	external_original_not_selected
../data	qwen3_final_experiments/model_sweep_4gpu/logs/artifacts_20260528_154021/qwen0_6b/fixed_sum_down.log	532	external_original_not_selected
../data	qwen3_final_experiments/model_sweep_4gpu/logs/artifacts_20260528_154021/qwen0_6b/fixed_sum_gate.log	532	external_original_not_selected
../data	qwen3_final_experiments/model_sweep_4gpu/logs/artifacts_20260528_154021/qwen0_6b/fixed_sum_up.log	526	external_original_not_selected
../data	qwen3_final_experiments/model_sweep_4gpu/logs/artifacts_20260528_154021/qwen0_6b/wanda.log	419	external_original_not_selected
../data	qwen3_final_experiments/model_sweep_4gpu/logs/artifacts_20260528_154021/qwen1_7b/fixed_sum.log	716	external_original_not_selected
../data	qwen3_final_experiments/model_sweep_4gpu/logs/artifacts_20260528_154021/qwen1_7b/fixed_sum_down.log	532	external_original_not_selected
../data	qwen3_final_experiments/model_sweep_4gpu/logs/artifacts_20260528_154021/qwen1_7b/fixed_sum_gate.log	532	external_original_not_selected
../data	qwen3_final_experiments/model_sweep_4gpu/logs/artifacts_20260528_154021/qwen1_7b/fixed_sum_up.log	526	external_original_not_selected
../data	qwen3_final_experiments/model_sweep_4gpu/logs/artifacts_20260528_154021/qwen1_7b/wanda.log	419	external_original_not_selected
../data	qwen3_final_experiments/model_sweep_4gpu/logs/artifacts_20260528_154021/qwen4b/fixed_sum.log	698	external_original_not_selected
../data	qwen3_final_experiments/model_sweep_4gpu/logs/artifacts_20260528_154021/qwen4b/fixed_sum_down.log	524	external_original_not_selected
../data	qwen3_final_experiments/model_sweep_4gpu/logs/artifacts_20260528_154021/qwen4b/fixed_sum_gate.log	524	external_original_not_selected
../data	qwen3_final_experiments/model_sweep_4gpu/logs/artifacts_20260528_154021/qwen4b/fixed_sum_up.log	518	external_original_not_selected
../data	qwen3_final_experiments/model_sweep_4gpu/logs/artifacts_20260528_154021/qwen4b/wanda.log	411	external_original_not_selected
../data	qwen3_final_experiments/model_sweep_4gpu/logs/artifacts_20260528_154021/status.tsv	8926	external_original_not_selected
../data	qwen3_final_experiments/model_sweep_4gpu/logs/artifacts_20260528_154417/qwen0_6b/fixed_sum_gate.log	90949	external_original_not_selected
../data	qwen3_final_experiments/model_sweep_4gpu/logs/artifacts_20260528_154417/status.tsv	347	external_original_not_selected
../data	qwen3_final_experiments/model_sweep_4gpu/logs/artifacts_20260528_154805/qwen0_6b/fixed_sum.log	716	external_original_not_selected
../data	qwen3_final_experiments/model_sweep_4gpu/logs/artifacts_20260528_154805/qwen0_6b/fixed_sum_down.log	533	external_original_not_selected
../data	qwen3_final_experiments/model_sweep_4gpu/logs/artifacts_20260528_154805/qwen0_6b/fixed_sum_gate.log	533	external_original_not_selected
../data	qwen3_final_experiments/model_sweep_4gpu/logs/artifacts_20260528_154805/qwen0_6b/fixed_sum_up.log	527	external_original_not_selected
../data	qwen3_final_experiments/model_sweep_4gpu/logs/artifacts_20260528_154805/qwen0_6b/wanda.log	419	external_original_not_selected
../data	qwen3_final_experiments/model_sweep_4gpu/logs/artifacts_20260528_154805/qwen1_7b/fixed_sum.log	716	external_original_not_selected
../data	qwen3_final_experiments/model_sweep_4gpu/logs/artifacts_20260528_154805/qwen1_7b/fixed_sum_down.log	532	external_original_not_selected
../data	qwen3_final_experiments/model_sweep_4gpu/logs/artifacts_20260528_154805/qwen1_7b/fixed_sum_gate.log	532	external_original_not_selected
../data	qwen3_final_experiments/model_sweep_4gpu/logs/artifacts_20260528_154805/qwen1_7b/fixed_sum_up.log	526	external_original_not_selected
../data	qwen3_final_experiments/model_sweep_4gpu/logs/artifacts_20260528_154805/qwen1_7b/wanda.log	419	external_original_not_selected
../data	qwen3_final_experiments/model_sweep_4gpu/logs/artifacts_20260528_154805/qwen4b/fixed_sum.log	698	external_original_not_selected
../data	qwen3_final_experiments/model_sweep_4gpu/logs/artifacts_20260528_154805/qwen4b/fixed_sum_down.log	524	external_original_not_selected
../data	qwen3_final_experiments/model_sweep_4gpu/logs/artifacts_20260528_154805/qwen4b/fixed_sum_gate.log	524	external_original_not_selected
../data	qwen3_final_experiments/model_sweep_4gpu/logs/artifacts_20260528_154805/qwen4b/fixed_sum_up.log	518	external_original_not_selected
../data	qwen3_final_experiments/model_sweep_4gpu/logs/artifacts_20260528_154805/qwen4b/wanda.log	411	external_original_not_selected
../data	qwen3_final_experiments/model_sweep_4gpu/logs/artifacts_20260528_154805/status.tsv	8926	external_original_not_selected
../data	qwen3_final_experiments/model_sweep_4gpu/logs/artifacts_20260528_154852/qwen0_6b/fixed_sum.log	716	external_original_not_selected
../data	qwen3_final_experiments/model_sweep_4gpu/logs/artifacts_20260528_154852/qwen0_6b/fixed_sum_down.log	533	external_original_not_selected
../data	qwen3_final_experiments/model_sweep_4gpu/logs/artifacts_20260528_154852/qwen0_6b/fixed_sum_gate.log	533	external_original_not_selected
../data	qwen3_final_experiments/model_sweep_4gpu/logs/artifacts_20260528_154852/qwen0_6b/fixed_sum_up.log	527	external_original_not_selected
../data	qwen3_final_experiments/model_sweep_4gpu/logs/artifacts_20260528_154852/qwen0_6b/wanda.log	419	external_original_not_selected
../data	qwen3_final_experiments/model_sweep_4gpu/logs/artifacts_20260528_154852/qwen0_6b/worker.log	4407	external_original_not_selected
../data	qwen3_final_experiments/model_sweep_4gpu/logs/artifacts_20260528_154852/qwen1_7b/fixed_sum.log	716	external_original_not_selected
../data	qwen3_final_experiments/model_sweep_4gpu/logs/artifacts_20260528_154852/qwen1_7b/fixed_sum_down.log	532	external_original_not_selected
../data	qwen3_final_experiments/model_sweep_4gpu/logs/artifacts_20260528_154852/qwen1_7b/fixed_sum_gate.log	532	external_original_not_selected
../data	qwen3_final_experiments/model_sweep_4gpu/logs/artifacts_20260528_154852/qwen1_7b/fixed_sum_up.log	526	external_original_not_selected
../data	qwen3_final_experiments/model_sweep_4gpu/logs/artifacts_20260528_154852/qwen1_7b/wanda.log	419	external_original_not_selected
../data	qwen3_final_experiments/model_sweep_4gpu/logs/artifacts_20260528_154852/qwen1_7b/worker.log	4403	external_original_not_selected
../data	qwen3_final_experiments/model_sweep_4gpu/logs/artifacts_20260528_154852/qwen4b/fixed_sum.log	698	external_original_not_selected
../data	qwen3_final_experiments/model_sweep_4gpu/logs/artifacts_20260528_154852/qwen4b/fixed_sum_down.log	524	external_original_not_selected
../data	qwen3_final_experiments/model_sweep_4gpu/logs/artifacts_20260528_154852/qwen4b/fixed_sum_gate.log	524	external_original_not_selected
../data	qwen3_final_experiments/model_sweep_4gpu/logs/artifacts_20260528_154852/qwen4b/fixed_sum_up.log	518	external_original_not_selected
../data	qwen3_final_experiments/model_sweep_4gpu/logs/artifacts_20260528_154852/qwen4b/wanda.log	411	external_original_not_selected
../data	qwen3_final_experiments/model_sweep_4gpu/logs/artifacts_20260528_154852/qwen4b/worker.log	4317	external_original_not_selected
../data	qwen3_final_experiments/model_sweep_4gpu/logs/artifacts_20260528_154852/status.tsv	9884	external_original_not_selected
../data	qwen3_final_experiments/model_sweep_4gpu/logs/artifacts_20260528_155226/qwen0_6b/fixed_sum.log	956	external_original_not_selected
../data	qwen3_final_experiments/model_sweep_4gpu/logs/artifacts_20260528_155226/qwen0_6b/fixed_sum_down.log	93942	external_original_not_selected
../data	qwen3_final_experiments/model_sweep_4gpu/logs/artifacts_20260528_155226/qwen0_6b/fixed_sum_gate.log	93944	external_original_not_selected
../data	qwen3_final_experiments/model_sweep_4gpu/logs/artifacts_20260528_155226/qwen0_6b/fixed_sum_up.log	93932	external_original_not_selected
../data	qwen3_final_experiments/model_sweep_4gpu/logs/artifacts_20260528_155226/qwen0_6b/wanda.log	108123	external_original_not_selected
../data	qwen3_final_experiments/model_sweep_4gpu/logs/artifacts_20260528_155226/qwen0_6b/worker.log	392337	external_original_not_selected
../data	qwen3_final_experiments/model_sweep_4gpu/logs/artifacts_20260528_155226/qwen1_7b/fixed_sum.log	956	external_original_not_selected
../data	qwen3_final_experiments/model_sweep_4gpu/logs/artifacts_20260528_155226/qwen1_7b/fixed_sum_down.log	94245	external_original_not_selected
../data	qwen3_final_experiments/model_sweep_4gpu/logs/artifacts_20260528_155226/qwen1_7b/fixed_sum_gate.log	94028	external_original_not_selected
../data	qwen3_final_experiments/model_sweep_4gpu/logs/artifacts_20260528_155226/qwen1_7b/fixed_sum_up.log	94232	external_original_not_selected
../data	qwen3_final_experiments/model_sweep_4gpu/logs/artifacts_20260528_155226/qwen1_7b/wanda.log	127452	external_original_not_selected
../data	qwen3_final_experiments/model_sweep_4gpu/logs/artifacts_20260528_155226/qwen1_7b/worker.log	412352	external_original_not_selected
../data	qwen3_final_experiments/model_sweep_4gpu/logs/artifacts_20260528_155226/qwen4b/fixed_sum.log	933	external_original_not_selected
../data	qwen3_final_experiments/model_sweep_4gpu/logs/artifacts_20260528_155226/qwen4b/fixed_sum_down.log	119359	external_original_not_selected
../data	qwen3_final_experiments/model_sweep_4gpu/logs/artifacts_20260528_155226/qwen4b/fixed_sum_gate.log	119527	external_original_not_selected
../data	qwen3_final_experiments/model_sweep_4gpu/logs/artifacts_20260528_155226/qwen4b/fixed_sum_up.log	119297	external_original_not_selected
../data	qwen3_final_experiments/model_sweep_4gpu/logs/artifacts_20260528_155226/qwen4b/wanda.log	189829	external_original_not_selected
../data	qwen3_final_experiments/model_sweep_4gpu/logs/artifacts_20260528_155226/qwen4b/worker.log	550358	external_original_not_selected
../data	qwen3_final_experiments/model_sweep_4gpu/logs/artifacts_20260528_155226/status.tsv	9914	external_original_not_selected
../data	qwen3_final_experiments/model_sweep_4gpu/logs/artifacts_20260528_155242/qwen0_6b/fixed_sum_gate.log	91701	external_original_not_selected
../data	qwen3_final_experiments/model_sweep_4gpu/logs/artifacts_20260528_155242/qwen0_6b/worker.log	92367	external_original_not_selected
../data	qwen3_final_experiments/model_sweep_4gpu/logs/artifacts_20260528_155242/qwen1_7b/fixed_sum_gate.log	90985	external_original_not_selected
../data	qwen3_final_experiments/model_sweep_4gpu/logs/artifacts_20260528_155242/qwen1_7b/worker.log	91650	external_original_not_selected
../data	qwen3_final_experiments/model_sweep_4gpu/logs/artifacts_20260528_155242/qwen4b/fixed_sum_gate.log	115348	external_original_not_selected
../data	qwen3_final_experiments/model_sweep_4gpu/logs/artifacts_20260528_155242/qwen4b/worker.log	116003	external_original_not_selected
../data	qwen3_final_experiments/model_sweep_4gpu/logs/artifacts_20260528_155242/status.tsv	1431	external_original_not_selected
../data	qwen3_final_experiments/model_sweep_4gpu/logs/full_unattended_20260528_154021/driver.log	21112	external_original_not_selected
../data	qwen3_final_experiments/model_sweep_4gpu/logs/full_unattended_20260528_154021/final_status.txt	617	external_original_not_selected
../data	qwen3_final_experiments/model_sweep_4gpu/logs/full_unattended_20260528_154021/run.env	418	external_original_not_selected
../data	qwen3_final_experiments/model_sweep_4gpu/logs/full_unattended_20260528_154021/summary_full.json	3736	external_original_not_selected
../data	qwen3_final_experiments/model_sweep_4gpu/logs/full_unattended_20260528_154021/summary_full.tsv	2424	external_original_not_selected
../data	qwen3_final_experiments/model_sweep_4gpu/logs/full_unattended_20260528_154417/driver.log	91878	external_original_not_selected
../data	qwen3_final_experiments/model_sweep_4gpu/logs/full_unattended_20260528_154417/final_status.txt	617	external_original_not_selected
../data	qwen3_final_experiments/model_sweep_4gpu/logs/full_unattended_20260528_154417/run.env	418	external_original_not_selected
../data	qwen3_final_experiments/model_sweep_4gpu/logs/full_unattended_20260528_154417/summary_full.json	3736	external_original_not_selected
../data	qwen3_final_experiments/model_sweep_4gpu/logs/full_unattended_20260528_154417/summary_full.tsv	2424	external_original_not_selected
../data	qwen3_final_experiments/model_sweep_4gpu/logs/full_unattended_20260528_154805/driver.log	22434	external_original_not_selected
../data	qwen3_final_experiments/model_sweep_4gpu/logs/full_unattended_20260528_154805/final_status.txt	617	external_original_not_selected
../data	qwen3_final_experiments/model_sweep_4gpu/logs/full_unattended_20260528_154805/run.env	446	external_original_not_selected
../data	qwen3_final_experiments/model_sweep_4gpu/logs/full_unattended_20260528_154805/summary_full.json	3736	external_original_not_selected
../data	qwen3_final_experiments/model_sweep_4gpu/logs/full_unattended_20260528_154805/summary_full.tsv	2424	external_original_not_selected
../data	qwen3_final_experiments/model_sweep_4gpu/logs/full_unattended_20260528_154852/driver.log	9644	external_original_not_selected
../data	qwen3_final_experiments/model_sweep_4gpu/logs/full_unattended_20260528_154852/final_status.txt	617	external_original_not_selected
../data	qwen3_final_experiments/model_sweep_4gpu/logs/full_unattended_20260528_154852/run.env	446	external_original_not_selected
../data	qwen3_final_experiments/model_sweep_4gpu/logs/full_unattended_20260528_154852/summary_full.json	3736	external_original_not_selected
../data	qwen3_final_experiments/model_sweep_4gpu/logs/full_unattended_20260528_154852/summary_full.tsv	2424	external_original_not_selected
../data	qwen3_final_experiments/model_sweep_4gpu/logs/full_unattended_20260528_155226/driver.log	6651356	external_original_not_selected
../data	qwen3_final_experiments/model_sweep_4gpu/logs/full_unattended_20260528_155226/final_status.txt	617	external_original_not_selected
../data	qwen3_final_experiments/model_sweep_4gpu/logs/full_unattended_20260528_155226/nohup.out	6651356	external_original_not_selected
../data	qwen3_final_experiments/model_sweep_4gpu/logs/full_unattended_20260528_155226/run.env	446	external_original_not_selected
../data	qwen3_final_experiments/model_sweep_4gpu/logs/full_unattended_20260528_155226/summary_full.json	6681	external_original_not_selected
../data	qwen3_final_experiments/model_sweep_4gpu/logs/full_unattended_20260528_155226/summary_full.tsv	2825	external_original_not_selected
../data	qwen3_final_experiments/model_sweep_4gpu/logs/full_unattended_20260528_155226/summary_full_with_stats_columns/summary_full.json	10513	copied_exactly
../data	qwen3_final_experiments/model_sweep_4gpu/logs/full_unattended_20260528_155226/summary_full_with_stats_columns/summary_full.tsv	3174	copied_exactly
../data	qwen3_final_experiments/model_sweep_4gpu/logs/full_unattended_20260528_155242/driver.log	891	external_original_not_selected
../data	qwen3_final_experiments/model_sweep_4gpu/logs/full_unattended_20260528_155242/final_status.txt	617	external_original_not_selected
../data	qwen3_final_experiments/model_sweep_4gpu/logs/full_unattended_20260528_155242/nohup.out	891	external_original_not_selected
../data	qwen3_final_experiments/model_sweep_4gpu/logs/full_unattended_20260528_155242/run.env	446	external_original_not_selected
../data	qwen3_final_experiments/model_sweep_4gpu/logs/full_unattended_20260528_155242/summary_full.json	3736	external_original_not_selected
../data	qwen3_final_experiments/model_sweep_4gpu/logs/full_unattended_20260528_155242/summary_full.tsv	2424	external_original_not_selected
../data	qwen3_final_experiments/model_sweep_4gpu/logs/sweep_20260528_143838/qwen0_6b/act.log	383	external_original_not_selected
../data	qwen3_final_experiments/model_sweep_4gpu/logs/sweep_20260528_143838/qwen0_6b/mxfp8.log	386	external_original_not_selected
../data	qwen3_final_experiments/model_sweep_4gpu/logs/sweep_20260528_143838/qwen1_7b/act.log	383	external_original_not_selected
../data	qwen3_final_experiments/model_sweep_4gpu/logs/sweep_20260528_143838/qwen1_7b/mxfp8.log	386	external_original_not_selected
../data	qwen3_final_experiments/model_sweep_4gpu/logs/sweep_20260528_143838/qwen4b/act.log	377	external_original_not_selected
../data	qwen3_final_experiments/model_sweep_4gpu/logs/sweep_20260528_143838/qwen4b/mxfp8.log	378	external_original_not_selected
../data	qwen3_final_experiments/model_sweep_4gpu/logs/sweep_20260528_143838/status.tsv	2915	external_original_not_selected
../data	qwen3_final_experiments/model_sweep_4gpu/logs/sweep_20260528_143904/qwen1_7b/act.log	352708	external_original_not_selected
../data	qwen3_final_experiments/model_sweep_4gpu/logs/sweep_20260528_143904/qwen1_7b/mxfp8.log	351071	external_original_not_selected
../data	qwen3_final_experiments/model_sweep_4gpu/logs/sweep_20260528_143904/status.tsv	1011	external_original_not_selected
../data	qwen3_final_experiments/model_sweep_4gpu/logs/sweep_20260528_144448/qwen0_6b/act.log	383	external_original_not_selected
../data	qwen3_final_experiments/model_sweep_4gpu/logs/sweep_20260528_144448/qwen0_6b/mxfp8.log	386	external_original_not_selected
../data	qwen3_final_experiments/model_sweep_4gpu/logs/sweep_20260528_144448/qwen4b/act.log	377	external_original_not_selected
../data	qwen3_final_experiments/model_sweep_4gpu/logs/sweep_20260528_144448/qwen4b/mxfp8.log	378	external_original_not_selected
../data	qwen3_final_experiments/model_sweep_4gpu/logs/sweep_20260528_144448/status.tsv	2449	external_original_not_selected
../data	qwen3_final_experiments/model_sweep_4gpu/logs/sweep_20260528_144543/qwen0_6b/act.log	363	external_original_not_selected
../data	qwen3_final_experiments/model_sweep_4gpu/logs/sweep_20260528_144543/qwen0_6b/mxfp8.log	366	external_original_not_selected
../data	qwen3_final_experiments/model_sweep_4gpu/logs/sweep_20260528_144543/qwen4b/act.log	357	external_original_not_selected
../data	qwen3_final_experiments/model_sweep_4gpu/logs/sweep_20260528_144543/qwen4b/mxfp8.log	358	external_original_not_selected
../data	qwen3_final_experiments/model_sweep_4gpu/logs/sweep_20260528_144543/status.tsv	2449	external_original_not_selected
../data	qwen3_final_experiments/model_sweep_4gpu/logs/sweep_20260528_144624/qwen0_6b/act.log	351177	external_original_not_selected
../data	qwen3_final_experiments/model_sweep_4gpu/logs/sweep_20260528_144624/qwen0_6b/mxfp8.log	348985	external_original_not_selected
../data	qwen3_final_experiments/model_sweep_4gpu/logs/sweep_20260528_144624/qwen4b/act.log	452331	external_original_not_selected
../data	qwen3_final_experiments/model_sweep_4gpu/logs/sweep_20260528_144624/qwen4b/mxfp8.log	450582	external_original_not_selected
../data	qwen3_final_experiments/model_sweep_4gpu/logs/sweep_20260528_144624/status.tsv	2457	external_original_not_selected
../data	qwen3_final_experiments/model_sweep_4gpu/logs/sweep_20260528_145655/status.tsv	1531	external_original_not_selected
../data	qwen3_final_experiments/model_sweep_4gpu/logs/sweep_full_20260528_154021/qwen0_6b/act.log	368	external_original_not_selected
../data	qwen3_final_experiments/model_sweep_4gpu/logs/sweep_full_20260528_154021/qwen0_6b/mxfp8.log	376	external_original_not_selected
../data	qwen3_final_experiments/model_sweep_4gpu/logs/sweep_full_20260528_154021/qwen1_7b/act.log	368	external_original_not_selected
../data	qwen3_final_experiments/model_sweep_4gpu/logs/sweep_full_20260528_154021/qwen1_7b/mxfp8.log	376	external_original_not_selected
../data	qwen3_final_experiments/model_sweep_4gpu/logs/sweep_full_20260528_154021/qwen4b/act.log	362	external_original_not_selected
../data	qwen3_final_experiments/model_sweep_4gpu/logs/sweep_full_20260528_154021/qwen4b/mxfp8.log	368	external_original_not_selected
../data	qwen3_final_experiments/model_sweep_4gpu/logs/sweep_full_20260528_154021/qwen8b/act.log	362	external_original_not_selected
../data	qwen3_final_experiments/model_sweep_4gpu/logs/sweep_full_20260528_154021/qwen8b/fixed_sum.log	570	external_original_not_selected
../data	qwen3_final_experiments/model_sweep_4gpu/logs/sweep_full_20260528_154021/qwen8b/mxfp8.log	368	external_original_not_selected
../data	qwen3_final_experiments/model_sweep_4gpu/logs/sweep_full_20260528_154021/qwen8b/wanda.log	396	external_original_not_selected
../data	qwen3_final_experiments/model_sweep_4gpu/logs/sweep_full_20260528_154021/status.tsv	6866	external_original_not_selected
../data	qwen3_final_experiments/model_sweep_4gpu/logs/sweep_full_20260528_154805/qwen0_6b/act.log	368	external_original_not_selected
../data	qwen3_final_experiments/model_sweep_4gpu/logs/sweep_full_20260528_154805/qwen0_6b/mxfp8.log	376	external_original_not_selected
../data	qwen3_final_experiments/model_sweep_4gpu/logs/sweep_full_20260528_154805/qwen1_7b/act.log	368	external_original_not_selected
../data	qwen3_final_experiments/model_sweep_4gpu/logs/sweep_full_20260528_154805/qwen1_7b/mxfp8.log	376	external_original_not_selected
../data	qwen3_final_experiments/model_sweep_4gpu/logs/sweep_full_20260528_154805/qwen4b/act.log	362	external_original_not_selected
../data	qwen3_final_experiments/model_sweep_4gpu/logs/sweep_full_20260528_154805/qwen4b/mxfp8.log	368	external_original_not_selected
../data	qwen3_final_experiments/model_sweep_4gpu/logs/sweep_full_20260528_154805/qwen8b/act.log	362	external_original_not_selected
../data	qwen3_final_experiments/model_sweep_4gpu/logs/sweep_full_20260528_154805/qwen8b/fixed_sum.log	570	external_original_not_selected
../data	qwen3_final_experiments/model_sweep_4gpu/logs/sweep_full_20260528_154805/qwen8b/mxfp8.log	368	external_original_not_selected
../data	qwen3_final_experiments/model_sweep_4gpu/logs/sweep_full_20260528_154805/qwen8b/wanda.log	396	external_original_not_selected
../data	qwen3_final_experiments/model_sweep_4gpu/logs/sweep_full_20260528_154805/status.tsv	6866	external_original_not_selected
../data	qwen3_final_experiments/model_sweep_4gpu/logs/sweep_full_20260528_154852/qwen0_6b/act.log	368	external_original_not_selected
../data	qwen3_final_experiments/model_sweep_4gpu/logs/sweep_full_20260528_154852/qwen0_6b/mxfp8.log	376	external_original_not_selected
../data	qwen3_final_experiments/model_sweep_4gpu/logs/sweep_full_20260528_154852/qwen1_7b/act.log	368	external_original_not_selected
../data	qwen3_final_experiments/model_sweep_4gpu/logs/sweep_full_20260528_154852/qwen1_7b/mxfp8.log	376	external_original_not_selected
../data	qwen3_final_experiments/model_sweep_4gpu/logs/sweep_full_20260528_154852/qwen4b/act.log	362	external_original_not_selected
../data	qwen3_final_experiments/model_sweep_4gpu/logs/sweep_full_20260528_154852/qwen4b/mxfp8.log	368	external_original_not_selected
../data	qwen3_final_experiments/model_sweep_4gpu/logs/sweep_full_20260528_154852/qwen8b/act.log	362	external_original_not_selected
../data	qwen3_final_experiments/model_sweep_4gpu/logs/sweep_full_20260528_154852/qwen8b/fixed_sum.log	570	external_original_not_selected
../data	qwen3_final_experiments/model_sweep_4gpu/logs/sweep_full_20260528_154852/qwen8b/mxfp8.log	368	external_original_not_selected
../data	qwen3_final_experiments/model_sweep_4gpu/logs/sweep_full_20260528_154852/qwen8b/wanda.log	396	external_original_not_selected
../data	qwen3_final_experiments/model_sweep_4gpu/logs/sweep_full_20260528_154852/status.tsv	6866	external_original_not_selected
../data	qwen3_final_experiments/model_sweep_4gpu/logs/sweep_full_20260528_155226/qwen0_6b/act.log	363556	external_original_not_selected
../data	qwen3_final_experiments/model_sweep_4gpu/logs/sweep_full_20260528_155226/qwen0_6b/fixed_sum.log	363382	external_original_not_selected
../data	qwen3_final_experiments/model_sweep_4gpu/logs/sweep_full_20260528_155226/qwen0_6b/mxfp8.log	361884	external_original_not_selected
../data	qwen3_final_experiments/model_sweep_4gpu/logs/sweep_full_20260528_155226/qwen0_6b/wanda.log	363664	external_original_not_selected
../data	qwen3_final_experiments/model_sweep_4gpu/logs/sweep_full_20260528_155226/qwen1_7b/act.log	364806	external_original_not_selected
../data	qwen3_final_experiments/model_sweep_4gpu/logs/sweep_full_20260528_155226/qwen1_7b/fixed_sum.log	363983	external_original_not_selected
../data	qwen3_final_experiments/model_sweep_4gpu/logs/sweep_full_20260528_155226/qwen1_7b/mxfp8.log	362393	external_original_not_selected
../data	qwen3_final_experiments/model_sweep_4gpu/logs/sweep_full_20260528_155226/qwen1_7b/wanda.log	365583	external_original_not_selected
../data	qwen3_final_experiments/model_sweep_4gpu/logs/sweep_full_20260528_155226/qwen4b/act.log	464631	external_original_not_selected
../data	qwen3_final_experiments/model_sweep_4gpu/logs/sweep_full_20260528_155226/qwen4b/fixed_sum.log	464118	external_original_not_selected
../data	qwen3_final_experiments/model_sweep_4gpu/logs/sweep_full_20260528_155226/qwen4b/mxfp8.log	462243	external_original_not_selected
../data	qwen3_final_experiments/model_sweep_4gpu/logs/sweep_full_20260528_155226/qwen4b/wanda.log	465359	external_original_not_selected
../data	qwen3_final_experiments/model_sweep_4gpu/logs/sweep_full_20260528_155226/qwen8b/act.log	470099	external_original_not_selected
../data	qwen3_final_experiments/model_sweep_4gpu/logs/sweep_full_20260528_155226/qwen8b/fixed_sum.log	470155	external_original_not_selected
../data	qwen3_final_experiments/model_sweep_4gpu/logs/sweep_full_20260528_155226/qwen8b/mxfp8.log	468802	external_original_not_selected
../data	qwen3_final_experiments/model_sweep_4gpu/logs/sweep_full_20260528_155226/qwen8b/wanda.log	471688	external_original_not_selected
../data	qwen3_final_experiments/model_sweep_4gpu/logs/sweep_full_20260528_155226/status.tsv	8511	external_original_not_selected
../data	qwen3_final_experiments/model_sweep_4gpu/logs/sweep_full_check_full/qwen0_6b/act.log	368	external_original_not_selected
../data	qwen3_final_experiments/model_sweep_4gpu/logs/sweep_full_check_full/qwen0_6b/mxfp8.log	376	external_original_not_selected
../data	qwen3_final_experiments/model_sweep_4gpu/logs/sweep_full_check_full/qwen1_7b/act.log	368	external_original_not_selected
../data	qwen3_final_experiments/model_sweep_4gpu/logs/sweep_full_check_full/qwen1_7b/mxfp8.log	376	external_original_not_selected
../data	qwen3_final_experiments/model_sweep_4gpu/logs/sweep_full_check_full/qwen4b/act.log	362	external_original_not_selected
../data	qwen3_final_experiments/model_sweep_4gpu/logs/sweep_full_check_full/qwen4b/mxfp8.log	368	external_original_not_selected
../data	qwen3_final_experiments/model_sweep_4gpu/logs/sweep_full_check_full/qwen8b/act.log	362	external_original_not_selected
../data	qwen3_final_experiments/model_sweep_4gpu/logs/sweep_full_check_full/qwen8b/fixed_sum.log	570	external_original_not_selected
../data	qwen3_final_experiments/model_sweep_4gpu/logs/sweep_full_check_full/qwen8b/mxfp8.log	368	external_original_not_selected
../data	qwen3_final_experiments/model_sweep_4gpu/logs/sweep_full_check_full/qwen8b/wanda.log	396	external_original_not_selected
../data	qwen3_final_experiments/model_sweep_4gpu/logs/sweep_full_check_full/status.tsv	6784	external_original_not_selected
../data	qwen3_final_experiments/model_sweep_4gpu/logs/sweep_prefix120_20260528_150436/qwen0_6b/act.log	393	external_original_not_selected
../data	qwen3_final_experiments/model_sweep_4gpu/logs/sweep_prefix120_20260528_150436/qwen0_6b/mxfp8.log	406	external_original_not_selected
../data	qwen3_final_experiments/model_sweep_4gpu/logs/sweep_prefix120_20260528_150436/qwen1_7b/act.log	393	external_original_not_selected
../data	qwen3_final_experiments/model_sweep_4gpu/logs/sweep_prefix120_20260528_150436/qwen1_7b/mxfp8.log	406	external_original_not_selected
../data	qwen3_final_experiments/model_sweep_4gpu/logs/sweep_prefix120_20260528_150436/qwen4b/act.log	387	external_original_not_selected
../data	qwen3_final_experiments/model_sweep_4gpu/logs/sweep_prefix120_20260528_150436/qwen4b/mxfp8.log	398	external_original_not_selected
../data	qwen3_final_experiments/model_sweep_4gpu/logs/sweep_prefix120_20260528_150436/qwen8b/act.log	387	external_original_not_selected
../data	qwen3_final_experiments/model_sweep_4gpu/logs/sweep_prefix120_20260528_150436/qwen8b/fixed_sum.log	600	external_original_not_selected
../data	qwen3_final_experiments/model_sweep_4gpu/logs/sweep_prefix120_20260528_150436/qwen8b/mxfp8.log	398	external_original_not_selected
../data	qwen3_final_experiments/model_sweep_4gpu/logs/sweep_prefix120_20260528_150436/qwen8b/wanda.log	426	external_original_not_selected
../data	qwen3_final_experiments/model_sweep_4gpu/logs/sweep_prefix120_20260528_150436/status.tsv	7264	external_original_not_selected
../data	qwen3_final_experiments/model_sweep_4gpu/logs/sweep_prefix120_20260528_151558/qwen0_6b/act.log	393	external_original_not_selected
../data	qwen3_final_experiments/model_sweep_4gpu/logs/sweep_prefix120_20260528_151558/qwen0_6b/mxfp8.log	406	external_original_not_selected
../data	qwen3_final_experiments/model_sweep_4gpu/logs/sweep_prefix120_20260528_151558/qwen1_7b/act.log	393	external_original_not_selected
../data	qwen3_final_experiments/model_sweep_4gpu/logs/sweep_prefix120_20260528_151558/qwen1_7b/mxfp8.log	406	external_original_not_selected
../data	qwen3_final_experiments/model_sweep_4gpu/logs/sweep_prefix120_20260528_151558/qwen4b/act.log	387	external_original_not_selected
../data	qwen3_final_experiments/model_sweep_4gpu/logs/sweep_prefix120_20260528_151558/qwen4b/mxfp8.log	398	external_original_not_selected
../data	qwen3_final_experiments/model_sweep_4gpu/logs/sweep_prefix120_20260528_151558/qwen8b/act.log	387	external_original_not_selected
../data	qwen3_final_experiments/model_sweep_4gpu/logs/sweep_prefix120_20260528_151558/qwen8b/fixed_sum.log	600	external_original_not_selected
../data	qwen3_final_experiments/model_sweep_4gpu/logs/sweep_prefix120_20260528_151558/qwen8b/mxfp8.log	398	external_original_not_selected
../data	qwen3_final_experiments/model_sweep_4gpu/logs/sweep_prefix120_20260528_151558/qwen8b/wanda.log	426	external_original_not_selected
../data	qwen3_final_experiments/model_sweep_4gpu/logs/sweep_prefix120_20260528_151558/status.tsv	7264	external_original_not_selected
../data	qwen3_final_experiments/model_sweep_4gpu/logs/sweep_prefix120_check_prefix/qwen0_6b/act.log	393	external_original_not_selected
../data	qwen3_final_experiments/model_sweep_4gpu/logs/sweep_prefix120_check_prefix/qwen0_6b/mxfp8.log	406	external_original_not_selected
../data	qwen3_final_experiments/model_sweep_4gpu/logs/sweep_prefix120_check_prefix/qwen1_7b/act.log	393	external_original_not_selected
../data	qwen3_final_experiments/model_sweep_4gpu/logs/sweep_prefix120_check_prefix/qwen1_7b/mxfp8.log	406	external_original_not_selected
../data	qwen3_final_experiments/model_sweep_4gpu/logs/sweep_prefix120_check_prefix/qwen4b/act.log	387	external_original_not_selected
../data	qwen3_final_experiments/model_sweep_4gpu/logs/sweep_prefix120_check_prefix/qwen4b/mxfp8.log	398	external_original_not_selected
../data	qwen3_final_experiments/model_sweep_4gpu/logs/sweep_prefix120_check_prefix/qwen8b/act.log	387	external_original_not_selected
../data	qwen3_final_experiments/model_sweep_4gpu/logs/sweep_prefix120_check_prefix/qwen8b/fixed_sum.log	600	external_original_not_selected
../data	qwen3_final_experiments/model_sweep_4gpu/logs/sweep_prefix120_check_prefix/qwen8b/mxfp8.log	398	external_original_not_selected
../data	qwen3_final_experiments/model_sweep_4gpu/logs/sweep_prefix120_check_prefix/qwen8b/wanda.log	426	external_original_not_selected
../data	qwen3_final_experiments/model_sweep_4gpu/logs/sweep_prefix120_check_prefix/status.tsv	7186	external_original_not_selected
../data	qwen3_final_experiments/model_sweep_4gpu/logs/sweep_prefix120_check_prefix2/qwen0_6b/act.log	393	external_original_not_selected
../data	qwen3_final_experiments/model_sweep_4gpu/logs/sweep_prefix120_check_prefix2/qwen0_6b/mxfp8.log	406	external_original_not_selected
../data	qwen3_final_experiments/model_sweep_4gpu/logs/sweep_prefix120_check_prefix2/qwen1_7b/act.log	393	external_original_not_selected
../data	qwen3_final_experiments/model_sweep_4gpu/logs/sweep_prefix120_check_prefix2/qwen1_7b/mxfp8.log	406	external_original_not_selected
../data	qwen3_final_experiments/model_sweep_4gpu/logs/sweep_prefix120_check_prefix2/qwen4b/act.log	387	external_original_not_selected
../data	qwen3_final_experiments/model_sweep_4gpu/logs/sweep_prefix120_check_prefix2/qwen4b/mxfp8.log	398	external_original_not_selected
../data	qwen3_final_experiments/model_sweep_4gpu/logs/sweep_prefix120_check_prefix2/qwen8b/act.log	387	external_original_not_selected
../data	qwen3_final_experiments/model_sweep_4gpu/logs/sweep_prefix120_check_prefix2/qwen8b/fixed_sum.log	600	external_original_not_selected
../data	qwen3_final_experiments/model_sweep_4gpu/logs/sweep_prefix120_check_prefix2/qwen8b/mxfp8.log	398	external_original_not_selected
../data	qwen3_final_experiments/model_sweep_4gpu/logs/sweep_prefix120_check_prefix2/qwen8b/wanda.log	426	external_original_not_selected
../data	qwen3_final_experiments/model_sweep_4gpu/logs/sweep_prefix120_check_prefix2/status.tsv	7212	external_original_not_selected
../data	qwen3_final_experiments/model_sweep_4gpu/qwen0_6b/act_base/2-4/ppl_batch_base_act_summary.json	762	external_original_not_selected
../data	qwen3_final_experiments/model_sweep_4gpu/qwen0_6b/act_base/2-4/ppl_results_MXFP8.json	1901	external_original_not_selected
../data	qwen3_final_experiments/model_sweep_4gpu/qwen0_6b/artifacts/calib_fixed_sum_30db/calibration_MXFP8_fixed_sum_qwen0_6b_sweep.json	3794286	external_original_not_selected
../data	qwen3_final_experiments/model_sweep_4gpu/qwen0_6b/artifacts/calib_fixed_sum_30db/calibration_MXFP8_fixed_sum_qwen0_6b_sweep_down.json	560421	external_original_not_selected
../data	qwen3_final_experiments/model_sweep_4gpu/qwen0_6b/artifacts/calib_fixed_sum_30db/calibration_MXFP8_fixed_sum_qwen0_6b_sweep_gate.json	1616631	external_original_not_selected
../data	qwen3_final_experiments/model_sweep_4gpu/qwen0_6b/artifacts/calib_fixed_sum_30db/calibration_MXFP8_fixed_sum_qwen0_6b_sweep_up.json	1618487	external_original_not_selected
../data	qwen3_final_experiments/model_sweep_4gpu/qwen0_6b/artifacts/wanda_base/2-4/calibration_base_MXFP8_qwen0_6b_sweep.pt	264270387	external_tensor_or_checkpoint
../data	qwen3_final_experiments/model_sweep_4gpu/qwen0_6b/full/act_base/2-4/ppl_batch_base_act_summary.json	765	copied_exactly
../data	qwen3_final_experiments/model_sweep_4gpu/qwen0_6b/full/act_base/2-4/ppl_results_MXFP8.json	1908	copied_exactly
../data	qwen3_final_experiments/model_sweep_4gpu/qwen0_6b/full/ppl/fixed_sum30/ppl_results_MXFP8_fixed_sum30_qwen0_6b_sweep_full.json	2445	copied_exactly
../data	qwen3_final_experiments/model_sweep_4gpu/qwen0_6b/full/ppl/mxfp8/ppl_results_MXFP8_qwen0_6b_sweep_full.json	2286	copied_exactly
../data	qwen3_final_experiments/model_sweep_4gpu/qwen0_6b/full/wanda_base/2-4/calibration_base_MXFP8_qwen0_6b_sweep_full.pt	264270387	external_tensor_or_checkpoint
../data	qwen3_final_experiments/model_sweep_4gpu/qwen0_6b/full/wanda_base/2-4/ppl_batch_base_summary_qwen0_6b_sweep_full.json	806	copied_exactly
../data	qwen3_final_experiments/model_sweep_4gpu/qwen0_6b/full/wanda_base/2-4/ppl_results_MXFP8_qwen0_6b_sweep_full.json	1934	copied_exactly
../data	qwen3_final_experiments/model_sweep_4gpu/qwen0_6b/ppl/mxfp8/ppl_results_MXFP8_qwen0_6b_sweep.json	2281	external_original_not_selected
../data	qwen3_final_experiments/model_sweep_4gpu/qwen1_7b/act_base/2-4/ppl_batch_base_act_summary.json	763	external_original_not_selected
../data	qwen3_final_experiments/model_sweep_4gpu/qwen1_7b/act_base/2-4/ppl_results_MXFP8.json	1902	external_original_not_selected
../data	qwen3_final_experiments/model_sweep_4gpu/qwen1_7b/artifacts/calib_fixed_sum_30db/calibration_MXFP8_fixed_sum_qwen1_7b_sweep.json	7500171	external_original_not_selected
../data	qwen3_final_experiments/model_sweep_4gpu/qwen1_7b/artifacts/calib_fixed_sum_30db/calibration_MXFP8_fixed_sum_qwen1_7b_sweep_down.json	1090114	external_original_not_selected
../data	qwen3_final_experiments/model_sweep_4gpu/qwen1_7b/artifacts/calib_fixed_sum_30db/calibration_MXFP8_fixed_sum_qwen1_7b_sweep_gate.json	3205364	external_original_not_selected
../data	qwen3_final_experiments/model_sweep_4gpu/qwen1_7b/artifacts/calib_fixed_sum_30db/calibration_MXFP8_fixed_sum_qwen1_7b_sweep_up.json	3205944	external_original_not_selected
../data	qwen3_final_experiments/model_sweep_4gpu/qwen1_7b/artifacts/wanda_base/2-4/calibration_base_MXFP8_qwen1_7b_sweep.pt	1056993843	external_tensor_or_checkpoint
../data	qwen3_final_experiments/model_sweep_4gpu/qwen1_7b/full/act_base/2-4/ppl_batch_base_act_summary.json	765	copied_exactly
../data	qwen3_final_experiments/model_sweep_4gpu/qwen1_7b/full/act_base/2-4/ppl_results_MXFP8.json	1907	copied_exactly
../data	qwen3_final_experiments/model_sweep_4gpu/qwen1_7b/full/ppl/fixed_sum30/ppl_results_MXFP8_fixed_sum30_qwen1_7b_sweep_full.json	2448	copied_exactly
../data	qwen3_final_experiments/model_sweep_4gpu/qwen1_7b/full/ppl/mxfp8/ppl_results_MXFP8_qwen1_7b_sweep_full.json	2287	copied_exactly
../data	qwen3_final_experiments/model_sweep_4gpu/qwen1_7b/full/wanda_base/2-4/calibration_base_MXFP8_qwen1_7b_sweep_full.pt	1056993843	external_tensor_or_checkpoint
../data	qwen3_final_experiments/model_sweep_4gpu/qwen1_7b/full/wanda_base/2-4/ppl_batch_base_summary_qwen1_7b_sweep_full.json	806	copied_exactly
../data	qwen3_final_experiments/model_sweep_4gpu/qwen1_7b/full/wanda_base/2-4/ppl_results_MXFP8_qwen1_7b_sweep_full.json	1933	copied_exactly
../data	qwen3_final_experiments/model_sweep_4gpu/qwen1_7b/ppl/mxfp8/ppl_results_MXFP8_qwen1_7b_sweep.json	2280	external_original_not_selected
../data	qwen3_final_experiments/model_sweep_4gpu/qwen4b/act_base/2-4/ppl_batch_base_act_summary.json	762	external_original_not_selected
../data	qwen3_final_experiments/model_sweep_4gpu/qwen4b/act_base/2-4/ppl_results_MXFP8.json	1901	external_original_not_selected
../data	qwen3_final_experiments/model_sweep_4gpu/qwen4b/artifacts/calib_fixed_sum_30db/calibration_MXFP8_fixed_sum_qwen4b_sweep.json	13544967	external_original_not_selected
../data	qwen3_final_experiments/model_sweep_4gpu/qwen4b/artifacts/calib_fixed_sum_30db/calibration_MXFP8_fixed_sum_qwen4b_sweep_down.json	1609751	external_original_not_selected
../data	qwen3_final_experiments/model_sweep_4gpu/qwen4b/artifacts/calib_fixed_sum_30db/calibration_MXFP8_fixed_sum_qwen4b_sweep_gate.json	5950025	external_original_not_selected
../data	qwen3_final_experiments/model_sweep_4gpu/qwen4b/artifacts/calib_fixed_sum_30db/calibration_MXFP8_fixed_sum_qwen4b_sweep_up.json	5986447	external_original_not_selected
../data	qwen3_final_experiments/model_sweep_4gpu/qwen4b/artifacts/wanda_base/2-4/calibration_base_MXFP8_qwen4b_sweep.pt	2689634591	external_tensor_or_checkpoint
../data	qwen3_final_experiments/model_sweep_4gpu/qwen4b/full/act_base/2-4/ppl_batch_base_act_summary.json	765	copied_exactly
../data	qwen3_final_experiments/model_sweep_4gpu/qwen4b/full/act_base/2-4/ppl_results_MXFP8.json	1906	copied_exactly
../data	qwen3_final_experiments/model_sweep_4gpu/qwen4b/full/ppl/fixed_sum30/ppl_results_MXFP8_fixed_sum30_qwen4b_sweep_full.json	2443	copied_exactly
../data	qwen3_final_experiments/model_sweep_4gpu/qwen4b/full/ppl/mxfp8/ppl_results_MXFP8_qwen4b_sweep_full.json	2288	copied_exactly
../data	qwen3_final_experiments/model_sweep_4gpu/qwen4b/full/wanda_base/2-4/calibration_base_MXFP8_qwen4b_sweep_full.pt	2689634591	external_tensor_or_checkpoint
../data	qwen3_final_experiments/model_sweep_4gpu/qwen4b/full/wanda_base/2-4/ppl_batch_base_summary_qwen4b_sweep_full.json	804	copied_exactly
../data	qwen3_final_experiments/model_sweep_4gpu/qwen4b/full/wanda_base/2-4/ppl_results_MXFP8_qwen4b_sweep_full.json	1930	copied_exactly
../data	qwen3_final_experiments/model_sweep_4gpu/qwen4b/ppl/mxfp8/ppl_results_MXFP8_qwen4b_sweep.json	2283	external_original_not_selected
../data	qwen3_final_experiments/model_sweep_4gpu/qwen8b/full/act_base/2-4/ppl_batch_base_act_summary.json	765	copied_exactly
../data	qwen3_final_experiments/model_sweep_4gpu/qwen8b/full/act_base/2-4/ppl_results_MXFP8.json	1907	copied_exactly
../data	qwen3_final_experiments/model_sweep_4gpu/qwen8b/full/ppl/fixed_sum30/ppl_results_MXFP8_fixed_sum30_qwen8b_sweep_full.json	2425	copied_exactly
../data	qwen3_final_experiments/model_sweep_4gpu/qwen8b/full/ppl/mxfp8/ppl_results_MXFP8_qwen8b_sweep_full.json	2288	copied_exactly
../data	qwen3_final_experiments/model_sweep_4gpu/qwen8b/full/wanda_base/2-4/calibration_base_MXFP8_qwen8b_sweep_full.pt	5435855495	external_tensor_or_checkpoint
../data	qwen3_final_experiments/model_sweep_4gpu/qwen8b/full/wanda_base/2-4/ppl_batch_base_summary_qwen8b_sweep_full.json	805	copied_exactly
../data	qwen3_final_experiments/model_sweep_4gpu/qwen8b/full/wanda_base/2-4/ppl_results_MXFP8_qwen8b_sweep_full.json	1930	copied_exactly
../data	qwen3_final_experiments/model_sweep_4gpu/qwen8b/prefix120/wanda_base/2-4/calibration_base_MXFP8_qwen8b_sweep_prefix120.pt	5435855495	external_tensor_or_checkpoint
../data	qwen3_final_experiments/qwen3_8b/calib_fixed_sum_30db/calibration_MXFP8_fixed_sum_qwen8b_final_down_l00.json	51288	external_original_not_selected
../data	qwen3_final_experiments/qwen3_8b/calib_fixed_sum_30db/calibration_MXFP8_fixed_sum_qwen8b_final_down_l01_l12.json	1346542	external_original_not_selected
../data	qwen3_final_experiments/qwen3_8b/calib_fixed_sum_30db/calibration_MXFP8_fixed_sum_qwen8b_final_down_l13_l24.json	603813	external_original_not_selected
../data	qwen3_final_experiments/qwen3_8b/calib_fixed_sum_30db/calibration_MXFP8_fixed_sum_qwen8b_final_down_l25_l35.json	553412	external_original_not_selected
../data	qwen3_final_experiments/qwen3_8b/calib_fixed_sum_30db/calibration_MXFP8_fixed_sum_qwen8b_final_gate.json	7553491	external_original_not_selected
../data	qwen3_final_experiments/qwen3_8b/calib_fixed_sum_30db/calibration_MXFP8_fixed_sum_qwen8b_final_merged.json	17678400	external_original_not_selected
../data	qwen3_final_experiments/qwen3_8b/calib_fixed_sum_30db/calibration_MXFP8_fixed_sum_qwen8b_final_up.json	7573691	external_original_not_selected
../data	qwen3_final_experiments/qwen3_8b/final_ppl_4gpu_status.tsv	1661	external_original_not_selected
../data	qwen3_final_experiments/qwen3_8b/logs/final_ppl_4gpu_20260528_142715/act.log	335	external_original_not_selected
../data	qwen3_final_experiments/qwen3_8b/logs/final_ppl_4gpu_20260528_142715/fixed_sum.log	522	external_original_not_selected
../data	qwen3_final_experiments/qwen3_8b/logs/final_ppl_4gpu_20260528_142715/mxfp8.log	326	external_original_not_selected
../data	qwen3_final_experiments/qwen3_8b/logs/final_ppl_4gpu_20260528_142715/wanda.log	331	external_original_not_selected
../data	qwen3_final_experiments/qwen3_8b/logs/final_ppl_4gpu_20260528_144449/qwen8b_final/act.log	348	external_original_not_selected
../data	qwen3_final_experiments/qwen3_8b/logs/final_ppl_4gpu_20260528_144449/qwen8b_final/fixed_sum.log	535	external_original_not_selected
../data	qwen3_final_experiments/qwen3_8b/logs/final_ppl_4gpu_20260528_144449/qwen8b_final/mxfp8.log	339	external_original_not_selected
../data	qwen3_final_experiments/qwen3_8b/logs/final_ppl_4gpu_20260528_144449/qwen8b_final/wanda.log	344	external_original_not_selected
../data	qwen3_final_experiments/qwen3_8b/logs/final_ppl_4gpu_20260528_144449/status.tsv	1875	external_original_not_selected
../data	qwen3_final_experiments/smoke_qwen3_1_7b_4gpu/act_base/2-4/ppl_batch_base_act_summary.json	763	external_original_not_selected
../data	qwen3_final_experiments/smoke_qwen3_1_7b_4gpu/act_base/2-4/ppl_results_MXFP8.json	1902	external_original_not_selected
../data	qwen3_final_experiments/smoke_qwen3_1_7b_4gpu/final_ppl_4gpu_status.tsv	1902	external_original_not_selected
../data	qwen3_final_experiments/smoke_qwen3_1_7b_4gpu/logs/final_ppl_4gpu_20260528_141902/act.log	370	external_original_not_selected
../data	qwen3_final_experiments/smoke_qwen3_1_7b_4gpu/logs/final_ppl_4gpu_20260528_141902/mxfp8.log	363	external_original_not_selected
../data	qwen3_final_experiments/smoke_qwen3_1_7b_4gpu/logs/final_ppl_4gpu_20260528_141918/act.log	352681	external_original_not_selected
../data	qwen3_final_experiments/smoke_qwen3_1_7b_4gpu/logs/final_ppl_4gpu_20260528_141918/mxfp8.log	350889	external_original_not_selected
../data	qwen3_final_experiments/smoke_qwen3_1_7b_4gpu/ppl_results_MXFP8_qwen1_7b_smoke.json	2280	external_original_not_selected
../data	qwen3_final_experiments/sparsity_norm_sweep300/baselines/qwen1_7b/act_base/1-4/ppl_batch_base_act_summary.json	768	external_original_not_selected
../data	qwen3_final_experiments/sparsity_norm_sweep300/baselines/qwen1_7b/act_base/1-4/ppl_results_MXFP8.json	1909	copied_exactly
../data	qwen3_final_experiments/sparsity_norm_sweep300/baselines/qwen1_7b/act_base/2-4/ppl_batch_base_act_summary.json	763	external_original_not_selected
../data	qwen3_final_experiments/sparsity_norm_sweep300/baselines/qwen1_7b/act_base/2-4/ppl_results_MXFP8.json	1904	copied_exactly
../data	qwen3_final_experiments/sparsity_norm_sweep300/baselines/qwen1_7b/act_base/3-4/ppl_batch_base_act_summary.json	763	external_original_not_selected
../data	qwen3_final_experiments/sparsity_norm_sweep300/baselines/qwen1_7b/act_base/3-4/ppl_results_MXFP8.json	1903	copied_exactly
../data	qwen3_final_experiments/sparsity_norm_sweep300/baselines/qwen1_7b/wanda_base/1-4/calibration_base_MXFP8_qwen1_7b_sweep300.pt	1056994113	external_tensor_or_checkpoint
../data	qwen3_final_experiments/sparsity_norm_sweep300/baselines/qwen1_7b/wanda_base/1-4/ppl_batch_base_summary_qwen1_7b_sweep300.json	810	external_original_not_selected
../data	qwen3_final_experiments/sparsity_norm_sweep300/baselines/qwen1_7b/wanda_base/1-4/ppl_results_MXFP8_qwen1_7b_sweep300.json	1937	copied_exactly
../data	qwen3_final_experiments/sparsity_norm_sweep300/baselines/qwen1_7b/wanda_base/2-4/calibration_base_MXFP8_qwen1_7b_sweep300.pt	1056994113	external_tensor_or_checkpoint
../data	qwen3_final_experiments/sparsity_norm_sweep300/baselines/qwen1_7b/wanda_base/2-4/ppl_batch_base_summary_qwen1_7b_sweep300.json	800	external_original_not_selected
../data	qwen3_final_experiments/sparsity_norm_sweep300/baselines/qwen1_7b/wanda_base/2-4/ppl_results_MXFP8_qwen1_7b_sweep300.json	1926	copied_exactly
../data	qwen3_final_experiments/sparsity_norm_sweep300/baselines/qwen1_7b/wanda_base/3-4/calibration_base_MXFP8_qwen1_7b_sweep300.pt	1056994113	external_tensor_or_checkpoint
../data	qwen3_final_experiments/sparsity_norm_sweep300/baselines/qwen1_7b/wanda_base/3-4/ppl_batch_base_summary_qwen1_7b_sweep300.json	801	external_original_not_selected
../data	qwen3_final_experiments/sparsity_norm_sweep300/baselines/qwen1_7b/wanda_base/3-4/ppl_results_MXFP8_qwen1_7b_sweep300.json	1927	copied_exactly
../data	qwen3_final_experiments/sparsity_norm_sweep300/baselines/qwen4b/act_base/1-4/ppl_batch_base_act_summary.json	769	external_original_not_selected
../data	qwen3_final_experiments/sparsity_norm_sweep300/baselines/qwen4b/act_base/1-4/ppl_results_MXFP8.json	1909	copied_exactly
../data	qwen3_final_experiments/sparsity_norm_sweep300/baselines/qwen4b/act_base/2-4/ppl_batch_base_act_summary.json	764	external_original_not_selected
../data	qwen3_final_experiments/sparsity_norm_sweep300/baselines/qwen4b/act_base/2-4/ppl_results_MXFP8.json	1904	copied_exactly
../data	qwen3_final_experiments/sparsity_norm_sweep300/baselines/qwen4b/act_base/3-4/ppl_batch_base_act_summary.json	763	external_original_not_selected
../data	qwen3_final_experiments/sparsity_norm_sweep300/baselines/qwen4b/act_base/3-4/ppl_results_MXFP8.json	1904	copied_exactly
../data	qwen3_final_experiments/sparsity_norm_sweep300/baselines/qwen4b/wanda_base/1-4/calibration_base_MXFP8_qwen4b_sweep300.pt	2689634933	external_tensor_or_checkpoint
../data	qwen3_final_experiments/sparsity_norm_sweep300/baselines/qwen4b/wanda_base/1-4/ppl_batch_base_summary_qwen4b_sweep300.json	804	external_original_not_selected
../data	qwen3_final_experiments/sparsity_norm_sweep300/baselines/qwen4b/wanda_base/1-4/ppl_results_MXFP8_qwen4b_sweep300.json	1928	copied_exactly
../data	qwen3_final_experiments/sparsity_norm_sweep300/baselines/qwen4b/wanda_base/2-4/calibration_base_MXFP8_qwen4b_sweep300.pt	2689634933	external_tensor_or_checkpoint
../data	qwen3_final_experiments/sparsity_norm_sweep300/baselines/qwen4b/wanda_base/2-4/ppl_batch_base_summary_qwen4b_sweep300.json	800	external_original_not_selected
../data	qwen3_final_experiments/sparsity_norm_sweep300/baselines/qwen4b/wanda_base/2-4/ppl_results_MXFP8_qwen4b_sweep300.json	1925	copied_exactly
../data	qwen3_final_experiments/sparsity_norm_sweep300/baselines/qwen4b/wanda_base/3-4/calibration_base_MXFP8_qwen4b_sweep300.pt	2689634933	external_tensor_or_checkpoint
../data	qwen3_final_experiments/sparsity_norm_sweep300/baselines/qwen4b/wanda_base/3-4/ppl_batch_base_summary_qwen4b_sweep300.json	799	external_original_not_selected
../data	qwen3_final_experiments/sparsity_norm_sweep300/baselines/qwen4b/wanda_base/3-4/ppl_results_MXFP8_qwen4b_sweep300.json	1924	copied_exactly
../data	qwen3_final_experiments/sparsity_norm_sweep300/baselines/qwen8b/act_base/1-4/ppl_batch_base_act_summary.json	766	external_original_not_selected
../data	qwen3_final_experiments/sparsity_norm_sweep300/baselines/qwen8b/act_base/1-4/ppl_results_MXFP8.json	1905	copied_exactly
../data	qwen3_final_experiments/sparsity_norm_sweep300/baselines/qwen8b/act_base/2-4/ppl_batch_base_act_summary.json	763	external_original_not_selected
../data	qwen3_final_experiments/sparsity_norm_sweep300/baselines/qwen8b/act_base/2-4/ppl_results_MXFP8.json	1902	copied_exactly
../data	qwen3_final_experiments/sparsity_norm_sweep300/baselines/qwen8b/act_base/3-4/ppl_batch_base_act_summary.json	762	external_original_not_selected
../data	qwen3_final_experiments/sparsity_norm_sweep300/baselines/qwen8b/act_base/3-4/ppl_results_MXFP8.json	1900	copied_exactly
../data	qwen3_final_experiments/sparsity_norm_sweep300/baselines/qwen8b/wanda_base/1-4/calibration_base_MXFP8_qwen8b_sweep300.pt	5435855837	external_tensor_or_checkpoint
../data	qwen3_final_experiments/sparsity_norm_sweep300/baselines/qwen8b/wanda_base/1-4/ppl_batch_base_summary_qwen8b_sweep300.json	803	external_original_not_selected
../data	qwen3_final_experiments/sparsity_norm_sweep300/baselines/qwen8b/wanda_base/1-4/ppl_results_MXFP8_qwen8b_sweep300.json	1927	copied_exactly
../data	qwen3_final_experiments/sparsity_norm_sweep300/baselines/qwen8b/wanda_base/2-4/calibration_base_MXFP8_qwen8b_sweep300.pt	5435855837	external_tensor_or_checkpoint
../data	qwen3_final_experiments/sparsity_norm_sweep300/baselines/qwen8b/wanda_base/2-4/ppl_batch_base_summary_qwen8b_sweep300.json	800	external_original_not_selected
../data	qwen3_final_experiments/sparsity_norm_sweep300/baselines/qwen8b/wanda_base/2-4/ppl_results_MXFP8_qwen8b_sweep300.json	1922	copied_exactly
../data	qwen3_final_experiments/sparsity_norm_sweep300/baselines/qwen8b/wanda_base/3-4/calibration_base_MXFP8_qwen8b_sweep300.pt	5435855837	external_tensor_or_checkpoint
../data	qwen3_final_experiments/sparsity_norm_sweep300/baselines/qwen8b/wanda_base/3-4/ppl_batch_base_summary_qwen8b_sweep300.json	798	external_original_not_selected
../data	qwen3_final_experiments/sparsity_norm_sweep300/baselines/qwen8b/wanda_base/3-4/ppl_results_MXFP8_qwen8b_sweep300.json	1921	copied_exactly
../data	qwen3_final_experiments/sparsity_norm_sweep300/fixed_sum/qwen1_7b/snr15db/calib/calibration_MXFP8_fixed_sum_qwen1_7b_snr15db.json	7132159	external_original_not_selected
../data	qwen3_final_experiments/sparsity_norm_sweep300/fixed_sum/qwen1_7b/snr15db/calib/calibration_MXFP8_fixed_sum_qwen1_7b_snr15db_down.json	1041832	external_original_not_selected
../data	qwen3_final_experiments/sparsity_norm_sweep300/fixed_sum/qwen1_7b/snr15db/calib/calibration_MXFP8_fixed_sum_qwen1_7b_snr15db_gate.json	3037139	external_original_not_selected
../data	qwen3_final_experiments/sparsity_norm_sweep300/fixed_sum/qwen1_7b/snr15db/calib/calibration_MXFP8_fixed_sum_qwen1_7b_snr15db_up.json	3054435	external_original_not_selected
../data	qwen3_final_experiments/sparsity_norm_sweep300/fixed_sum/qwen1_7b/snr15db/ppl/stats_limit300/ppl_results_MXFP8_fixed_sum_qwen1_7b_snr15db_stats_limit300.json	44411	copied_exactly
../data	qwen3_final_experiments/sparsity_norm_sweep300/fixed_sum/qwen1_7b/snr17db/calib/calibration_MXFP8_fixed_sum_qwen1_7b_snr17db.json	7154678	external_original_not_selected
../data	qwen3_final_experiments/sparsity_norm_sweep300/fixed_sum/qwen1_7b/snr17db/calib/calibration_MXFP8_fixed_sum_qwen1_7b_snr17db_down.json	1060650	external_original_not_selected
../data	qwen3_final_experiments/sparsity_norm_sweep300/fixed_sum/qwen1_7b/snr17db/calib/calibration_MXFP8_fixed_sum_qwen1_7b_snr17db_gate.json	3034919	external_original_not_selected
../data	qwen3_final_experiments/sparsity_norm_sweep300/fixed_sum/qwen1_7b/snr17db/calib/calibration_MXFP8_fixed_sum_qwen1_7b_snr17db_up.json	3060385	external_original_not_selected
../data	qwen3_final_experiments/sparsity_norm_sweep300/fixed_sum/qwen1_7b/snr17db/ppl/stats_limit300/ppl_results_MXFP8_fixed_sum_qwen1_7b_snr17db_stats_limit300.json	44398	copied_exactly
../data	qwen3_final_experiments/sparsity_norm_sweep300/fixed_sum/qwen1_7b/snr20db/calib/calibration_MXFP8_fixed_sum_qwen1_7b_snr20db.json	7209559	external_original_not_selected
../data	qwen3_final_experiments/sparsity_norm_sweep300/fixed_sum/qwen1_7b/snr20db/calib/calibration_MXFP8_fixed_sum_qwen1_7b_snr20db_down.json	1085883	external_original_not_selected
../data	qwen3_final_experiments/sparsity_norm_sweep300/fixed_sum/qwen1_7b/snr20db/calib/calibration_MXFP8_fixed_sum_qwen1_7b_snr20db_gate.json	3035529	external_original_not_selected
../data	qwen3_final_experiments/sparsity_norm_sweep300/fixed_sum/qwen1_7b/snr20db/calib/calibration_MXFP8_fixed_sum_qwen1_7b_snr20db_up.json	3089395	external_original_not_selected
../data	qwen3_final_experiments/sparsity_norm_sweep300/fixed_sum/qwen1_7b/snr20db/ppl/stats_limit300/ppl_results_MXFP8_fixed_sum_qwen1_7b_snr20db_stats_limit300.json	44304	copied_exactly
../data	qwen3_final_experiments/sparsity_norm_sweep300/fixed_sum/qwen4b/snr15db/calib/calibration_MXFP8_fixed_sum_qwen4b_snr15db.json	12924796	external_original_not_selected
../data	qwen3_final_experiments/sparsity_norm_sweep300/fixed_sum/qwen4b/snr15db/calib/calibration_MXFP8_fixed_sum_qwen4b_snr15db_down.json	1548093	external_original_not_selected
../data	qwen3_final_experiments/sparsity_norm_sweep300/fixed_sum/qwen4b/snr15db/calib/calibration_MXFP8_fixed_sum_qwen4b_snr15db_gate.json	5672856	external_original_not_selected
../data	qwen3_final_experiments/sparsity_norm_sweep300/fixed_sum/qwen4b/snr15db/calib/calibration_MXFP8_fixed_sum_qwen4b_snr15db_up.json	5705104	external_original_not_selected
../data	qwen3_final_experiments/sparsity_norm_sweep300/fixed_sum/qwen4b/snr15db/ppl/stats_limit300/ppl_results_MXFP8_fixed_sum_qwen4b_snr15db_stats_limit300.json	56394	copied_exactly
../data	qwen3_final_experiments/sparsity_norm_sweep300/fixed_sum/qwen4b/snr17db/calib/calibration_MXFP8_fixed_sum_qwen4b_snr17db.json	12977008	external_original_not_selected
../data	qwen3_final_experiments/sparsity_norm_sweep300/fixed_sum/qwen4b/snr17db/calib/calibration_MXFP8_fixed_sum_qwen4b_snr17db_down.json	1585623	external_original_not_selected
../data	qwen3_final_experiments/sparsity_norm_sweep300/fixed_sum/qwen4b/snr17db/calib/calibration_MXFP8_fixed_sum_qwen4b_snr17db_gate.json	5676295	external_original_not_selected
../data	qwen3_final_experiments/sparsity_norm_sweep300/fixed_sum/qwen4b/snr17db/calib/calibration_MXFP8_fixed_sum_qwen4b_snr17db_up.json	5716346	external_original_not_selected
../data	qwen3_final_experiments/sparsity_norm_sweep300/fixed_sum/qwen4b/snr17db/ppl/stats_limit300/ppl_results_MXFP8_fixed_sum_qwen4b_snr17db_stats_limit300.json	56439	copied_exactly
../data	qwen3_final_experiments/sparsity_norm_sweep300/fixed_sum/qwen4b/snr20db/calib/calibration_MXFP8_fixed_sum_qwen4b_snr20db.json	13046998	external_original_not_selected
../data	qwen3_final_experiments/sparsity_norm_sweep300/fixed_sum/qwen4b/snr20db/calib/calibration_MXFP8_fixed_sum_qwen4b_snr20db_down.json	1609455	external_original_not_selected
../data	qwen3_final_experiments/sparsity_norm_sweep300/fixed_sum/qwen4b/snr20db/calib/calibration_MXFP8_fixed_sum_qwen4b_snr20db_gate.json	5689375	external_original_not_selected
../data	qwen3_final_experiments/sparsity_norm_sweep300/fixed_sum/qwen4b/snr20db/calib/calibration_MXFP8_fixed_sum_qwen4b_snr20db_up.json	5749425	external_original_not_selected
../data	qwen3_final_experiments/sparsity_norm_sweep300/fixed_sum/qwen4b/snr20db/ppl/stats_limit300/ppl_results_MXFP8_fixed_sum_qwen4b_snr20db_stats_limit300.json	56428	copied_exactly
../data	qwen3_final_experiments/sparsity_norm_sweep300/fixed_sum/qwen8b/snr15db/calib/calibration_MXFP8_fixed_sum_qwen8b_snr15db.json	16852044	external_original_not_selected
../data	qwen3_final_experiments/sparsity_norm_sweep300/fixed_sum/qwen8b/snr15db/calib/calibration_MXFP8_fixed_sum_qwen8b_snr15db_down_l00.json	50520	external_original_not_selected
../data	qwen3_final_experiments/sparsity_norm_sweep300/fixed_sum/qwen8b/snr15db/calib/calibration_MXFP8_fixed_sum_qwen8b_snr15db_down_l01_l12.json	1322713	external_original_not_selected
../data	qwen3_final_experiments/sparsity_norm_sweep300/fixed_sum/qwen8b/snr15db/calib/calibration_MXFP8_fixed_sum_qwen8b_snr15db_down_l13_l24.json	562787	external_original_not_selected
../data	qwen3_final_experiments/sparsity_norm_sweep300/fixed_sum/qwen8b/snr15db/calib/calibration_MXFP8_fixed_sum_qwen8b_snr15db_down_l25_l35.json	533632	external_original_not_selected
../data	qwen3_final_experiments/sparsity_norm_sweep300/fixed_sum/qwen8b/snr15db/calib/calibration_MXFP8_fixed_sum_qwen8b_snr15db_gate.json	7165717	external_original_not_selected
../data	qwen3_final_experiments/sparsity_norm_sweep300/fixed_sum/qwen8b/snr15db/calib/calibration_MXFP8_fixed_sum_qwen8b_snr15db_up.json	7220357	external_original_not_selected
../data	qwen3_final_experiments/sparsity_norm_sweep300/fixed_sum/qwen8b/snr15db/ppl/stats_limit300/ppl_results_MXFP8_fixed_sum_qwen8b_snr15db_stats_limit300.json	56439	copied_exactly
../data	qwen3_final_experiments/sparsity_norm_sweep300/fixed_sum/qwen8b/snr17db/calib/calibration_MXFP8_fixed_sum_qwen8b_snr17db.json	16915813	external_original_not_selected
../data	qwen3_final_experiments/sparsity_norm_sweep300/fixed_sum/qwen8b/snr17db/calib/calibration_MXFP8_fixed_sum_qwen8b_snr17db_down_l00.json	51254	external_original_not_selected
../data	qwen3_final_experiments/sparsity_norm_sweep300/fixed_sum/qwen8b/snr17db/calib/calibration_MXFP8_fixed_sum_qwen8b_snr17db_down_l01_l12.json	1340767	external_original_not_selected
../data	qwen3_final_experiments/sparsity_norm_sweep300/fixed_sum/qwen8b/snr17db/calib/calibration_MXFP8_fixed_sum_qwen8b_snr17db_down_l13_l24.json	582615	external_original_not_selected
../data	qwen3_final_experiments/sparsity_norm_sweep300/fixed_sum/qwen8b/snr17db/calib/calibration_MXFP8_fixed_sum_qwen8b_snr17db_down_l25_l35.json	550610	external_original_not_selected
../data	qwen3_final_experiments/sparsity_norm_sweep300/fixed_sum/qwen8b/snr17db/calib/calibration_MXFP8_fixed_sum_qwen8b_snr17db_gate.json	7168380	external_original_not_selected
../data	qwen3_final_experiments/sparsity_norm_sweep300/fixed_sum/qwen8b/snr17db/calib/calibration_MXFP8_fixed_sum_qwen8b_snr17db_up.json	7225876	external_original_not_selected
../data	qwen3_final_experiments/sparsity_norm_sweep300/fixed_sum/qwen8b/snr17db/ppl/stats_limit300/ppl_results_MXFP8_fixed_sum_qwen8b_snr17db_stats_limit300.json	56439	copied_exactly
../data	qwen3_final_experiments/sparsity_norm_sweep300/fixed_sum/qwen8b/snr20db/calib/calibration_MXFP8_fixed_sum_qwen8b_snr20db.json	16998013	external_original_not_selected
../data	qwen3_final_experiments/sparsity_norm_sweep300/fixed_sum/qwen8b/snr20db/calib/calibration_MXFP8_fixed_sum_qwen8b_snr20db_down_l00.json	51284	external_original_not_selected
../data	qwen3_final_experiments/sparsity_norm_sweep300/fixed_sum/qwen8b/snr20db/calib/calibration_MXFP8_fixed_sum_qwen8b_snr20db_down_l01_l12.json	1349037	external_original_not_selected
../data	qwen3_final_experiments/sparsity_norm_sweep300/fixed_sum/qwen8b/snr20db/calib/calibration_MXFP8_fixed_sum_qwen8b_snr20db_down_l13_l24.json	602057	external_original_not_selected
../data	qwen3_final_experiments/sparsity_norm_sweep300/fixed_sum/qwen8b/snr20db/calib/calibration_MXFP8_fixed_sum_qwen8b_snr20db_down_l25_l35.json	552916	external_original_not_selected
../data	qwen3_final_experiments/sparsity_norm_sweep300/fixed_sum/qwen8b/snr20db/calib/calibration_MXFP8_fixed_sum_qwen8b_snr20db_gate.json	7186950	external_original_not_selected
../data	qwen3_final_experiments/sparsity_norm_sweep300/fixed_sum/qwen8b/snr20db/calib/calibration_MXFP8_fixed_sum_qwen8b_snr20db_up.json	7259459	external_original_not_selected
../data	qwen3_final_experiments/sparsity_norm_sweep300/fixed_sum/qwen8b/snr20db/ppl/stats_limit300/ppl_results_MXFP8_fixed_sum_qwen8b_snr20db_stats_limit300.json	56456	copied_exactly
../data	qwen3_final_experiments/sparsity_norm_sweep300/logs/sweep300_20260608_004624/baselines/qwen8b/wanda/1-4/calibration.log	127955	external_original_not_selected
../data	qwen3_final_experiments/sparsity_norm_sweep300/logs/sweep300_20260608_004624/driver.log	128688	external_original_not_selected
../data	qwen3_final_experiments/sparsity_norm_sweep300/logs/sweep300_20260608_004624/final_status.txt	941	external_original_not_selected
../data	qwen3_final_experiments/sparsity_norm_sweep300/logs/sweep300_20260608_004624/nohup.out	128688	external_original_not_selected
../data	qwen3_final_experiments/sparsity_norm_sweep300/logs/sweep300_20260608_004624/run.env	705	external_original_not_selected
../data	qwen3_final_experiments/sparsity_norm_sweep300/logs/sweep300_20260608_004624/status.tsv	377	external_original_not_selected
../data	qwen3_final_experiments/sparsity_norm_sweep300/logs/sweep300_20260608_004624/summary/sparsity_norm_sweep_limit300.json	10419	external_original_not_selected
../data	qwen3_final_experiments/sparsity_norm_sweep300/logs/sweep300_20260608_004624/summary/sparsity_norm_sweep_limit300.tsv	5806	external_original_not_selected
../data	qwen3_final_experiments/sparsity_norm_sweep300/logs/sweep300_20260608_011026/driver.log	50	external_original_not_selected
../data	qwen3_final_experiments/sparsity_norm_sweep300/logs/sweep300_20260608_011026/nohup.out	50	external_original_not_selected
../data	qwen3_final_experiments/sparsity_norm_sweep300/logs/sweep300_20260608_011550/baselines/qwen1_7b/act/1-4/ppl_limit300.log	1218852	external_original_not_selected
../data	qwen3_final_experiments/sparsity_norm_sweep300/logs/sweep300_20260608_011550/baselines/qwen1_7b/act/1-4/progress.json	508	external_original_not_selected
../data	qwen3_final_experiments/sparsity_norm_sweep300/logs/sweep300_20260608_011550/baselines/qwen1_7b/act/2-4/ppl_limit300.log	1218263	external_original_not_selected
../data	qwen3_final_experiments/sparsity_norm_sweep300/logs/sweep300_20260608_011550/baselines/qwen1_7b/act/2-4/progress.json	508	external_original_not_selected
../data	qwen3_final_experiments/sparsity_norm_sweep300/logs/sweep300_20260608_011550/baselines/qwen1_7b/act/3-4/ppl_limit300.log	1218644	external_original_not_selected
../data	qwen3_final_experiments/sparsity_norm_sweep300/logs/sweep300_20260608_011550/baselines/qwen1_7b/act/3-4/progress.json	508	external_original_not_selected
../data	qwen3_final_experiments/sparsity_norm_sweep300/logs/sweep300_20260608_011550/baselines/qwen1_7b/wanda/1-4/calibration.log	128996	external_original_not_selected
../data	qwen3_final_experiments/sparsity_norm_sweep300/logs/sweep300_20260608_011550/baselines/qwen1_7b/wanda/1-4/ppl_limit300.log	1205024	external_original_not_selected
../data	qwen3_final_experiments/sparsity_norm_sweep300/logs/sweep300_20260608_011550/baselines/qwen1_7b/wanda/1-4/progress.json	500	external_original_not_selected
../data	qwen3_final_experiments/sparsity_norm_sweep300/logs/sweep300_20260608_011550/baselines/qwen1_7b/wanda/2-4/calibration.log	128935	external_original_not_selected
../data	qwen3_final_experiments/sparsity_norm_sweep300/logs/sweep300_20260608_011550/baselines/qwen1_7b/wanda/2-4/ppl_limit300.log	1204995	external_original_not_selected
../data	qwen3_final_experiments/sparsity_norm_sweep300/logs/sweep300_20260608_011550/baselines/qwen1_7b/wanda/2-4/progress.json	500	external_original_not_selected
../data	qwen3_final_experiments/sparsity_norm_sweep300/logs/sweep300_20260608_011550/baselines/qwen1_7b/wanda/3-4/calibration.log	127332	external_original_not_selected
../data	qwen3_final_experiments/sparsity_norm_sweep300/logs/sweep300_20260608_011550/baselines/qwen1_7b/wanda/3-4/ppl_limit300.log	1204849	external_original_not_selected
../data	qwen3_final_experiments/sparsity_norm_sweep300/logs/sweep300_20260608_011550/baselines/qwen1_7b/wanda/3-4/progress.json	500	external_original_not_selected
../data	qwen3_final_experiments/sparsity_norm_sweep300/logs/sweep300_20260608_011550/baselines/qwen4b/act/1-4/ppl_limit300.log	1574048	external_original_not_selected
../data	qwen3_final_experiments/sparsity_norm_sweep300/logs/sweep300_20260608_011550/baselines/qwen4b/act/1-4/progress.json	513	external_original_not_selected
../data	qwen3_final_experiments/sparsity_norm_sweep300/logs/sweep300_20260608_011550/baselines/qwen4b/act/2-4/ppl_limit300.log	1573691	external_original_not_selected
../data	qwen3_final_experiments/sparsity_norm_sweep300/logs/sweep300_20260608_011550/baselines/qwen4b/act/2-4/progress.json	513	external_original_not_selected
../data	qwen3_final_experiments/sparsity_norm_sweep300/logs/sweep300_20260608_011550/baselines/qwen4b/act/3-4/ppl_limit300.log	1573425	external_original_not_selected
../data	qwen3_final_experiments/sparsity_norm_sweep300/logs/sweep300_20260608_011550/baselines/qwen4b/act/3-4/progress.json	513	external_original_not_selected
../data	qwen3_final_experiments/sparsity_norm_sweep300/logs/sweep300_20260608_011550/baselines/qwen4b/wanda/1-4/calibration.log	155194	external_original_not_selected
../data	qwen3_final_experiments/sparsity_norm_sweep300/logs/sweep300_20260608_011550/baselines/qwen4b/wanda/1-4/ppl_limit300.log	1556305	external_original_not_selected
../data	qwen3_final_experiments/sparsity_norm_sweep300/logs/sweep300_20260608_011550/baselines/qwen4b/wanda/1-4/progress.json	504	external_original_not_selected
../data	qwen3_final_experiments/sparsity_norm_sweep300/logs/sweep300_20260608_011550/baselines/qwen4b/wanda/2-4/calibration.log	152300	external_original_not_selected
../data	qwen3_final_experiments/sparsity_norm_sweep300/logs/sweep300_20260608_011550/baselines/qwen4b/wanda/2-4/ppl_limit300.log	1555998	external_original_not_selected
../data	qwen3_final_experiments/sparsity_norm_sweep300/logs/sweep300_20260608_011550/baselines/qwen4b/wanda/2-4/progress.json	505	external_original_not_selected
../data	qwen3_final_experiments/sparsity_norm_sweep300/logs/sweep300_20260608_011550/baselines/qwen4b/wanda/3-4/calibration.log	152351	external_original_not_selected
../data	qwen3_final_experiments/sparsity_norm_sweep300/logs/sweep300_20260608_011550/baselines/qwen4b/wanda/3-4/ppl_limit300.log	1555841	external_original_not_selected
../data	qwen3_final_experiments/sparsity_norm_sweep300/logs/sweep300_20260608_011550/baselines/qwen4b/wanda/3-4/progress.json	505	external_original_not_selected
../data	qwen3_final_experiments/sparsity_norm_sweep300/logs/sweep300_20260608_011550/baselines/qwen8b/act/1-4/ppl_limit300.log	1585129	external_original_not_selected
../data	qwen3_final_experiments/sparsity_norm_sweep300/logs/sweep300_20260608_011550/baselines/qwen8b/act/1-4/progress.json	513	external_original_not_selected
../data	qwen3_final_experiments/sparsity_norm_sweep300/logs/sweep300_20260608_011550/baselines/qwen8b/act/2-4/ppl_limit300.log	1584187	external_original_not_selected
../data	qwen3_final_experiments/sparsity_norm_sweep300/logs/sweep300_20260608_011550/baselines/qwen8b/act/2-4/progress.json	513	external_original_not_selected
../data	qwen3_final_experiments/sparsity_norm_sweep300/logs/sweep300_20260608_011550/baselines/qwen8b/act/3-4/ppl_limit300.log	1585243	external_original_not_selected
../data	qwen3_final_experiments/sparsity_norm_sweep300/logs/sweep300_20260608_011550/baselines/qwen8b/act/3-4/progress.json	513	external_original_not_selected
../data	qwen3_final_experiments/sparsity_norm_sweep300/logs/sweep300_20260608_011550/baselines/qwen8b/wanda/1-4/calibration.log	154228	external_original_not_selected
../data	qwen3_final_experiments/sparsity_norm_sweep300/logs/sweep300_20260608_011550/baselines/qwen8b/wanda/1-4/ppl_limit300.log	1568648	external_original_not_selected
../data	qwen3_final_experiments/sparsity_norm_sweep300/logs/sweep300_20260608_011550/baselines/qwen8b/wanda/1-4/progress.json	505	external_original_not_selected
../data	qwen3_final_experiments/sparsity_norm_sweep300/logs/sweep300_20260608_011550/baselines/qwen8b/wanda/2-4/calibration.log	155598	external_original_not_selected
../data	qwen3_final_experiments/sparsity_norm_sweep300/logs/sweep300_20260608_011550/baselines/qwen8b/wanda/2-4/ppl_limit300.log	1568716	external_original_not_selected
../data	qwen3_final_experiments/sparsity_norm_sweep300/logs/sweep300_20260608_011550/baselines/qwen8b/wanda/2-4/progress.json	505	external_original_not_selected
../data	qwen3_final_experiments/sparsity_norm_sweep300/logs/sweep300_20260608_011550/baselines/qwen8b/wanda/3-4/calibration.log	156278	external_original_not_selected
../data	qwen3_final_experiments/sparsity_norm_sweep300/logs/sweep300_20260608_011550/baselines/qwen8b/wanda/3-4/ppl_limit300.log	1567650	external_original_not_selected
../data	qwen3_final_experiments/sparsity_norm_sweep300/logs/sweep300_20260608_011550/baselines/qwen8b/wanda/3-4/progress.json	505	external_original_not_selected
../data	qwen3_final_experiments/sparsity_norm_sweep300/logs/sweep300_20260608_011550/driver.log	30883840	external_original_not_selected
../data	qwen3_final_experiments/sparsity_norm_sweep300/logs/sweep300_20260608_011550/final_status.txt	0	external_original_not_selected
../data	qwen3_final_experiments/sparsity_norm_sweep300/logs/sweep300_20260608_011550/fixed_sum/00_qwen8b_17/driver.log	3444736	external_original_not_selected
../data	qwen3_final_experiments/sparsity_norm_sweep300/logs/sweep300_20260608_011550/fixed_sum/00_qwen8b_17/final_status.txt	0	external_original_not_selected
../data	qwen3_final_experiments/sparsity_norm_sweep300/logs/sweep300_20260608_011550/fixed_sum/00_qwen8b_17/qwen8b/calib/snr17db/fixed_sum_down_l00.log	121055	external_original_not_selected
../data	qwen3_final_experiments/sparsity_norm_sweep300/logs/sweep300_20260608_011550/fixed_sum/00_qwen8b_17/qwen8b/calib/snr17db/fixed_sum_down_l01_l12.log	120820	external_original_not_selected
../data	qwen3_final_experiments/sparsity_norm_sweep300/logs/sweep300_20260608_011550/fixed_sum/00_qwen8b_17/qwen8b/calib/snr17db/fixed_sum_down_l13_l24.log	120558	external_original_not_selected
../data	qwen3_final_experiments/sparsity_norm_sweep300/logs/sweep300_20260608_011550/fixed_sum/00_qwen8b_17/qwen8b/calib/snr17db/fixed_sum_down_l25_l35.log	120133	external_original_not_selected
../data	qwen3_final_experiments/sparsity_norm_sweep300/logs/sweep300_20260608_011550/fixed_sum/00_qwen8b_17/qwen8b/calib/snr17db/fixed_sum_gate.log	124721	external_original_not_selected
../data	qwen3_final_experiments/sparsity_norm_sweep300/logs/sweep300_20260608_011550/fixed_sum/00_qwen8b_17/qwen8b/calib/snr17db/fixed_sum_merge.log	1279	external_original_not_selected
../data	qwen3_final_experiments/sparsity_norm_sweep300/logs/sweep300_20260608_011550/fixed_sum/00_qwen8b_17/qwen8b/calib/snr17db/fixed_sum_up.log	124751	external_original_not_selected
../data	qwen3_final_experiments/sparsity_norm_sweep300/logs/sweep300_20260608_011550/fixed_sum/00_qwen8b_17/qwen8b/ppl/snr17db/stats_limit300_chunk768.log	3444736	external_original_not_selected
../data	qwen3_final_experiments/sparsity_norm_sweep300/logs/sweep300_20260608_011550/fixed_sum/00_qwen8b_17/run.env	696	external_original_not_selected
../data	qwen3_final_experiments/sparsity_norm_sweep300/logs/sweep300_20260608_011550/fixed_sum/00_qwen8b_17/status.tsv	6096	external_original_not_selected
../data	qwen3_final_experiments/sparsity_norm_sweep300/logs/sweep300_20260608_011550/run.env	751	external_original_not_selected
../data	qwen3_final_experiments/sparsity_norm_sweep300/logs/sweep300_20260608_011550/status.tsv	17482	external_original_not_selected
../data	qwen3_final_experiments/sparsity_norm_sweep300/logs/sweep300_20260608_011550/summary/sparsity_norm_sweep_limit300.json	21069	external_original_not_selected
../data	qwen3_final_experiments/sparsity_norm_sweep300/logs/sweep300_20260608_011550/summary/sparsity_norm_sweep_limit300.tsv	6394	external_original_not_selected
../data	qwen3_final_experiments/sparsity_norm_sweep300/logs/sweep300_20260608_160000_fixed_companion/driver.log	9019392	external_original_not_selected
../data	qwen3_final_experiments/sparsity_norm_sweep300/logs/sweep300_20260608_160000_fixed_companion/final_status.txt	0	external_original_not_selected
../data	qwen3_final_experiments/sparsity_norm_sweep300/logs/sweep300_20260608_160000_fixed_companion/fixed_sum/00_qwen4b_17/driver.log	2969600	external_original_not_selected
../data	qwen3_final_experiments/sparsity_norm_sweep300/logs/sweep300_20260608_160000_fixed_companion/fixed_sum/00_qwen4b_17/final_status.txt	0	external_original_not_selected
../data	qwen3_final_experiments/sparsity_norm_sweep300/logs/sweep300_20260608_160000_fixed_companion/fixed_sum/00_qwen4b_17/qwen4b/calib/snr17db/fixed_sum_down.log	119077	external_original_not_selected
../data	qwen3_final_experiments/sparsity_norm_sweep300/logs/sweep300_20260608_160000_fixed_companion/fixed_sum/00_qwen4b_17/qwen4b/calib/snr17db/fixed_sum_gate.log	122031	external_original_not_selected
../data	qwen3_final_experiments/sparsity_norm_sweep300/logs/sweep300_20260608_160000_fixed_companion/fixed_sum/00_qwen4b_17/qwen4b/calib/snr17db/fixed_sum_merge.log	833	external_original_not_selected
../data	qwen3_final_experiments/sparsity_norm_sweep300/logs/sweep300_20260608_160000_fixed_companion/fixed_sum/00_qwen4b_17/qwen4b/calib/snr17db/fixed_sum_up.log	119020	external_original_not_selected
../data	qwen3_final_experiments/sparsity_norm_sweep300/logs/sweep300_20260608_160000_fixed_companion/fixed_sum/00_qwen4b_17/qwen4b/ppl/snr17db/stats_limit300_chunk768.log	2965504	external_original_not_selected
../data	qwen3_final_experiments/sparsity_norm_sweep300/logs/sweep300_20260608_160000_fixed_companion/fixed_sum/00_qwen4b_17/run.env	716	external_original_not_selected
../data	qwen3_final_experiments/sparsity_norm_sweep300/logs/sweep300_20260608_160000_fixed_companion/fixed_sum/00_qwen4b_17/status.tsv	3934	external_original_not_selected
../data	qwen3_final_experiments/sparsity_norm_sweep300/logs/sweep300_20260608_160000_fixed_companion/fixed_sum/01_qwen1_7b_17/driver.log	3084651	external_original_not_selected
../data	qwen3_final_experiments/sparsity_norm_sweep300/logs/sweep300_20260608_160000_fixed_companion/fixed_sum/01_qwen1_7b_17/final_status.txt	1051	external_original_not_selected
../data	qwen3_final_experiments/sparsity_norm_sweep300/logs/sweep300_20260608_160000_fixed_companion/fixed_sum/01_qwen1_7b_17/fixed_sum17_ppl_stats_summary.json	1994	external_original_not_selected
../data	qwen3_final_experiments/sparsity_norm_sweep300/logs/sweep300_20260608_160000_fixed_companion/fixed_sum/01_qwen1_7b_17/fixed_sum17_ppl_stats_summary.tsv	1402	external_original_not_selected
../data	qwen3_final_experiments/sparsity_norm_sweep300/logs/sweep300_20260608_160000_fixed_companion/fixed_sum/01_qwen1_7b_17/qwen1_7b/calib/snr17db/adopt_existing_calibration.log	211	external_original_not_selected
../data	qwen3_final_experiments/sparsity_norm_sweep300/logs/sweep300_20260608_160000_fixed_companion/fixed_sum/01_qwen1_7b_17/qwen1_7b/ppl/snr17db/stats_limit300_chunk768.log	3082782	external_original_not_selected
../data	qwen3_final_experiments/sparsity_norm_sweep300/logs/sweep300_20260608_160000_fixed_companion/fixed_sum/01_qwen1_7b_17/run.env	722	external_original_not_selected
../data	qwen3_final_experiments/sparsity_norm_sweep300/logs/sweep300_20260608_160000_fixed_companion/fixed_sum/01_qwen1_7b_17/status.tsv	1382	external_original_not_selected
../data	qwen3_final_experiments/sparsity_norm_sweep300/logs/sweep300_20260608_160000_fixed_companion/fixed_sum/02_qwen4b_15p20/driver.log	2965504	external_original_not_selected
../data	qwen3_final_experiments/sparsity_norm_sweep300/logs/sweep300_20260608_160000_fixed_companion/fixed_sum/02_qwen4b_15p20/final_status.txt	0	external_original_not_selected
../data	qwen3_final_experiments/sparsity_norm_sweep300/logs/sweep300_20260608_160000_fixed_companion/fixed_sum/02_qwen4b_15p20/qwen4b/calib/snr15db/fixed_sum_down.log	118963	external_original_not_selected
../data	qwen3_final_experiments/sparsity_norm_sweep300/logs/sweep300_20260608_160000_fixed_companion/fixed_sum/02_qwen4b_15p20/qwen4b/calib/snr15db/fixed_sum_gate.log	121948	external_original_not_selected
../data	qwen3_final_experiments/sparsity_norm_sweep300/logs/sweep300_20260608_160000_fixed_companion/fixed_sum/02_qwen4b_15p20/qwen4b/calib/snr15db/fixed_sum_merge.log	833	external_original_not_selected
../data	qwen3_final_experiments/sparsity_norm_sweep300/logs/sweep300_20260608_160000_fixed_companion/fixed_sum/02_qwen4b_15p20/qwen4b/calib/snr15db/fixed_sum_up.log	119015	external_original_not_selected
../data	qwen3_final_experiments/sparsity_norm_sweep300/logs/sweep300_20260608_160000_fixed_companion/fixed_sum/02_qwen4b_15p20/qwen4b/ppl/snr15db/stats_limit300_chunk768.log	2961408	external_original_not_selected
../data	qwen3_final_experiments/sparsity_norm_sweep300/logs/sweep300_20260608_160000_fixed_companion/fixed_sum/02_qwen4b_15p20/run.env	722	external_original_not_selected
../data	qwen3_final_experiments/sparsity_norm_sweep300/logs/sweep300_20260608_160000_fixed_companion/fixed_sum/02_qwen4b_15p20/status.tsv	4096	external_original_not_selected
../data	qwen3_final_experiments/sparsity_norm_sweep300/logs/sweep300_20260608_160000_fixed_companion/run.env	745	external_original_not_selected
../data	qwen3_final_experiments/sparsity_norm_sweep300/logs/sweep300_20260608_160000_fixed_companion/status.tsv	1687	external_original_not_selected
../data	qwen3_final_experiments/sparsity_norm_sweep300/logs/sweep300_20260608_160000_fixed_companion/summary/sparsity_norm_sweep_limit300.json	14163	external_original_not_selected
../data	qwen3_final_experiments/sparsity_norm_sweep300/logs/sweep300_20260608_160000_fixed_companion/summary/sparsity_norm_sweep_limit300.tsv	4410	external_original_not_selected
../data	qwen3_final_experiments/sparsity_norm_sweep300/logs/sweep300_20260609_resume_fixed_missing/driver.log	22150427	external_original_not_selected
../data	qwen3_final_experiments/sparsity_norm_sweep300/logs/sweep300_20260609_resume_fixed_missing/final_status.txt	1061	external_original_not_selected
../data	qwen3_final_experiments/sparsity_norm_sweep300/logs/sweep300_20260609_resume_fixed_missing/fixed_sum/00_qwen8b_17/driver.log	3998582	external_original_not_selected
../data	qwen3_final_experiments/sparsity_norm_sweep300/logs/sweep300_20260609_resume_fixed_missing/fixed_sum/00_qwen8b_17/final_status.txt	1035	external_original_not_selected
../data	qwen3_final_experiments/sparsity_norm_sweep300/logs/sweep300_20260609_resume_fixed_missing/fixed_sum/00_qwen8b_17/fixed_sum17_ppl_stats_summary.json	1983	external_original_not_selected
../data	qwen3_final_experiments/sparsity_norm_sweep300/logs/sweep300_20260609_resume_fixed_missing/fixed_sum/00_qwen8b_17/fixed_sum17_ppl_stats_summary.tsv	1391	external_original_not_selected
../data	qwen3_final_experiments/sparsity_norm_sweep300/logs/sweep300_20260609_resume_fixed_missing/fixed_sum/00_qwen8b_17/qwen8b/ppl/snr17db/stats_limit300_chunk768.log	3996636	external_original_not_selected
../data	qwen3_final_experiments/sparsity_norm_sweep300/logs/sweep300_20260609_resume_fixed_missing/fixed_sum/00_qwen8b_17/run.env	711	external_original_not_selected
../data	qwen3_final_experiments/sparsity_norm_sweep300/logs/sweep300_20260609_resume_fixed_missing/fixed_sum/00_qwen8b_17/status.tsv	1344	external_original_not_selected
../data	qwen3_final_experiments/sparsity_norm_sweep300/logs/sweep300_20260609_resume_fixed_missing/fixed_sum/01_qwen4b_17/driver.log	3990581	external_original_not_selected
../data	qwen3_final_experiments/sparsity_norm_sweep300/logs/sweep300_20260609_resume_fixed_missing/fixed_sum/01_qwen4b_17/final_status.txt	1035	external_original_not_selected
../data	qwen3_final_experiments/sparsity_norm_sweep300/logs/sweep300_20260609_resume_fixed_missing/fixed_sum/01_qwen4b_17/fixed_sum17_ppl_stats_summary.json	1981	external_original_not_selected
../data	qwen3_final_experiments/sparsity_norm_sweep300/logs/sweep300_20260609_resume_fixed_missing/fixed_sum/01_qwen4b_17/fixed_sum17_ppl_stats_summary.tsv	1390	external_original_not_selected
../data	qwen3_final_experiments/sparsity_norm_sweep300/logs/sweep300_20260609_resume_fixed_missing/fixed_sum/01_qwen4b_17/qwen4b/ppl/snr17db/stats_limit300_chunk768.log	3988633	external_original_not_selected
../data	qwen3_final_experiments/sparsity_norm_sweep300/logs/sweep300_20260609_resume_fixed_missing/fixed_sum/01_qwen4b_17/run.env	713	external_original_not_selected
../data	qwen3_final_experiments/sparsity_norm_sweep300/logs/sweep300_20260609_resume_fixed_missing/fixed_sum/01_qwen4b_17/status.tsv	1344	external_original_not_selected
../data	qwen3_final_experiments/sparsity_norm_sweep300/logs/sweep300_20260609_resume_fixed_missing/fixed_sum/02_qwen4b_15p20/driver.log	7977354	external_original_not_selected
../data	qwen3_final_experiments/sparsity_norm_sweep300/logs/sweep300_20260609_resume_fixed_missing/fixed_sum/02_qwen4b_15p20/final_status.txt	1050	external_original_not_selected
../data	qwen3_final_experiments/sparsity_norm_sweep300/logs/sweep300_20260609_resume_fixed_missing/fixed_sum/02_qwen4b_15p20/fixed_sum17_ppl_stats_summary.json	3734	external_original_not_selected
../data	qwen3_final_experiments/sparsity_norm_sweep300/logs/sweep300_20260609_resume_fixed_missing/fixed_sum/02_qwen4b_15p20/fixed_sum17_ppl_stats_summary.tsv	2047	external_original_not_selected
../data	qwen3_final_experiments/sparsity_norm_sweep300/logs/sweep300_20260609_resume_fixed_missing/fixed_sum/02_qwen4b_15p20/qwen4b/calib/snr20db/fixed_sum_down.log	118986	external_original_not_selected
../data	qwen3_final_experiments/sparsity_norm_sweep300/logs/sweep300_20260609_resume_fixed_missing/fixed_sum/02_qwen4b_15p20/qwen4b/calib/snr20db/fixed_sum_gate.log	119082	external_original_not_selected
../data	qwen3_final_experiments/sparsity_norm_sweep300/logs/sweep300_20260609_resume_fixed_missing/fixed_sum/02_qwen4b_15p20/qwen4b/calib/snr20db/fixed_sum_merge.log	833	external_original_not_selected
../data	qwen3_final_experiments/sparsity_norm_sweep300/logs/sweep300_20260609_resume_fixed_missing/fixed_sum/02_qwen4b_15p20/qwen4b/calib/snr20db/fixed_sum_up.log	119009	external_original_not_selected
../data	qwen3_final_experiments/sparsity_norm_sweep300/logs/sweep300_20260609_resume_fixed_missing/fixed_sum/02_qwen4b_15p20/qwen4b/ppl/snr15db/stats_limit300_chunk768.log	3987721	external_original_not_selected
../data	qwen3_final_experiments/sparsity_norm_sweep300/logs/sweep300_20260609_resume_fixed_missing/fixed_sum/02_qwen4b_15p20/qwen4b/ppl/snr20db/stats_limit300_chunk768.log	3986309	external_original_not_selected
../data	qwen3_final_experiments/sparsity_norm_sweep300/logs/sweep300_20260609_resume_fixed_missing/fixed_sum/02_qwen4b_15p20/run.env	719	external_original_not_selected
../data	qwen3_final_experiments/sparsity_norm_sweep300/logs/sweep300_20260609_resume_fixed_missing/fixed_sum/02_qwen4b_15p20/status.tsv	5239	external_original_not_selected
../data	qwen3_final_experiments/sparsity_norm_sweep300/logs/sweep300_20260609_resume_fixed_missing/fixed_sum/03_qwen1_7b_15p20/driver.log	6167946	external_original_not_selected
../data	qwen3_final_experiments/sparsity_norm_sweep300/logs/sweep300_20260609_resume_fixed_missing/fixed_sum/03_qwen1_7b_15p20/final_status.txt	1058	external_original_not_selected
../data	qwen3_final_experiments/sparsity_norm_sweep300/logs/sweep300_20260609_resume_fixed_missing/fixed_sum/03_qwen1_7b_15p20/fixed_sum17_ppl_stats_summary.json	3758	external_original_not_selected
../data	qwen3_final_experiments/sparsity_norm_sweep300/logs/sweep300_20260609_resume_fixed_missing/fixed_sum/03_qwen1_7b_15p20/fixed_sum17_ppl_stats_summary.tsv	2071	external_original_not_selected
../data	qwen3_final_experiments/sparsity_norm_sweep300/logs/sweep300_20260609_resume_fixed_missing/fixed_sum/03_qwen1_7b_15p20/qwen1_7b/calib/snr15db/fixed_sum_down.log	93380	external_original_not_selected
../data	qwen3_final_experiments/sparsity_norm_sweep300/logs/sweep300_20260609_resume_fixed_missing/fixed_sum/03_qwen1_7b_15p20/qwen1_7b/calib/snr15db/fixed_sum_gate.log	93948	external_original_not_selected
../data	qwen3_final_experiments/sparsity_norm_sweep300/logs/sweep300_20260609_resume_fixed_missing/fixed_sum/03_qwen1_7b_15p20/qwen1_7b/calib/snr15db/fixed_sum_merge.log	852	external_original_not_selected
../data	qwen3_final_experiments/sparsity_norm_sweep300/logs/sweep300_20260609_resume_fixed_missing/fixed_sum/03_qwen1_7b_15p20/qwen1_7b/calib/snr15db/fixed_sum_up.log	93653	external_original_not_selected
../data	qwen3_final_experiments/sparsity_norm_sweep300/logs/sweep300_20260609_resume_fixed_missing/fixed_sum/03_qwen1_7b_15p20/qwen1_7b/calib/snr20db/fixed_sum_down.log	93365	external_original_not_selected
../data	qwen3_final_experiments/sparsity_norm_sweep300/logs/sweep300_20260609_resume_fixed_missing/fixed_sum/03_qwen1_7b_15p20/qwen1_7b/calib/snr20db/fixed_sum_gate.log	93707	external_original_not_selected
../data	qwen3_final_experiments/sparsity_norm_sweep300/logs/sweep300_20260609_resume_fixed_missing/fixed_sum/03_qwen1_7b_15p20/qwen1_7b/calib/snr20db/fixed_sum_merge.log	852	external_original_not_selected
../data	qwen3_final_experiments/sparsity_norm_sweep300/logs/sweep300_20260609_resume_fixed_missing/fixed_sum/03_qwen1_7b_15p20/qwen1_7b/calib/snr20db/fixed_sum_up.log	93513	external_original_not_selected
../data	qwen3_final_experiments/sparsity_norm_sweep300/logs/sweep300_20260609_resume_fixed_missing/fixed_sum/03_qwen1_7b_15p20/qwen1_7b/ppl/snr15db/stats_limit300_chunk768.log	3081344	external_original_not_selected
../data	qwen3_final_experiments/sparsity_norm_sweep300/logs/sweep300_20260609_resume_fixed_missing/fixed_sum/03_qwen1_7b_15p20/qwen1_7b/ppl/snr20db/stats_limit300_chunk768.log	3081835	external_original_not_selected
../data	qwen3_final_experiments/sparsity_norm_sweep300/logs/sweep300_20260609_resume_fixed_missing/fixed_sum/03_qwen1_7b_15p20/run.env	725	external_original_not_selected
../data	qwen3_final_experiments/sparsity_norm_sweep300/logs/sweep300_20260609_resume_fixed_missing/fixed_sum/03_qwen1_7b_15p20/status.tsv	8035	external_original_not_selected
../data	qwen3_final_experiments/sparsity_norm_sweep300/logs/sweep300_20260609_resume_fixed_missing/run.env	767	external_original_not_selected
../data	qwen3_final_experiments/sparsity_norm_sweep300/logs/sweep300_20260609_resume_fixed_missing/status.tsv	2227	external_original_not_selected
../data	qwen3_final_experiments/sparsity_norm_sweep300/logs/sweep300_20260609_resume_fixed_missing/summary/sparsity_norm_sweep_limit300.json	25574	external_original_not_selected
../data	qwen3_final_experiments/sparsity_norm_sweep300/logs/sweep300_20260609_resume_fixed_missing/summary/sparsity_norm_sweep_limit300.tsv	7280	external_original_not_selected
../data	qwen3_final_experiments/sparsity_norm_sweep300/logs/sweep300_20260610_qwen8b_adjacent_15_20/driver.log	7804	external_original_not_selected
../data	qwen3_final_experiments/sparsity_norm_sweep300/logs/sweep300_20260610_qwen8b_adjacent_15_20/final_status.txt	1046	external_original_not_selected
../data	qwen3_final_experiments/sparsity_norm_sweep300/logs/sweep300_20260610_qwen8b_adjacent_15_20/fixed_sum/00_qwen8b_15/driver.log	1197	external_original_not_selected
../data	qwen3_final_experiments/sparsity_norm_sweep300/logs/sweep300_20260610_qwen8b_adjacent_15_20/fixed_sum/00_qwen8b_15/final_status.txt	1038	external_original_not_selected
../data	qwen3_final_experiments/sparsity_norm_sweep300/logs/sweep300_20260610_qwen8b_adjacent_15_20/fixed_sum/00_qwen8b_15/fixed_sum17_ppl_stats_summary.json	971	external_original_not_selected
../data	qwen3_final_experiments/sparsity_norm_sweep300/logs/sweep300_20260610_qwen8b_adjacent_15_20/fixed_sum/00_qwen8b_15/fixed_sum17_ppl_stats_summary.tsv	1261	external_original_not_selected
../data	qwen3_final_experiments/sparsity_norm_sweep300/logs/sweep300_20260610_qwen8b_adjacent_15_20/fixed_sum/00_qwen8b_15/qwen8b/calib/snr15db/fixed_sum_gate.log	116885	external_original_not_selected
../data	qwen3_final_experiments/sparsity_norm_sweep300/logs/sweep300_20260610_qwen8b_adjacent_15_20/fixed_sum/00_qwen8b_15/run.env	713	external_original_not_selected
../data	qwen3_final_experiments/sparsity_norm_sweep300/logs/sweep300_20260610_qwen8b_adjacent_15_20/fixed_sum/00_qwen8b_15/status.tsv	432	external_original_not_selected
../data	qwen3_final_experiments/sparsity_norm_sweep300/logs/sweep300_20260610_qwen8b_adjacent_15_20/fixed_sum/01_qwen8b_20/driver.log	1197	external_original_not_selected
../data	qwen3_final_experiments/sparsity_norm_sweep300/logs/sweep300_20260610_qwen8b_adjacent_15_20/fixed_sum/01_qwen8b_20/final_status.txt	1038	external_original_not_selected
../data	qwen3_final_experiments/sparsity_norm_sweep300/logs/sweep300_20260610_qwen8b_adjacent_15_20/fixed_sum/01_qwen8b_20/fixed_sum17_ppl_stats_summary.json	971	external_original_not_selected
../data	qwen3_final_experiments/sparsity_norm_sweep300/logs/sweep300_20260610_qwen8b_adjacent_15_20/fixed_sum/01_qwen8b_20/fixed_sum17_ppl_stats_summary.tsv	1261	external_original_not_selected
../data	qwen3_final_experiments/sparsity_norm_sweep300/logs/sweep300_20260610_qwen8b_adjacent_15_20/fixed_sum/01_qwen8b_20/qwen8b/calib/snr20db/fixed_sum_gate.log	117442	external_original_not_selected
../data	qwen3_final_experiments/sparsity_norm_sweep300/logs/sweep300_20260610_qwen8b_adjacent_15_20/fixed_sum/01_qwen8b_20/run.env	713	external_original_not_selected
../data	qwen3_final_experiments/sparsity_norm_sweep300/logs/sweep300_20260610_qwen8b_adjacent_15_20/fixed_sum/01_qwen8b_20/status.tsv	432	external_original_not_selected
../data	qwen3_final_experiments/sparsity_norm_sweep300/logs/sweep300_20260610_qwen8b_adjacent_15_20/run.env	675	external_original_not_selected
../data	qwen3_final_experiments/sparsity_norm_sweep300/logs/sweep300_20260610_qwen8b_adjacent_15_20/status.tsv	585	external_original_not_selected
../data	qwen3_final_experiments/sparsity_norm_sweep300/logs/sweep300_20260610_qwen8b_adjacent_15_20/summary/sparsity_norm_sweep_limit300.json	7203	external_original_not_selected
../data	qwen3_final_experiments/sparsity_norm_sweep300/logs/sweep300_20260610_qwen8b_adjacent_15_20/summary/sparsity_norm_sweep_limit300.tsv	2375	external_original_not_selected
../data	qwen3_final_experiments/sparsity_norm_sweep300/logs/sweep300_20260610_qwen8b_adjacent_15_20_resume/driver.log	8001562	external_original_not_selected
../data	qwen3_final_experiments/sparsity_norm_sweep300/logs/sweep300_20260610_qwen8b_adjacent_15_20_resume/final_status.txt	1093	external_original_not_selected
../data	qwen3_final_experiments/sparsity_norm_sweep300/logs/sweep300_20260610_qwen8b_adjacent_15_20_resume/fixed_sum/00_qwen8b_15/driver.log	3999235	external_original_not_selected
../data	qwen3_final_experiments/sparsity_norm_sweep300/logs/sweep300_20260610_qwen8b_adjacent_15_20_resume/fixed_sum/00_qwen8b_15/final_status.txt	1073	external_original_not_selected
../data	qwen3_final_experiments/sparsity_norm_sweep300/logs/sweep300_20260610_qwen8b_adjacent_15_20_resume/fixed_sum/00_qwen8b_15/fixed_sum17_ppl_stats_summary.json	1986	external_original_not_selected
../data	qwen3_final_experiments/sparsity_norm_sweep300/logs/sweep300_20260610_qwen8b_adjacent_15_20_resume/fixed_sum/00_qwen8b_15/fixed_sum17_ppl_stats_summary.tsv	1394	external_original_not_selected
../data	qwen3_final_experiments/sparsity_norm_sweep300/logs/sweep300_20260610_qwen8b_adjacent_15_20_resume/fixed_sum/00_qwen8b_15/qwen8b/calib/snr15db/fixed_sum_down_l00.log	116227	external_original_not_selected
../data	qwen3_final_experiments/sparsity_norm_sweep300/logs/sweep300_20260610_qwen8b_adjacent_15_20_resume/fixed_sum/00_qwen8b_15/qwen8b/calib/snr15db/fixed_sum_down_l01_l12.log	117592	external_original_not_selected
../data	qwen3_final_experiments/sparsity_norm_sweep300/logs/sweep300_20260610_qwen8b_adjacent_15_20_resume/fixed_sum/00_qwen8b_15/qwen8b/calib/snr15db/fixed_sum_down_l13_l24.log	117596	external_original_not_selected
../data	qwen3_final_experiments/sparsity_norm_sweep300/logs/sweep300_20260610_qwen8b_adjacent_15_20_resume/fixed_sum/00_qwen8b_15/qwen8b/calib/snr15db/fixed_sum_down_l25_l35.log	117612	external_original_not_selected
../data	qwen3_final_experiments/sparsity_norm_sweep300/logs/sweep300_20260610_qwen8b_adjacent_15_20_resume/fixed_sum/00_qwen8b_15/qwen8b/calib/snr15db/fixed_sum_gate.log	120736	external_original_not_selected
../data	qwen3_final_experiments/sparsity_norm_sweep300/logs/sweep300_20260610_qwen8b_adjacent_15_20_resume/fixed_sum/00_qwen8b_15/qwen8b/calib/snr15db/fixed_sum_merge.log	1279	external_original_not_selected
../data	qwen3_final_experiments/sparsity_norm_sweep300/logs/sweep300_20260610_qwen8b_adjacent_15_20_resume/fixed_sum/00_qwen8b_15/qwen8b/calib/snr15db/fixed_sum_up.log	121067	external_original_not_selected
../data	qwen3_final_experiments/sparsity_norm_sweep300/logs/sweep300_20260610_qwen8b_adjacent_15_20_resume/fixed_sum/00_qwen8b_15/qwen8b/ppl/snr15db/stats_limit300_chunk768.log	3994748	external_original_not_selected
../data	qwen3_final_experiments/sparsity_norm_sweep300/logs/sweep300_20260610_qwen8b_adjacent_15_20_resume/fixed_sum/00_qwen8b_15/run.env	727	external_original_not_selected
../data	qwen3_final_experiments/sparsity_norm_sweep300/logs/sweep300_20260610_qwen8b_adjacent_15_20_resume/fixed_sum/00_qwen8b_15/status.tsv	6449	external_original_not_selected
../data	qwen3_final_experiments/sparsity_norm_sweep300/logs/sweep300_20260610_qwen8b_adjacent_15_20_resume/fixed_sum/01_qwen8b_20/driver.log	3999466	external_original_not_selected
../data	qwen3_final_experiments/sparsity_norm_sweep300/logs/sweep300_20260610_qwen8b_adjacent_15_20_resume/fixed_sum/01_qwen8b_20/final_status.txt	1073	external_original_not_selected
../data	qwen3_final_experiments/sparsity_norm_sweep300/logs/sweep300_20260610_qwen8b_adjacent_15_20_resume/fixed_sum/01_qwen8b_20/fixed_sum17_ppl_stats_summary.json	1986	external_original_not_selected
../data	qwen3_final_experiments/sparsity_norm_sweep300/logs/sweep300_20260610_qwen8b_adjacent_15_20_resume/fixed_sum/01_qwen8b_20/fixed_sum17_ppl_stats_summary.tsv	1394	external_original_not_selected
../data	qwen3_final_experiments/sparsity_norm_sweep300/logs/sweep300_20260610_qwen8b_adjacent_15_20_resume/fixed_sum/01_qwen8b_20/qwen8b/calib/snr20db/fixed_sum_down_l00.log	116367	external_original_not_selected
../data	qwen3_final_experiments/sparsity_norm_sweep300/logs/sweep300_20260610_qwen8b_adjacent_15_20_resume/fixed_sum/01_qwen8b_20/qwen8b/calib/snr20db/fixed_sum_down_l01_l12.log	117610	external_original_not_selected
../data	qwen3_final_experiments/sparsity_norm_sweep300/logs/sweep300_20260610_qwen8b_adjacent_15_20_resume/fixed_sum/01_qwen8b_20/qwen8b/calib/snr20db/fixed_sum_down_l13_l24.log	117703	external_original_not_selected
../data	qwen3_final_experiments/sparsity_norm_sweep300/logs/sweep300_20260610_qwen8b_adjacent_15_20_resume/fixed_sum/01_qwen8b_20/qwen8b/calib/snr20db/fixed_sum_down_l25_l35.log	117586	external_original_not_selected
../data	qwen3_final_experiments/sparsity_norm_sweep300/logs/sweep300_20260610_qwen8b_adjacent_15_20_resume/fixed_sum/01_qwen8b_20/qwen8b/calib/snr20db/fixed_sum_gate.log	120240	external_original_not_selected
../data	qwen3_final_experiments/sparsity_norm_sweep300/logs/sweep300_20260610_qwen8b_adjacent_15_20_resume/fixed_sum/01_qwen8b_20/qwen8b/calib/snr20db/fixed_sum_merge.log	1279	external_original_not_selected
../data	qwen3_final_experiments/sparsity_norm_sweep300/logs/sweep300_20260610_qwen8b_adjacent_15_20_resume/fixed_sum/01_qwen8b_20/qwen8b/calib/snr20db/fixed_sum_up.log	119336	external_original_not_selected
../data	qwen3_final_experiments/sparsity_norm_sweep300/logs/sweep300_20260610_qwen8b_adjacent_15_20_resume/fixed_sum/01_qwen8b_20/qwen8b/ppl/snr20db/stats_limit300_chunk768.log	3994979	external_original_not_selected
../data	qwen3_final_experiments/sparsity_norm_sweep300/logs/sweep300_20260610_qwen8b_adjacent_15_20_resume/fixed_sum/01_qwen8b_20/run.env	727	external_original_not_selected
../data	qwen3_final_experiments/sparsity_norm_sweep300/logs/sweep300_20260610_qwen8b_adjacent_15_20_resume/fixed_sum/01_qwen8b_20/status.tsv	6449	external_original_not_selected
../data	qwen3_final_experiments/sparsity_norm_sweep300/logs/sweep300_20260610_qwen8b_adjacent_15_20_resume/run.env	689	external_original_not_selected
../data	qwen3_final_experiments/sparsity_norm_sweep300/logs/sweep300_20260610_qwen8b_adjacent_15_20_resume/status.tsv	1151	external_original_not_selected
../data	qwen3_final_experiments/sparsity_norm_sweep300/logs/sweep300_20260610_qwen8b_adjacent_15_20_resume/summary/sparsity_norm_sweep_limit300.json	9143	external_original_not_selected
../data	qwen3_final_experiments/sparsity_norm_sweep300/logs/sweep300_20260610_qwen8b_adjacent_15_20_resume/summary/sparsity_norm_sweep_limit300.tsv	2764	copied_exactly
../data	rebuttal_experiments/full_precision_baselines/llama32_3b/ppl_results_FP16_llama32_3b_limit300.json	2005	copied_exactly
../data	rebuttal_experiments/full_precision_baselines/logs/launch_20260612_102801/llama32_3b_fp16_gpu6.log	0	external_original_not_selected
../data	rebuttal_experiments/full_precision_baselines/logs/launch_20260612_102801/llama32_3b_fp16_gpu6.pid	8	external_original_not_selected
../data	rebuttal_experiments/full_precision_baselines/logs/launch_20260612_102801/qwen0_6b_fp16_gpu0.log	0	external_original_not_selected
../data	rebuttal_experiments/full_precision_baselines/logs/launch_20260612_102801/qwen0_6b_fp16_gpu0.pid	8	external_original_not_selected
../data	rebuttal_experiments/full_precision_baselines/logs/launch_20260612_102801/qwen1_7b_fp16_gpu3.log	0	external_original_not_selected
../data	rebuttal_experiments/full_precision_baselines/logs/launch_20260612_102801/qwen1_7b_fp16_gpu3.pid	8	external_original_not_selected
../data	rebuttal_experiments/full_precision_baselines/logs/launch_20260612_102801/qwen4b_fp16_gpu4.log	0	external_original_not_selected
../data	rebuttal_experiments/full_precision_baselines/logs/launch_20260612_102801/qwen4b_fp16_gpu4.pid	8	external_original_not_selected
../data	rebuttal_experiments/full_precision_baselines/logs/launch_20260612_102801/qwen8b_fp16_gpu5.log	0	external_original_not_selected
../data	rebuttal_experiments/full_precision_baselines/logs/launch_20260612_102801/qwen8b_fp16_gpu5.pid	8	external_original_not_selected
../data	rebuttal_experiments/full_precision_baselines/logs/launch_20260612_102937_setsid/llama32_3b_fp16_gpu6.log	76301	external_original_not_selected
../data	rebuttal_experiments/full_precision_baselines/logs/launch_20260612_102937_setsid/llama32_3b_fp16_gpu6.pid	8	external_original_not_selected
../data	rebuttal_experiments/full_precision_baselines/logs/launch_20260612_102937_setsid/qwen0_6b_fp16_gpu0.log	90642	external_original_not_selected
../data	rebuttal_experiments/full_precision_baselines/logs/launch_20260612_102937_setsid/qwen0_6b_fp16_gpu0.pid	8	external_original_not_selected
../data	rebuttal_experiments/full_precision_baselines/logs/launch_20260612_102937_setsid/qwen1_7b_fp16_gpu3.log	91269	external_original_not_selected
../data	rebuttal_experiments/full_precision_baselines/logs/launch_20260612_102937_setsid/qwen1_7b_fp16_gpu3.pid	8	external_original_not_selected
../data	rebuttal_experiments/full_precision_baselines/logs/launch_20260612_102937_setsid/qwen4b_fp16_gpu4.log	116738	external_original_not_selected
../data	rebuttal_experiments/full_precision_baselines/logs/launch_20260612_102937_setsid/qwen4b_fp16_gpu4.pid	8	external_original_not_selected
../data	rebuttal_experiments/full_precision_baselines/logs/launch_20260612_102937_setsid/qwen8b_fp16_gpu5.log	116767	external_original_not_selected
../data	rebuttal_experiments/full_precision_baselines/logs/launch_20260612_102937_setsid/qwen8b_fp16_gpu5.pid	8	external_original_not_selected
../data	rebuttal_experiments/full_precision_baselines/qwen0_6b/ppl_results_FP16_qwen0_6b_limit300.json	2005	copied_exactly
../data	rebuttal_experiments/full_precision_baselines/qwen1_7b/ppl_results_FP16_qwen1_7b_limit300.json	2005	copied_exactly
../data	rebuttal_experiments/full_precision_baselines/qwen4b/ppl_results_FP16_qwen4b_limit300.json	2003	copied_exactly
../data	rebuttal_experiments/full_precision_baselines/qwen8b/ppl_results_FP16_qwen8b_limit300.json	2004	copied_exactly
../data	rebuttal_experiments/full_precision_baselines_full/llama32_3b/ppl_results_FP16_llama32_3b_full.json	2009	copied_exactly
../data	rebuttal_experiments/full_precision_baselines_full/logs/launch_20260612_103152_setsid/llama32_3b_fp16_full_gpu5.log	119596	external_original_not_selected
../data	rebuttal_experiments/full_precision_baselines_full/logs/launch_20260612_103152_setsid/llama32_3b_fp16_full_gpu5.pid	8	external_original_not_selected
../data	rebuttal_experiments/full_precision_baselines_full/logs/launch_20260612_103152_setsid/qwen0_6b_fp16_full_gpu0.log	105766	external_original_not_selected
../data	rebuttal_experiments/full_precision_baselines_full/logs/launch_20260612_103152_setsid/qwen0_6b_fp16_full_gpu0.pid	8	external_original_not_selected
../data	rebuttal_experiments/full_precision_baselines_full/logs/launch_20260612_103152_setsid/qwen1_7b_fp16_full_gpu1.log	113416	external_original_not_selected
../data	rebuttal_experiments/full_precision_baselines_full/logs/launch_20260612_103152_setsid/qwen1_7b_fp16_full_gpu1.pid	8	external_original_not_selected
../data	rebuttal_experiments/full_precision_baselines_full/logs/launch_20260612_103152_setsid/qwen4b_fp16_full_gpu3.log	161675	external_original_not_selected
../data	rebuttal_experiments/full_precision_baselines_full/logs/launch_20260612_103152_setsid/qwen4b_fp16_full_gpu3.pid	8	external_original_not_selected
../data	rebuttal_experiments/full_precision_baselines_full/logs/launch_20260612_103152_setsid/qwen8b_fp16_full_gpu4.log	162257	external_original_not_selected
../data	rebuttal_experiments/full_precision_baselines_full/logs/launch_20260612_103152_setsid/qwen8b_fp16_full_gpu4.pid	8	external_original_not_selected
../data	rebuttal_experiments/full_precision_baselines_full/qwen0_6b/ppl_results_FP16_qwen0_6b_full.json	2007	copied_exactly
../data	rebuttal_experiments/full_precision_baselines_full/qwen1_7b/ppl_results_FP16_qwen1_7b_full.json	2008	copied_exactly
../data	rebuttal_experiments/full_precision_baselines_full/qwen4b/ppl_results_FP16_qwen4b_full.json	2008	copied_exactly
../data	rebuttal_experiments/full_precision_baselines_full/qwen8b/ppl_results_FP16_qwen8b_full.json	2009	copied_exactly
../data	rebuttal_experiments/llama32_3b/act_base/2-4/ppl_batch_base_act_summary.json	768	external_original_not_selected
../data	rebuttal_experiments/llama32_3b/act_base/2-4/ppl_results_MXFP8.json	1905	copied_exactly
../data	rebuttal_experiments/llama32_3b/calib_fixed_sum/calibration_MXFP8_fixed_sum_llama32_3b_snr15db.json	9624840	external_original_not_selected
../data	rebuttal_experiments/llama32_3b/calib_fixed_sum/calibration_MXFP8_fixed_sum_llama32_3b_snr17db.json	9657308	external_original_not_selected
../data	rebuttal_experiments/llama32_3b/calib_fixed_sum/calibration_MXFP8_fixed_sum_llama32_3b_snr20db.json	9690810	external_original_not_selected
../data	rebuttal_experiments/llama32_3b/calib_fixed_sum/calibration_MXFP8_fixed_sum_llama32_3b_snr30db.json	9984901	external_original_not_selected
../data	rebuttal_experiments/llama32_3b/logs/launch_20260611_021805/llama_act24_ppl_gpu3.log	3084567	external_original_not_selected
../data	rebuttal_experiments/llama32_3b/logs/launch_20260611_021805/llama_act24_ppl_gpu3.pid	8	external_original_not_selected
../data	rebuttal_experiments/llama32_3b/logs/launch_20260611_021805/llama_act24_progress.json	510	external_original_not_selected
../data	rebuttal_experiments/llama32_3b/logs/launch_20260611_021805/llama_cal_snr15_gpu4.log	82233	external_original_not_selected
../data	rebuttal_experiments/llama32_3b/logs/launch_20260611_021805/llama_cal_snr15_gpu4.pid	8	external_original_not_selected
../data	rebuttal_experiments/llama32_3b/logs/launch_20260611_021805/llama_cal_snr17_gpu1.log	82216	external_original_not_selected
../data	rebuttal_experiments/llama32_3b/logs/launch_20260611_021805/llama_cal_snr17_gpu1.pid	8	external_original_not_selected
../data	rebuttal_experiments/llama32_3b/logs/launch_20260611_021805/llama_cal_snr20_gpu2.log	83900	external_original_not_selected
../data	rebuttal_experiments/llama32_3b/logs/launch_20260611_021805/llama_cal_snr20_gpu2.pid	8	external_original_not_selected
../data	rebuttal_experiments/llama32_3b/logs/launch_20260611_021805/llama_cal_snr30_gpu0.log	83150	external_original_not_selected
../data	rebuttal_experiments/llama32_3b/logs/launch_20260611_021805/llama_cal_snr30_gpu0.pid	8	external_original_not_selected
../data	rebuttal_experiments/llama32_3b/logs/launch_20260611_021805/llama_mxfp8_ppl_gpu6.log	2915999	external_original_not_selected
../data	rebuttal_experiments/llama32_3b/logs/launch_20260611_021805/llama_mxfp8_ppl_gpu6.pid	8	external_original_not_selected
../data	rebuttal_experiments/llama32_3b/logs/launch_20260611_021805/llama_mxfp8_progress.json	481	external_original_not_selected
../data	rebuttal_experiments/llama32_3b/logs/launch_20260611_021805/llama_snr15_ppl_gpu4.log	2905903	external_original_not_selected
../data	rebuttal_experiments/llama32_3b/logs/launch_20260611_021805/llama_snr15_ppl_gpu4.pid	8	external_original_not_selected
../data	rebuttal_experiments/llama32_3b/logs/launch_20260611_021805/llama_snr15_progress.json	476	external_original_not_selected
../data	rebuttal_experiments/llama32_3b/logs/launch_20260611_021805/llama_snr17_ppl_gpu0.log	2906107	external_original_not_selected
../data	rebuttal_experiments/llama32_3b/logs/launch_20260611_021805/llama_snr17_ppl_gpu0.pid	8	external_original_not_selected
../data	rebuttal_experiments/llama32_3b/logs/launch_20260611_021805/llama_snr17_progress.json	476	external_original_not_selected
../data	rebuttal_experiments/llama32_3b/logs/launch_20260611_021805/llama_snr20_ppl_gpu1.log	2905536	external_original_not_selected
../data	rebuttal_experiments/llama32_3b/logs/launch_20260611_021805/llama_snr20_ppl_gpu1.pid	8	external_original_not_selected
../data	rebuttal_experiments/llama32_3b/logs/launch_20260611_021805/llama_snr20_progress.json	476	external_original_not_selected
../data	rebuttal_experiments/llama32_3b/logs/launch_20260611_021805/llama_snr30_ppl_gpu2.log	2905963	external_original_not_selected
../data	rebuttal_experiments/llama32_3b/logs/launch_20260611_021805/llama_snr30_ppl_gpu2.pid	8	external_original_not_selected
../data	rebuttal_experiments/llama32_3b/logs/launch_20260611_021805/llama_snr30_progress.json	476	external_original_not_selected
../data	rebuttal_experiments/llama32_3b/logs/launch_20260611_021805/llama_wanda24_cal_gpu4.log	112527	external_original_not_selected
../data	rebuttal_experiments/llama32_3b/logs/launch_20260611_021805/llama_wanda24_cal_gpu4.pid	8	external_original_not_selected
../data	rebuttal_experiments/llama32_3b/logs/launch_20260611_021805/llama_wanda24_ppl_gpu4.log	3037418	external_original_not_selected
../data	rebuttal_experiments/llama32_3b/logs/launch_20260611_021805/llama_wanda24_ppl_gpu4.pid	8	external_original_not_selected
../data	rebuttal_experiments/llama32_3b/logs/launch_20260611_021805/llama_wanda24_progress.json	502	external_original_not_selected
../data	rebuttal_experiments/llama32_3b/logs/launch_20260612_next12h/llama_snr15_msd1024_progress.json	476	external_original_not_selected
../data	rebuttal_experiments/llama32_3b/logs/launch_20260612_next12h/llama_snr15_ppl_msd1024_gpu1.log	2902518	external_original_not_selected
../data	rebuttal_experiments/llama32_3b/logs/launch_20260612_next12h/llama_snr15_ppl_msd1024_gpu1.pid	8	external_original_not_selected
../data	rebuttal_experiments/llama32_3b/logs/launch_20260612_next12h/llama_snr17 5_ppl_msd1024_gpu.log	1000	external_original_not_selected
../data	rebuttal_experiments/llama32_3b/logs/launch_20260612_next12h/llama_snr17 5_ppl_msd1024_gpu.pid	8	external_original_not_selected
../data	rebuttal_experiments/llama32_3b/logs/launch_20260612_next12h/llama_snr17_msd1024_progress.json	476	external_original_not_selected
../data	rebuttal_experiments/llama32_3b/logs/launch_20260612_next12h/llama_snr17_ppl_msd1024_gpu5.log	2902529	external_original_not_selected
../data	rebuttal_experiments/llama32_3b/logs/launch_20260612_next12h/llama_snr17_ppl_msd1024_gpu5.pid	8	external_original_not_selected
../data	rebuttal_experiments/llama32_3b/logs/launch_20260612_next12h/llama_snr20 6_ppl_msd1024_gpu.log	1000	external_original_not_selected
../data	rebuttal_experiments/llama32_3b/logs/launch_20260612_next12h/llama_snr20 6_ppl_msd1024_gpu.pid	8	external_original_not_selected
../data	rebuttal_experiments/llama32_3b/logs/launch_20260612_next12h/llama_snr20_msd1024_progress.json	476	external_original_not_selected
../data	rebuttal_experiments/llama32_3b/logs/launch_20260612_next12h/llama_snr20_ppl_msd1024_gpu6.log	2902661	external_original_not_selected
../data	rebuttal_experiments/llama32_3b/logs/launch_20260612_next12h/llama_snr20_ppl_msd1024_gpu6.pid	8	external_original_not_selected
../data	rebuttal_experiments/llama32_3b/logs/launch_20260612_next12h/llama_snr30 7_ppl_msd1024_gpu.log	1000	external_original_not_selected
../data	rebuttal_experiments/llama32_3b/logs/launch_20260612_next12h/llama_snr30 7_ppl_msd1024_gpu.pid	8	external_original_not_selected
../data	rebuttal_experiments/llama32_3b/logs/launch_20260612_next12h/llama_snr30_msd1024_progress.json	476	external_original_not_selected
../data	rebuttal_experiments/llama32_3b/logs/launch_20260612_next12h/llama_snr30_ppl_msd1024_gpu7.log	2902677	external_original_not_selected
../data	rebuttal_experiments/llama32_3b/logs/launch_20260612_next12h/llama_snr30_ppl_msd1024_gpu7.pid	8	external_original_not_selected
../data	rebuttal_experiments/llama32_3b/ppl/ppl_results_MXFP8_fixed_sum_llama32_3b_snr15db_stats_limit300.json	44435	copied_exactly
../data	rebuttal_experiments/llama32_3b/ppl/ppl_results_MXFP8_fixed_sum_llama32_3b_snr15db_stats_limit300_msd1024.json	44436	copied_exactly
../data	rebuttal_experiments/llama32_3b/ppl/ppl_results_MXFP8_fixed_sum_llama32_3b_snr17db_stats_limit300.json	44450	copied_exactly
../data	rebuttal_experiments/llama32_3b/ppl/ppl_results_MXFP8_fixed_sum_llama32_3b_snr17db_stats_limit300_msd1024.json	44451	copied_exactly
../data	rebuttal_experiments/llama32_3b/ppl/ppl_results_MXFP8_fixed_sum_llama32_3b_snr20db_stats_limit300.json	44393	copied_exactly
../data	rebuttal_experiments/llama32_3b/ppl/ppl_results_MXFP8_fixed_sum_llama32_3b_snr20db_stats_limit300_msd1024.json	44394	copied_exactly
../data	rebuttal_experiments/llama32_3b/ppl/ppl_results_MXFP8_fixed_sum_llama32_3b_snr30db_stats_limit300.json	44223	copied_exactly
../data	rebuttal_experiments/llama32_3b/ppl/ppl_results_MXFP8_fixed_sum_llama32_3b_snr30db_stats_limit300_msd1024.json	44224	copied_exactly
../data	rebuttal_experiments/llama32_3b/ppl/ppl_results_MXFP8_limit300.json	2002	copied_exactly
../data	rebuttal_experiments/llama32_3b/wanda_base/2-4/calibration_base_MXFP8_llama32_3b.pt	2113958091	external_tensor_or_checkpoint
../data	rebuttal_experiments/llama32_3b/wanda_base/2-4/ppl_batch_base_summary_llama32_3b.json	799	external_original_not_selected
../data	rebuttal_experiments/llama32_3b/wanda_base/2-4/ppl_results_MXFP8_llama32_3b.json	1921	copied_exactly
../data	rebuttal_experiments/qwen1_7b_k_sweep/calib_fixed_sum/calibration_MXFP8_fixed_sum_qwen1_7b_k128_snr17db.json	7151626	external_original_not_selected
../data	rebuttal_experiments/qwen1_7b_k_sweep/calib_fixed_sum/calibration_MXFP8_fixed_sum_qwen1_7b_k16_snr17db.json	7151128	external_original_not_selected
../data	rebuttal_experiments/qwen1_7b_k_sweep/calib_fixed_sum/calibration_MXFP8_fixed_sum_qwen1_7b_k64_snr17db.json	7153503	external_original_not_selected
../data	rebuttal_experiments/qwen1_7b_k_sweep/calib_fixed_sum/calibration_MXFP8_fixed_sum_qwen1_7b_k8_snr17db.json	7153645	external_original_not_selected
../data	rebuttal_experiments/qwen1_7b_k_sweep/logs/launch_20260611_023133/qwen17b_k128_cal_gpu3.log	98087	external_original_not_selected
../data	rebuttal_experiments/qwen1_7b_k_sweep/logs/launch_20260611_023133/qwen17b_k128_cal_gpu3.pid	8	external_original_not_selected
../data	rebuttal_experiments/qwen1_7b_k_sweep/logs/launch_20260611_023133/qwen17b_k128_mxfp8_ppl_gpu3.log	3115684	external_original_not_selected
../data	rebuttal_experiments/qwen1_7b_k_sweep/logs/launch_20260611_023133/qwen17b_k128_mxfp8_ppl_gpu3.pid	8	external_original_not_selected
../data	rebuttal_experiments/qwen1_7b_k_sweep/logs/launch_20260611_023133/qwen17b_k128_mxfp8_progress.json	479	external_original_not_selected
../data	rebuttal_experiments/qwen1_7b_k_sweep/logs/launch_20260611_023133/qwen17b_k128_snr17_ppl_gpu3.log	3024009	external_original_not_selected
../data	rebuttal_experiments/qwen1_7b_k_sweep/logs/launch_20260611_023133/qwen17b_k128_snr17_ppl_gpu3.pid	8	external_original_not_selected
../data	rebuttal_experiments/qwen1_7b_k_sweep/logs/launch_20260611_023133/qwen17b_k128_snr17_progress.json	467	external_original_not_selected
../data	rebuttal_experiments/qwen1_7b_k_sweep/logs/launch_20260611_023133/qwen17b_k16_cal_gpu3.log	98863	external_original_not_selected
../data	rebuttal_experiments/qwen1_7b_k_sweep/logs/launch_20260611_023133/qwen17b_k16_cal_gpu3.pid	8	external_original_not_selected
../data	rebuttal_experiments/qwen1_7b_k_sweep/logs/launch_20260611_023133/qwen17b_k16_mxfp8_ppl_gpu4.log	3117246	external_original_not_selected
../data	rebuttal_experiments/qwen1_7b_k_sweep/logs/launch_20260611_023133/qwen17b_k16_mxfp8_ppl_gpu4.pid	8	external_original_not_selected
../data	rebuttal_experiments/qwen1_7b_k_sweep/logs/launch_20260611_023133/qwen17b_k16_mxfp8_progress.json	480	external_original_not_selected
../data	rebuttal_experiments/qwen1_7b_k_sweep/logs/launch_20260611_023133/qwen17b_k16_snr17_ppl_gpu3.log	3063994	external_original_not_selected
../data	rebuttal_experiments/qwen1_7b_k_sweep/logs/launch_20260611_023133/qwen17b_k16_snr17_ppl_gpu3.pid	8	external_original_not_selected
../data	rebuttal_experiments/qwen1_7b_k_sweep/logs/launch_20260611_023133/qwen17b_k16_snr17_progress.json	475	external_original_not_selected
../data	rebuttal_experiments/qwen1_7b_k_sweep/logs/launch_20260611_023133/qwen17b_k32_mxfp8_ppl_gpu4.log	3114031	external_original_not_selected
../data	rebuttal_experiments/qwen1_7b_k_sweep/logs/launch_20260611_023133/qwen17b_k32_mxfp8_ppl_gpu4.pid	8	external_original_not_selected
../data	rebuttal_experiments/qwen1_7b_k_sweep/logs/launch_20260611_023133/qwen17b_k32_mxfp8_progress.json	479	external_original_not_selected
../data	rebuttal_experiments/qwen1_7b_k_sweep/logs/launch_20260611_023133/qwen17b_k32_snr17_ppl_gpu4.log	3051279	external_original_not_selected
../data	rebuttal_experiments/qwen1_7b_k_sweep/logs/launch_20260611_023133/qwen17b_k32_snr17_ppl_gpu4.pid	8	external_original_not_selected
../data	rebuttal_experiments/qwen1_7b_k_sweep/logs/launch_20260611_023133/qwen17b_k32_snr17_progress.json	473	external_original_not_selected
../data	rebuttal_experiments/qwen1_7b_k_sweep/logs/launch_20260611_023133/qwen17b_k64_cal_gpu6.log	99333	external_original_not_selected
../data	rebuttal_experiments/qwen1_7b_k_sweep/logs/launch_20260611_023133/qwen17b_k64_cal_gpu6.pid	8	external_original_not_selected
../data	rebuttal_experiments/qwen1_7b_k_sweep/logs/launch_20260611_023133/qwen17b_k64_mxfp8_ppl_gpu4.log	3080210	external_original_not_selected
../data	rebuttal_experiments/qwen1_7b_k_sweep/logs/launch_20260611_023133/qwen17b_k64_mxfp8_ppl_gpu4.pid	8	external_original_not_selected
../data	rebuttal_experiments/qwen1_7b_k_sweep/logs/launch_20260611_023133/qwen17b_k64_mxfp8_progress.json	476	external_original_not_selected
../data	rebuttal_experiments/qwen1_7b_k_sweep/logs/launch_20260611_023133/qwen17b_k64_snr17_ppl_gpu6.log	3026348	external_original_not_selected
../data	rebuttal_experiments/qwen1_7b_k_sweep/logs/launch_20260611_023133/qwen17b_k64_snr17_ppl_gpu6.pid	8	external_original_not_selected
../data	rebuttal_experiments/qwen1_7b_k_sweep/logs/launch_20260611_023133/qwen17b_k64_snr17_progress.json	465	external_original_not_selected
../data	rebuttal_experiments/qwen1_7b_k_sweep/logs/launch_20260611_023133/qwen17b_k8_cal_gpu6.log	98052	external_original_not_selected
../data	rebuttal_experiments/qwen1_7b_k_sweep/logs/launch_20260611_023133/qwen17b_k8_cal_gpu6.pid	8	external_original_not_selected
../data	rebuttal_experiments/qwen1_7b_k_sweep/logs/launch_20260611_023133/qwen17b_k8_mxfp8_ppl_gpu6.log	3110576	external_original_not_selected
../data	rebuttal_experiments/qwen1_7b_k_sweep/logs/launch_20260611_023133/qwen17b_k8_mxfp8_ppl_gpu6.pid	8	external_original_not_selected
../data	rebuttal_experiments/qwen1_7b_k_sweep/logs/launch_20260611_023133/qwen17b_k8_mxfp8_progress.json	481	external_original_not_selected
../data	rebuttal_experiments/qwen1_7b_k_sweep/logs/launch_20260611_023133/qwen17b_k8_snr17_ppl_gpu6.log	3063917	external_original_not_selected
../data	rebuttal_experiments/qwen1_7b_k_sweep/logs/launch_20260611_023133/qwen17b_k8_snr17_ppl_gpu6.pid	8	external_original_not_selected
../data	rebuttal_experiments/qwen1_7b_k_sweep/logs/launch_20260611_023133/qwen17b_k8_snr17_progress.json	474	external_original_not_selected
../data	rebuttal_experiments/qwen1_7b_k_sweep/ppl/ppl_results_MXFP8_fixed_sum_qwen1_7b_k128_snr17db_stats_limit300.json	43984	copied_exactly
../data	rebuttal_experiments/qwen1_7b_k_sweep/ppl/ppl_results_MXFP8_fixed_sum_qwen1_7b_k16_snr17db_stats_limit300.json	44453	copied_exactly
../data	rebuttal_experiments/qwen1_7b_k_sweep/ppl/ppl_results_MXFP8_fixed_sum_qwen1_7b_k32_snr17db_stats_limit300.json	44409	copied_exactly
../data	rebuttal_experiments/qwen1_7b_k_sweep/ppl/ppl_results_MXFP8_fixed_sum_qwen1_7b_k64_snr17db_stats_limit300.json	44184	copied_exactly
../data	rebuttal_experiments/qwen1_7b_k_sweep/ppl/ppl_results_MXFP8_fixed_sum_qwen1_7b_k8_snr17db_stats_limit300.json	44625	copied_exactly
../data	rebuttal_experiments/qwen1_7b_k_sweep/ppl/ppl_results_MXFP8_k128_limit300.json	2003	copied_exactly
../data	rebuttal_experiments/qwen1_7b_k_sweep/ppl/ppl_results_MXFP8_k16_limit300.json	2002	copied_exactly
../data	rebuttal_experiments/qwen1_7b_k_sweep/ppl/ppl_results_MXFP8_k32_limit300.json	2003	copied_exactly
../data	rebuttal_experiments/qwen1_7b_k_sweep/ppl/ppl_results_MXFP8_k64_limit300.json	2001	copied_exactly
../data	rebuttal_experiments/qwen1_7b_k_sweep/ppl/ppl_results_MXFP8_k8_limit300.json	2002	copied_exactly
../data	rebuttal_experiments/qwen4b_k_sweep/logs/launch_20260612_next12h/qwen4b_k128_cal_gpu5.log	115062	external_original_not_selected
../data	rebuttal_experiments/qwen4b_k_sweep/logs/launch_20260612_next12h/qwen4b_k128_cal_gpu5.pid	8	external_original_not_selected
../data	rebuttal_experiments/qwen4b_k_sweep/logs/launch_20260612_next12h/qwen4b_k128_mxfp8_ppl_gpu4.log	4037889	external_original_not_selected
../data	rebuttal_experiments/qwen4b_k_sweep/logs/launch_20260612_next12h/qwen4b_k128_mxfp8_ppl_gpu4.pid	8	external_original_not_selected
../data	rebuttal_experiments/qwen4b_k_sweep/logs/launch_20260612_next12h/qwen4b_k128_mxfp8_progress.json	486	external_original_not_selected
../data	rebuttal_experiments/qwen4b_k_sweep/logs/launch_20260612_next12h/qwen4b_k16_cal_gpu0.log	115279	external_original_not_selected
../data	rebuttal_experiments/qwen4b_k_sweep/logs/launch_20260612_next12h/qwen4b_k16_cal_gpu0.pid	8	external_original_not_selected
../data	rebuttal_experiments/qwen4b_k_sweep/logs/launch_20260612_next12h/qwen4b_k16_mxfp8_ppl_gpu2.log	4030511	external_original_not_selected
../data	rebuttal_experiments/qwen4b_k_sweep/logs/launch_20260612_next12h/qwen4b_k16_mxfp8_ppl_gpu2.pid	8	external_original_not_selected
../data	rebuttal_experiments/qwen4b_k_sweep/logs/launch_20260612_next12h/qwen4b_k16_mxfp8_progress.json	484	external_original_not_selected
../data	rebuttal_experiments/qwen4b_k_sweep/logs/launch_20260612_next12h/qwen4b_k32_mxfp8_ppl_gpu0.log	4030801	external_original_not_selected
../data	rebuttal_experiments/qwen4b_k_sweep/logs/launch_20260612_next12h/qwen4b_k32_mxfp8_ppl_gpu0.pid	8	external_original_not_selected
../data	rebuttal_experiments/qwen4b_k_sweep/logs/launch_20260612_next12h/qwen4b_k32_mxfp8_progress.json	484	external_original_not_selected
../data	rebuttal_experiments/qwen4b_k_sweep/logs/launch_20260612_next12h/qwen4b_k32_snr17_ppl_gpu2.log	3970131	external_original_not_selected
../data	rebuttal_experiments/qwen4b_k_sweep/logs/launch_20260612_next12h/qwen4b_k32_snr17_ppl_gpu2.pid	8	external_original_not_selected
../data	rebuttal_experiments/qwen4b_k_sweep/logs/launch_20260612_next12h/qwen4b_k32_snr17_progress.json	475	external_original_not_selected
../data	rebuttal_experiments/qwen4b_k_sweep/logs/launch_20260612_next12h/qwen4b_k64_cal_gpu3.log	115337	external_original_not_selected
../data	rebuttal_experiments/qwen4b_k_sweep/logs/launch_20260612_next12h/qwen4b_k64_cal_gpu3.pid	8	external_original_not_selected
../data	rebuttal_experiments/qwen4b_k_sweep/logs/launch_20260612_next12h/qwen4b_k64_mxfp8_ppl_gpu0.log	4033351	external_original_not_selected
../data	rebuttal_experiments/qwen4b_k_sweep/logs/launch_20260612_next12h/qwen4b_k64_mxfp8_ppl_gpu0.pid	8	external_original_not_selected
../data	rebuttal_experiments/qwen4b_k_sweep/logs/launch_20260612_next12h/qwen4b_k64_mxfp8_progress.json	486	external_original_not_selected
../data	rebuttal_experiments/qwen4b_k_sweep/logs/launch_20260612_next12h/qwen4b_k8_cal_gpu4.log	115210	external_original_not_selected
../data	rebuttal_experiments/qwen4b_k_sweep/logs/launch_20260612_next12h/qwen4b_k8_cal_gpu4.pid	8	external_original_not_selected
../data	rebuttal_experiments/qwen4b_k_sweep/logs/launch_20260612_next12h/qwen4b_k8_mxfp8_ppl_gpu4.log	4029357	external_original_not_selected
../data	rebuttal_experiments/qwen4b_k_sweep/logs/launch_20260612_next12h/qwen4b_k8_mxfp8_ppl_gpu4.pid	8	external_original_not_selected
../data	rebuttal_experiments/qwen4b_k_sweep/logs/launch_20260612_next12h/qwen4b_k8_mxfp8_progress.json	486	external_original_not_selected
../data	rebuttal_experiments/qwen4b_k_sweep/ppl/ppl_results_MXFP8_fixed_sum_qwen4b_k32_snr17db_stats_limit300.json	56453	copied_exactly
../data	rebuttal_experiments/qwen4b_k_sweep/ppl/ppl_results_MXFP8_qwen4b_k128_limit300.json	2003	copied_exactly
../data	rebuttal_experiments/qwen4b_k_sweep/ppl/ppl_results_MXFP8_qwen4b_k16_limit300.json	2002	copied_exactly
../data	rebuttal_experiments/qwen4b_k_sweep/ppl/ppl_results_MXFP8_qwen4b_k32_limit300.json	2004	copied_exactly
../data	rebuttal_experiments/qwen4b_k_sweep/ppl/ppl_results_MXFP8_qwen4b_k64_limit300.json	2005	copied_exactly
../data	rebuttal_experiments/qwen4b_k_sweep/ppl/ppl_results_MXFP8_qwen4b_k8_limit300.json	2003	copied_exactly
../data	rebuttal_experiments/watchdog_20260611_12h/supervisor.out	25694	external_original_not_selected
../data	rebuttal_experiments/watchdog_20260611_12h/watchdog.log	25694	external_original_not_selected
../data	rebuttal_experiments/watchdog_20260611_12h/watchdog.pid	8	external_original_not_selected
../data	rebuttal_experiments/watchdog_20260612_next12h/supervisor.out	175836	external_original_not_selected
../data	rebuttal_experiments/watchdog_20260612_next12h/watchdog.log	175836	external_original_not_selected
../data	rebuttal_experiments/watchdog_20260612_next12h/watchdog.pid	8	external_original_not_selected
../data	truncate_in_binary_results/calib-10db/calibration_MXFP4.json	2212150	external_original_not_selected
../data	truncate_in_binary_results/calib-10db/calibration_MXFP6_E2M3.json	2212149	external_original_not_selected
../data	truncate_in_binary_results/calib-10db/calibration_MXFP6_E3M2.json	2212182	external_original_not_selected
../data	truncate_in_binary_results/calib-10db/calibration_MXFP8.json	2212226	external_original_not_selected
../data	truncate_in_binary_results/calib-20db/calibration_MXFP4.json	2231643	external_original_not_selected
../data	truncate_in_binary_results/calib-20db/calibration_MXFP6_E2M3.json	2248545	external_original_not_selected
../data	truncate_in_binary_results/calib-20db/calibration_MXFP6_E3M2.json	2247555	external_original_not_selected
../data	truncate_in_binary_results/calib-20db/calibration_MXFP8.json	2263500	external_original_not_selected
../data	truncate_in_binary_results/calib-30db/calibration_MXFP4.json	2372050	external_original_not_selected
../data	truncate_in_binary_results/calib-30db/calibration_MXFP6_E2M3.json	2405126	external_original_not_selected
../data	truncate_in_binary_results/calib-30db/calibration_MXFP6_E3M2.json	2401378	external_original_not_selected
../data	truncate_in_binary_results/calib-30db/calibration_MXFP8.json	2408367	external_original_not_selected
../data	truncate_in_binary_results/ppl_batch_summary.json	1047	external_original_not_selected
../data	truncate_in_binary_results/ppl_results_MXFP4_MSD_B12.json	1078	external_original_not_selected
../data	truncate_in_binary_results/ppl_results_MXFP4_MSD_B16.json	1078	external_original_not_selected
../data	truncate_in_binary_results/ppl_results_MXFP4_MSD_B20.json	1079	external_original_not_selected
../data	truncate_in_binary_results/ppl_results_MXFP4_MSD_B24.json	1079	external_original_not_selected
../data	truncate_in_binary_results/ppl_results_MXFP4_MSD_B32.json	1079	external_original_not_selected
../data	truncate_in_binary_results/ppl_results_MXFP4_MSD_B8.json	1077	external_original_not_selected
../data	truncate_in_binary_results/ppl_results_MXFP4_MSD_calib.json	617	external_original_not_selected
../data	truncate_in_binary_results/ppl_results_MXFP6_E2M3_MSD_B16.json	1119	external_original_not_selected
../data	truncate_in_binary_results/ppl_results_MXFP6_E3M2_MSD_B16.json	1119	external_original_not_selected
../data	truncate_in_binary_results/ppl_results_MXFP8_MSD_B12.json	1078	external_original_not_selected
../data	truncate_in_binary_results/ppl_results_MXFP8_MSD_B16.json	1078	external_original_not_selected
../data	truncate_in_binary_results/ppl_results_MXFP8_MSD_B20.json	1078	external_original_not_selected
../data	truncate_in_binary_results/ppl_results_MXFP8_MSD_B24.json	1079	external_original_not_selected
../data	truncate_in_binary_results/ppl_results_MXFP8_MSD_B32.json	1079	external_original_not_selected
../data	truncate_in_binary_results/ppl_results_MXFP8_MSD_B8.json	1077	external_original_not_selected
../data	truncate_in_binary_results/ppl_results_MXFP8_MSD_calib.json	617	external_original_not_selected
../data	uniform_budget/ppl_10B.json	30014	copied_exactly
../data	uniform_budget/ppl_10B_cap.json	30045	copied_exactly
../data	uniform_budget/ppl_10B_half.json	30042	copied_exactly
../data	uniform_budget/ppl_10B_time.json	43361	copied_exactly
../data	uniform_budget/ppl_11B.json	29716	copied_exactly
../data	uniform_budget/ppl_11B_cap.json	29734	copied_exactly
../data	uniform_budget/ppl_11B_time.json	43054	copied_exactly
../data	uniform_budget/ppl_12B.json	29507	copied_exactly
../data	uniform_budget/ppl_14B.json	29419	copied_exactly
../data	uniform_budget/ppl_18B.json	29428	copied_exactly
../data	uniform_budget/ppl_20B.json	29424	copied_exactly
../data	uniform_budget/ppl_24B.json	29318	copied_exactly
../data	uniform_budget/ppl_32B.json	29335	copied_exactly
../data	uniform_budget/ppl_4B.json	30105	copied_exactly
../data	uniform_budget/ppl_5B.json	30119	copied_exactly
../data	uniform_budget/ppl_6B.json	30117	copied_exactly
../data	uniform_budget/ppl_6B_cap.json	30158	copied_exactly
../data	uniform_budget/ppl_6B_time.json	43420	copied_exactly
../data	uniform_budget/ppl_7B.json	30088	copied_exactly
../data	uniform_budget/ppl_7B_cap.json	30158	copied_exactly
../data	uniform_budget/ppl_7B_time.json	43469	copied_exactly
../data	uniform_budget/ppl_8B.json	30099	copied_exactly
../data	uniform_budget/ppl_8B_cap.json	30144	copied_exactly
../data	uniform_budget/ppl_8B_half.json	30152	copied_exactly
../data	uniform_budget/ppl_8B_time.json	43449	copied_exactly
../data	uniform_budget/ppl_9B.json	30097	copied_exactly
../data	uniform_budget/ppl_9B_cap.json	30098	copied_exactly
../data	uniform_budget/ppl_9B_cap100.json	30073	copied_exactly
../data	uniform_budget/ppl_9B_half.json	30122	copied_exactly
../data	uniform_budget/ppl_9B_time.json	43423	copied_exactly
../data	wanda_base/1-4/calibration_base_MXFP8.pt	264269037	external_tensor_or_checkpoint
../data	wanda_base/1-4/ppl_batch_base_summary.json	699	copied_exactly
../data	wanda_base/1-4/ppl_results_MXFP8.json	1424	copied_exactly
../data	wanda_base/10-16/calibration_base_MXFP4.pt	264269037	external_tensor_or_checkpoint
../data	wanda_base/10-16/calibration_base_MXFP6_E2M3.pt	264269487	external_tensor_or_checkpoint
../data	wanda_base/10-16/calibration_base_MXFP6_E3M2.pt	264269487	external_tensor_or_checkpoint
../data	wanda_base/10-16/calibration_base_MXFP8.pt	264269037	external_tensor_or_checkpoint
../data	wanda_base/10-16/ppl_batch_base_summary.json	1689	copied_exactly
../data	wanda_base/10-16/ppl_results_MXFP4.json	1313	copied_exactly
../data	wanda_base/10-16/ppl_results_MXFP6_E2M3.json	1345	copied_exactly
../data	wanda_base/10-16/ppl_results_MXFP6_E3M2.json	1346	copied_exactly
../data	wanda_base/10-16/ppl_results_MXFP8.json	1315	copied_exactly
../data	wanda_base/12-16/calibration_base_MXFP8.pt	264269037	external_tensor_or_checkpoint
../data	wanda_base/12-16/ppl_batch_base_summary.json	707	copied_exactly
../data	wanda_base/12-16/ppl_results_MXFP8.json	1472	copied_exactly
../data	wanda_base/12-32/calibration_base_MXFP8.pt	264269037	external_tensor_or_checkpoint
../data	wanda_base/12-32/ppl_batch_base_summary.json	698	copied_exactly
../data	wanda_base/12-32/ppl_results_MXFP8.json	1422	copied_exactly
../data	wanda_base/128-256/calibration_base_MXFP4.pt	264269037	external_tensor_or_checkpoint
../data	wanda_base/128-256/calibration_base_MXFP6_E2M3.pt	264269487	external_tensor_or_checkpoint
../data	wanda_base/128-256/calibration_base_MXFP6_E3M2.pt	264269487	external_tensor_or_checkpoint
../data	wanda_base/128-256/calibration_base_MXFP8.pt	264269037	external_tensor_or_checkpoint
../data	wanda_base/128-256/ppl_batch_base_summary.json	1686	copied_exactly
../data	wanda_base/128-256/ppl_results_MXFP4.json	1313	copied_exactly
../data	wanda_base/128-256/ppl_results_MXFP6_E2M3.json	1343	copied_exactly
../data	wanda_base/128-256/ppl_results_MXFP6_E3M2.json	1346	copied_exactly
../data	wanda_base/128-256/ppl_results_MXFP8.json	1314	copied_exactly
../data	wanda_base/16-32/calibration_base_MXFP4.pt	264269037	external_tensor_or_checkpoint
../data	wanda_base/16-32/calibration_base_MXFP6_E2M3.pt	264269487	external_tensor_or_checkpoint
../data	wanda_base/16-32/calibration_base_MXFP6_E3M2.pt	264269487	external_tensor_or_checkpoint
../data	wanda_base/16-32/calibration_base_MXFP8.pt	264269037	external_tensor_or_checkpoint
../data	wanda_base/16-32/ppl_batch_base_summary.json	1686	copied_exactly
../data	wanda_base/16-32/ppl_results_MXFP4.json	1312	copied_exactly
../data	wanda_base/16-32/ppl_results_MXFP6_E2M3.json	1343	copied_exactly
../data	wanda_base/16-32/ppl_results_MXFP6_E3M2.json	1346	copied_exactly
../data	wanda_base/16-32/ppl_results_MXFP8.json	1313	copied_exactly
../data	wanda_base/2-4/calibration_base_MXFP4.pt	264269037	external_tensor_or_checkpoint
../data	wanda_base/2-4/calibration_base_MXFP6_E2M3.pt	264269487	external_tensor_or_checkpoint
../data	wanda_base/2-4/calibration_base_MXFP6_E3M2.pt	264269487	external_tensor_or_checkpoint
../data	wanda_base/2-4/calibration_base_MXFP8.pt	264269037	external_tensor_or_checkpoint
../data	wanda_base/2-4/calibration_base_MXFP8_nt1024.pt	264269667	external_tensor_or_checkpoint
../data	wanda_base/2-4/calibration_base_MXFP8_nt2048.pt	264269667	external_tensor_or_checkpoint
../data	wanda_base/2-4/calibration_base_MXFP8_nt4096.pt	264269667	external_tensor_or_checkpoint
../data	wanda_base/2-4/calibration_base_MXFP8_nt8192.pt	264269667	external_tensor_or_checkpoint
../data	wanda_base/2-4/calibration_base_MXFP8_qwen8b_final.pt	5435855495	external_tensor_or_checkpoint
../data	wanda_base/2-4/ppl_batch_base_summary.json	1685	copied_exactly
../data	wanda_base/2-4/ppl_batch_base_summary_nt1024.json	725	copied_exactly
../data	wanda_base/2-4/ppl_batch_base_summary_nt2048.json	723	copied_exactly
../data	wanda_base/2-4/ppl_batch_base_summary_nt4096.json	723	copied_exactly
../data	wanda_base/2-4/ppl_batch_base_summary_nt8192.json	724	copied_exactly
../data	wanda_base/2-4/ppl_results_MXFP4.json	1313	copied_exactly
../data	wanda_base/2-4/ppl_results_MXFP6_E2M3.json	1346	copied_exactly
../data	wanda_base/2-4/ppl_results_MXFP6_E3M2.json	1346	copied_exactly
../data	wanda_base/2-4/ppl_results_MXFP8.json	1313	copied_exactly
../data	wanda_base/2-4/ppl_results_MXFP8_nt1024.json	1489	copied_exactly
../data	wanda_base/2-4/ppl_results_MXFP8_nt2048.json	1487	copied_exactly
../data	wanda_base/2-4/ppl_results_MXFP8_nt4096.json	1487	copied_exactly
../data	wanda_base/2-4/ppl_results_MXFP8_nt8192.json	1488	copied_exactly
../data	wanda_base/20-32/calibration_base_MXFP8.pt	264269037	external_tensor_or_checkpoint
../data	wanda_base/20-32/ppl_batch_base_summary.json	699	copied_exactly
../data	wanda_base/20-32/ppl_results_MXFP8.json	1424	copied_exactly
../data	wanda_base/3-4/calibration_base_MXFP8.pt	264269037	external_tensor_or_checkpoint
../data	wanda_base/3-4/ppl_batch_base_summary.json	709	copied_exactly
../data	wanda_base/3-4/ppl_results_MXFP8.json	1435	copied_exactly
../data	wanda_base/3-8/calibration_base_MXFP4.pt	264269037	external_tensor_or_checkpoint
../data	wanda_base/3-8/calibration_base_MXFP6_E2M3.pt	264269487	external_tensor_or_checkpoint
../data	wanda_base/3-8/calibration_base_MXFP6_E3M2.pt	264269487	external_tensor_or_checkpoint
../data	wanda_base/3-8/calibration_base_MXFP8.pt	264269037	external_tensor_or_checkpoint
../data	wanda_base/3-8/ppl_batch_base_summary.json	1684	copied_exactly
../data	wanda_base/3-8/ppl_results_MXFP4.json	1311	copied_exactly
../data	wanda_base/3-8/ppl_results_MXFP6_E2M3.json	1345	copied_exactly
../data	wanda_base/3-8/ppl_results_MXFP6_E3M2.json	1346	copied_exactly
../data	wanda_base/3-8/ppl_results_MXFP8.json	1314	copied_exactly
../data	wanda_base/4-16/calibration_base_MXFP8.pt	264269037	external_tensor_or_checkpoint
../data	wanda_base/4-16/ppl_batch_base_summary.json	699	copied_exactly
../data	wanda_base/4-16/ppl_results_MXFP8.json	1463	copied_exactly
../data	wanda_base/4-8/calibration_base_MXFP4.pt	264269037	external_tensor_or_checkpoint
../data	wanda_base/4-8/calibration_base_MXFP6_E2M3.pt	264269487	external_tensor_or_checkpoint
../data	wanda_base/4-8/calibration_base_MXFP6_E3M2.pt	264269487	external_tensor_or_checkpoint
../data	wanda_base/4-8/calibration_base_MXFP8.pt	264269037	external_tensor_or_checkpoint
../data	wanda_base/4-8/ppl_batch_base_summary.json	1684	copied_exactly
../data	wanda_base/4-8/ppl_results_MXFP4.json	1312	copied_exactly
../data	wanda_base/4-8/ppl_results_MXFP6_E2M3.json	1346	copied_exactly
../data	wanda_base/4-8/ppl_results_MXFP6_E3M2.json	1345	copied_exactly
../data	wanda_base/4-8/ppl_results_MXFP8.json	1314	copied_exactly
../data	wanda_base/5-8/calibration_base_MXFP4.pt	264269037	external_tensor_or_checkpoint
../data	wanda_base/5-8/calibration_base_MXFP6_E2M3.pt	264269487	external_tensor_or_checkpoint
../data	wanda_base/5-8/calibration_base_MXFP6_E3M2.pt	264269487	external_tensor_or_checkpoint
../data	wanda_base/5-8/calibration_base_MXFP8.pt	264269037	external_tensor_or_checkpoint
../data	wanda_base/5-8/ppl_batch_base_summary.json	1695	copied_exactly
../data	wanda_base/5-8/ppl_results_MXFP4.json	1315	copied_exactly
../data	wanda_base/5-8/ppl_results_MXFP6_E2M3.json	1347	copied_exactly
../data	wanda_base/5-8/ppl_results_MXFP6_E3M2.json	1346	copied_exactly
../data	wanda_base/5-8/ppl_results_MXFP8.json	1317	copied_exactly
../data	wanda_base/512-1024/calibration_base_MXFP4.pt	264269037	external_tensor_or_checkpoint
../data	wanda_base/512-1024/calibration_base_MXFP6_E2M3.pt	264269487	external_tensor_or_checkpoint
../data	wanda_base/512-1024/calibration_base_MXFP6_E3M2.pt	264269487	external_tensor_or_checkpoint
../data	wanda_base/512-1024/calibration_base_MXFP8.pt	264269037	external_tensor_or_checkpoint
../data	wanda_base/512-1024/ppl_batch_base_summary.json	1685	copied_exactly
../data	wanda_base/512-1024/ppl_results_MXFP4.json	1313	copied_exactly
../data	wanda_base/512-1024/ppl_results_MXFP6_E2M3.json	1346	copied_exactly
../data	wanda_base/512-1024/ppl_results_MXFP6_E3M2.json	1344	copied_exactly
../data	wanda_base/512-1024/ppl_results_MXFP8.json	1313	copied_exactly
../data	wanda_base/6-16/calibration_base_MXFP4.pt	264269037	external_tensor_or_checkpoint
../data	wanda_base/6-16/calibration_base_MXFP6_E2M3.pt	264269487	external_tensor_or_checkpoint
../data	wanda_base/6-16/calibration_base_MXFP6_E3M2.pt	264269487	external_tensor_or_checkpoint
../data	wanda_base/6-16/calibration_base_MXFP8.pt	264269037	external_tensor_or_checkpoint
../data	wanda_base/6-16/ppl_batch_base_summary.json	699	copied_exactly
../data	wanda_base/6-16/ppl_results_MXFP4.json	1311	copied_exactly
../data	wanda_base/6-16/ppl_results_MXFP6_E2M3.json	1344	copied_exactly
../data	wanda_base/6-16/ppl_results_MXFP6_E3M2.json	1344	copied_exactly
../data	wanda_base/6-16/ppl_results_MXFP8.json	1424	copied_exactly
../data	wanda_base/8-16/calibration_base_MXFP4.pt	264269037	external_tensor_or_checkpoint
../data	wanda_base/8-16/calibration_base_MXFP6_E2M3.pt	264269487	external_tensor_or_checkpoint
../data	wanda_base/8-16/calibration_base_MXFP6_E3M2.pt	264269487	external_tensor_or_checkpoint
../data	wanda_base/8-16/calibration_base_MXFP8.pt	264269037	external_tensor_or_checkpoint
../data	wanda_base/8-16/ppl_batch_base_summary.json	1684	copied_exactly
../data	wanda_base/8-16/ppl_results_MXFP4.json	1312	copied_exactly
../data	wanda_base/8-16/ppl_results_MXFP6_E2M3.json	1346	copied_exactly
../data	wanda_base/8-16/ppl_results_MXFP6_E3M2.json	1344	copied_exactly
../data	wanda_base/8-16/ppl_results_MXFP8.json	1311	copied_exactly
../sup	1.7Bbasaeline_test.json	1362	external_original_not_selected
../sup	4Bbasaeline_test.json	1361	external_original_not_selected
../sup	8Bbasaeline_mxfp8_test.json	1359	external_original_not_selected
../sup	8Bbasaeline_test.json	1359	external_original_not_selected
../6b	atob_seed0_capscan_v1/preflight_capscan_results.json	3522	external_original_not_selected
../6b	atob_seed0_capscan_v2/cap2x/logs/AtoB_p100_seed0_calibrate.log	90298	external_original_not_selected
../6b	atob_seed0_capscan_v2/cap2x/manifests/cal_A_p100_seed0.json	23723	external_original_not_selected
../6b	atob_seed0_capscan_v2/cap2x/manifests/cal_A_p10_seed0.json	1849	external_original_not_selected
../6b	atob_seed0_capscan_v2/cap2x/manifests/cal_A_p15_seed0.json	3937	external_original_not_selected
../6b	atob_seed0_capscan_v2/cap2x/manifests/cal_A_p20_seed0.json	5039	external_original_not_selected
../6b	atob_seed0_capscan_v2/cap2x/manifests/cal_A_p25_seed0.json	6552	external_original_not_selected
../6b	atob_seed0_capscan_v2/cap2x/manifests/cal_A_p30_seed0.json	8044	external_original_not_selected
../6b	atob_seed0_capscan_v2/cap2x/manifests/cal_A_p35_seed0.json	9238	external_original_not_selected
../6b	atob_seed0_capscan_v2/cap2x/manifests/cal_A_p40_seed0.json	10218	external_original_not_selected
../6b	atob_seed0_capscan_v2/cap2x/manifests/cal_A_p50_seed0.json	13968	external_original_not_selected
../6b	atob_seed0_capscan_v2/cap2x/manifests/cal_A_p60_seed0.json	15663	external_original_not_selected
../6b	atob_seed0_capscan_v2/cap2x/manifests/cal_A_p70_seed0.json	18003	external_original_not_selected
../6b	atob_seed0_capscan_v2/cap2x/manifests/cal_A_p80_seed0.json	19099	external_original_not_selected
../6b	atob_seed0_capscan_v2/cap2x/manifests/cal_A_p90_seed0.json	21290	external_original_not_selected
../6b	atob_seed0_capscan_v2/cap2x/manifests/eval_A.json	534702	external_original_not_selected
../6b	atob_seed0_capscan_v2/cap2x/manifests/eval_B.json	596991	external_original_not_selected
../6b	atob_seed0_capscan_v2/cap2x/run_matrix.json	8891	external_original_not_selected
../6b	atob_seed0_capscan_v2/cap2x/split_metadata.json	7187	external_original_not_selected
../6b	atob_seed0_capscan_v2/cap2x_full/calibrations/calibration_MXFP8_fixed_sum_AtoB_p100_seed0.json	3601614	external_original_not_selected
../6b	atob_seed0_capscan_v2/cap2x_full/calibrations/calibration_MXFP8_fixed_sum_AtoB_p10_seed0.json	3601843	external_original_not_selected
../6b	atob_seed0_capscan_v2/cap2x_full/calibrations/calibration_MXFP8_fixed_sum_AtoB_p15_seed0.json	3601607	external_original_not_selected
../6b	atob_seed0_capscan_v2/cap2x_full/calibrations/calibration_MXFP8_fixed_sum_AtoB_p20_seed0.json	3601705	external_original_not_selected
../6b	atob_seed0_capscan_v2/cap2x_full/calibrations/calibration_MXFP8_fixed_sum_AtoB_p25_seed0.json	3601516	external_original_not_selected
../6b	atob_seed0_capscan_v2/cap2x_full/calibrations/calibration_MXFP8_fixed_sum_AtoB_p30_seed0.json	3597368	external_original_not_selected
../6b	atob_seed0_capscan_v2/cap2x_full/calibrations/calibration_MXFP8_fixed_sum_AtoB_p35_seed0.json	3601388	external_original_not_selected
../6b	atob_seed0_capscan_v2/cap2x_full/calibrations/calibration_MXFP8_fixed_sum_AtoB_p40_seed0.json	3601787	external_original_not_selected
../6b	atob_seed0_capscan_v2/cap2x_full/calibrations/calibration_MXFP8_fixed_sum_AtoB_p50_seed0.json	3601791	external_original_not_selected
../6b	atob_seed0_capscan_v2/cap2x_full/calibrations/calibration_MXFP8_fixed_sum_AtoB_p60_seed0.json	3601567	external_original_not_selected
../6b	atob_seed0_capscan_v2/cap2x_full/calibrations/calibration_MXFP8_fixed_sum_AtoB_p70_seed0.json	3601993	external_original_not_selected
../6b	atob_seed0_capscan_v2/cap2x_full/calibrations/calibration_MXFP8_fixed_sum_AtoB_p80_seed0.json	3601831	external_original_not_selected
../6b	atob_seed0_capscan_v2/cap2x_full/calibrations/calibration_MXFP8_fixed_sum_AtoB_p90_seed0.json	3601734	external_original_not_selected
../6b	atob_seed0_capscan_v2/cap2x_full/evals/ppl_AtoB_p100_seed0.json	30463	external_original_not_selected
../6b	atob_seed0_capscan_v2/cap2x_full/evals/ppl_AtoB_p10_seed0.json	30484	external_original_not_selected
../6b	atob_seed0_capscan_v2/cap2x_full/evals/ppl_AtoB_p15_seed0.json	30479	external_original_not_selected
../6b	atob_seed0_capscan_v2/cap2x_full/evals/ppl_AtoB_p20_seed0.json	30478	external_original_not_selected
../6b	atob_seed0_capscan_v2/cap2x_full/evals/ppl_AtoB_p25_seed0.json	30483	external_original_not_selected
../6b	atob_seed0_capscan_v2/cap2x_full/evals/ppl_AtoB_p30_seed0.json	30493	external_original_not_selected
../6b	atob_seed0_capscan_v2/cap2x_full/evals/ppl_AtoB_p35_seed0.json	30459	external_original_not_selected
../6b	atob_seed0_capscan_v2/cap2x_full/evals/ppl_AtoB_p40_seed0.json	30463	external_original_not_selected
../6b	atob_seed0_capscan_v2/cap2x_full/evals/ppl_AtoB_p50_seed0.json	30474	external_original_not_selected
../6b	atob_seed0_capscan_v2/cap2x_full/evals/ppl_AtoB_p60_seed0.json	30484	external_original_not_selected
../6b	atob_seed0_capscan_v2/cap2x_full/evals/ppl_AtoB_p70_seed0.json	30482	external_original_not_selected
../6b	atob_seed0_capscan_v2/cap2x_full/evals/ppl_AtoB_p80_seed0.json	30488	external_original_not_selected
../6b	atob_seed0_capscan_v2/cap2x_full/evals/ppl_AtoB_p90_seed0.json	30468	external_original_not_selected
../6b	atob_seed0_capscan_v2/cap2x_full/evals/ppl_dense_B.json	1484	external_original_not_selected
../6b	atob_seed0_capscan_v2/cap2x_full/evals-test/ppl_AtoB_p100_seed0.json	30350	copied_exactly
../6b	atob_seed0_capscan_v2/cap2x_full/evals-test/ppl_AtoB_p10_seed0.json	30350	copied_exactly
../6b	atob_seed0_capscan_v2/cap2x_full/evals-test/ppl_AtoB_p15_seed0.json	30348	copied_exactly
../6b	atob_seed0_capscan_v2/cap2x_full/evals-test/ppl_AtoB_p20_seed0.json	30352	copied_exactly
../6b	atob_seed0_capscan_v2/cap2x_full/evals-test/ppl_AtoB_p25_seed0.json	30350	copied_exactly
../6b	atob_seed0_capscan_v2/cap2x_full/evals-test/ppl_AtoB_p30_seed0.json	30346	copied_exactly
../6b	atob_seed0_capscan_v2/cap2x_full/evals-test/ppl_AtoB_p35_seed0.json	30336	copied_exactly
../6b	atob_seed0_capscan_v2/cap2x_full/evals-test/ppl_AtoB_p40_seed0.json	30367	copied_exactly
../6b	atob_seed0_capscan_v2/cap2x_full/evals-test/ppl_AtoB_p50_seed0.json	30351	copied_exactly
../6b	atob_seed0_capscan_v2/cap2x_full/evals-test/ppl_AtoB_p60_seed0.json	30333	copied_exactly
../6b	atob_seed0_capscan_v2/cap2x_full/evals-test/ppl_AtoB_p70_seed0.json	30356	copied_exactly
../6b	atob_seed0_capscan_v2/cap2x_full/evals-test/ppl_AtoB_p80_seed0.json	30349	copied_exactly
../6b	atob_seed0_capscan_v2/cap2x_full/evals-test/ppl_AtoB_p90_seed0.json	30357	copied_exactly
../6b	atob_seed0_capscan_v2/cap2x_full/evals-test/ppl_dense_B.json	1356	copied_exactly
../6b	atob_seed0_capscan_v2/cap2x_full/figure6b_atob_seed0_sweep_results.csv	4568	external_original_not_selected
../6b	atob_seed0_capscan_v2/cap2x_full/figure6b_atob_seed0_sweep_results.json	10109	external_original_not_selected
../6b	atob_seed0_capscan_v2/cap2x_full/figure6b_tokens_vs_ppl_processed.csv	4568	external_original_not_selected
../6b	atob_seed0_capscan_v2/cap2x_full/logs/AtoB_p100_seed0_calibrate.log	99119	external_original_not_selected
../6b	atob_seed0_capscan_v2/cap2x_full/logs/AtoB_p100_seed0_eval.log	85811	external_original_not_selected
../6b	atob_seed0_capscan_v2/cap2x_full/logs/AtoB_p10_seed0_calibrate.log	97988	external_original_not_selected
../6b	atob_seed0_capscan_v2/cap2x_full/logs/AtoB_p10_seed0_eval.log	85943	external_original_not_selected
../6b	atob_seed0_capscan_v2/cap2x_full/logs/AtoB_p15_seed0_calibrate.log	98085	external_original_not_selected
../6b	atob_seed0_capscan_v2/cap2x_full/logs/AtoB_p15_seed0_eval.log	85945	external_original_not_selected
../6b	atob_seed0_capscan_v2/cap2x_full/logs/AtoB_p20_seed0_calibrate.log	98081	external_original_not_selected
../6b	atob_seed0_capscan_v2/cap2x_full/logs/AtoB_p20_seed0_eval.log	85809	external_original_not_selected
../6b	atob_seed0_capscan_v2/cap2x_full/logs/AtoB_p25_seed0_calibrate.log	98172	external_original_not_selected
../6b	atob_seed0_capscan_v2/cap2x_full/logs/AtoB_p25_seed0_eval.log	85807	external_original_not_selected
../6b	atob_seed0_capscan_v2/cap2x_full/logs/AtoB_p30_seed0_calibrate.log	98237	external_original_not_selected
../6b	atob_seed0_capscan_v2/cap2x_full/logs/AtoB_p30_seed0_eval.log	85807	external_original_not_selected
../6b	atob_seed0_capscan_v2/cap2x_full/logs/AtoB_p35_seed0_calibrate.log	98409	external_original_not_selected
../6b	atob_seed0_capscan_v2/cap2x_full/logs/AtoB_p35_seed0_eval.log	85807	external_original_not_selected
../6b	atob_seed0_capscan_v2/cap2x_full/logs/AtoB_p40_seed0_calibrate.log	98519	external_original_not_selected
../6b	atob_seed0_capscan_v2/cap2x_full/logs/AtoB_p40_seed0_eval.log	85802	external_original_not_selected
../6b	atob_seed0_capscan_v2/cap2x_full/logs/AtoB_p50_seed0_calibrate.log	98516	external_original_not_selected
../6b	atob_seed0_capscan_v2/cap2x_full/logs/AtoB_p50_seed0_eval.log	85809	external_original_not_selected
../6b	atob_seed0_capscan_v2/cap2x_full/logs/AtoB_p60_seed0_calibrate.log	98672	external_original_not_selected
../6b	atob_seed0_capscan_v2/cap2x_full/logs/AtoB_p60_seed0_eval.log	85806	external_original_not_selected
../6b	atob_seed0_capscan_v2/cap2x_full/logs/AtoB_p70_seed0_calibrate.log	98809	external_original_not_selected
../6b	atob_seed0_capscan_v2/cap2x_full/logs/AtoB_p70_seed0_eval.log	85809	external_original_not_selected
../6b	atob_seed0_capscan_v2/cap2x_full/logs/AtoB_p80_seed0_calibrate.log	98844	external_original_not_selected
../6b	atob_seed0_capscan_v2/cap2x_full/logs/AtoB_p80_seed0_eval.log	85782	external_original_not_selected
../6b	atob_seed0_capscan_v2/cap2x_full/logs/AtoB_p90_seed0_calibrate.log	99021	external_original_not_selected
../6b	atob_seed0_capscan_v2/cap2x_full/logs/AtoB_p90_seed0_eval.log	85948	external_original_not_selected
../6b	atob_seed0_capscan_v2/cap2x_full/logs/dense_B.log	77492	external_original_not_selected
../6b	atob_seed0_capscan_v2/cap2x_full/manifests/cal_A_p100_seed0.json	23723	external_original_not_selected
../6b	atob_seed0_capscan_v2/cap2x_full/manifests/cal_A_p10_seed0.json	1849	external_original_not_selected
../6b	atob_seed0_capscan_v2/cap2x_full/manifests/cal_A_p15_seed0.json	3937	external_original_not_selected
../6b	atob_seed0_capscan_v2/cap2x_full/manifests/cal_A_p20_seed0.json	5039	external_original_not_selected
../6b	atob_seed0_capscan_v2/cap2x_full/manifests/cal_A_p25_seed0.json	6552	external_original_not_selected
../6b	atob_seed0_capscan_v2/cap2x_full/manifests/cal_A_p30_seed0.json	8044	external_original_not_selected
../6b	atob_seed0_capscan_v2/cap2x_full/manifests/cal_A_p35_seed0.json	9238	external_original_not_selected
../6b	atob_seed0_capscan_v2/cap2x_full/manifests/cal_A_p40_seed0.json	10218	external_original_not_selected
../6b	atob_seed0_capscan_v2/cap2x_full/manifests/cal_A_p50_seed0.json	13968	external_original_not_selected
../6b	atob_seed0_capscan_v2/cap2x_full/manifests/cal_A_p60_seed0.json	15663	external_original_not_selected
../6b	atob_seed0_capscan_v2/cap2x_full/manifests/cal_A_p70_seed0.json	18003	external_original_not_selected
../6b	atob_seed0_capscan_v2/cap2x_full/manifests/cal_A_p80_seed0.json	19099	external_original_not_selected
../6b	atob_seed0_capscan_v2/cap2x_full/manifests/cal_A_p90_seed0.json	21290	external_original_not_selected
../6b	atob_seed0_capscan_v2/cap2x_full/manifests/eval_A.json	534702	external_original_not_selected
../6b	atob_seed0_capscan_v2/cap2x_full/manifests/eval_B.json	596991	external_original_not_selected
../6b	atob_seed0_capscan_v2/cap2x_full/run_matrix.json	9319	external_original_not_selected
../6b	atob_seed0_capscan_v2/cap2x_full/split_metadata.json	7262	external_original_not_selected
../6b	atob_seed0_capscan_v2/cap4x/logs/AtoB_p100_seed0_calibrate.log	92493	external_original_not_selected
../6b	atob_seed0_capscan_v2/cap4x/manifests/cal_A_p100_seed0.json	51607	external_original_not_selected
../6b	atob_seed0_capscan_v2/cap4x/manifests/cal_A_p10_seed0.json	6009	external_original_not_selected
../6b	atob_seed0_capscan_v2/cap4x/manifests/cal_A_p15_seed0.json	8842	external_original_not_selected
../6b	atob_seed0_capscan_v2/cap4x/manifests/cal_A_p20_seed0.json	11381	external_original_not_selected
../6b	atob_seed0_capscan_v2/cap4x/manifests/cal_A_p25_seed0.json	14482	external_original_not_selected
../6b	atob_seed0_capscan_v2/cap4x/manifests/cal_A_p30_seed0.json	17923	external_original_not_selected
../6b	atob_seed0_capscan_v2/cap4x/manifests/cal_A_p35_seed0.json	18998	external_original_not_selected
../6b	atob_seed0_capscan_v2/cap4x/manifests/cal_A_p40_seed0.json	22630	external_original_not_selected
../6b	atob_seed0_capscan_v2/cap4x/manifests/cal_A_p50_seed0.json	28656	external_original_not_selected
../6b	atob_seed0_capscan_v2/cap4x/manifests/cal_A_p60_seed0.json	33253	external_original_not_selected
../6b	atob_seed0_capscan_v2/cap4x/manifests/cal_A_p70_seed0.json	36776	external_original_not_selected
../6b	atob_seed0_capscan_v2/cap4x/manifests/cal_A_p80_seed0.json	40567	external_original_not_selected
../6b	atob_seed0_capscan_v2/cap4x/manifests/cal_A_p90_seed0.json	45556	external_original_not_selected
../6b	atob_seed0_capscan_v2/cap4x/manifests/eval_A.json	534702	external_original_not_selected
../6b	atob_seed0_capscan_v2/cap4x/manifests/eval_B.json	596991	external_original_not_selected
../6b	atob_seed0_capscan_v2/cap4x/run_matrix.json	8895	external_original_not_selected
../6b	atob_seed0_capscan_v2/cap4x/split_metadata.json	10439	external_original_not_selected
../6b	atob_seed0_capscan_v2/cap8x/logs/AtoB_p100_seed0_calibrate.log	93971	external_original_not_selected
../6b	atob_seed0_capscan_v2/cap8x/manifests/cal_A_p100_seed0.json	94714	external_original_not_selected
../6b	atob_seed0_capscan_v2/cap8x/manifests/cal_A_p10_seed0.json	9860	external_original_not_selected
../6b	atob_seed0_capscan_v2/cap8x/manifests/cal_A_p15_seed0.json	15070	external_original_not_selected
../6b	atob_seed0_capscan_v2/cap8x/manifests/cal_A_p20_seed0.json	22125	external_original_not_selected
../6b	atob_seed0_capscan_v2/cap8x/manifests/cal_A_p25_seed0.json	25240	external_original_not_selected
../6b	atob_seed0_capscan_v2/cap8x/manifests/cal_A_p30_seed0.json	30624	external_original_not_selected
../6b	atob_seed0_capscan_v2/cap8x/manifests/cal_A_p35_seed0.json	35435	external_original_not_selected
../6b	atob_seed0_capscan_v2/cap8x/manifests/cal_A_p40_seed0.json	40326	external_original_not_selected
../6b	atob_seed0_capscan_v2/cap8x/manifests/cal_A_p50_seed0.json	49888	external_original_not_selected
../6b	atob_seed0_capscan_v2/cap8x/manifests/cal_A_p60_seed0.json	60011	external_original_not_selected
../6b	atob_seed0_capscan_v2/cap8x/manifests/cal_A_p70_seed0.json	69996	external_original_not_selected
../6b	atob_seed0_capscan_v2/cap8x/manifests/cal_A_p80_seed0.json	76578	external_original_not_selected
../6b	atob_seed0_capscan_v2/cap8x/manifests/cal_A_p90_seed0.json	85448	external_original_not_selected
../6b	atob_seed0_capscan_v2/cap8x/manifests/eval_A.json	534702	external_original_not_selected
../6b	atob_seed0_capscan_v2/cap8x/manifests/eval_B.json	596991	external_original_not_selected
../6b	atob_seed0_capscan_v2/cap8x/run_matrix.json	8899	external_original_not_selected
../6b	atob_seed0_capscan_v2/cap8x/split_metadata.json	16948	external_original_not_selected
../6b	atob_seed0_capscan_v2/driver_logs/probe_cap2x.log	1474	external_original_not_selected
../6b	atob_seed0_capscan_v2/driver_logs/probe_cap4x.log	1790	external_original_not_selected
../6b	atob_seed0_capscan_v2/driver_logs/probe_cap8x.log	1791	external_original_not_selected
../6b	atob_seed0_capscan_v2/preflight_capscan_manual_results.json	1240	external_original_not_selected
../6b	atob_seed0_sweep/logs/AtoB_p100_seed0_calibrate.log	82873	external_original_not_selected
../6b	atob_seed0_sweep/manifests/cal_A_p100_seed0.json	534702	external_original_not_selected
../6b	atob_seed0_sweep/manifests/cal_A_p10_seed0.json	56657	external_original_not_selected
../6b	atob_seed0_sweep/manifests/cal_A_p15_seed0.json	81321	external_original_not_selected
../6b	atob_seed0_sweep/manifests/cal_A_p20_seed0.json	105656	external_original_not_selected
../6b	atob_seed0_sweep/manifests/cal_A_p25_seed0.json	136337	external_original_not_selected
../6b	atob_seed0_sweep/manifests/cal_A_p30_seed0.json	162776	external_original_not_selected
../6b	atob_seed0_sweep/manifests/cal_A_p35_seed0.json	189369	external_original_not_selected
../6b	atob_seed0_sweep/manifests/cal_A_p40_seed0.json	213566	external_original_not_selected
../6b	atob_seed0_sweep/manifests/cal_A_p50_seed0.json	266061	external_original_not_selected
../6b	atob_seed0_sweep/manifests/cal_A_p60_seed0.json	316525	external_original_not_selected
../6b	atob_seed0_sweep/manifests/cal_A_p70_seed0.json	371096	external_original_not_selected
../6b	atob_seed0_sweep/manifests/cal_A_p80_seed0.json	422723	external_original_not_selected
../6b	atob_seed0_sweep/manifests/cal_A_p90_seed0.json	480086	external_original_not_selected
../6b	atob_seed0_sweep/manifests/eval_A.json	534702	external_original_not_selected
../6b	atob_seed0_sweep/manifests/eval_B.json	596991	external_original_not_selected
../6b	atob_seed0_sweep/run_matrix.json	8495	external_original_not_selected
../6b	atob_seed0_sweep/split_metadata.json	73098	external_original_not_selected
../6b	atob_seed0_sweep_v2/logs/AtoB_p100_seed0_calibrate.log	75863	external_original_not_selected
../6b	atob_seed0_sweep_v2/manifests/cal_A_p100_seed0.json	7389	external_original_not_selected
../6b	atob_seed0_sweep_v2/manifests/cal_A_p10_seed0.json	593	external_original_not_selected
../6b	atob_seed0_sweep_v2/manifests/cal_A_p15_seed0.json	1182	external_original_not_selected
../6b	atob_seed0_sweep_v2/manifests/cal_A_p20_seed0.json	1712	external_original_not_selected
../6b	atob_seed0_sweep_v2/manifests/cal_A_p25_seed0.json	1933	external_original_not_selected
../6b	atob_seed0_sweep_v2/manifests/cal_A_p30_seed0.json	2068	external_original_not_selected
../6b	atob_seed0_sweep_v2/manifests/cal_A_p35_seed0.json	2177	external_original_not_selected
../6b	atob_seed0_sweep_v2/manifests/cal_A_p40_seed0.json	2493	external_original_not_selected
../6b	atob_seed0_sweep_v2/manifests/cal_A_p50_seed0.json	2738	external_original_not_selected
../6b	atob_seed0_sweep_v2/manifests/cal_A_p60_seed0.json	3740	external_original_not_selected
../6b	atob_seed0_sweep_v2/manifests/cal_A_p70_seed0.json	4720	external_original_not_selected
../6b	atob_seed0_sweep_v2/manifests/cal_A_p80_seed0.json	6033	external_original_not_selected
../6b	atob_seed0_sweep_v2/manifests/cal_A_p90_seed0.json	6494	external_original_not_selected
../6b	atob_seed0_sweep_v2/manifests/eval_A.json	534702	external_original_not_selected
../6b	atob_seed0_sweep_v2/manifests/eval_B.json	596991	external_original_not_selected
../6b	atob_seed0_sweep_v2/run_matrix.json	8452	external_original_not_selected
../6b	atob_seed0_sweep_v2/split_metadata.json	5555	external_original_not_selected
../6b	calibrations/calibration_MXFP8_fixed_sum_AtoB_large_seed0.json	3601924	external_original_not_selected
../6b	calibrations/calibration_MXFP8_fixed_sum_AtoB_medium_seed0.json	3602218	external_original_not_selected
../6b	calibrations/calibration_MXFP8_fixed_sum_AtoB_small_seed0.json	3602005	external_original_not_selected
../6b	calibrations/calibration_MXFP8_fixed_sum_AtoB_small_seed1.json	3602167	external_original_not_selected
../6b	calibrations/calibration_MXFP8_fixed_sum_BtoA_large_seed0.json	3603679	external_original_not_selected
../6b	calibrations/calibration_MXFP8_fixed_sum_BtoA_medium_seed0.json	3601199	external_original_not_selected
../6b	calibrations/calibration_MXFP8_fixed_sum_BtoA_small_seed0.json	3604224	external_original_not_selected
../6b	calibrations/calibration_MXFP8_fixed_sum_BtoA_small_seed1.json	3601188	external_original_not_selected
../6b	command.md	2628	external_original_not_selected
../6b	evals/ppl_AtoB_large_seed0.json	30359	external_original_not_selected
../6b	evals/ppl_AtoB_large_seed0_cap100.json	30327	external_original_not_selected
../6b	evals/ppl_AtoB_medium_seed0.json	30343	external_original_not_selected
../6b	evals/ppl_AtoB_medium_seed0_cap100.json	30322	external_original_not_selected
../6b	evals/ppl_AtoB_small_seed0.json	30333	external_original_not_selected
../6b	evals/ppl_AtoB_small_seed0_cap100.json	30324	external_original_not_selected
../6b	evals/ppl_dense_A.json	1380	external_original_not_selected
../6b	evals/ppl_dense_A_probe.json	1380	external_original_not_selected
../6b	evals/ppl_dense_B.json	1379	external_original_not_selected
../6b	figure6b_results.csv	247	external_original_not_selected
../6b	figure6b_results.json	343	external_original_not_selected
../6b	logs/AtoB_large_seed0_calibrate.log	81956	external_original_not_selected
../6b	logs/AtoB_large_seed0_eval.log	79683	external_original_not_selected
../6b	logs/AtoB_medium_seed0_calibrate.log	81711	external_original_not_selected
../6b	logs/AtoB_medium_seed0_eval.log	80155	external_original_not_selected
../6b	logs/AtoB_small_seed0_calibrate.log	81619	external_original_not_selected
../6b	logs/AtoB_small_seed0_eval.log	80190	external_original_not_selected
../6b	logs/AtoB_small_seed1_calibrate.log	81635	external_original_not_selected
../6b	logs/AtoB_small_seed1_eval.log	80374	external_original_not_selected
../6b	logs/BtoA_large_seed0_calibrate.log	82148	external_original_not_selected
../6b	logs/BtoA_large_seed0_eval.log	78470	external_original_not_selected
../6b	logs/BtoA_medium_seed0_calibrate.log	81719	external_original_not_selected
../6b	logs/BtoA_medium_seed0_eval.log	79431	external_original_not_selected
../6b	logs/BtoA_small_seed0_calibrate.log	81639	external_original_not_selected
../6b	logs/BtoA_small_seed0_eval.log	76374	external_original_not_selected
../6b	logs/BtoA_small_seed1_calibrate.log	81639	external_original_not_selected
../6b	logs/BtoA_small_seed1_eval.log	79754	external_original_not_selected
../6b	logs/dense_A.log	89213	external_original_not_selected
../6b	logs/dense_B.log	90607	external_original_not_selected
../6b	manifests/cal_A_large_seed0.json	7389	external_original_not_selected
../6b	manifests/cal_A_medium_seed0.json	2493	external_original_not_selected
../6b	manifests/cal_A_small_seed0.json	1712	external_original_not_selected
../6b	manifests/cal_A_small_seed1.json	1682	external_original_not_selected
../6b	manifests/cal_B_large_seed0.json	16835	external_original_not_selected
../6b	manifests/cal_B_medium_seed0.json	6649	external_original_not_selected
../6b	manifests/cal_B_small_seed0.json	3801	external_original_not_selected
../6b	manifests/cal_B_small_seed1.json	3543	external_original_not_selected
../6b	manifests/eval_A.json	534702	external_original_not_selected
../6b	manifests/eval_B.json	596991	external_original_not_selected
../6b	manifests/wikitext_train_full.json	11062003	external_original_not_selected
../6b	metric_mapping.md	551	external_original_not_selected
../6b	preflight_oom_estimate.json	2340	external_original_not_selected
../6b	run_matrix.json	5787	external_original_not_selected
../6b	split_metadata.json	27610	external_original_not_selected
../6c	calibrations/calibration_MXFP8_fig6c_uniform.json	2230076	external_original_not_selected
../6c	calibrations/calibration_MXFP8_fig6c_weight_only.json	2274134	external_original_not_selected
../6c	evals/ppl_fig6c_dense_evalB.json	1379	copied_exactly
../6c	evals/ppl_fig6c_uniform.json	30330	copied_exactly
../6c	evals/ppl_fig6c_uniform_cap100.json	30317	copied_exactly
../6c	evals/ppl_fig6c_weight_only.json	30337	copied_exactly
../6c	evals/ppl_fig6c_weight_only_cap.json	30313	copied_exactly
../6c	execution_plan.json	920	copied_exactly
../6c	freeze_targets.json	8195	copied_exactly
../6c	reuse_decisions.json	254	copied_exactly
../6c	run_context.json	1206	copied_exactly
