source_root	source_path	snapshot_path	category	scope	model	dataset	max_length	stride	limit_samples	text_manifest	token_perplexity	scored_tokens	num_chunks	stats_mode	mean_effective_precision	executed_digit_ratio	use_mxfp8	mxfp8_block_size	use_msd_truncation	sha256
../6b	atob_seed0_capscan_v2/cap2x_full/evals-test/ppl_AtoB_p100_seed0.json	snapshots/6b/atob_seed0_capscan_v2/cap2x_full/evals-test/ppl_AtoB_p100_seed0.json	historical_figure6b_source	historical_scope_requires_review	../Qwen3-0.6B	wikitext/wikitext-2-raw-v1/test	4096	512			18.6162	22336	37		1.2671	0.4223666666666666	True	32	True	dccd665d5ab33a66a008b530547ad4f515a900bff516534cf1f9cb92cb604a86
../6b	atob_seed0_capscan_v2/cap2x_full/evals-test/ppl_AtoB_p10_seed0.json	snapshots/6b/atob_seed0_capscan_v2/cap2x_full/evals-test/ppl_AtoB_p10_seed0.json	historical_figure6b_source	historical_scope_requires_review	../Qwen3-0.6B	wikitext/wikitext-2-raw-v1/test	4096	512			18.7255	22336	37		1.2595	0.41983333333333334	True	32	True	8ff33bdc3f6c2f3a1acc12c4507002576eaba0a1b2c52c2e803a9355269beb26
../6b	atob_seed0_capscan_v2/cap2x_full/evals-test/ppl_AtoB_p15_seed0.json	snapshots/6b/atob_seed0_capscan_v2/cap2x_full/evals-test/ppl_AtoB_p15_seed0.json	historical_figure6b_source	historical_scope_requires_review	../Qwen3-0.6B	wikitext/wikitext-2-raw-v1/test	4096	512			18.331	22336	37		1.2784	0.4261333333333333	True	32	True	84af8630f0bc1bbed8f7d9c26ee7c1aca5d99bac13db0c2309765f05d02bb3e2
../6b	atob_seed0_capscan_v2/cap2x_full/evals-test/ppl_AtoB_p20_seed0.json	snapshots/6b/atob_seed0_capscan_v2/cap2x_full/evals-test/ppl_AtoB_p20_seed0.json	historical_figure6b_source	historical_scope_requires_review	../Qwen3-0.6B	wikitext/wikitext-2-raw-v1/test	4096	512			18.5167	22336	37		1.2499	0.41663333333333336	True	32	True	4afd8986ac9be5385d05bb2ef14e5991e1566f7676ed2816e2ff25dc220f130f
../6b	atob_seed0_capscan_v2/cap2x_full/evals-test/ppl_AtoB_p25_seed0.json	snapshots/6b/atob_seed0_capscan_v2/cap2x_full/evals-test/ppl_AtoB_p25_seed0.json	historical_figure6b_source	historical_scope_requires_review	../Qwen3-0.6B	wikitext/wikitext-2-raw-v1/test	4096	512			18.4798	22336	37		1.2646	0.4215333333333333	True	32	True	238074b54307c6f1e283713365776946dc002ba33bb6b847f72ea2e7c0e495f7
../6b	atob_seed0_capscan_v2/cap2x_full/evals-test/ppl_AtoB_p30_seed0.json	snapshots/6b/atob_seed0_capscan_v2/cap2x_full/evals-test/ppl_AtoB_p30_seed0.json	historical_figure6b_source	historical_scope_requires_review	../Qwen3-0.6B	wikitext/wikitext-2-raw-v1/test	4096	512			18.6303	22336	37		1.262	0.4206666666666667	True	32	True	db3d50c949c8742dba4f147366c8547318c0de9dd659675bd68075a81d6c0fd8
../6b	atob_seed0_capscan_v2/cap2x_full/evals-test/ppl_AtoB_p35_seed0.json	snapshots/6b/atob_seed0_capscan_v2/cap2x_full/evals-test/ppl_AtoB_p35_seed0.json	historical_figure6b_source	historical_scope_requires_review	../Qwen3-0.6B	wikitext/wikitext-2-raw-v1/test	4096	512			18.3885	22336	37		1.2574	0.41913333333333336	True	32	True	f98ee1b13cf21191855ccb199c20277ec3bee3b7e24385e45672540ad5a8b3f4
../6b	atob_seed0_capscan_v2/cap2x_full/evals-test/ppl_AtoB_p40_seed0.json	snapshots/6b/atob_seed0_capscan_v2/cap2x_full/evals-test/ppl_AtoB_p40_seed0.json	historical_figure6b_source	historical_scope_requires_review	../Qwen3-0.6B	wikitext/wikitext-2-raw-v1/test	4096	512			18.5925	22336	37		1.2653	0.4217666666666667	True	32	True	e0f4312be72f6e2317e88bbca3fd2d71136d0cb732b0d96f26b5ca4b3041a215
../6b	atob_seed0_capscan_v2/cap2x_full/evals-test/ppl_AtoB_p50_seed0.json	snapshots/6b/atob_seed0_capscan_v2/cap2x_full/evals-test/ppl_AtoB_p50_seed0.json	historical_figure6b_source	historical_scope_requires_review	../Qwen3-0.6B	wikitext/wikitext-2-raw-v1/test	4096	512			18.4033	22336	37		1.2679	0.42263333333333336	True	32	True	23b6cdeb8240bcfd00688760dc8e3a39226a0270fbeec003f6c7baa2ea8a004a
../6b	atob_seed0_capscan_v2/cap2x_full/evals-test/ppl_AtoB_p60_seed0.json	snapshots/6b/atob_seed0_capscan_v2/cap2x_full/evals-test/ppl_AtoB_p60_seed0.json	historical_figure6b_source	historical_scope_requires_review	../Qwen3-0.6B	wikitext/wikitext-2-raw-v1/test	4096	512			18.7107	22336	37		1.2689	0.42296666666666666	True	32	True	23431c00aebb87724b217cf01c38ea634c902829e2b2cc4bff3a791417303d9f
../6b	atob_seed0_capscan_v2/cap2x_full/evals-test/ppl_AtoB_p70_seed0.json	snapshots/6b/atob_seed0_capscan_v2/cap2x_full/evals-test/ppl_AtoB_p70_seed0.json	historical_figure6b_source	historical_scope_requires_review	../Qwen3-0.6B	wikitext/wikitext-2-raw-v1/test	4096	512			18.6125	22336	37		1.2662	0.42206666666666665	True	32	True	0f1618a8e01ff1562a9cd021b36460e84e136c20f5a194229429c55e373f694c
../6b	atob_seed0_capscan_v2/cap2x_full/evals-test/ppl_AtoB_p80_seed0.json	snapshots/6b/atob_seed0_capscan_v2/cap2x_full/evals-test/ppl_AtoB_p80_seed0.json	historical_figure6b_source	historical_scope_requires_review	../Qwen3-0.6B	wikitext/wikitext-2-raw-v1/test	4096	512			18.5308	22336	37		1.2599	0.41996666666666665	True	32	True	475a183b5fed90ab8f98e90450dfdf8020a722f91763e8cb4c78e70fa9e3efe7
../6b	atob_seed0_capscan_v2/cap2x_full/evals-test/ppl_AtoB_p90_seed0.json	snapshots/6b/atob_seed0_capscan_v2/cap2x_full/evals-test/ppl_AtoB_p90_seed0.json	historical_figure6b_source	historical_scope_requires_review	../Qwen3-0.6B	wikitext/wikitext-2-raw-v1/test	4096	512			18.6598	22336	37		1.2548	0.4182666666666666	True	32	True	5a94d6bb45832ff6088ae9b84dd79d05e7fd0fc3b09be2137b1ab9f34fa69824
../6b	atob_seed0_capscan_v2/cap2x_full/evals-test/ppl_dense_B.json	snapshots/6b/atob_seed0_capscan_v2/cap2x_full/evals-test/ppl_dense_B.json	historical_figure6b_source	historical_scope_requires_review	../Qwen3-0.6B	wikitext/wikitext-2-raw-v1/test	4096	512			15.9905	22336	37				True	32	False	7af8d5efdbe5c605b0f09252abb906036e0898188f01f9a0de5b4f3504fd6134
../6c	evals/ppl_fig6c_dense_evalB.json	snapshots/6c/evals/ppl_fig6c_dense_evalB.json	historical_figure6c_source	historical_scope_requires_review	../Qwen3-0.6B	manifest:/home/xzj/coding/6b/manifests/eval_B.json	4096	512		/home/xzj/coding/6b/manifests/eval_B.json	20.9229	131209	250				True	32	False	0c9ebdecef0912a499335696a2394542c666796c3321dd0dd60a245c35b31bf4
../6c	evals/ppl_fig6c_uniform.json	snapshots/6c/evals/ppl_fig6c_uniform.json	historical_figure6c_source	historical_scope_requires_review	../Qwen3-0.6B	manifest:/home/xzj/coding/6b/manifests/eval_B.json	4096	512		/home/xzj/coding/6b/manifests/eval_B.json	24.6614	131209	250		1.3385	0.44616666666666666	True	32	True	2681497e2bb8b0435624201222b0d07dfcb3aff618c20a0934f213a93d218931
../6c	evals/ppl_fig6c_uniform_cap100.json	snapshots/6c/evals/ppl_fig6c_uniform_cap100.json	historical_figure6c_source	historical_scope_requires_review	../Qwen3-0.6B	wikitext/wikitext-2-raw-v1/test	4096	512			23.1028	5503	4		1.2246	0.40819999999999995	True	32	True	c5be883e392ae32ac607679fce8c41ea849ac24891de8adb51785589f2c6e63c
../6c	evals/ppl_fig6c_weight_only.json	snapshots/6c/evals/ppl_fig6c_weight_only.json	historical_figure6c_source	historical_scope_requires_review	../Qwen3-0.6B	manifest:/home/xzj/coding/6b/manifests/eval_B.json	4096	512		/home/xzj/coding/6b/manifests/eval_B.json	1451.3346	131209	250		1.8946	0.6315333333333334	True	32	True	d754d0ea44a821397eee2f0a3bf9dd8d8e4ce00b2dacb46c0ea46b11593640df
../6c	evals/ppl_fig6c_weight_only_cap.json	snapshots/6c/evals/ppl_fig6c_weight_only_cap.json	historical_figure6c_source	historical_scope_requires_review	../Qwen3-0.6B	wikitext/wikitext-2-raw-v1/test	4096	512			4005.2194	5503	4		1.427	0.4756666666666667	True	32	True	ec89ad72692709df92584dd0b0e5e6f7b0e89ac9cc653186812e8b6e9195fe99
../data	act_base/1-4/ppl_results_MXFP4.json	snapshots/data/act_base/1-4/ppl_results_MXFP4.json	historical_figure_support	historical_scope_requires_review	/home/xzj/coding/Qwen3-0.6B	wikitext/wikitext-2-raw-v1/test	4096	512			23.4062	299078	578				False	32	False	77f79ac643a82846c350e546935960328cab30760a394cd0f4591d0a7db37343
../data	act_base/1-4/ppl_results_MXFP6_E2M3.json	snapshots/data/act_base/1-4/ppl_results_MXFP6_E2M3.json	historical_figure_support	historical_scope_requires_review	/home/xzj/coding/Qwen3-0.6B	wikitext/wikitext-2-raw-v1/test	4096	512			19.7694	299078	578				False	32	False	0d3d24985cd483ee684c00b529ac1a63b1214bd6a894b6782df4badc1eb5b5f9
../data	act_base/1-4/ppl_results_MXFP6_E3M2.json	snapshots/data/act_base/1-4/ppl_results_MXFP6_E3M2.json	historical_figure_support	historical_scope_requires_review	/home/xzj/coding/Qwen3-0.6B	wikitext/wikitext-2-raw-v1/test	4096	512			20.2903	299078	578				False	32	False	526c8cd85dcc34adb294d20a428f725517dd4e45f74a557a357de7c145cab283
../data	act_base/1-4/ppl_results_MXFP8.json	snapshots/data/act_base/1-4/ppl_results_MXFP8.json	historical_figure_support	historical_scope_requires_review	/home/xzj/coding/Qwen3-0.6B	wikitext/wikitext-2-raw-v1/test	4096	512			19.3856	299078	578				True	32	False	d6ece01e9d984f4719ad932713a8785fa7cc694a0a114232817df6c8aecf2549
../data	act_base/10-16/ppl_results_MXFP8.json	snapshots/data/act_base/10-16/ppl_results_MXFP8.json	historical_figure_support	historical_scope_requires_review	/home/xzj/coding/Qwen3-0.6B	wikitext/wikitext-2-raw-v1/test	4096	512			54.7325	299078	578				True	32	False	22c8879f2f5380425b3bfa93d7917831323ba9a7d756ce6860ca665f2ee0a8be
../data	act_base/12-16/ppl_results_MXFP8.json	snapshots/data/act_base/12-16/ppl_results_MXFP8.json	historical_figure_support	historical_scope_requires_review	/home/xzj/coding/Qwen3-0.6B	wikitext/wikitext-2-raw-v1/test	4096	512			2449.0359	299078	578				True	32	False	1e403d2df4868ad7d385d0be2cc624aa8556293c6a94a4b220726b5f408dadfc
../data	act_base/12-32/ppl_results_MXFP8.json	snapshots/data/act_base/12-32/ppl_results_MXFP8.json	historical_figure_support	historical_scope_requires_review	/home/xzj/coding/Qwen3-0.6B	wikitext/wikitext-2-raw-v1/test	4096	512			19.6949	299078	578				True	32	False	86dbb3af2abdcbee741a52170f70453608517c892ed05e88efe3d09516646f6d
../data	act_base/16-32/ppl_results_MXFP4.json	snapshots/data/act_base/16-32/ppl_results_MXFP4.json	historical_figure_support	historical_scope_requires_review	/home/xzj/coding/Qwen3-0.6B	wikitext/wikitext-2-raw-v1/test	4096	512			30.9603	299078	578				False	32	False	521e90a5eb092846f9507b0c1aea02c2e7ce6ca12e8f07040d6b71ea42a0457d
../data	act_base/16-32/ppl_results_MXFP6_E2M3.json	snapshots/data/act_base/16-32/ppl_results_MXFP6_E2M3.json	historical_figure_support	historical_scope_requires_review	/home/xzj/coding/Qwen3-0.6B	wikitext/wikitext-2-raw-v1/test	4096	512			26.3684	299078	578				False	32	False	5f432eb3cc3fba26d421b8ab257af9008c8e44edf80da062a61dabbda52ee0b5
../data	act_base/16-32/ppl_results_MXFP6_E3M2.json	snapshots/data/act_base/16-32/ppl_results_MXFP6_E3M2.json	historical_figure_support	historical_scope_requires_review	/home/xzj/coding/Qwen3-0.6B	wikitext/wikitext-2-raw-v1/test	4096	512			27.1532	299078	578				False	32	False	50c83773ad952c86bb96803160acc715611ad8a0dab0153f4adf5b7f0115e7e8
../data	act_base/16-32/ppl_results_MXFP8.json	snapshots/data/act_base/16-32/ppl_results_MXFP8.json	historical_figure_support	historical_scope_requires_review	/home/xzj/coding/Qwen3-0.6B	wikitext/wikitext-2-raw-v1/test	4096	512			25.3574	299078	578				True	32	False	5c294fb8afa800bcd9359c3a6f531f617fdbfa8b06381d62761ab52460792ebf
../data	act_base/2-4/ppl_results_MXFP4.json	snapshots/data/act_base/2-4/ppl_results_MXFP4.json	historical_figure_support	historical_scope_requires_review	/home/xzj/coding/Qwen3-0.6B	wikitext/wikitext-2-raw-v1/test	4096	512			50.7316	299078	578				False	32	False	739f9dd4db897c2452e5a8193fd395bd035c79633ca181fe921f70a0150c60a1
../data	act_base/2-4/ppl_results_MXFP6_E2M3.json	snapshots/data/act_base/2-4/ppl_results_MXFP6_E2M3.json	historical_figure_support	historical_scope_requires_review	/home/xzj/coding/Qwen3-0.6B	wikitext/wikitext-2-raw-v1/test	4096	512			39.3619	299078	578				False	32	False	2d05709790e5ebaed3c20e7d38ff1e1ec0e9d9267ab14a9c4ca7f7c692683d85
../data	act_base/2-4/ppl_results_MXFP6_E3M2.json	snapshots/data/act_base/2-4/ppl_results_MXFP6_E3M2.json	historical_figure_support	historical_scope_requires_review	/home/xzj/coding/Qwen3-0.6B	wikitext/wikitext-2-raw-v1/test	4096	512			41.1049	299078	578				False	32	False	4276444f9faa2c0da8213b805be7fbde12871b9d299416cced8b229f5ddb34fc
../data	act_base/2-4/ppl_results_MXFP8.json	snapshots/data/act_base/2-4/ppl_results_MXFP8.json	historical_figure_support	historical_scope_requires_review	/home/xzj/coding/Qwen3-0.6B	wikitext/wikitext-2-raw-v1/test	4096	512			37.57	299078	578				True	32	False	b2aeef0d8b31acdcb0fc9fab8c437d7cb20a677f8650e2ede12178f72fed2259
../data	act_base/20-32/ppl_results_MXFP8.json	snapshots/data/act_base/20-32/ppl_results_MXFP8.json	historical_figure_support	historical_scope_requires_review	/home/xzj/coding/Qwen3-0.6B	wikitext/wikitext-2-raw-v1/test	4096	512			48.5065	299078	578				True	32	False	e9a19aa15f8cb97bae0ee26a632c78be00fb537bd7748182d186ade107b395c1
../data	act_base/3-4/ppl_results_MXFP8.json	snapshots/data/act_base/3-4/ppl_results_MXFP8.json	historical_figure_support	historical_scope_requires_review	/home/xzj/coding/Qwen3-0.6B	wikitext/wikitext-2-raw-v1/test	4096	512			63917.2777	299078	578				True	32	False	042ac52a2b20cb020d178525d785366ecf3d1f22901d9356aaead6e0cece1475
../data	act_base/3-8/ppl_results_MXFP4.json	snapshots/data/act_base/3-8/ppl_results_MXFP4.json	historical_figure_support	historical_scope_requires_review	/home/xzj/coding/Qwen3-0.6B	wikitext/wikitext-2-raw-v1/test	4096	512			25.8054	299078	578				False	32	False	306c6890193709a09add92a6f7c5e4467c643eda0714053be666043b9a398e42
../data	act_base/3-8/ppl_results_MXFP6_E2M3.json	snapshots/data/act_base/3-8/ppl_results_MXFP6_E2M3.json	historical_figure_support	historical_scope_requires_review	/home/xzj/coding/Qwen3-0.6B	wikitext/wikitext-2-raw-v1/test	4096	512			21.7327	299078	578				False	32	False	91bc38e60bab8fa32632d6fdbab473b2e6e3cc0d2297fd2f2b8dc8d50b46635e
../data	act_base/3-8/ppl_results_MXFP6_E3M2.json	snapshots/data/act_base/3-8/ppl_results_MXFP6_E3M2.json	historical_figure_support	historical_scope_requires_review	/home/xzj/coding/Qwen3-0.6B	wikitext/wikitext-2-raw-v1/test	4096	512			22.3722	299078	578				False	32	False	1e0c5677fe9b7c45e0b31396da5c794a7054cfcffd7182c4f0d585ce21343e84
../data	act_base/3-8/ppl_results_MXFP8.json	snapshots/data/act_base/3-8/ppl_results_MXFP8.json	historical_figure_support	historical_scope_requires_review	/home/xzj/coding/Qwen3-0.6B	wikitext/wikitext-2-raw-v1/test	4096	512			21.1674	299078	578				True	32	False	613a58312ec4a7efcb5e038c63396fa43c8b142c35565eef71b2b4ab0ec626f3
../data	act_base/4-16/ppl_results_MXFP8.json	snapshots/data/act_base/4-16/ppl_results_MXFP8.json	historical_figure_support	historical_scope_requires_review	/home/xzj/coding/Qwen3-0.6B	wikitext/wikitext-2-raw-v1/test	4096	512			18.124	299078	578				True	32	False	5b8d52a14c7d27d09ea7366ae8517813a8dc2e29a81dda5b340530fc76e2dfd2
../data	act_base/4-8/ppl_results_MXFP4.json	snapshots/data/act_base/4-8/ppl_results_MXFP4.json	historical_figure_support	historical_scope_requires_review	/home/xzj/coding/Qwen3-0.6B	wikitext/wikitext-2-raw-v1/test	4096	512			36.9841	299078	578				False	32	False	d8fb5b8a2c7b957c599b4ca1203bf0ad13f16963c14beda91a4eb9dfb7450d03
../data	act_base/4-8/ppl_results_MXFP6_E2M3.json	snapshots/data/act_base/4-8/ppl_results_MXFP6_E2M3.json	historical_figure_support	historical_scope_requires_review	/home/xzj/coding/Qwen3-0.6B	wikitext/wikitext-2-raw-v1/test	4096	512			30.9236	299078	578				False	32	False	9a1b69c505fb1a3ec513f4cdea84c2e8c23d7d3f77cf025aaa3ecd1202ff2c26
../data	act_base/4-8/ppl_results_MXFP6_E3M2.json	snapshots/data/act_base/4-8/ppl_results_MXFP6_E3M2.json	historical_figure_support	historical_scope_requires_review	/home/xzj/coding/Qwen3-0.6B	wikitext/wikitext-2-raw-v1/test	4096	512			31.9764	299078	578				False	32	False	206d11ae6a1514a4326b1249003e97083a243bc6a108337d5109aca3ee20325b
../data	act_base/4-8/ppl_results_MXFP8.json	snapshots/data/act_base/4-8/ppl_results_MXFP8.json	historical_figure_support	historical_scope_requires_review	/home/xzj/coding/Qwen3-0.6B	wikitext/wikitext-2-raw-v1/test	4096	512			29.6012	299078	578				True	32	False	0c956c7bcefd4dc588313060ebe710082bba3921726b54b9ca4a21ef48aa2360
../data	act_base/6-16/ppl_results_MXFP8.json	snapshots/data/act_base/6-16/ppl_results_MXFP8.json	historical_figure_support	historical_scope_requires_review	/home/xzj/coding/Qwen3-0.6B	wikitext/wikitext-2-raw-v1/test	4096	512			20.2212	299078	578				True	32	False	91a451030f439692f5880824ae1782452c9c709b79ff667b1f38c64b5b734b34
../data	act_base/8-16/ppl_results_MXFP4.json	snapshots/data/act_base/8-16/ppl_results_MXFP4.json	historical_figure_support	historical_scope_requires_review	/home/xzj/coding/Qwen3-0.6B	wikitext/wikitext-2-raw-v1/test	4096	512			32.7785	299078	578				False	32	False	43d8e47dfc4cad2f977a7cb3b48aee292ba96f44df0c123f06fd1411082d71e5
../data	act_base/8-16/ppl_results_MXFP6_E2M3.json	snapshots/data/act_base/8-16/ppl_results_MXFP6_E2M3.json	historical_figure_support	historical_scope_requires_review	/home/xzj/coding/Qwen3-0.6B	wikitext/wikitext-2-raw-v1/test	4096	512			27.8156	299078	578				False	32	False	c14d2f5cb3526aa0b4a4af63ba376241b30672693f7df707b567f9c9c1d75b76
../data	act_base/8-16/ppl_results_MXFP6_E3M2.json	snapshots/data/act_base/8-16/ppl_results_MXFP6_E3M2.json	historical_figure_support	historical_scope_requires_review	/home/xzj/coding/Qwen3-0.6B	wikitext/wikitext-2-raw-v1/test	4096	512			28.6302	299078	578				False	32	False	bfe93e6d09638a6a8f2a4145a3e993a5c5ff354236c9e019d2339832d91703cb
../data	act_base/8-16/ppl_results_MXFP8.json	snapshots/data/act_base/8-16/ppl_results_MXFP8.json	historical_figure_support	historical_scope_requires_review	/home/xzj/coding/Qwen3-0.6B	wikitext/wikitext-2-raw-v1/test	4096	512			26.7021	299078	578				True	32	False	849cf252a4633437faa951cbeadab0835320b0161049f0af4c2a409ab667f8c7
../data	calib-data/12db/ppl_results_MXFP8_calibration_fix.json	snapshots/data/calib-data/12db/ppl_results_MXFP8_calibration_fix.json	historical_figure_support	historical_scope_requires_review	../Qwen3-0.6B	wikitext/wikitext-2-raw-v1/test	4096	512			33.1887	299078	578		1.0285	0.3428333333333333	True	32	True	f60604a215644b1e786a4960f88290965bbc6fa1d6df5bbec3fd76e9a1b0435d
../data	calib-data/12db/ppl_results_MXFP8_calibration_snr.json	snapshots/data/calib-data/12db/ppl_results_MXFP8_calibration_snr.json	historical_figure_support	historical_scope_requires_review	../Qwen3-0.6B	wikitext/wikitext-2-raw-v1/test	4096	512			52.6543	299078	578		1.058	0.3526666666666667	True	32	True	04c805a564b73455b0e7da6c26c607e07565539aa5a1f9aef2cf63dc62fa04d5
../data	calib-data/12db/ppl_results_MXFP8_fix_cap.json	snapshots/data/calib-data/12db/ppl_results_MXFP8_fix_cap.json	historical_figure_support	historical_scope_requires_review	../Qwen3-0.6B	wikitext/wikitext-2-raw-v1/test	4096	512			35.8778	5503	4		0.9362	0.31206666666666666	True	32	True	f8dc316416d4160c504fb74f3276bf0359b016298c92895213a6945806989eb1
../data	calib-data/12db/ppl_results_MXFP8_fix_time.json	snapshots/data/calib-data/12db/ppl_results_MXFP8_fix_time.json	historical_figure_support	historical_scope_requires_review	../Qwen3-0.6B	wikitext/wikitext-2-raw-v1/test	4096	512			35.8778	5503	4		0.9362	0.31206666666666666	True	32	True	10c14feed7f1dbadf16204239ab41aab1e26e660577e032203b07d60440a3247
../data	calib-data/13db/ppl_results_MXFP8_calibration_fix.json	snapshots/data/calib-data/13db/ppl_results_MXFP8_calibration_fix.json	historical_figure_support	historical_scope_requires_review	../Qwen3-0.6B	wikitext/wikitext-2-raw-v1/test	4096	512			29.6602	5503	4		1.0247	0.34156666666666663	True	32	True	6f10c5fa59bc58ce1b16f79ce58750cdd3a20cde3710d72ca2c525871a27fdf1
../data	calib-data/13db/ppl_results_MXFP8_fix_time.json	snapshots/data/calib-data/13db/ppl_results_MXFP8_fix_time.json	historical_figure_support	historical_scope_requires_review	../Qwen3-0.6B	wikitext/wikitext-2-raw-v1/test	4096	512			29.6602	5503	4		1.0247	0.34156666666666663	True	32	True	6f10c5fa59bc58ce1b16f79ce58750cdd3a20cde3710d72ca2c525871a27fdf1
../data	calib-data/14db/ppl_result_MXFP8_calibration_fix.json	snapshots/data/calib-data/14db/ppl_result_MXFP8_calibration_fix.json	historical_figure_support	historical_scope_requires_review	../Qwen3-0.6B	wikitext/wikitext-2-raw-v1/test	4096	512			21.9647	299078	578		1.2359	0.41196666666666665	True	32	True	668f0049a2ffde0bd6ea0da7e19ee5782cebdf0d9b462e255c4f183c3a435bec
../data	calib-data/14db/ppl_results_MXFP8_calibration_fix.json	snapshots/data/calib-data/14db/ppl_results_MXFP8_calibration_fix.json	historical_figure_support	historical_scope_requires_review	../Qwen3-0.6B	wikitext/wikitext-2-raw-v1/test	4096	512			21.9647	299078	578		1.2359	0.41196666666666665	True	32	True	140572aeefde1b3a00176d960da280526418a802f7ce0e834b1c8acb41e4927c
../data	calib-data/14db/ppl_results_MXFP8_fix_cap.json	snapshots/data/calib-data/14db/ppl_results_MXFP8_fix_cap.json	historical_figure_support	historical_scope_requires_review	../Qwen3-0.6B	wikitext/wikitext-2-raw-v1/test	4096	512			25.0375	5503	4		1.1253	0.3751	True	32	True	2841e7ff35b209285fa00df2dffc23ab83600704e6a7e0a942dd38fba0d2dc4a
../data	calib-data/14db/ppl_results_MXFP8_fix_time.json	snapshots/data/calib-data/14db/ppl_results_MXFP8_fix_time.json	historical_figure_support	historical_scope_requires_review	../Qwen3-0.6B	wikitext/wikitext-2-raw-v1/test	4096	512			25.0375	5503	4		1.1253	0.3751	True	32	True	1109b9ddd8c676680b3b972efd6c41db04b334699ee1756d234812c31d3910f4
../data	calib-data/15db/ppl_results_MXFP8_MSD_B16_calib.json	snapshots/data/calib-data/15db/ppl_results_MXFP8_MSD_B16_calib.json	historical_figure_support	historical_scope_requires_review	../Qwen3-0.6B	wikitext/wikitext-2-raw-v1/test	4096	512			27.8506	299078	578		1.4077	0.46923333333333334	True	32	True	1b95d8d8ad05728c51066f36c868df0eb3473317cdb8778e2900af452c2ea65d
../data	calib-data/15db/ppl_results_MXFP8_calibration_fix.json	snapshots/data/calib-data/15db/ppl_results_MXFP8_calibration_fix.json	historical_figure_support	historical_scope_requires_review	../Qwen3-0.6B	wikitext/wikitext-2-raw-v1/test	4096	512			20.5999	299078	578		1.3747	0.4582333333333333	True	32	True	bbcbaa934f4f3ea1c56ee8bc86b039f0a9eb63ae46cb0cb54af3d76a1d5698ab
../data	calib-data/15db/ppl_results_MXFP8_calibration_snr.json	snapshots/data/calib-data/15db/ppl_results_MXFP8_calibration_snr.json	historical_figure_support	historical_scope_requires_review	../Qwen3-0.6B	wikitext/wikitext-2-raw-v1/test	4096	512			27.8506	299078	578		1.4077	0.46923333333333334	True	32	True	cbdb67871c50eccb35130fbd194596f3a18a14503b2703b2ab725140385f5495
../data	calib-data/15db/ppl_results_MXFP8_fix_cap.json	snapshots/data/calib-data/15db/ppl_results_MXFP8_fix_cap.json	historical_figure_support	historical_scope_requires_review	../Qwen3-0.6B	wikitext/wikitext-2-raw-v1/test	4096	512			23.7985	5503	4		1.2399	0.4133	True	32	True	6ad2528932b181d0dc0d64d3c381577f690acbd066f63f864bb4b1ea0dbfc9ee
../data	calib-data/15db/ppl_results_MXFP8_fix_time.json	snapshots/data/calib-data/15db/ppl_results_MXFP8_fix_time.json	historical_figure_support	historical_scope_requires_review	../Qwen3-0.6B	wikitext/wikitext-2-raw-v1/test	4096	512			23.7985	5503	4		1.2399	0.4133	True	32	True	58964b415356b490499a54c64990182aef8615a2f5ccbd0af6786d3ecfdbd2e9
../data	calib-data/16db/ppl_results_MXFP8_fix_time.json	snapshots/data/calib-data/16db/ppl_results_MXFP8_fix_time.json	historical_figure_support	historical_scope_requires_review	../Qwen3-0.6B	wikitext/wikitext-2-raw-v1/test	4096	512			22.9577	5503	4		1.3501	0.45003333333333334	True	32	True	69fdb31e51b8eb185b592f60936a8c4a8ff314b36ca425db607493882c53b9e0
../data	calib-data/17db/ppl_results_MXFP8_calibration_fix.json	snapshots/data/calib-data/17db/ppl_results_MXFP8_calibration_fix.json	historical_figure_support	historical_scope_requires_review	../Qwen3-0.6B	wikitext/wikitext-2-raw-v1/test	4096	512			19.2801	299078	578		1.6534	0.5511333333333334	True	32	True	9a3ad432815ede6f122e60e2920b768164ef247ea5f928328554fc3b588a94d9
../data	calib-data/17db/ppl_results_MXFP8_calibration_snr.json	snapshots/data/calib-data/17db/ppl_results_MXFP8_calibration_snr.json	historical_figure_support	historical_scope_requires_review	../Qwen3-0.6B	wikitext/wikitext-2-raw-v1/test	4096	512			22.3192	299078	578		1.6687	0.5562333333333334	True	32	True	831bf1b382b71c3c45573830cdbf7ece6e380d3d93ed27ea6e1312bdd8fb98e3
../data	calib-data/17db/ppl_results_MXFP8_fix_cap.json	snapshots/data/calib-data/17db/ppl_results_MXFP8_fix_cap.json	historical_figure_support	historical_scope_requires_review	../Qwen3-0.6B	wikitext/wikitext-2-raw-v1/test	4096	512			22.2215	5503	4		1.4592	0.4864	True	32	True	c8bf1cfea333ed2580f082083373e4cfaf48e81a492d920641aa50bda586e41d
../data	calib-data/17db/ppl_results_MXFP8_fix_time.json	snapshots/data/calib-data/17db/ppl_results_MXFP8_fix_time.json	historical_figure_support	historical_scope_requires_review	../Qwen3-0.6B	wikitext/wikitext-2-raw-v1/test	4096	512			22.2215	5503	4		1.4592	0.4864	True	32	True	dc51ebe59097689f11a50ed4acd0a6e856adc936ad292495bf07197f8ce9afaa
../data	calib-data/18db/ppl_results_MXFP4_MSD_B16_calib.json	snapshots/data/calib-data/18db/ppl_results_MXFP4_MSD_B16_calib.json	historical_figure_support	historical_scope_requires_review	../Qwen3-0.6B	wikitext/wikitext-2-raw-v1/test	4096	512			22.0113	299078	578		1.7522	0.5840666666666666	False	32	True	273d8835c7099ee09764ddfb1a2adac34f9f3c86227c7217add0a211dabb8619
../data	calib-data/18db/ppl_results_MXFP4_MSD_B16_calib_snr.json	snapshots/data/calib-data/18db/ppl_results_MXFP4_MSD_B16_calib_snr.json	historical_figure_support	historical_scope_requires_review	../Qwen3-0.6B	wikitext/wikitext-2-raw-v1/test	4096	512			24.5379	299078	578		1.7661	0.5887	False	32	True	85bec9fbd54beb7334ae0b39e34ab62e52514cba8027d6371960005ef4cf10ab
../data	calib-data/18db/ppl_results_MXFP8_MSD_B16_calib.json	snapshots/data/calib-data/18db/ppl_results_MXFP8_MSD_B16_calib.json	historical_figure_support	historical_scope_requires_review	../Qwen3-0.6B	wikitext/wikitext-2-raw-v1/test	4096	512			18.6763	299078	578		1.7807	0.5935666666666667	True	32	True	860da2f43b4328a1ebea92075c5e641b6122173410eaa564fa48dd7670bd9132
../data	calib-data/18db/ppl_results_MXFP8_MSD_B16_calib_snr.json	snapshots/data/calib-data/18db/ppl_results_MXFP8_MSD_B16_calib_snr.json	historical_figure_support	historical_scope_requires_review	../Qwen3-0.6B	wikitext/wikitext-2-raw-v1/test	4096	512			20.6563	299078	578		1.7967	0.5989	True	32	True	fffd617762223d1bbf026a6fd40488d4379d36108418ab807fd8da4d0db59eaf
../data	calib-data/18db/ppl_results_MXFP8_calibration_fix.json	snapshots/data/calib-data/18db/ppl_results_MXFP8_calibration_fix.json	historical_figure_support	historical_scope_requires_review	../Qwen3-0.6B	wikitext/wikitext-2-raw-v1/test	4096	512			18.6763	299078	578		1.7807	0.5935666666666667	True	32	True	ec7849f787d87aa79a8317da6c23c3fba55f1da52b54b0aa03a6b53b903d3b16
../data	calib-data/18db/ppl_results_MXFP8_calibration_snr.json	snapshots/data/calib-data/18db/ppl_results_MXFP8_calibration_snr.json	historical_figure_support	historical_scope_requires_review	../Qwen3-0.6B	wikitext/wikitext-2-raw-v1/test	4096	512			20.6563	299078	578		1.7967	0.5989	True	32	True	0a8353b6506e86ba3bb486cb44a3076dc648920db10b5b129758dec713ce371f
../data	calib-data/18db/ppl_results_MXFP8_fix_cap.json	snapshots/data/calib-data/18db/ppl_results_MXFP8_fix_cap.json	historical_figure_support	historical_scope_requires_review	../Qwen3-0.6B	wikitext/wikitext-2-raw-v1/test	4096	512			21.4902	5503	4		1.5511	0.5170333333333333	True	32	True	ae6e4ca855675fe52304cc647c5c92a839798770cf124718d1143b356877d3fa
../data	calib-data/18db/ppl_results_MXFP8_fix_time.json	snapshots/data/calib-data/18db/ppl_results_MXFP8_fix_time.json	historical_figure_support	historical_scope_requires_review	../Qwen3-0.6B	wikitext/wikitext-2-raw-v1/test	4096	512			21.4902	5503	4		1.5511	0.5170333333333333	True	32	True	009b64ca40e475fd35c20414faed43a18f1f266f6966350f1d3572490dcd579b
../data	calib-data/19db/ppl_results_MXFP8_calibration_fix.json	snapshots/data/calib-data/19db/ppl_results_MXFP8_calibration_fix.json	historical_figure_support	historical_scope_requires_review	../Qwen3-0.6B	wikitext/wikitext-2-raw-v1/test	4096	512			18.26	299078	578		1.9233	0.6411	True	32	True	989f93429fb2fe29c940755c4ace4bafde7517e78af93e43bca92e784d9285cc
../data	calib-data/19db/ppl_results_MXFP8_calibration_snr.json	snapshots/data/calib-data/19db/ppl_results_MXFP8_calibration_snr.json	historical_figure_support	historical_scope_requires_review	../Qwen3-0.6B	wikitext/wikitext-2-raw-v1/test	4096	512			19.8995	299078	578		1.9348	0.6449333333333334	True	32	True	f258abacc2cfa4e783e9f85e50ed7c508783f63740c7f2c47e8599c7fde4ec00
../data	calib-data/19db/ppl_results_MXFP8_fix_cap.json	snapshots/data/calib-data/19db/ppl_results_MXFP8_fix_cap.json	historical_figure_support	historical_scope_requires_review	../Qwen3-0.6B	wikitext/wikitext-2-raw-v1/test	4096	512			21.0798	5503	4		1.6538	0.5512666666666667	True	32	True	8b598a778a743e6c311875b7e5795f5345aa164f6ea99728e808b3e1332a5162
../data	calib-data/19db/ppl_results_MXFP8_fix_time.json	snapshots/data/calib-data/19db/ppl_results_MXFP8_fix_time.json	historical_figure_support	historical_scope_requires_review	../Qwen3-0.6B	wikitext/wikitext-2-raw-v1/test	4096	512			21.0798	5503	4		1.6538	0.5512666666666667	True	32	True	2c2cc5f3ac43443668356461ae7218d4f1af5a8cec2e1bef5145d0a69ea2d64b
../data	calib-data/20db/ppl_results_MXFP4_MSD_B16_calib.json	snapshots/data/calib-data/20db/ppl_results_MXFP4_MSD_B16_calib.json	historical_figure_support	historical_scope_requires_review	../Qwen3-0.6B	wikitext/wikitext-2-raw-v1/test	4096	512			22.5789	299078	578		2.0062	0.6687333333333334	False	32	True	ef7e7cfdda3bbfd539fab5baf91384678422f3a2e530a114b320fc0b26b474c5
../data	calib-data/20db/ppl_results_MXFP8_MSD_B16_calib.json	snapshots/data/calib-data/20db/ppl_results_MXFP8_MSD_B16_calib.json	historical_figure_support	historical_scope_requires_review	../Qwen3-0.6B	wikitext/wikitext-2-raw-v1/test	4096	512			17.9614	299078	578		2.0771	0.6923666666666667	True	32	True	f9a099375351a3f3c7aa619d1109e2eb255dae2489e85d499dcfe1b6c57ad555
../data	calib-data/20db/ppl_results_MXFP8_MSD_B16_calib_snr.json	snapshots/data/calib-data/20db/ppl_results_MXFP8_MSD_B16_calib_snr.json	historical_figure_support	historical_scope_requires_review	../Qwen3-0.6B	wikitext/wikitext-2-raw-v1/test	4096	512			19.2755	299078	578		2.0831	0.6943666666666667	True	32	True	8c68cfc6180993c0c844e9d35b1dee7071c22207e70d678754a77ac20a741669
../data	calib-data/20db/ppl_results_MXFP8_calibration_fix.json	snapshots/data/calib-data/20db/ppl_results_MXFP8_calibration_fix.json	historical_figure_support	historical_scope_requires_review	../Qwen3-0.6B	wikitext/wikitext-2-raw-v1/test	4096	512			17.9614	299078	578		2.0771	0.6923666666666667	True	32	True	c35daed2127a5fa1f89605d16fc04e5521d997aa730e5bb4f4f5706c5f8db140
../data	calib-data/20db/ppl_results_MXFP8_calibration_snr.json	snapshots/data/calib-data/20db/ppl_results_MXFP8_calibration_snr.json	historical_figure_support	historical_scope_requires_review	../Qwen3-0.6B	wikitext/wikitext-2-raw-v1/test	4096	512			19.2755	299078	578		2.0831	0.6943666666666667	True	32	True	9414911ff2fd3594865664dc7d3523be7050616f52c6a2dff501470167cb2d0d
../data	calib-data/20db/ppl_results_MXFP8_fix_cap.json	snapshots/data/calib-data/20db/ppl_results_MXFP8_fix_cap.json	historical_figure_support	historical_scope_requires_review	../Qwen3-0.6B	wikitext/wikitext-2-raw-v1/test	4096	512			20.8571	5503	4		1.7575	0.5858333333333333	True	32	True	0b4b3ca8a3430c7a44bcc44f1279eb877d2e8300183c5390df6e87fd22a1c177
../data	calib-data/20db/ppl_results_MXFP8_fix_time.json	snapshots/data/calib-data/20db/ppl_results_MXFP8_fix_time.json	historical_figure_support	historical_scope_requires_review	../Qwen3-0.6B	wikitext/wikitext-2-raw-v1/test	4096	512			20.8571	5503	4		1.7575	0.5858333333333333	True	32	True	8cea06fb488bcfea82b4fbbd3087483c7989379d8f5483d43733cd6ea68935c0
../data	calib-data/21db/ppl_results_MXFP8_calibration_fix.json	snapshots/data/calib-data/21db/ppl_results_MXFP8_calibration_fix.json	historical_figure_support	historical_scope_requires_review	../Qwen3-0.6B	wikitext/wikitext-2-raw-v1/test	4096	512			17.8252	299078	578		2.2263	0.7421000000000001	True	32	True	f3555623cb9c983881f280ef7415b5da92ae1bba776b1f11a057705c6730d3f0
../data	calib-data/21db/ppl_results_MXFP8_calibration_snr.json	snapshots/data/calib-data/21db/ppl_results_MXFP8_calibration_snr.json	historical_figure_support	historical_scope_requires_review	../Qwen3-0.6B	wikitext/wikitext-2-raw-v1/test	4096	512			18.8164	299078	578		2.2315	0.7438333333333333	True	32	True	844aea5270c2bff9f0acaaa4b5187b7a41505b73002af005e81924f0a3defc4f
../data	calib-data/21db/ppl_results_MXFP8_fix_cap.json	snapshots/data/calib-data/21db/ppl_results_MXFP8_fix_cap.json	historical_figure_support	historical_scope_requires_review	../Qwen3-0.6B	wikitext/wikitext-2-raw-v1/test	4096	512			20.6747	5503	4		1.8515	0.6171666666666666	True	32	True	fd957e58d5e40285a36381a71faa0e77babf90474e1cba0dc4727992531d14e8
../data	calib-data/21db/ppl_results_MXFP8_fix_time.json	snapshots/data/calib-data/21db/ppl_results_MXFP8_fix_time.json	historical_figure_support	historical_scope_requires_review	../Qwen3-0.6B	wikitext/wikitext-2-raw-v1/test	4096	512			20.6747	5503	4		1.8515	0.6171666666666666	True	32	True	d49971464209e4ad72fcaa0cc602ec1f5674787423f2b5cd235733e23e1fb3d4
../data	calib-data/22db/ppl_results_MXFP8_MSD_B16_calib.json	snapshots/data/calib-data/22db/ppl_results_MXFP8_MSD_B16_calib.json	historical_figure_support	historical_scope_requires_review	../Qwen3-0.6B	wikitext/wikitext-2-raw-v1/test	4096	512			17.6374	299078	578		2.3707	0.7902333333333332	True	32	True	c8cd100f3e3222f98a59da6f44db965c1ed13378a4c1478d7744d83cfb734d84
../data	calib-data/22db/ppl_results_MXFP8_MSD_B16_calib_snr.json	snapshots/data/calib-data/22db/ppl_results_MXFP8_MSD_B16_calib_snr.json	historical_figure_support	historical_scope_requires_review	../Qwen3-0.6B	wikitext/wikitext-2-raw-v1/test	4096	512			18.2571	299078	578		2.3743	0.7914333333333333	True	32	True	c5019155c0072581e9e1f1c904cafca7e5d5dc85c9dad202fb7f69313702d27c
../data	calib-data/22db/ppl_results_MXFP8_calibration_fix.json	snapshots/data/calib-data/22db/ppl_results_MXFP8_calibration_fix.json	historical_figure_support	historical_scope_requires_review	../Qwen3-0.6B	wikitext/wikitext-2-raw-v1/test	4096	512			17.6374	299078	578		2.3707	0.7902333333333332	True	32	True	7678f903911dec676cd9bd5b2167a3163781ef3d3d15c8af40d1278668dabab7
../data	calib-data/22db/ppl_results_MXFP8_calibration_snr.json	snapshots/data/calib-data/22db/ppl_results_MXFP8_calibration_snr.json	historical_figure_support	historical_scope_requires_review	../Qwen3-0.6B	wikitext/wikitext-2-raw-v1/test	4096	512			18.2571	299078	578		2.3743	0.7914333333333333	True	32	True	dd40c9db6449c03bf54dd5abf0d8a28c9ff1a94dadab1a59d6a903162b4e8848
../data	calib-data/22db/ppl_results_MXFP8_fix_cap.json	snapshots/data/calib-data/22db/ppl_results_MXFP8_fix_cap.json	historical_figure_support	historical_scope_requires_review	../Qwen3-0.6B	wikitext/wikitext-2-raw-v1/test	4096	512			20.2646	5503	4		1.9366	0.6455333333333334	True	32	True	9cfcdac8a4cb5c8b0f9f93057d1d63ac8eaa0d05d0c15b454a42c82adf65ce16
../data	calib-data/22db/ppl_results_MXFP8_fix_time.json	snapshots/data/calib-data/22db/ppl_results_MXFP8_fix_time.json	historical_figure_support	historical_scope_requires_review	../Qwen3-0.6B	wikitext/wikitext-2-raw-v1/test	4096	512			20.2646	5503	4		1.9366	0.6455333333333334	True	32	True	27c44acc1de0e005663f13c34ca45f36316e19ad1b8b33862d233c12ac2f606c
../data	calib-data/23db/ppl_results_MXFP8_calibration_fix.json	snapshots/data/calib-data/23db/ppl_results_MXFP8_calibration_fix.json	historical_figure_support	historical_scope_requires_review	../Qwen3-0.6B	wikitext/wikitext-2-raw-v1/test	4096	512			17.5532	299078	578		2.5168	0.8389333333333333	True	32	True	6d54fb78f5fb1e11fbaaaf0c0c4eaf05a618167b4c4462fb76da6d95390575f6
../data	calib-data/23db/ppl_results_MXFP8_calibration_snr.json	snapshots/data/calib-data/23db/ppl_results_MXFP8_calibration_snr.json	historical_figure_support	historical_scope_requires_review	../Qwen3-0.6B	wikitext/wikitext-2-raw-v1/test	4096	512			17.9044	299078	578		2.5192	0.8397333333333333	True	32	True	4457a115ff9bca78a10f2725d957ee4eb6485445704aed534b2c0609f99e915a
../data	calib-data/23db/ppl_results_MXFP8_fix_cap.json	snapshots/data/calib-data/23db/ppl_results_MXFP8_fix_cap.json	historical_figure_support	historical_scope_requires_review	../Qwen3-0.6B	wikitext/wikitext-2-raw-v1/test	4096	512			20.2781	5503	4		2.018	0.6726666666666666	True	32	True	af2356986fae124487ad0468300877baeb540dac70fd365b861435383b961dd4
../data	calib-data/23db/ppl_results_MXFP8_fix_time.json	snapshots/data/calib-data/23db/ppl_results_MXFP8_fix_time.json	historical_figure_support	historical_scope_requires_review	../Qwen3-0.6B	wikitext/wikitext-2-raw-v1/test	4096	512			20.2781	5503	4		2.018	0.6726666666666666	True	32	True	534b038b90c3339e290df2a37bc2ab3fb6bb529484d684e2c5d77f0a294dd2fa
../data	calib-data/25db/ppl_results_MXFP8_calibration_fix.json	snapshots/data/calib-data/25db/ppl_results_MXFP8_calibration_fix.json	historical_figure_support	historical_scope_requires_review	../Qwen3-0.6B	wikitext/wikitext-2-raw-v1/test	4096	512			17.4049	299078	578		2.83	0.9433333333333334	True	32	True	468640a22fe09140852804134e718294a7819c3ab46f79385f40c29d8b043bad
../data	calib-data/25db/ppl_results_MXFP8_calibration_snr.json	snapshots/data/calib-data/25db/ppl_results_MXFP8_calibration_snr.json	historical_figure_support	historical_scope_requires_review	../Qwen3-0.6B	wikitext/wikitext-2-raw-v1/test	4096	512			17.5452	299078	578		2.8334	0.9444666666666667	True	32	True	6869bec30aadbc2021f522734f29c56d51347cfb43599cda299aa24c55425ee0
../data	calib-data/25db/ppl_results_MXFP8_fix_cap.json	snapshots/data/calib-data/25db/ppl_results_MXFP8_fix_cap.json	historical_figure_support	historical_scope_requires_review	../Qwen3-0.6B	wikitext/wikitext-2-raw-v1/test	4096	512			20.0209	5503	4		2.1803	0.7267666666666667	True	32	True	8d18b1ec2d5bdfcef813babe12e04d1c1f71408d4626ada2f65c9122f881b260
../data	calib-data/25db/ppl_results_MXFP8_fix_time.json	snapshots/data/calib-data/25db/ppl_results_MXFP8_fix_time.json	historical_figure_support	historical_scope_requires_review	../Qwen3-0.6B	wikitext/wikitext-2-raw-v1/test	4096	512			20.0209	5503	4		2.1803	0.7267666666666667	True	32	True	1e7d43e1f35385c680e32a61fc80573aabbc8a83cf1b584f2b6b45502d916ac6
../data	calib-data/26db/ppl_results_MXFP8_fix_time.json	snapshots/data/calib-data/26db/ppl_results_MXFP8_fix_time.json	historical_figure_support	historical_scope_requires_review	../Qwen3-0.6B	wikitext/wikitext-2-raw-v1/test	4096	512			20.0594	5503	4		2.2507	0.7502333333333334	True	32	True	36c4adfcfd706f486eafca33ccf3065d6c4a393fb186dae889f829dae4322b90
../data	calib-data/27db/ppl_results_MXFP8_fix_time.json	snapshots/data/calib-data/27db/ppl_results_MXFP8_fix_time.json	historical_figure_support	historical_scope_requires_review	../Qwen3-0.6B	wikitext/wikitext-2-raw-v1/test	4096	512			20.1169	5503	4		2.3121	0.7707	True	32	True	1b19299c171155ed0ced96f10e8226ddc19bbc8936d89d597ff80299d4e8a51e
../data	calib-data/29db/ppl_results_MXFP8_fix_time.json	snapshots/data/calib-data/29db/ppl_results_MXFP8_fix_time.json	historical_figure_support	historical_scope_requires_review	../Qwen3-0.6B	wikitext/wikitext-2-raw-v1/test	4096	512			20.0744	5503	4		2.4255	0.8085	True	32	True	d0bd2fe8d1a79956c62b8ec055edce0541e38f82eb71d5fe5789dfc354e8b30f
../data	calib-data/30db/ppl_results_MXFP8_fix_time.json	snapshots/data/calib-data/30db/ppl_results_MXFP8_fix_time.json	historical_figure_support	historical_scope_requires_review	../Qwen3-0.6B	wikitext/wikitext-2-raw-v1/test	4096	512			19.9463	5503	4		2.4824	0.8274666666666667	True	32	True	1c4e394c4698e50fecf9b100285c4515405fa4e9d3249d09c89c930225f9e79b
../data	calib-data/ppl_results_MXFP8.json	snapshots/data/calib-data/ppl_results_MXFP8.json	historical_figure_support	historical_scope_requires_review	../Qwen3-8B	wikitext/wikitext-2-raw-v1/test	4096	512			442.924	8	1	off			True	32	False	1719dc45e12c7f6fa04adde01218813275794e68414afff6e33045dacde60eb9
../data	calib-data/ppl_results_MXFP8_MSD_27db_calib.json	snapshots/data/calib-data/ppl_results_MXFP8_MSD_27db_calib.json	historical_figure_support	historical_scope_requires_review	../Qwen3-0.6B	wikitext/wikitext-2-raw-v1/test	4096	512			17.4177	299078	578		3.1357	1.0452333333333332	True	32	True	3876c135e28d9073a8a62ca26c24100b1bb445bd9d9d1914e693f2a401573b3c
../data	calib-data/ppl_results_MXFP8_MSD_B16.json	snapshots/data/calib-data/ppl_results_MXFP8_MSD_B16.json	historical_figure_support	historical_scope_requires_review	../Qwen3-0.6B	wikitext/wikitext-2-raw-v1/test	4096	512			11.2799	1361	1		8.607	2.8689999999999998	True	32	True	cd95246309ff822833a96e557668ccbebbc253c6fbd3020c008ab445d4bbc6bb
../data	calib-data/ppl_results_MXFP8_MSD_B16_pipeline.json	snapshots/data/calib-data/ppl_results_MXFP8_MSD_B16_pipeline.json	historical_figure_support	historical_scope_requires_review	../Qwen3-0.6B	wikitext/wikitext-2-raw-v1/test	4096	512			709423.5537	432	1				True	32	True	9cffc69a2398098c445f7e7006d1b2bdb28d64b56c0c09f6577527f183b93718
../data	calib-data/ppl_results_baseline.json	snapshots/data/calib-data/ppl_results_baseline.json	historical_figure_support	historical_scope_requires_review	../Llama-3.2-3B	wikitext/wikitext-2-raw-v1/test	4096	512	2		579.27	9	1	off			False	32	False	f7ecaa1c433f0d2759bfb923bab50c69d152b71630c63bf9d1b03b4e2b4011cc
../data	ppl_results_MXFP8.json	snapshots/data/ppl_results_MXFP8.json	historical_baseline	historical_scope_requires_review	../Qwen3-0.6B	wikitext/wikitext-2-raw-v1/test	4096	512			17.2755	299078	578							2ee60fcf54ad505af8348fd7d10c7bcb8285af4d96c25c438d14995ef11bee5c
../data	ppl_results_baseline.json	snapshots/data/ppl_results_baseline.json	historical_baseline	historical_scope_requires_review	../Qwen3-0.6B	wikitext/wikitext-2-raw-v1/test	4096	512			17.3443	299078	578							930bcef6873131a19ec76b93471fc8a32073848464c1fae754a835ce66d3e589
../data	qwen3_final_experiments/fixed_sum17_ppl_stats300/qwen0_6b/snr17db/ppl/full_no_stats/ppl_results_MXFP8_fixed_sum_qwen0_6b_snr17db_full_no_stats.json	snapshots/data/qwen3_final_experiments/fixed_sum17_ppl_stats300/qwen0_6b/snr17db/ppl/full_no_stats/ppl_results_MXFP8_fixed_sum_qwen0_6b_snr17db_full_no_stats.json	full_ppl_or_sampled_work_17db	full_test	../Qwen3-0.6B	wikitext/wikitext-2-raw-v1/test	4096	512			19.4307	299078	578	off			True	32	True	1b855faf65576445188b440f872ed5ad16904bf09c8816ac1dc70d30e43938bf
../data	qwen3_final_experiments/fixed_sum17_ppl_stats300/qwen0_6b/snr17db/ppl/stats_limit300/ppl_results_MXFP8_fixed_sum_qwen0_6b_snr17db_stats_limit300.json	snapshots/data/qwen3_final_experiments/fixed_sum17_ppl_stats300/qwen0_6b/snr17db/ppl/stats_limit300/ppl_results_MXFP8_fixed_sum_qwen0_6b_snr17db_stats_limit300.json	full_ppl_or_sampled_work_17db	limit_samples_300	../Qwen3-0.6B	wikitext/wikitext-2-raw-v1/test	4096	512	300		17.908	22336	37	lite	1.4703	0.4901	True	32	True	4b93c22082306dadcade365da4595220ca5c3cf7e848dca3d15b2e5898eda3ff
../data	qwen3_final_experiments/fixed_sum17_ppl_stats300/qwen1_7b/snr17db/ppl/full_no_stats/ppl_results_MXFP8_fixed_sum_qwen1_7b_snr17db_full_no_stats.json	snapshots/data/qwen3_final_experiments/fixed_sum17_ppl_stats300/qwen1_7b/snr17db/ppl/full_no_stats/ppl_results_MXFP8_fixed_sum_qwen1_7b_snr17db_full_no_stats.json	full_ppl_or_sampled_work_17db	full_test	../Qwen3-1.7B	wikitext/wikitext-2-raw-v1/test	4096	512			14.9315	299078	578	off			True	32	True	7498e9c49ccb2f1019c4d3716e01867f906d1abd6158d9ea768bfddc8bb95c25
../data	qwen3_final_experiments/fixed_sum17_ppl_stats300/qwen1_7b/snr17db/ppl/stats_limit300/ppl_results_MXFP8_fixed_sum_qwen1_7b_snr17db_stats_limit300.json	snapshots/data/qwen3_final_experiments/fixed_sum17_ppl_stats300/qwen1_7b/snr17db/ppl/stats_limit300/ppl_results_MXFP8_fixed_sum_qwen1_7b_snr17db_stats_limit300.json	full_ppl_or_sampled_work_17db	limit_samples_300	../Qwen3-1.7B	wikitext/wikitext-2-raw-v1/test	4096	512	300		13.7575	22336	37	lite	1.4183	0.4727666666666666	True	32	True	7e7d50c947d6674b206998d3955f9605d0bd8149e8abf597c3aa74f0f98320a9
../data	qwen3_final_experiments/fixed_sum17_ppl_stats300/qwen4b/snr17db/ppl/full_no_stats/ppl_results_MXFP8_fixed_sum_qwen4b_snr17db_full_no_stats.json	snapshots/data/qwen3_final_experiments/fixed_sum17_ppl_stats300/qwen4b/snr17db/ppl/full_no_stats/ppl_results_MXFP8_fixed_sum_qwen4b_snr17db_full_no_stats.json	full_ppl_or_sampled_work_17db	full_test	../Qwen3-4B	wikitext/wikitext-2-raw-v1/test	4096	512			13.706	299078	578	off			True	32	True	4781e272861d05037665d9a9b6ac74b7eeb56ae3e3c2ae86173fb75cb42f46a2
../data	qwen3_final_experiments/fixed_sum17_ppl_stats300/qwen4b/snr17db/ppl/stats_limit300/ppl_results_MXFP8_fixed_sum_qwen4b_snr17db_stats_limit300.json	snapshots/data/qwen3_final_experiments/fixed_sum17_ppl_stats300/qwen4b/snr17db/ppl/stats_limit300/ppl_results_MXFP8_fixed_sum_qwen4b_snr17db_stats_limit300.json	full_ppl_or_sampled_work_17db	limit_samples_300	../Qwen3-4B	wikitext/wikitext-2-raw-v1/test	4096	512	300		12.548	22336	37	lite	1.4638	0.48793333333333333	True	32	True	88db9d92038deb600203d8ce2bee942b0adc1cc4cd4d47fe2633bfc6f554b7a1
../data	qwen3_final_experiments/fixed_sum17_ppl_stats300/qwen8b/snr17db/ppl/full_no_stats/ppl_results_MXFP8_fixed_sum_qwen8b_snr17db_full_no_stats.json	snapshots/data/qwen3_final_experiments/fixed_sum17_ppl_stats300/qwen8b/snr17db/ppl/full_no_stats/ppl_results_MXFP8_fixed_sum_qwen8b_snr17db_full_no_stats.json	full_ppl_or_sampled_work_17db	full_test	../Qwen3-8B	wikitext/wikitext-2-raw-v1/test	4096	512			11.5926	299078	578	off			True	32	True	74fc38d782c4f8d41e3140a36bd078a010756b098a530652e9d8b4a7a45540ab
../data	qwen3_final_experiments/model_sweep_4gpu/qwen0_6b/full/act_base/2-4/ppl_results_MXFP8.json	snapshots/data/qwen3_final_experiments/model_sweep_4gpu/qwen0_6b/full/act_base/2-4/ppl_results_MXFP8.json	full_ppl_scale	full_test	../Qwen3-0.6B	wikitext/wikitext-2-raw-v1/test	4096	512			37.5716	299078	578				True	32	False	3953a0ddb71c9fab8e54e55dc518ec8c6e939ae38d863829c039f0cacdb6971a
../data	qwen3_final_experiments/model_sweep_4gpu/qwen0_6b/full/ppl/fixed_sum30/ppl_results_MXFP8_fixed_sum30_qwen0_6b_sweep_full.json	snapshots/data/qwen3_final_experiments/model_sweep_4gpu/qwen0_6b/full/ppl/fixed_sum30/ppl_results_MXFP8_fixed_sum30_qwen0_6b_sweep_full.json	full_ppl_scale	full_test	../Qwen3-0.6B	wikitext/wikitext-2-raw-v1/test	4096	512			17.3212	299078	578	off			True	32	True	4de14ea5bcfce25457f14a57e73af4982968e9be70a0a451a9ad30036fa45740
../data	qwen3_final_experiments/model_sweep_4gpu/qwen0_6b/full/ppl/mxfp8/ppl_results_MXFP8_qwen0_6b_sweep_full.json	snapshots/data/qwen3_final_experiments/model_sweep_4gpu/qwen0_6b/full/ppl/mxfp8/ppl_results_MXFP8_qwen0_6b_sweep_full.json	full_ppl_scale	full_test	../Qwen3-0.6B	wikitext/wikitext-2-raw-v1/test	4096	512			17.2754	299078	578	off			True	32	False	40e8f48ef6636f71df285e776fd1cad7a06aba7ffc712fb92bf1656e86ecefbc
../data	qwen3_final_experiments/model_sweep_4gpu/qwen0_6b/full/wanda_base/2-4/ppl_results_MXFP8_qwen0_6b_sweep_full.json	snapshots/data/qwen3_final_experiments/model_sweep_4gpu/qwen0_6b/full/wanda_base/2-4/ppl_results_MXFP8_qwen0_6b_sweep_full.json	full_ppl_scale	full_test	../Qwen3-0.6B	wikitext/wikitext-2-raw-v1/test	4096	512			40.3042	299078	578				True	32	False	2e1598ce5fd42a4a3e2bfa60ffb9dcea06aadf2468f143f7a5b8032793ca4c40
../data	qwen3_final_experiments/model_sweep_4gpu/qwen1_7b/full/act_base/2-4/ppl_results_MXFP8.json	snapshots/data/qwen3_final_experiments/model_sweep_4gpu/qwen1_7b/full/act_base/2-4/ppl_results_MXFP8.json	full_ppl_scale	full_test	../Qwen3-1.7B	wikitext/wikitext-2-raw-v1/test	4096	512			20.9451	299078	578				True	32	False	4f2e75584b343ef0c605f64f24da05ad5babca9dce1d9dae31ffd661c3658714
../data	qwen3_final_experiments/model_sweep_4gpu/qwen1_7b/full/ppl/fixed_sum30/ppl_results_MXFP8_fixed_sum30_qwen1_7b_sweep_full.json	snapshots/data/qwen3_final_experiments/model_sweep_4gpu/qwen1_7b/full/ppl/fixed_sum30/ppl_results_MXFP8_fixed_sum30_qwen1_7b_sweep_full.json	full_ppl_scale	full_test	../Qwen3-1.7B	wikitext/wikitext-2-raw-v1/test	4096	512			14.4661	299078	578	off			True	32	True	16ba043aeead90a7721d2c99da0914bf4a666cc4ee305becf413ccd1aa2e9aa9
../data	qwen3_final_experiments/model_sweep_4gpu/qwen1_7b/full/ppl/mxfp8/ppl_results_MXFP8_qwen1_7b_sweep_full.json	snapshots/data/qwen3_final_experiments/model_sweep_4gpu/qwen1_7b/full/ppl/mxfp8/ppl_results_MXFP8_qwen1_7b_sweep_full.json	full_ppl_scale	full_test	../Qwen3-1.7B	wikitext/wikitext-2-raw-v1/test	4096	512			14.6248	299078	578	off			True	32	False	1cee3797e72dd44e41c77335f201c5767c19d318ff40bb7d55a4bdc6c3dd7a84
../data	qwen3_final_experiments/model_sweep_4gpu/qwen1_7b/full/wanda_base/2-4/ppl_results_MXFP8_qwen1_7b_sweep_full.json	snapshots/data/qwen3_final_experiments/model_sweep_4gpu/qwen1_7b/full/wanda_base/2-4/ppl_results_MXFP8_qwen1_7b_sweep_full.json	full_ppl_scale	full_test	../Qwen3-1.7B	wikitext/wikitext-2-raw-v1/test	4096	512			27.2134	299078	578				True	32	False	bb78f6d581620fd940ad65c201574bbcffa4a3b7a03d76eb097ef6931c58c60a
../data	qwen3_final_experiments/model_sweep_4gpu/qwen4b/full/act_base/2-4/ppl_results_MXFP8.json	snapshots/data/qwen3_final_experiments/model_sweep_4gpu/qwen4b/full/act_base/2-4/ppl_results_MXFP8.json	full_ppl_scale	full_test	../Qwen3-4B	wikitext/wikitext-2-raw-v1/test	4096	512			16.5446	299078	578				True	32	False	7becf39b6d2b59cca5ccb024e97961c21066cafdda8420cd4130368f107dc3b3
../data	qwen3_final_experiments/model_sweep_4gpu/qwen4b/full/ppl/fixed_sum30/ppl_results_MXFP8_fixed_sum30_qwen4b_sweep_full.json	snapshots/data/qwen3_final_experiments/model_sweep_4gpu/qwen4b/full/ppl/fixed_sum30/ppl_results_MXFP8_fixed_sum30_qwen4b_sweep_full.json	full_ppl_scale	full_test	../Qwen3-4B	wikitext/wikitext-2-raw-v1/test	4096	512			11.2926	299078	578	off			True	32	True	28e0b72a451dc05cb31e77a92ee5cf854b815916f01494c54446f3c32d74dc5c
../data	qwen3_final_experiments/model_sweep_4gpu/qwen4b/full/ppl/mxfp8/ppl_results_MXFP8_qwen4b_sweep_full.json	snapshots/data/qwen3_final_experiments/model_sweep_4gpu/qwen4b/full/ppl/mxfp8/ppl_results_MXFP8_qwen4b_sweep_full.json	full_ppl_scale	full_test	../Qwen3-4B	wikitext/wikitext-2-raw-v1/test	4096	512			11.2757	299078	578	off			True	32	False	9d883235f5d0263a81d86b7de274e214d15aa4ae71810f1f994ef8292aa9c9b6
../data	qwen3_final_experiments/model_sweep_4gpu/qwen4b/full/wanda_base/2-4/ppl_results_MXFP8_qwen4b_sweep_full.json	snapshots/data/qwen3_final_experiments/model_sweep_4gpu/qwen4b/full/wanda_base/2-4/ppl_results_MXFP8_qwen4b_sweep_full.json	full_ppl_scale	full_test	../Qwen3-4B	wikitext/wikitext-2-raw-v1/test	4096	512			18.7089	299078	578				True	32	False	cd42598dc844f4869f68230b7a5a1ff4657a591780626b1000d84d8329b70097
../data	qwen3_final_experiments/model_sweep_4gpu/qwen8b/full/act_base/2-4/ppl_results_MXFP8.json	snapshots/data/qwen3_final_experiments/model_sweep_4gpu/qwen8b/full/act_base/2-4/ppl_results_MXFP8.json	full_ppl_scale	full_test	../Qwen3-8B	wikitext/wikitext-2-raw-v1/test	4096	512			10.6433	299078	578				True	32	False	988793dcc59fdb6c7b1b7b5aba4f9e2a2b2c21ea29a13ebad11c51ec39a3549e
../data	qwen3_final_experiments/model_sweep_4gpu/qwen8b/full/ppl/fixed_sum30/ppl_results_MXFP8_fixed_sum30_qwen8b_sweep_full.json	snapshots/data/qwen3_final_experiments/model_sweep_4gpu/qwen8b/full/ppl/fixed_sum30/ppl_results_MXFP8_fixed_sum30_qwen8b_sweep_full.json	full_ppl_scale	full_test	../Qwen3-8B	wikitext/wikitext-2-raw-v1/test	4096	512			8.3177	299078	578	off			True	32	True	ec560d943f323834516aeb8190425b7be0fd9ca2ea92c8f9240467951b971947
../data	qwen3_final_experiments/model_sweep_4gpu/qwen8b/full/ppl/mxfp8/ppl_results_MXFP8_qwen8b_sweep_full.json	snapshots/data/qwen3_final_experiments/model_sweep_4gpu/qwen8b/full/ppl/mxfp8/ppl_results_MXFP8_qwen8b_sweep_full.json	full_ppl_scale	full_test	../Qwen3-8B	wikitext/wikitext-2-raw-v1/test	4096	512			8.2964	299078	578	off			True	32	False	984462c73da7e0fdc00f6a378c16f919b08e428448d1bd4a150b77dcd2f34b31
../data	qwen3_final_experiments/model_sweep_4gpu/qwen8b/full/wanda_base/2-4/ppl_results_MXFP8_qwen8b_sweep_full.json	snapshots/data/qwen3_final_experiments/model_sweep_4gpu/qwen8b/full/wanda_base/2-4/ppl_results_MXFP8_qwen8b_sweep_full.json	full_ppl_scale	full_test	../Qwen3-8B	wikitext/wikitext-2-raw-v1/test	4096	512			12.4731	299078	578				True	32	False	6bf1678106cc2f73ba4e47c496616acb84532a64e38f020bf59e7707f722acec
../data	qwen3_final_experiments/sparsity_norm_sweep300/baselines/qwen1_7b/act_base/1-4/ppl_results_MXFP8.json	snapshots/data/qwen3_final_experiments/sparsity_norm_sweep300/baselines/qwen1_7b/act_base/1-4/ppl_results_MXFP8.json	sampled_work_quality_sweep	limit_samples_300	../Qwen3-1.7B	wikitext/wikitext-2-raw-v1/test	4096	512	300		1535.9246	22336	37				True	32	False	fe9d54cdb7733a0ec49ec3d8e44e7293e8fc77ee4b7468b1d6e26dac65432a71
../data	qwen3_final_experiments/sparsity_norm_sweep300/baselines/qwen1_7b/act_base/2-4/ppl_results_MXFP8.json	snapshots/data/qwen3_final_experiments/sparsity_norm_sweep300/baselines/qwen1_7b/act_base/2-4/ppl_results_MXFP8.json	sampled_work_quality_sweep	limit_samples_300	../Qwen3-1.7B	wikitext/wikitext-2-raw-v1/test	4096	512	300		19.5281	22336	37				True	32	False	b35013c66483c5cdc00c7cc3a583d4d0584b7fcad1dcd600233fb1959e87c92f
../data	qwen3_final_experiments/sparsity_norm_sweep300/baselines/qwen1_7b/act_base/3-4/ppl_results_MXFP8.json	snapshots/data/qwen3_final_experiments/sparsity_norm_sweep300/baselines/qwen1_7b/act_base/3-4/ppl_results_MXFP8.json	sampled_work_quality_sweep	limit_samples_300	../Qwen3-1.7B	wikitext/wikitext-2-raw-v1/test	4096	512	300		14.1858	22336	37				True	32	False	4354eb8c2b8cb8be89ed397efdf291b9554fa2609157b519882f718a493bcb97
../data	qwen3_final_experiments/sparsity_norm_sweep300/baselines/qwen1_7b/wanda_base/1-4/ppl_results_MXFP8_qwen1_7b_sweep300.json	snapshots/data/qwen3_final_experiments/sparsity_norm_sweep300/baselines/qwen1_7b/wanda_base/1-4/ppl_results_MXFP8_qwen1_7b_sweep300.json	sampled_work_quality_sweep	limit_samples_300	../Qwen3-1.7B	wikitext/wikitext-2-raw-v1/test	4096	512	300		74111.1197	22336	37				True	32	False	4cabe625aef78ac28e9bf9ec0db75fdd97ec25e67604ae2aec712108e09dd4c9
../data	qwen3_final_experiments/sparsity_norm_sweep300/baselines/qwen1_7b/wanda_base/2-4/ppl_results_MXFP8_qwen1_7b_sweep300.json	snapshots/data/qwen3_final_experiments/sparsity_norm_sweep300/baselines/qwen1_7b/wanda_base/2-4/ppl_results_MXFP8_qwen1_7b_sweep300.json	sampled_work_quality_sweep	limit_samples_300	../Qwen3-1.7B	wikitext/wikitext-2-raw-v1/test	4096	512	300		25.6875	22336	37				True	32	False	b68a0089bd9d85786f867e13d60aeb4437843a10593d6b9c9c2e4ef398168f35
../data	qwen3_final_experiments/sparsity_norm_sweep300/baselines/qwen1_7b/wanda_base/3-4/ppl_results_MXFP8_qwen1_7b_sweep300.json	snapshots/data/qwen3_final_experiments/sparsity_norm_sweep300/baselines/qwen1_7b/wanda_base/3-4/ppl_results_MXFP8_qwen1_7b_sweep300.json	sampled_work_quality_sweep	limit_samples_300	../Qwen3-1.7B	wikitext/wikitext-2-raw-v1/test	4096	512	300		14.5777	22336	37				True	32	False	61ebe02b5c86840e3ef684774f9c6204bbece0745f0e2ee8db16f0c51af5ee94
../data	qwen3_final_experiments/sparsity_norm_sweep300/baselines/qwen4b/act_base/1-4/ppl_results_MXFP8.json	snapshots/data/qwen3_final_experiments/sparsity_norm_sweep300/baselines/qwen4b/act_base/1-4/ppl_results_MXFP8.json	sampled_work_quality_sweep	limit_samples_300	../Qwen3-4B	wikitext/wikitext-2-raw-v1/test	4096	512	300		3413.9344	22336	37				True	32	False	904d2068514c1aa60f16894dfc84d805fc3447c31fa23aaed5ef60549641c78b
../data	qwen3_final_experiments/sparsity_norm_sweep300/baselines/qwen4b/act_base/2-4/ppl_results_MXFP8.json	snapshots/data/qwen3_final_experiments/sparsity_norm_sweep300/baselines/qwen4b/act_base/2-4/ppl_results_MXFP8.json	sampled_work_quality_sweep	limit_samples_300	../Qwen3-4B	wikitext/wikitext-2-raw-v1/test	4096	512	300		15.1895	22336	37				True	32	False	49edd103a9202a34f7f3da13f7abcf8157ddb294323539b4b5e98bdecd0f2f3a
../data	qwen3_final_experiments/sparsity_norm_sweep300/baselines/qwen4b/act_base/3-4/ppl_results_MXFP8.json	snapshots/data/qwen3_final_experiments/sparsity_norm_sweep300/baselines/qwen4b/act_base/3-4/ppl_results_MXFP8.json	sampled_work_quality_sweep	limit_samples_300	../Qwen3-4B	wikitext/wikitext-2-raw-v1/test	4096	512	300		11.0949	22336	37				True	32	False	d4bbcb51c82856e732695252eebe8d03b6ab5aaa0124f952719cdbd3c003dff0
../data	qwen3_final_experiments/sparsity_norm_sweep300/baselines/qwen4b/wanda_base/1-4/ppl_results_MXFP8_qwen4b_sweep300.json	snapshots/data/qwen3_final_experiments/sparsity_norm_sweep300/baselines/qwen4b/wanda_base/1-4/ppl_results_MXFP8_qwen4b_sweep300.json	sampled_work_quality_sweep	limit_samples_300	../Qwen3-4B	wikitext/wikitext-2-raw-v1/test	4096	512	300		1659.2888	22336	37				True	32	False	4cbb57b881d8f9d93331790e9868ca28aa805a78f3eb4c51aa250d9dcd12a425
../data	qwen3_final_experiments/sparsity_norm_sweep300/baselines/qwen4b/wanda_base/2-4/ppl_results_MXFP8_qwen4b_sweep300.json	snapshots/data/qwen3_final_experiments/sparsity_norm_sweep300/baselines/qwen4b/wanda_base/2-4/ppl_results_MXFP8_qwen4b_sweep300.json	sampled_work_quality_sweep	limit_samples_300	../Qwen3-4B	wikitext/wikitext-2-raw-v1/test	4096	512	300		18.0816	22336	37				True	32	False	86412a024088eb3e9123599cceddcf215aa3427b84cd6b58c902ab0a4a063186
../data	qwen3_final_experiments/sparsity_norm_sweep300/baselines/qwen4b/wanda_base/3-4/ppl_results_MXFP8_qwen4b_sweep300.json	snapshots/data/qwen3_final_experiments/sparsity_norm_sweep300/baselines/qwen4b/wanda_base/3-4/ppl_results_MXFP8_qwen4b_sweep300.json	sampled_work_quality_sweep	limit_samples_300	../Qwen3-4B	wikitext/wikitext-2-raw-v1/test	4096	512	300		11.6613	22336	37				True	32	False	36e7b286874d55bdaf5d57c01f51cfcbab0b75e2e6f6cd4d998a364fdbc426b1
../data	qwen3_final_experiments/sparsity_norm_sweep300/baselines/qwen8b/act_base/1-4/ppl_results_MXFP8.json	snapshots/data/qwen3_final_experiments/sparsity_norm_sweep300/baselines/qwen8b/act_base/1-4/ppl_results_MXFP8.json	sampled_work_quality_sweep	limit_samples_300	../Qwen3-8B	wikitext/wikitext-2-raw-v1/test	4096	512	300		307.0403	22336	37				True	32	False	1265a653e135b9d5a7bc042d217fb5751d43565486bc01c5dd641c406148c798
../data	qwen3_final_experiments/sparsity_norm_sweep300/baselines/qwen8b/act_base/2-4/ppl_results_MXFP8.json	snapshots/data/qwen3_final_experiments/sparsity_norm_sweep300/baselines/qwen8b/act_base/2-4/ppl_results_MXFP8.json	sampled_work_quality_sweep	limit_samples_300	../Qwen3-8B	wikitext/wikitext-2-raw-v1/test	4096	512	300		9.9869	22336	37				True	32	False	f07640b0502a6fa60b92a03ecec645bac654b8b5948ca1c22a036bf1f519baba
../data	qwen3_final_experiments/sparsity_norm_sweep300/baselines/qwen8b/act_base/3-4/ppl_results_MXFP8.json	snapshots/data/qwen3_final_experiments/sparsity_norm_sweep300/baselines/qwen8b/act_base/3-4/ppl_results_MXFP8.json	sampled_work_quality_sweep	limit_samples_300	../Qwen3-8B	wikitext/wikitext-2-raw-v1/test	4096	512	300		7.9725	22336	37				True	32	False	6c741e1f8c481d76036a6730a12f168b371c17ba8fb413acbad7003628575490
../data	qwen3_final_experiments/sparsity_norm_sweep300/baselines/qwen8b/wanda_base/1-4/ppl_results_MXFP8_qwen8b_sweep300.json	snapshots/data/qwen3_final_experiments/sparsity_norm_sweep300/baselines/qwen8b/wanda_base/1-4/ppl_results_MXFP8_qwen8b_sweep300.json	sampled_work_quality_sweep	limit_samples_300	../Qwen3-8B	wikitext/wikitext-2-raw-v1/test	4096	512	300		513.4105	22336	37				True	32	False	c87b2ba4a7adbe7883eb594cc8bf9b1d59ae91b66d15d9998648adc82e1c0abf
../data	qwen3_final_experiments/sparsity_norm_sweep300/baselines/qwen8b/wanda_base/2-4/ppl_results_MXFP8_qwen8b_sweep300.json	snapshots/data/qwen3_final_experiments/sparsity_norm_sweep300/baselines/qwen8b/wanda_base/2-4/ppl_results_MXFP8_qwen8b_sweep300.json	sampled_work_quality_sweep	limit_samples_300	../Qwen3-8B	wikitext/wikitext-2-raw-v1/test	4096	512	300		11.4819	22336	37				True	32	False	7dbb66b732078ec9c3d3cb61e2eff4bb5206b0d5bb059bc78a4dbd4202859b64
../data	qwen3_final_experiments/sparsity_norm_sweep300/baselines/qwen8b/wanda_base/3-4/ppl_results_MXFP8_qwen8b_sweep300.json	snapshots/data/qwen3_final_experiments/sparsity_norm_sweep300/baselines/qwen8b/wanda_base/3-4/ppl_results_MXFP8_qwen8b_sweep300.json	sampled_work_quality_sweep	limit_samples_300	../Qwen3-8B	wikitext/wikitext-2-raw-v1/test	4096	512	300		8.2216	22336	37				True	32	False	a7c554b7470a35332ee35c910873ca8de28e4b9f33afe64add10e9abe53f2b70
../data	qwen3_final_experiments/sparsity_norm_sweep300/fixed_sum/qwen1_7b/snr15db/ppl/stats_limit300/ppl_results_MXFP8_fixed_sum_qwen1_7b_snr15db_stats_limit300.json	snapshots/data/qwen3_final_experiments/sparsity_norm_sweep300/fixed_sum/qwen1_7b/snr15db/ppl/stats_limit300/ppl_results_MXFP8_fixed_sum_qwen1_7b_snr15db_stats_limit300.json	sampled_work_quality_sweep	limit_samples_300	../Qwen3-1.7B	wikitext/wikitext-2-raw-v1/test	4096	512	300		36.5666	22336	37	lite	1.211	0.4036666666666667	True	32	True	53439a86f0907170fbf99b5219f94b174855fd39600cdc9baad09ae589716d43
../data	qwen3_final_experiments/sparsity_norm_sweep300/fixed_sum/qwen1_7b/snr17db/ppl/stats_limit300/ppl_results_MXFP8_fixed_sum_qwen1_7b_snr17db_stats_limit300.json	snapshots/data/qwen3_final_experiments/sparsity_norm_sweep300/fixed_sum/qwen1_7b/snr17db/ppl/stats_limit300/ppl_results_MXFP8_fixed_sum_qwen1_7b_snr17db_stats_limit300.json	sampled_work_quality_sweep	limit_samples_300	../Qwen3-1.7B	wikitext/wikitext-2-raw-v1/test	4096	512	300		13.7575	22336	37	lite	1.4183	0.4727666666666666	True	32	True	7b8edf8aa507affd073a6d3c0e10fe225927560ab71d96626cdb24d4397a4710
../data	qwen3_final_experiments/sparsity_norm_sweep300/fixed_sum/qwen1_7b/snr20db/ppl/stats_limit300/ppl_results_MXFP8_fixed_sum_qwen1_7b_snr20db_stats_limit300.json	snapshots/data/qwen3_final_experiments/sparsity_norm_sweep300/fixed_sum/qwen1_7b/snr20db/ppl/stats_limit300/ppl_results_MXFP8_fixed_sum_qwen1_7b_snr20db_stats_limit300.json	sampled_work_quality_sweep	limit_samples_300	../Qwen3-1.7B	wikitext/wikitext-2-raw-v1/test	4096	512	300		13.278	22336	37	lite	1.688	0.5626666666666666	True	32	True	ad17374a82ffae4445bd308b2ddc76d36ea8d81980178c1965075d3856c04f8d
../data	qwen3_final_experiments/sparsity_norm_sweep300/fixed_sum/qwen4b/snr15db/ppl/stats_limit300/ppl_results_MXFP8_fixed_sum_qwen4b_snr15db_stats_limit300.json	snapshots/data/qwen3_final_experiments/sparsity_norm_sweep300/fixed_sum/qwen4b/snr15db/ppl/stats_limit300/ppl_results_MXFP8_fixed_sum_qwen4b_snr15db_stats_limit300.json	sampled_work_quality_sweep	limit_samples_300	../Qwen3-4B	wikitext/wikitext-2-raw-v1/test	4096	512	300		16.2169	22336	37	lite	1.2614	0.4204666666666667	True	32	True	d9d53e3ecc871bac08652cfcbd2249eb735b977383766f297ff277ff9deb3b4e
../data	qwen3_final_experiments/sparsity_norm_sweep300/fixed_sum/qwen4b/snr17db/ppl/stats_limit300/ppl_results_MXFP8_fixed_sum_qwen4b_snr17db_stats_limit300.json	snapshots/data/qwen3_final_experiments/sparsity_norm_sweep300/fixed_sum/qwen4b/snr17db/ppl/stats_limit300/ppl_results_MXFP8_fixed_sum_qwen4b_snr17db_stats_limit300.json	sampled_work_quality_sweep	limit_samples_300	../Qwen3-4B	wikitext/wikitext-2-raw-v1/test	4096	512	300		12.548	22336	37	lite	1.4638	0.48793333333333333	True	32	True	32f5768834b125546f058b71141c4b16f0c7b95d78d6dbebff861498056940f0
../data	qwen3_final_experiments/sparsity_norm_sweep300/fixed_sum/qwen4b/snr20db/ppl/stats_limit300/ppl_results_MXFP8_fixed_sum_qwen4b_snr20db_stats_limit300.json	snapshots/data/qwen3_final_experiments/sparsity_norm_sweep300/fixed_sum/qwen4b/snr20db/ppl/stats_limit300/ppl_results_MXFP8_fixed_sum_qwen4b_snr20db_stats_limit300.json	sampled_work_quality_sweep	limit_samples_300	../Qwen3-4B	wikitext/wikitext-2-raw-v1/test	4096	512	300		10.9776	22336	37	lite	1.7344	0.5781333333333333	True	32	True	90c5946ab65daa2162a47d0c96a3c8741cbeac6c6ed9c7cc644b13bafbf13e38
../data	qwen3_final_experiments/sparsity_norm_sweep300/fixed_sum/qwen8b/snr15db/ppl/stats_limit300/ppl_results_MXFP8_fixed_sum_qwen8b_snr15db_stats_limit300.json	snapshots/data/qwen3_final_experiments/sparsity_norm_sweep300/fixed_sum/qwen8b/snr15db/ppl/stats_limit300/ppl_results_MXFP8_fixed_sum_qwen8b_snr15db_stats_limit300.json	sampled_work_quality_sweep	limit_samples_300	../Qwen3-8B	wikitext/wikitext-2-raw-v1/test	4096	512	300		12.5639	22336	37	lite	1.2184	0.4061333333333333	True	32	True	a4ab92375c88b481641e145de372d407e87a6008eb4dff4f47e541f7f5972d2d
../data	qwen3_final_experiments/sparsity_norm_sweep300/fixed_sum/qwen8b/snr17db/ppl/stats_limit300/ppl_results_MXFP8_fixed_sum_qwen8b_snr17db_stats_limit300.json	snapshots/data/qwen3_final_experiments/sparsity_norm_sweep300/fixed_sum/qwen8b/snr17db/ppl/stats_limit300/ppl_results_MXFP8_fixed_sum_qwen8b_snr17db_stats_limit300.json	sampled_work_quality_sweep	limit_samples_300	../Qwen3-8B	wikitext/wikitext-2-raw-v1/test	4096	512	300		10.5974	22336	37	lite	1.4197	0.47323333333333334	True	32	True	01b4d5fd81e1c94e4fb6a8508fdf2d83d48f2a8b762c770a7f661aa70bf7881d
../data	qwen3_final_experiments/sparsity_norm_sweep300/fixed_sum/qwen8b/snr20db/ppl/stats_limit300/ppl_results_MXFP8_fixed_sum_qwen8b_snr20db_stats_limit300.json	snapshots/data/qwen3_final_experiments/sparsity_norm_sweep300/fixed_sum/qwen8b/snr20db/ppl/stats_limit300/ppl_results_MXFP8_fixed_sum_qwen8b_snr20db_stats_limit300.json	sampled_work_quality_sweep	limit_samples_300	../Qwen3-8B	wikitext/wikitext-2-raw-v1/test	4096	512	300		8.4387	22336	37	lite	1.6951	0.5650333333333334	True	32	True	9870a0d4703a9fd4401f07b47622a4ed3c540e6472cb80740ef87697a00b0ee5
../data	rebuttal_experiments/full_precision_baselines/llama32_3b/ppl_results_FP16_llama32_3b_limit300.json	snapshots/data/rebuttal_experiments/full_precision_baselines/llama32_3b/ppl_results_FP16_llama32_3b_limit300.json	rebuttal_quality_or_sensitivity	limit_samples_300	../Llama-3.2-3B	wikitext/wikitext-2-raw-v1/test	4096	512	300		6.4944	21226	35	off			False	32	False	177a6fcd174f3dc92b0c2ff48034d7b852edb1fa3507471eeb2d1934977eb4a1
../data	rebuttal_experiments/full_precision_baselines/qwen0_6b/ppl_results_FP16_qwen0_6b_limit300.json	snapshots/data/rebuttal_experiments/full_precision_baselines/qwen0_6b/ppl_results_FP16_qwen0_6b_limit300.json	rebuttal_quality_or_sensitivity	limit_samples_300	../Qwen3-0.6B	wikitext/wikitext-2-raw-v1/test	4096	512	300		16.0084	22336	37	off			False	32	False	b818330af14d9706349e58e85f2e8363dc4e086637ade587010b604f2a34068a
../data	rebuttal_experiments/full_precision_baselines/qwen1_7b/ppl_results_FP16_qwen1_7b_limit300.json	snapshots/data/rebuttal_experiments/full_precision_baselines/qwen1_7b/ppl_results_FP16_qwen1_7b_limit300.json	rebuttal_quality_or_sensitivity	limit_samples_300	../Qwen3-1.7B	wikitext/wikitext-2-raw-v1/test	4096	512	300		13.6237	22336	37	off			False	32	False	43382e2c21f99e1e2701eb8520bc3d5b285583631cb4192577cb8fe0f1790aa6
../data	rebuttal_experiments/full_precision_baselines/qwen4b/ppl_results_FP16_qwen4b_limit300.json	snapshots/data/rebuttal_experiments/full_precision_baselines/qwen4b/ppl_results_FP16_qwen4b_limit300.json	rebuttal_quality_or_sensitivity	limit_samples_300	../Qwen3-4B	wikitext/wikitext-2-raw-v1/test	4096	512	300		10.4383	22336	37	off			False	32	False	cbdef246a640e0d27f942b441c51abd1dc0a23d2ba79bfe59c1b05bcc9f75b93
../data	rebuttal_experiments/full_precision_baselines/qwen8b/ppl_results_FP16_qwen8b_limit300.json	snapshots/data/rebuttal_experiments/full_precision_baselines/qwen8b/ppl_results_FP16_qwen8b_limit300.json	rebuttal_quality_or_sensitivity	limit_samples_300	../Qwen3-8B	wikitext/wikitext-2-raw-v1/test	4096	512	300		7.6733	22336	37	off			False	32	False	5006046a0d9d5429bef1f2eef0aa0400ebaed5e37e93dff6f9672497eca741c2
../data	rebuttal_experiments/full_precision_baselines_full/llama32_3b/ppl_results_FP16_llama32_3b_full.json	snapshots/data/rebuttal_experiments/full_precision_baselines_full/llama32_3b/ppl_results_FP16_llama32_3b_full.json	rebuttal_quality_or_sensitivity	full_test	../Llama-3.2-3B	wikitext/wikitext-2-raw-v1/test	4096	512			6.7423	289077	558	off			False	32	False	e0e8f2ecaff74917f623f20e12d698d5a0acc9b89218c621ba4ed0637eee81b8
../data	rebuttal_experiments/full_precision_baselines_full/qwen0_6b/ppl_results_FP16_qwen0_6b_full.json	snapshots/data/rebuttal_experiments/full_precision_baselines_full/qwen0_6b/ppl_results_FP16_qwen0_6b_full.json	rebuttal_quality_or_sensitivity	full_test	../Qwen3-0.6B	wikitext/wikitext-2-raw-v1/test	4096	512			17.3443	299078	578	off			False	32	False	d5d24cf78770ed20fad5b3a944aab88b53c1cf02f9d0b9fb87c8c0b13f562bed
../data	rebuttal_experiments/full_precision_baselines_full/qwen1_7b/ppl_results_FP16_qwen1_7b_full.json	snapshots/data/rebuttal_experiments/full_precision_baselines_full/qwen1_7b/ppl_results_FP16_qwen1_7b_full.json	rebuttal_quality_or_sensitivity	full_test	../Qwen3-1.7B	wikitext/wikitext-2-raw-v1/test	4096	512			14.6644	299078	578	off			False	32	False	e3b4f8cc9ccfdc30ca2187a9a772edbc0335c235cbfa89d18f0f9d4c7dd513b2
../data	rebuttal_experiments/full_precision_baselines_full/qwen4b/ppl_results_FP16_qwen4b_full.json	snapshots/data/rebuttal_experiments/full_precision_baselines_full/qwen4b/ppl_results_FP16_qwen4b_full.json	rebuttal_quality_or_sensitivity	full_test	../Qwen3-4B	wikitext/wikitext-2-raw-v1/test	4096	512			11.2364	299078	578	off			False	32	False	a463a30f4fae62a02dbff55441a61e43c58bd1fa4508a23551f264962ff36cd2
../data	rebuttal_experiments/full_precision_baselines_full/qwen8b/ppl_results_FP16_qwen8b_full.json	snapshots/data/rebuttal_experiments/full_precision_baselines_full/qwen8b/ppl_results_FP16_qwen8b_full.json	rebuttal_quality_or_sensitivity	full_test	../Qwen3-8B	wikitext/wikitext-2-raw-v1/test	4096	512			8.2722	299078	578	off			False	32	False	c4d05e58ba2913783d6477910b3d1398fd504209b5643ccf0523a04abcd32278
../data	rebuttal_experiments/llama32_3b/act_base/2-4/ppl_results_MXFP8.json	snapshots/data/rebuttal_experiments/llama32_3b/act_base/2-4/ppl_results_MXFP8.json	rebuttal_quality_or_sensitivity	limit_samples_300	../Llama-3.2-3B	wikitext/wikitext-2-raw-v1/test	4096	512	300		11.0518	21226	35				True	32	False	00db6ef34db99163e8207ad7897ee0fa8355e2e346ed60ddab6c64038e2fddef
../data	rebuttal_experiments/llama32_3b/ppl/ppl_results_MXFP8_fixed_sum_llama32_3b_snr15db_stats_limit300.json	snapshots/data/rebuttal_experiments/llama32_3b/ppl/ppl_results_MXFP8_fixed_sum_llama32_3b_snr15db_stats_limit300.json	rebuttal_quality_or_sensitivity	limit_samples_300	../Llama-3.2-3B	wikitext/wikitext-2-raw-v1/test	4096	512	300		6.9891	21226	35	lite	1.5743	0.5247666666666667	True	32	True	eda568773fae825d544ad521fe4fdab073afa242dfd1e2ff324e5c5bcdc9999a
../data	rebuttal_experiments/llama32_3b/ppl/ppl_results_MXFP8_fixed_sum_llama32_3b_snr15db_stats_limit300_msd1024.json	snapshots/data/rebuttal_experiments/llama32_3b/ppl/ppl_results_MXFP8_fixed_sum_llama32_3b_snr15db_stats_limit300_msd1024.json	rebuttal_quality_or_sensitivity	limit_samples_300	../Llama-3.2-3B	wikitext/wikitext-2-raw-v1/test	4096	512	300		6.9891	21226	35	lite	1.5743	0.5247666666666667	True	32	True	28be85104caa302dff45ad529f134cff772b05557bf93719fe2fe5b9062b1757
../data	rebuttal_experiments/llama32_3b/ppl/ppl_results_MXFP8_fixed_sum_llama32_3b_snr17db_stats_limit300.json	snapshots/data/rebuttal_experiments/llama32_3b/ppl/ppl_results_MXFP8_fixed_sum_llama32_3b_snr17db_stats_limit300.json	rebuttal_quality_or_sensitivity	limit_samples_300	../Llama-3.2-3B	wikitext/wikitext-2-raw-v1/test	4096	512	300		6.7859	21226	35	lite	1.7896	0.5965333333333334	True	32	True	84e5bd3060932ce81f3a1fdbf916a739fac2e9b59ad1695d8cb5a56f3515d269
../data	rebuttal_experiments/llama32_3b/ppl/ppl_results_MXFP8_fixed_sum_llama32_3b_snr17db_stats_limit300_msd1024.json	snapshots/data/rebuttal_experiments/llama32_3b/ppl/ppl_results_MXFP8_fixed_sum_llama32_3b_snr17db_stats_limit300_msd1024.json	rebuttal_quality_or_sensitivity	limit_samples_300	../Llama-3.2-3B	wikitext/wikitext-2-raw-v1/test	4096	512	300		6.7859	21226	35	lite	1.7896	0.5965333333333334	True	32	True	ab541b2e78b21e7d6bf79566a465ce0d44a9d19bc1d17809159d9e77fd2b79be
../data	rebuttal_experiments/llama32_3b/ppl/ppl_results_MXFP8_fixed_sum_llama32_3b_snr20db_stats_limit300.json	snapshots/data/rebuttal_experiments/llama32_3b/ppl/ppl_results_MXFP8_fixed_sum_llama32_3b_snr20db_stats_limit300.json	rebuttal_quality_or_sensitivity	limit_samples_300	../Llama-3.2-3B	wikitext/wikitext-2-raw-v1/test	4096	512	300		6.6523	21226	35	lite	2.0427	0.6809	True	32	True	ead2c25087a86ccf4869a27160d2353b0336d3f44396d267fd482c40246529d1
../data	rebuttal_experiments/llama32_3b/ppl/ppl_results_MXFP8_fixed_sum_llama32_3b_snr20db_stats_limit300_msd1024.json	snapshots/data/rebuttal_experiments/llama32_3b/ppl/ppl_results_MXFP8_fixed_sum_llama32_3b_snr20db_stats_limit300_msd1024.json	rebuttal_quality_or_sensitivity	limit_samples_300	../Llama-3.2-3B	wikitext/wikitext-2-raw-v1/test	4096	512	300		6.6523	21226	35	lite	2.0427	0.6809	True	32	True	41d7ecd41bcbabaac8bee30b17df55447fdf9d81331806e44f441023fdc56a83
../data	rebuttal_experiments/llama32_3b/ppl/ppl_results_MXFP8_fixed_sum_llama32_3b_snr30db_stats_limit300.json	snapshots/data/rebuttal_experiments/llama32_3b/ppl/ppl_results_MXFP8_fixed_sum_llama32_3b_snr30db_stats_limit300.json	rebuttal_quality_or_sensitivity	limit_samples_300	../Llama-3.2-3B	wikitext/wikitext-2-raw-v1/test	4096	512	300		6.5271	21226	35	lite	2.6332	0.8777333333333334	True	32	True	7a19b7c41d4207522af9836f34149e3c6d27e82f2f008cfac6abb5f3a3443723
../data	rebuttal_experiments/llama32_3b/ppl/ppl_results_MXFP8_fixed_sum_llama32_3b_snr30db_stats_limit300_msd1024.json	snapshots/data/rebuttal_experiments/llama32_3b/ppl/ppl_results_MXFP8_fixed_sum_llama32_3b_snr30db_stats_limit300_msd1024.json	rebuttal_quality_or_sensitivity	limit_samples_300	../Llama-3.2-3B	wikitext/wikitext-2-raw-v1/test	4096	512	300		6.5271	21226	35	lite	2.6332	0.8777333333333334	True	32	True	b4f3e5748385116003c38ee57ff6b7258fc5199a66206ce8b467b82a9a9fc879
../data	rebuttal_experiments/llama32_3b/ppl/ppl_results_MXFP8_limit300.json	snapshots/data/rebuttal_experiments/llama32_3b/ppl/ppl_results_MXFP8_limit300.json	rebuttal_quality_or_sensitivity	limit_samples_300	../Llama-3.2-3B	wikitext/wikitext-2-raw-v1/test	4096	512	300		6.5173	21226	35	off			True	32	False	f9a8e20f2963bf4867dd985117b00d685e5f55bbc61b3b9a718486069de006da
../data	rebuttal_experiments/llama32_3b/wanda_base/2-4/ppl_results_MXFP8_llama32_3b.json	snapshots/data/rebuttal_experiments/llama32_3b/wanda_base/2-4/ppl_results_MXFP8_llama32_3b.json	rebuttal_quality_or_sensitivity	limit_samples_300	../Llama-3.2-3B	wikitext/wikitext-2-raw-v1/test	4096	512	300		15.1917	21226	35				True	32	False	e68d72977a4a4fe9d5515b45012a83b3ff1a42fb53d2789c89336a2f35d74872
../data	rebuttal_experiments/qwen1_7b_k_sweep/ppl/ppl_results_MXFP8_fixed_sum_qwen1_7b_k128_snr17db_stats_limit300.json	snapshots/data/rebuttal_experiments/qwen1_7b_k_sweep/ppl/ppl_results_MXFP8_fixed_sum_qwen1_7b_k128_snr17db_stats_limit300.json	rebuttal_quality_or_sensitivity	limit_samples_300	../Qwen3-1.7B	wikitext/wikitext-2-raw-v1/test	4096	512	300		13.4459	22336	37	lite	1.4215	0.47383333333333333	True	128	True	cbbbaa5d139f9a7b6e4ae91ebaaf7da0f74b7a04fd4bfdd74a4de98e6a78de71
../data	rebuttal_experiments/qwen1_7b_k_sweep/ppl/ppl_results_MXFP8_fixed_sum_qwen1_7b_k16_snr17db_stats_limit300.json	snapshots/data/rebuttal_experiments/qwen1_7b_k_sweep/ppl/ppl_results_MXFP8_fixed_sum_qwen1_7b_k16_snr17db_stats_limit300.json	rebuttal_quality_or_sensitivity	limit_samples_300	../Qwen3-1.7B	wikitext/wikitext-2-raw-v1/test	4096	512	300		13.584	22336	37	lite	1.4092	0.46973333333333334	True	16	True	bd305cd75d0fa7c036032518234fe148ac55702044f966c6b50ca452984658c8
../data	rebuttal_experiments/qwen1_7b_k_sweep/ppl/ppl_results_MXFP8_fixed_sum_qwen1_7b_k32_snr17db_stats_limit300.json	snapshots/data/rebuttal_experiments/qwen1_7b_k_sweep/ppl/ppl_results_MXFP8_fixed_sum_qwen1_7b_k32_snr17db_stats_limit300.json	rebuttal_quality_or_sensitivity	limit_samples_300	../Qwen3-1.7B	wikitext/wikitext-2-raw-v1/test	4096	512	300		13.7575	22336	37	lite	1.4183	0.4727666666666666	True	32	True	0c8f9ddb0c095df73cf42c25e8c737e8454c24b47924cd3afe4feb3014111fd7
../data	rebuttal_experiments/qwen1_7b_k_sweep/ppl/ppl_results_MXFP8_fixed_sum_qwen1_7b_k64_snr17db_stats_limit300.json	snapshots/data/rebuttal_experiments/qwen1_7b_k_sweep/ppl/ppl_results_MXFP8_fixed_sum_qwen1_7b_k64_snr17db_stats_limit300.json	rebuttal_quality_or_sensitivity	limit_samples_300	../Qwen3-1.7B	wikitext/wikitext-2-raw-v1/test	4096	512	300		13.7191	22336	37	lite	1.4214	0.4738	True	64	True	52e3afdb35eb18e3abc2f26b65dc5e5f430fbe7b8a52de2a9a52811f5eba2f40
../data	rebuttal_experiments/qwen1_7b_k_sweep/ppl/ppl_results_MXFP8_fixed_sum_qwen1_7b_k8_snr17db_stats_limit300.json	snapshots/data/rebuttal_experiments/qwen1_7b_k_sweep/ppl/ppl_results_MXFP8_fixed_sum_qwen1_7b_k8_snr17db_stats_limit300.json	rebuttal_quality_or_sensitivity	limit_samples_300	../Qwen3-1.7B	wikitext/wikitext-2-raw-v1/test	4096	512	300		13.5499	22336	37	lite	1.3964	0.4654666666666667	True	8	True	1ccacf1c22ec26d3936dc9094c1d0d11e91afc893e06befea5c22ffa7411852d
../data	rebuttal_experiments/qwen1_7b_k_sweep/ppl/ppl_results_MXFP8_k128_limit300.json	snapshots/data/rebuttal_experiments/qwen1_7b_k_sweep/ppl/ppl_results_MXFP8_k128_limit300.json	rebuttal_quality_or_sensitivity	limit_samples_300	../Qwen3-1.7B	wikitext/wikitext-2-raw-v1/test	4096	512	300		13.5624	22336	37	off			True	128	False	5783d75757f0cb864f880cc31303cd77c4e147fbafe752eac184d6cda1948f7c
../data	rebuttal_experiments/qwen1_7b_k_sweep/ppl/ppl_results_MXFP8_k16_limit300.json	snapshots/data/rebuttal_experiments/qwen1_7b_k_sweep/ppl/ppl_results_MXFP8_k16_limit300.json	rebuttal_quality_or_sensitivity	limit_samples_300	../Qwen3-1.7B	wikitext/wikitext-2-raw-v1/test	4096	512	300		13.5906	22336	37	off			True	16	False	166b257e9a167825b47c2d30111193d469c860ea01ce3b54b137475f920dce13
../data	rebuttal_experiments/qwen1_7b_k_sweep/ppl/ppl_results_MXFP8_k32_limit300.json	snapshots/data/rebuttal_experiments/qwen1_7b_k_sweep/ppl/ppl_results_MXFP8_k32_limit300.json	rebuttal_quality_or_sensitivity	limit_samples_300	../Qwen3-1.7B	wikitext/wikitext-2-raw-v1/test	4096	512	300		13.5924	22336	37	off			True	32	False	62afd7d2e006065bb233b4c65a9945d9850234c07f0cc2ba3e47e6883ac8f4d3
../data	rebuttal_experiments/qwen1_7b_k_sweep/ppl/ppl_results_MXFP8_k64_limit300.json	snapshots/data/rebuttal_experiments/qwen1_7b_k_sweep/ppl/ppl_results_MXFP8_k64_limit300.json	rebuttal_quality_or_sensitivity	limit_samples_300	../Qwen3-1.7B	wikitext/wikitext-2-raw-v1/test	4096	512	300		13.6242	22336	37	off			True	64	False	9f17e7991fdf298b07335a4f459c344ec956905637dd9750a6942bb926571974
../data	rebuttal_experiments/qwen1_7b_k_sweep/ppl/ppl_results_MXFP8_k8_limit300.json	snapshots/data/rebuttal_experiments/qwen1_7b_k_sweep/ppl/ppl_results_MXFP8_k8_limit300.json	rebuttal_quality_or_sensitivity	limit_samples_300	../Qwen3-1.7B	wikitext/wikitext-2-raw-v1/test	4096	512	300		13.6369	22336	37	off			True	8	False	65a7f0f74c5205db389d1085e91c8570084d1c2b5f3727892ad302a9c498035a
../data	rebuttal_experiments/qwen4b_k_sweep/ppl/ppl_results_MXFP8_fixed_sum_qwen4b_k32_snr17db_stats_limit300.json	snapshots/data/rebuttal_experiments/qwen4b_k_sweep/ppl/ppl_results_MXFP8_fixed_sum_qwen4b_k32_snr17db_stats_limit300.json	rebuttal_quality_or_sensitivity	limit_samples_300	../Qwen3-4B	wikitext/wikitext-2-raw-v1/test	4096	512	300		12.548	22336	37	lite	1.4638	0.48793333333333333	True	32	True	74f1a487d27891cc79c26cd3b2723d3955046bd09ff8eaa1af6ec062aacfc349
../data	rebuttal_experiments/qwen4b_k_sweep/ppl/ppl_results_MXFP8_qwen4b_k128_limit300.json	snapshots/data/rebuttal_experiments/qwen4b_k_sweep/ppl/ppl_results_MXFP8_qwen4b_k128_limit300.json	rebuttal_quality_or_sensitivity	limit_samples_300	../Qwen3-4B	wikitext/wikitext-2-raw-v1/test	4096	512	300		10.5069	22336	37	off			True	128	False	6014060c3bd541c885b342c1bf7ae1939189da61a71cac376a4fc2868e2c87cf
../data	rebuttal_experiments/qwen4b_k_sweep/ppl/ppl_results_MXFP8_qwen4b_k16_limit300.json	snapshots/data/rebuttal_experiments/qwen4b_k_sweep/ppl/ppl_results_MXFP8_qwen4b_k16_limit300.json	rebuttal_quality_or_sensitivity	limit_samples_300	../Qwen3-4B	wikitext/wikitext-2-raw-v1/test	4096	512	300		10.4864	22336	37	off			True	16	False	26d81901fb0567d17f087929ac6d0c96379bf7ccc2d6817cb80d01055613c03f
../data	rebuttal_experiments/qwen4b_k_sweep/ppl/ppl_results_MXFP8_qwen4b_k32_limit300.json	snapshots/data/rebuttal_experiments/qwen4b_k_sweep/ppl/ppl_results_MXFP8_qwen4b_k32_limit300.json	rebuttal_quality_or_sensitivity	limit_samples_300	../Qwen3-4B	wikitext/wikitext-2-raw-v1/test	4096	512	300		10.4637	22336	37	off			True	32	False	b2ba62062ac08c7396f7495b7da3a619db9cd205d4b1b69af8ca38b0abcba091
../data	rebuttal_experiments/qwen4b_k_sweep/ppl/ppl_results_MXFP8_qwen4b_k64_limit300.json	snapshots/data/rebuttal_experiments/qwen4b_k_sweep/ppl/ppl_results_MXFP8_qwen4b_k64_limit300.json	rebuttal_quality_or_sensitivity	limit_samples_300	../Qwen3-4B	wikitext/wikitext-2-raw-v1/test	4096	512	300		10.5551	22336	37	off			True	64	False	e19ab23aeb57edb52d6c83802323bc8409c1d24f225a55cf437d1cc29c313679
../data	rebuttal_experiments/qwen4b_k_sweep/ppl/ppl_results_MXFP8_qwen4b_k8_limit300.json	snapshots/data/rebuttal_experiments/qwen4b_k_sweep/ppl/ppl_results_MXFP8_qwen4b_k8_limit300.json	rebuttal_quality_or_sensitivity	limit_samples_300	../Qwen3-4B	wikitext/wikitext-2-raw-v1/test	4096	512	300		10.483	22336	37	off			True	8	False	55d31ff284548d038e63374c13e671b641a615b50f685752a436ad1d25462f18
../data	uniform_budget/ppl_10B.json	snapshots/data/uniform_budget/ppl_10B.json	historical_figure_support	historical_scope_requires_review	../Qwen3-0.6B	wikitext/wikitext-2-raw-v1/test	4096	512			17.3093	22336	37		2.7409	0.9136333333333333	True	32	True	9ab41222f62fbb2c1b587e485c49e329002649dc7f8f5068fc5d6cad45e36b99
../data	uniform_budget/ppl_10B_cap.json	snapshots/data/uniform_budget/ppl_10B_cap.json	historical_figure_support	historical_scope_requires_review	../Qwen3-0.6B	wikitext/wikitext-2-raw-v1/test	4096	512			19.8466	5503	4		2.1312	0.7104	True	32	True	e74c84485351e962c8c205f15ef5367c40987748de98cf3928a40c48200b1931
../data	uniform_budget/ppl_10B_half.json	snapshots/data/uniform_budget/ppl_10B_half.json	historical_figure_support	historical_scope_requires_review	../Qwen3-0.6B	wikitext/wikitext-2-raw-v1/test	4096	512			16.215	144444	276		2.1545	0.7181666666666667	True	32	True	473a0da06d17aa616e608163671a5f2746869962ce790db7bbdc1a76b0f7edb1
../data	uniform_budget/ppl_10B_time.json	snapshots/data/uniform_budget/ppl_10B_time.json	historical_figure_support	historical_scope_requires_review	../Qwen3-0.6B	wikitext/wikitext-2-raw-v1/test	4096	512			19.8466	5503	4		2.1312	0.7104	True	32	True	c54d5a1c402348a09aa3da0181785da97d38575393950c67f8000746168630c8
../data	uniform_budget/ppl_11B.json	snapshots/data/uniform_budget/ppl_11B.json	historical_figure_support	historical_scope_requires_review	../Qwen3-0.6B	wikitext/wikitext-2-raw-v1/test	4096	512			15.9193	22336	37		3.651	1.2169999999999999	True	32	True	36a59afb01eb0c34e444b17cf338b5d2d045bdd0b85b260147ba756e837390d6
../data	uniform_budget/ppl_11B_cap.json	snapshots/data/uniform_budget/ppl_11B_cap.json	historical_figure_support	historical_scope_requires_review	../Qwen3-0.6B	wikitext/wikitext-2-raw-v1/test	4096	512			19.8588	5503	4		2.4815	0.8271666666666667	True	32	True	ff3a23468d4890715a57ab4f8effa418734e0e1ebc6004eb482b1dd9aadbad1b
../data	uniform_budget/ppl_11B_time.json	snapshots/data/uniform_budget/ppl_11B_time.json	historical_figure_support	historical_scope_requires_review	../Qwen3-0.6B	wikitext/wikitext-2-raw-v1/test	4096	512			19.8588	5503	4		2.4815	0.8271666666666667	True	32	True	caec810843e60f8896e445f33ff6a44f485ac897716aec2c75aff49b41ef329e
../data	uniform_budget/ppl_12B.json	snapshots/data/uniform_budget/ppl_12B.json	historical_figure_support	historical_scope_requires_review	../Qwen3-0.6B	wikitext/wikitext-2-raw-v1/test	4096	512			17.3535	22336	37		4.6009	1.5336333333333334	True	32	True	93e05bbe3f6145c8696bceb9e1e14fa1b74e0ec350f3b0d4ca95edc8f5f85773
../data	uniform_budget/ppl_14B.json	snapshots/data/uniform_budget/ppl_14B.json	historical_figure_support	historical_scope_requires_review	../Qwen3-0.6B	wikitext/wikitext-2-raw-v1/test	4096	512			17.3518	22336	37		6.5555	2.185166666666667	True	32	True	51f2ba4a75c34387cbe2e7b2598ab2ac9219ff9472f5874b99647a380d567bf3
../data	uniform_budget/ppl_18B.json	snapshots/data/uniform_budget/ppl_18B.json	historical_figure_support	historical_scope_requires_review	../Qwen3-0.6B	wikitext/wikitext-2-raw-v1/test	4096	512			15.9796	22336	37		10.5342	3.5114	True	32	True	ffbb47e5dedbc4036e2e5d42e8923e5f0cf445127bc7731c62fc0d76ef15e8d7
../data	uniform_budget/ppl_20B.json	snapshots/data/uniform_budget/ppl_20B.json	historical_figure_support	historical_scope_requires_review	../Qwen3-0.6B	wikitext/wikitext-2-raw-v1/test	4096	512			15.9878	22336	37		12.5322	4.1774	True	32	True	b4cbbfd6869385bc161d0205094b2095bdfb20f39d3949042c683f2586c4dcef
../data	uniform_budget/ppl_24B.json	snapshots/data/uniform_budget/ppl_24B.json	historical_figure_support	historical_scope_requires_review	../Qwen3-0.6B	wikitext/wikitext-2-raw-v1/test	4096	512			15.9662	22336	37		16.5309	5.5103	True	32	True	eca763df073287ef4297664dca00f576df6f336d85c39e60c399f1a6bd96a5d6
../data	uniform_budget/ppl_32B.json	snapshots/data/uniform_budget/ppl_32B.json	historical_figure_support	historical_scope_requires_review	../Qwen3-0.6B	wikitext/wikitext-2-raw-v1/test	4096	512			15.98	22336	37		24.5292	8.1764	True	32	True	e426cc8cb184aceca8a6774c76ad9d095ef15297517d0282995db652c2a3d7f6
../data	uniform_budget/ppl_4B.json	snapshots/data/uniform_budget/ppl_4B.json	historical_figure_support	historical_scope_requires_review	../Qwen3-0.6B	wikitext/wikitext-2-raw-v1/test	4096	512			381046.564	22336	37		0.0757	0.025233333333333333	True	32	True	8c4eadfc8c6f8fa167e8eb41a5e74dacf216e81f4e074fc0b10bab88c87bdd3a
../data	uniform_budget/ppl_5B.json	snapshots/data/uniform_budget/ppl_5B.json	historical_figure_support	historical_scope_requires_review	../Qwen3-0.6B	wikitext/wikitext-2-raw-v1/test	4096	512			4627224.4225	22336	37		0.2793	0.0931	True	32	True	4bb63b5494cbf3ef160a11982a7e80161acc9ebfd289c0ee0617b32a37dfa0fc
../data	uniform_budget/ppl_6B.json	snapshots/data/uniform_budget/ppl_6B.json	historical_figure_support	historical_scope_requires_review	../Qwen3-0.6B	wikitext/wikitext-2-raw-v1/test	4096	512			153821.4499	22336	37		0.61	0.20333333333333334	True	32	True	97e42ebce8af3671f601db84d029a319cd6d77934b913c178db74deb13729c9f
../data	uniform_budget/ppl_6B_cap.json	snapshots/data/uniform_budget/ppl_6B_cap.json	historical_figure_support	historical_scope_requires_review	../Qwen3-0.6B	wikitext/wikitext-2-raw-v1/test	4096	512			113087.4419	5503	4		0.6127	0.20423333333333335	True	32	True	fbd2befd7681bf44294553e7bb0211c6d6740ab7789336ed0ca0384692e96a2e
../data	uniform_budget/ppl_6B_time.json	snapshots/data/uniform_budget/ppl_6B_time.json	historical_figure_support	historical_scope_requires_review	../Qwen3-0.6B	wikitext/wikitext-2-raw-v1/test	4096	512			113087.4419	5503	4		0.6127	0.20423333333333335	True	32	True	8eb6c501d3459d99b9687deab485062c5fe973f2a53675dd8f6a4f426330b5f1
../data	uniform_budget/ppl_7B.json	snapshots/data/uniform_budget/ppl_7B.json	historical_figure_support	historical_scope_requires_review	../Qwen3-0.6B	wikitext/wikitext-2-raw-v1/test	4096	512			154.3548	22336	37		0.7016	0.23386666666666667	True	32	True	24059d664cceae09128de970f4bd25be398919cfc34f2f637e2a1e63e5466908
../data	uniform_budget/ppl_7B_cap.json	snapshots/data/uniform_budget/ppl_7B_cap.json	historical_figure_support	historical_scope_requires_review	../Qwen3-0.6B	wikitext/wikitext-2-raw-v1/test	4096	512			199.44	5503	4		0.6448	0.21493333333333334	True	32	True	ea3511e8bee0720c805f734a9bce2b0f7c88dcb9beed2d5bcc9dd40aba1ac3c3
../data	uniform_budget/ppl_7B_time.json	snapshots/data/uniform_budget/ppl_7B_time.json	historical_figure_support	historical_scope_requires_review	../Qwen3-0.6B	wikitext/wikitext-2-raw-v1/test	4096	512			199.44	5503	4		0.6448	0.21493333333333334	True	32	True	034763f8cba3905d0b387a257dd4b5c9773c4784939d8f20d93100ec7c3361eb
../data	uniform_budget/ppl_8B.json	snapshots/data/uniform_budget/ppl_8B.json	historical_figure_support	historical_scope_requires_review	../Qwen3-0.6B	wikitext/wikitext-2-raw-v1/test	4096	512			24.2189	22336	37		1.1905	0.3968333333333333	True	32	True	974b0cbd5b50e668a75cdb231f89ca20c411af5a68459179b130980ecd76afd1
../data	uniform_budget/ppl_8B_cap.json	snapshots/data/uniform_budget/ppl_8B_cap.json	historical_figure_support	historical_scope_requires_review	../Qwen3-0.6B	wikitext/wikitext-2-raw-v1/test	4096	512			27.8309	5503	4		1.0756	0.3585333333333333	True	32	True	35492f0e2917abbff5cc464776471381d48047631a155a5dbff14dffd377fe65
../data	uniform_budget/ppl_8B_half.json	snapshots/data/uniform_budget/ppl_8B_half.json	historical_figure_support	historical_scope_requires_review	../Qwen3-0.6B	wikitext/wikitext-2-raw-v1/test	4096	512			23.6698	131193	250		1.1151	0.3717	True	32	True	e00c99617fb33ca70d18ab99624ef1bc3c4076d9e69ec491f1fe5c69af440dea
../data	uniform_budget/ppl_8B_time.json	snapshots/data/uniform_budget/ppl_8B_time.json	historical_figure_support	historical_scope_requires_review	../Qwen3-0.6B	wikitext/wikitext-2-raw-v1/test	4096	512			27.8309	5503	4		1.0756	0.3585333333333333	True	32	True	a941feb74ed01b85b98358d3cd77fde4db2ca448489114f8461cf05161b87fad
../data	uniform_budget/ppl_9B.json	snapshots/data/uniform_budget/ppl_9B.json	historical_figure_support	historical_scope_requires_review	../Qwen3-0.6B	wikitext/wikitext-2-raw-v1/test	4096	512			16.5029	22336	37		1.9034	0.6344666666666666	True	32	True	5e688afa0707e55551e2ef7672a94db498130d05de702ce9c5a5aafd8b9e52e6
../data	uniform_budget/ppl_9B_cap.json	snapshots/data/uniform_budget/ppl_9B_cap.json	historical_figure_support	historical_scope_requires_review	../Qwen3-0.6B	wikitext/wikitext-2-raw-v1/test	4096	512			16.5029	22336	37		1.6852	0.5617333333333333	True	32	True	3076cd07e43292fa00eafa2447ccf091f6628a568af27d2369d70df70e784d01
../data	uniform_budget/ppl_9B_cap100.json	snapshots/data/uniform_budget/ppl_9B_cap100.json	historical_figure_support	historical_scope_requires_review	../Qwen3-0.6B	wikitext/wikitext-2-raw-v1/test	4096	512			20.5837	5503	4		1.6363	0.5454333333333333	True	32	True	46bf07586d0912f49c1bec7f05e2a48abc3b0052b09da018838993eba4bd0885
../data	uniform_budget/ppl_9B_half.json	snapshots/data/uniform_budget/ppl_9B_half.json	historical_figure_support	historical_scope_requires_review	../Qwen3-0.6B	wikitext/wikitext-2-raw-v1/test	4096	512			16.8879	145817	278		1.6713	0.5571	True	32	True	a741f82e002ff9b1359ae6125479420f28110763cf96e6d55aa20507af2963c5
../data	uniform_budget/ppl_9B_time.json	snapshots/data/uniform_budget/ppl_9B_time.json	historical_figure_support	historical_scope_requires_review	../Qwen3-0.6B	wikitext/wikitext-2-raw-v1/test	4096	512			20.5837	5503	4		1.6363	0.5454333333333333	True	32	True	eefdcfa1e0c8c27c7a91e7f683c9ddaf697836d406795adbff4d7dacddf8d3a3
../data	wanda_base/1-4/ppl_results_MXFP8.json	snapshots/data/wanda_base/1-4/ppl_results_MXFP8.json	historical_figure_support	historical_scope_requires_review	/home/xzj/coding/Qwen3-0.6B	wikitext/wikitext-2-raw-v1/test	4096	512			19.1336	299078	578				True	32	False	a710ec62ce979bba5acd53ae78737b5907a86d89424862f3494fea23f931b596
../data	wanda_base/10-16/ppl_results_MXFP4.json	snapshots/data/wanda_base/10-16/ppl_results_MXFP4.json	historical_figure_support	historical_scope_requires_review	../Qwen3-0.6B	wikitext/wikitext-2-raw-v1/test	4096	512			96.3672	299078	578				False	32	False	976eed14d5c7465c6edc63c190f58d12745176300f84a10d8231864535ae3f31
../data	wanda_base/10-16/ppl_results_MXFP6_E2M3.json	snapshots/data/wanda_base/10-16/ppl_results_MXFP6_E2M3.json	historical_figure_support	historical_scope_requires_review	../Qwen3-0.6B	wikitext/wikitext-2-raw-v1/test	4096	512			75.69	299078	578				False	32	False	99b2f938814cbf1cc5912ac5d9e538fda3e0eb5993b15c8270c91675039a615c
../data	wanda_base/10-16/ppl_results_MXFP6_E3M2.json	snapshots/data/wanda_base/10-16/ppl_results_MXFP6_E3M2.json	historical_figure_support	historical_scope_requires_review	../Qwen3-0.6B	wikitext/wikitext-2-raw-v1/test	4096	512			79.6343	299078	578				False	32	False	76235314f1e3517e57edf54228a3d29a7a51b7552bc6f069d624837042539422
../data	wanda_base/10-16/ppl_results_MXFP8.json	snapshots/data/wanda_base/10-16/ppl_results_MXFP8.json	historical_figure_support	historical_scope_requires_review	../Qwen3-0.6B	wikitext/wikitext-2-raw-v1/test	4096	512			71.6858	299078	578				True	32	False	53187f5b4ea0a1ff59c946edcea35ce989dfd37ec2901c9975588e5bdd6b51dc
../data	wanda_base/12-16/ppl_results_MXFP8.json	snapshots/data/wanda_base/12-16/ppl_results_MXFP8.json	historical_figure_support	historical_scope_requires_review	/home/xzj/coding/Qwen3-0.6B	wikitext/wikitext-2-raw-v1/test	4096	512			30909.2459	299078	578				True	32	False	997e9ec1deab4623cdb78bc594f3f2efe52ea13117d7b603fe52ed69c22ac39b
../data	wanda_base/12-32/ppl_results_MXFP8.json	snapshots/data/wanda_base/12-32/ppl_results_MXFP8.json	historical_figure_support	historical_scope_requires_review	/home/xzj/coding/Qwen3-0.6B	wikitext/wikitext-2-raw-v1/test	4096	512			19.3015	299078	578				True	32	False	abf502042ca50c7b9eb0307d445beb05c02d666f254b84fe3532d9d2411b3269
../data	wanda_base/128-256/ppl_results_MXFP4.json	snapshots/data/wanda_base/128-256/ppl_results_MXFP4.json	historical_figure_support	historical_scope_requires_review	../Qwen3-0.6B	wikitext/wikitext-2-raw-v1/test	4096	512			29.9551	299078	578				False	32	False	e3c822d59bf0562eab6d2a5785d40632c36644a73f5dfe6c863a298edca690c6
../data	wanda_base/128-256/ppl_results_MXFP6_E2M3.json	snapshots/data/wanda_base/128-256/ppl_results_MXFP6_E2M3.json	historical_figure_support	historical_scope_requires_review	../Qwen3-0.6B	wikitext/wikitext-2-raw-v1/test	4096	512			24.264	299078	578				False	32	False	ee5ebae37c6f76db9d21c515bef2b3590f1efe6936158878e691db596ce79363
../data	wanda_base/128-256/ppl_results_MXFP6_E3M2.json	snapshots/data/wanda_base/128-256/ppl_results_MXFP6_E3M2.json	historical_figure_support	historical_scope_requires_review	../Qwen3-0.6B	wikitext/wikitext-2-raw-v1/test	4096	512			24.6507	299078	578				False	32	False	a392c3f42a2cebdd8fce0d552efca30ac6562ce208d2b48959a6310123ca63f1
../data	wanda_base/128-256/ppl_results_MXFP8.json	snapshots/data/wanda_base/128-256/ppl_results_MXFP8.json	historical_figure_support	historical_scope_requires_review	../Qwen3-0.6B	wikitext/wikitext-2-raw-v1/test	4096	512			23.5178	299078	578				True	32	False	32b9f46f51cfec80e4ef041e022c4085ca5c9e7dc89a3ef78712e2d9995541f4
../data	wanda_base/16-32/ppl_results_MXFP4.json	snapshots/data/wanda_base/16-32/ppl_results_MXFP4.json	historical_figure_support	historical_scope_requires_review	../Qwen3-0.6B	wikitext/wikitext-2-raw-v1/test	4096	512			31.2148	299078	578				False	32	False	3f8c5397a4e563211ffe1896b83f3dfe4658d279e0189ffd60c86ebe6ab23add
../data	wanda_base/16-32/ppl_results_MXFP6_E2M3.json	snapshots/data/wanda_base/16-32/ppl_results_MXFP6_E2M3.json	historical_figure_support	historical_scope_requires_review	../Qwen3-0.6B	wikitext/wikitext-2-raw-v1/test	4096	512			25.5022	299078	578				False	32	False	c3635b80f4c08b1939fe484666aa41417b27c5050972fe6a92e6282cd2acfa26
../data	wanda_base/16-32/ppl_results_MXFP6_E3M2.json	snapshots/data/wanda_base/16-32/ppl_results_MXFP6_E3M2.json	historical_figure_support	historical_scope_requires_review	../Qwen3-0.6B	wikitext/wikitext-2-raw-v1/test	4096	512			26.2977	299078	578				False	32	False	f5e6327caeb2681473757524ace1ab2f8f9ed4c064e3e07ee9835cb4a2215bad
../data	wanda_base/16-32/ppl_results_MXFP8.json	snapshots/data/wanda_base/16-32/ppl_results_MXFP8.json	historical_figure_support	historical_scope_requires_review	../Qwen3-0.6B	wikitext/wikitext-2-raw-v1/test	4096	512			24.9717	299078	578				True	32	False	e247197c07529626219d68da408cf44d56eba133425f47ebc7f6ab45f0254ba3
../data	wanda_base/2-4/ppl_results_MXFP4.json	snapshots/data/wanda_base/2-4/ppl_results_MXFP4.json	historical_figure_support	historical_scope_requires_review	../Qwen3-0.6B	wikitext/wikitext-2-raw-v1/test	4096	512			51.8257	299078	578				False	32	False	c21d8d53c8a726237d7c8a7a4fc9f65147eb025b93d93d15af7acd658db9f347
../data	wanda_base/2-4/ppl_results_MXFP6_E2M3.json	snapshots/data/wanda_base/2-4/ppl_results_MXFP6_E2M3.json	historical_figure_support	historical_scope_requires_review	../Qwen3-0.6B	wikitext/wikitext-2-raw-v1/test	4096	512			41.086	299078	578				False	32	False	4e2ecfae6575ee7c875495560f30af11ffffd1c475c356a35e63febbe8ed2aaa
../data	wanda_base/2-4/ppl_results_MXFP6_E3M2.json	snapshots/data/wanda_base/2-4/ppl_results_MXFP6_E3M2.json	historical_figure_support	historical_scope_requires_review	../Qwen3-0.6B	wikitext/wikitext-2-raw-v1/test	4096	512			44.0109	299078	578				False	32	False	53d29b374c64e8d1bb86357c8dd1d786a4a45e34cd2e986b76843134210c72e4
../data	wanda_base/2-4/ppl_results_MXFP8.json	snapshots/data/wanda_base/2-4/ppl_results_MXFP8.json	historical_figure_support	historical_scope_requires_review	../Qwen3-0.6B	wikitext/wikitext-2-raw-v1/test	4096	512			39.3111	299078	578				True	32	False	a37429dee922633cb5cf47f3f84147f47a7b79e841561c6ac37c1411f841551c
../data	wanda_base/2-4/ppl_results_MXFP8_nt1024.json	snapshots/data/wanda_base/2-4/ppl_results_MXFP8_nt1024.json	historical_figure_support	historical_scope_requires_review	/home/xzj/coding/Qwen3-0.6B	wikitext/wikitext-2-raw-v1/test	4096	512			39.7869	299078	578				True	32	False	ee563ffdb8efa1c757226c85ac461a6c84891d40cf4066de32cce3c9014fafc4
../data	wanda_base/2-4/ppl_results_MXFP8_nt2048.json	snapshots/data/wanda_base/2-4/ppl_results_MXFP8_nt2048.json	historical_figure_support	historical_scope_requires_review	/home/xzj/coding/Qwen3-0.6B	wikitext/wikitext-2-raw-v1/test	4096	512			39.2438	299078	578				True	32	False	fbf2ee81066e9a491ff5ae189725d87dae3412d9422c204984b6bdc8aca858c6
../data	wanda_base/2-4/ppl_results_MXFP8_nt4096.json	snapshots/data/wanda_base/2-4/ppl_results_MXFP8_nt4096.json	historical_figure_support	historical_scope_requires_review	/home/xzj/coding/Qwen3-0.6B	wikitext/wikitext-2-raw-v1/test	4096	512			39.2438	299078	578				True	32	False	02663ed7c883dbb44ddf263783b9b03dd21859e8e8ac94e2540abfe5090d2a85
../data	wanda_base/2-4/ppl_results_MXFP8_nt8192.json	snapshots/data/wanda_base/2-4/ppl_results_MXFP8_nt8192.json	historical_figure_support	historical_scope_requires_review	/home/xzj/coding/Qwen3-0.6B	wikitext/wikitext-2-raw-v1/test	4096	512			39.2438	299078	578				True	32	False	c5799b30fa2b9b1bf73ae7b78e9aed924b7d393d40db385d022771ccb23c32ed
../data	wanda_base/20-32/ppl_results_MXFP8.json	snapshots/data/wanda_base/20-32/ppl_results_MXFP8.json	historical_figure_support	historical_scope_requires_review	/home/xzj/coding/Qwen3-0.6B	wikitext/wikitext-2-raw-v1/test	4096	512			59.5946	299078	578				True	32	False	ff4a58b4788b6f200cf893e893c289f1b9c3c8e764ca3b0465a58dec35be086d
../data	wanda_base/3-4/ppl_results_MXFP8.json	snapshots/data/wanda_base/3-4/ppl_results_MXFP8.json	historical_figure_support	historical_scope_requires_review	/home/xzj/coding/Qwen3-0.6B	wikitext/wikitext-2-raw-v1/test	4096	512			376820.3589	299078	578				True	32	False	88cc40b77cf7ed081ab392990b3fc868b30a7b06ea3e03b59adc665b680d66bf
../data	wanda_base/3-8/ppl_results_MXFP4.json	snapshots/data/wanda_base/3-8/ppl_results_MXFP4.json	historical_figure_support	historical_scope_requires_review	../Qwen3-0.6B	wikitext/wikitext-2-raw-v1/test	4096	512			26.3572	299078	578				False	32	False	9e599e09a39ffa147fe6821f25273e88ae3c4fcbeb7eae93361721cf450c05ec
../data	wanda_base/3-8/ppl_results_MXFP6_E2M3.json	snapshots/data/wanda_base/3-8/ppl_results_MXFP6_E2M3.json	historical_figure_support	historical_scope_requires_review	../Qwen3-0.6B	wikitext/wikitext-2-raw-v1/test	4096	512			21.2008	299078	578				False	32	False	f8b0d78c98e884b6512ca5ade935211773c3533b1fc3bd891d1b00c3c0a36763
../data	wanda_base/3-8/ppl_results_MXFP6_E3M2.json	snapshots/data/wanda_base/3-8/ppl_results_MXFP6_E3M2.json	historical_figure_support	historical_scope_requires_review	../Qwen3-0.6B	wikitext/wikitext-2-raw-v1/test	4096	512			21.5664	299078	578				False	32	False	46ac51a5fd05c1e1f13e3f2c8d12c36326983e005fdd2bed244dd40877b51ea8
../data	wanda_base/3-8/ppl_results_MXFP8.json	snapshots/data/wanda_base/3-8/ppl_results_MXFP8.json	historical_figure_support	historical_scope_requires_review	../Qwen3-0.6B	wikitext/wikitext-2-raw-v1/test	4096	512			20.7582	299078	578				True	32	False	1b9a9abfca9dac995287fd131f8c140c364cea1dbf3d61f9d75d2c0a2be68c39
../data	wanda_base/4-16/ppl_results_MXFP8.json	snapshots/data/wanda_base/4-16/ppl_results_MXFP8.json	historical_figure_support	historical_scope_requires_review	/home/xzj/coding/Qwen3-0.6B	wikitext/wikitext-2-raw-v1/test	4096	512			17.9287	299078	578				True	32	False	1bd1885a13720acd6bfcfdf32eddf6d6856eddb34f867c8f443d3d7d8155726e
../data	wanda_base/4-8/ppl_results_MXFP4.json	snapshots/data/wanda_base/4-8/ppl_results_MXFP4.json	historical_figure_support	historical_scope_requires_review	../Qwen3-0.6B	wikitext/wikitext-2-raw-v1/test	4096	512			38.7805	299078	578				False	32	False	61939b145daa47ffdb3e5d26c1c495636b79c4f528d4bd76a9869e25c60c98d9
../data	wanda_base/4-8/ppl_results_MXFP6_E2M3.json	snapshots/data/wanda_base/4-8/ppl_results_MXFP6_E2M3.json	historical_figure_support	historical_scope_requires_review	../Qwen3-0.6B	wikitext/wikitext-2-raw-v1/test	4096	512			31.0385	299078	578				False	32	False	634948abe8c50e5a7cfba9700e3fbdcbf154e621afa2e6d021eb0b0091892707
../data	wanda_base/4-8/ppl_results_MXFP6_E3M2.json	snapshots/data/wanda_base/4-8/ppl_results_MXFP6_E3M2.json	historical_figure_support	historical_scope_requires_review	../Qwen3-0.6B	wikitext/wikitext-2-raw-v1/test	4096	512			31.9521	299078	578				False	32	False	93fbb06e2d3ec0ae7b29fc1f65fff1e4ffea0370ef0500e83daa07c1a438c768
../data	wanda_base/4-8/ppl_results_MXFP8.json	snapshots/data/wanda_base/4-8/ppl_results_MXFP8.json	historical_figure_support	historical_scope_requires_review	../Qwen3-0.6B	wikitext/wikitext-2-raw-v1/test	4096	512			30.2707	299078	578				True	32	False	da00d9068a5a6aecbe4f3640deb7c9c7b22d94e50db5979d395b024a707997f0
../data	wanda_base/5-8/ppl_results_MXFP4.json	snapshots/data/wanda_base/5-8/ppl_results_MXFP4.json	historical_figure_support	historical_scope_requires_review	../Qwen3-0.6B	wikitext/wikitext-2-raw-v1/test	4096	512			158.8409	299078	578				False	32	False	5e437d21a4e5c1de3cb65bc67f2ed315f2e06794b401b81211f67d45a31e3321
../data	wanda_base/5-8/ppl_results_MXFP6_E2M3.json	snapshots/data/wanda_base/5-8/ppl_results_MXFP6_E2M3.json	historical_figure_support	historical_scope_requires_review	../Qwen3-0.6B	wikitext/wikitext-2-raw-v1/test	4096	512			122.845	299078	578				False	32	False	fdd4a075f4a26113a5ff66619032d353c402b34d8426c7da57965cca4d14fa3a
../data	wanda_base/5-8/ppl_results_MXFP6_E3M2.json	snapshots/data/wanda_base/5-8/ppl_results_MXFP6_E3M2.json	historical_figure_support	historical_scope_requires_review	../Qwen3-0.6B	wikitext/wikitext-2-raw-v1/test	4096	512			123.4728	299078	578				False	32	False	eb0121ad51235a0c75ae9747a8f3eeb512ce79179ab24345993d68ffaf5cae8d
../data	wanda_base/5-8/ppl_results_MXFP8.json	snapshots/data/wanda_base/5-8/ppl_results_MXFP8.json	historical_figure_support	historical_scope_requires_review	../Qwen3-0.6B	wikitext/wikitext-2-raw-v1/test	4096	512			111.7751	299078	578				True	32	False	26c4a63a77c8e8d1a0991b245339a4fbf82f4b26d6c4d1f7fc65c0fdb9032389
../data	wanda_base/512-1024/ppl_results_MXFP4.json	snapshots/data/wanda_base/512-1024/ppl_results_MXFP4.json	historical_figure_support	historical_scope_requires_review	../Qwen3-0.6B	wikitext/wikitext-2-raw-v1/test	4096	512			29.6875	299078	578				False	32	False	94dbe12e701615562a7210b15c37d220c4db9273c2aaf838c5af2f099535fdfc
../data	wanda_base/512-1024/ppl_results_MXFP6_E2M3.json	snapshots/data/wanda_base/512-1024/ppl_results_MXFP6_E2M3.json	historical_figure_support	historical_scope_requires_review	../Qwen3-0.6B	wikitext/wikitext-2-raw-v1/test	4096	512			23.7063	299078	578				False	32	False	50c1b3cd445205fcbc0308c2ed4dc79a5555bc0dda9b485f6d0c89778fba0431
../data	wanda_base/512-1024/ppl_results_MXFP6_E3M2.json	snapshots/data/wanda_base/512-1024/ppl_results_MXFP6_E3M2.json	historical_figure_support	historical_scope_requires_review	../Qwen3-0.6B	wikitext/wikitext-2-raw-v1/test	4096	512			24.5288	299078	578				False	32	False	9cc6ad69ef4d27dafe20afb025be0eb01ad1687f59cf4ecbb1b4bf40a83a3948
../data	wanda_base/512-1024/ppl_results_MXFP8.json	snapshots/data/wanda_base/512-1024/ppl_results_MXFP8.json	historical_figure_support	historical_scope_requires_review	../Qwen3-0.6B	wikitext/wikitext-2-raw-v1/test	4096	512			23.1862	299078	578				True	32	False	b32389e60b2e99cdad81baf39129b28098ef96b8f76a7140f51054ba74c3e6d9
../data	wanda_base/6-16/ppl_results_MXFP4.json	snapshots/data/wanda_base/6-16/ppl_results_MXFP4.json	historical_figure_support	historical_scope_requires_review	../Qwen3-0.6B	wikitext/wikitext-2-raw-v1/test	4096	512			24.19	299078	578				False	32	False	aa5709d81e80116118fc85313f8f692e8cd1cb0b8daffc8c65c91597f5b151f4
../data	wanda_base/6-16/ppl_results_MXFP6_E2M3.json	snapshots/data/wanda_base/6-16/ppl_results_MXFP6_E2M3.json	historical_figure_support	historical_scope_requires_review	../Qwen3-0.6B	wikitext/wikitext-2-raw-v1/test	4096	512			20.2925	299078	578				False	32	False	36abee2d9958e56cab0a7c0541f6ce85303270cf35cb2df61aca4700e1c949e0
../data	wanda_base/6-16/ppl_results_MXFP6_E3M2.json	snapshots/data/wanda_base/6-16/ppl_results_MXFP6_E3M2.json	historical_figure_support	historical_scope_requires_review	../Qwen3-0.6B	wikitext/wikitext-2-raw-v1/test	4096	512			20.5272	299078	578				False	32	False	2a2fa9f8b2184f59570e00fe62e9fc737f80d4b5164f5a8aab4a809ec34ddb94
../data	wanda_base/6-16/ppl_results_MXFP8.json	snapshots/data/wanda_base/6-16/ppl_results_MXFP8.json	historical_figure_support	historical_scope_requires_review	/home/xzj/coding/Qwen3-0.6B	wikitext/wikitext-2-raw-v1/test	4096	512			19.9224	299078	578				True	32	False	51467385f690683a78bc6719c3a55d900e4baab315c14735a96fa2000f1850b8
../data	wanda_base/8-16/ppl_results_MXFP4.json	snapshots/data/wanda_base/8-16/ppl_results_MXFP4.json	historical_figure_support	historical_scope_requires_review	../Qwen3-0.6B	wikitext/wikitext-2-raw-v1/test	4096	512			34.7006	299078	578				False	32	False	fc9b70034e1dd3194e9e1dd9a27b15dbe0187a55c4f6a715377d3f515c2819aa
../data	wanda_base/8-16/ppl_results_MXFP6_E2M3.json	snapshots/data/wanda_base/8-16/ppl_results_MXFP6_E2M3.json	historical_figure_support	historical_scope_requires_review	../Qwen3-0.6B	wikitext/wikitext-2-raw-v1/test	4096	512			26.7468	299078	578				False	32	False	28474e0b1b1c2b6c271aee8698d35854ceaf12206259bf501674a72ebd524e25
../data	wanda_base/8-16/ppl_results_MXFP6_E3M2.json	snapshots/data/wanda_base/8-16/ppl_results_MXFP6_E3M2.json	historical_figure_support	historical_scope_requires_review	../Qwen3-0.6B	wikitext/wikitext-2-raw-v1/test	4096	512			27.4851	299078	578				False	32	False	97b3acab0b1a77ed7b04e0bdd828c2d1f272c27832804098453da7dc61cfb191
../data	wanda_base/8-16/ppl_results_MXFP8.json	snapshots/data/wanda_base/8-16/ppl_results_MXFP8.json	historical_figure_support	historical_scope_requires_review	../Qwen3-0.6B	wikitext/wikitext-2-raw-v1/test	4096	512			26.359	299078	578				True	32	False	2dc781ea75e868f2beb1a8ad2fe20594e2fdee3212488c8e42782d0dc91b9c46
