 
****************************************
Report : area
Design : stage1_tile
Version: W-2024.09-SP5-5
Date   : Fri Aug 14 17:20:58 2026
****************************************

Library(s) Used:

    scc28nhkcp_hdc35p140_rvt_tt_v0p9_25c_basic (File: /share/ScLib/smic/smic28hkmg/SCC28NHKCP_HDC35P140_RVT_CDK_V0.2/SCC28NHKCP_HDC35P140_RVT_V0p2/liberty/0.9v/scc28nhkcp_hdc35p140_rvt_tt_v0p9_25c_basic.db)
    HS128X32_tt_ctypical_0p90v_0p90v_25c (File: /share/home/ST015_YRR/work/07_AI_work/HSS/stage1_tile/memory/HS128X32/db/HS128X32_tt_ctypical_0p90v_0p90v_25c.db)

Number of ports:                        85750
Number of nets:                        276381
Number of cells:                       160030
Number of combinational cells:         144382
Number of sequential cells:             14099
Number of macros/black boxes:             136
Number of buf/inv:                      24518
Number of references:                      74

Combinational area:              94524.625227
Buf/Inv area:                     5092.275885
Noncombinational area:           24870.636820
Macro/Black Box area:           768414.144531
Net Interconnect area:      undefined  (No wire load specified)

Total cell area:                887809.406578
Total area:                 undefined

Hierarchical area distribution
------------------------------

                                  Global cell area                Local cell area
                                  --------------------  ----------------------------------- 
Hierarchical cell                 Absolute     Percent  Combi-      Noncombi-   Black-
                                  Total        Total    national    national    boxes        Design
--------------------------------  -----------  -------  ----------  ----------  -----------  -------------------------------------------------
stage1_tile                       887809.4066    100.0    558.6000    629.7480       0.0000  stage1_tile
DP_OP_264J1_122_5275                  32.8300      0.0     32.8300      0.0000       0.0000  stage1_tile_DP_OP_264J1_122_5275_J1_0
DP_OP_265J1_123_5275                  32.8300      0.0     32.8300      0.0000       0.0000  stage1_tile_DP_OP_265J1_123_5275_J1_0
DP_OP_266J1_124_5275                  32.8300      0.0     32.8300      0.0000       0.0000  stage1_tile_DP_OP_266J1_124_5275_J1_0
DP_OP_267J1_125_5275                  32.8300      0.0     32.8300      0.0000       0.0000  stage1_tile_DP_OP_267J1_125_5275_J1_0
DP_OP_268J1_126_5275                  32.8300      0.0     32.8300      0.0000       0.0000  stage1_tile_DP_OP_268J1_126_5275_J1_0
DP_OP_269J1_127_5275                  32.8300      0.0     32.8300      0.0000       0.0000  stage1_tile_DP_OP_269J1_127_5275_J1_0
DP_OP_270J1_128_5275                  32.8300      0.0     32.8300      0.0000       0.0000  stage1_tile_DP_OP_270J1_128_5275_J1_0
DP_OP_271J1_129_5275                  32.8300      0.0     32.8300      0.0000       0.0000  stage1_tile_DP_OP_271J1_129_5275_J1_0
DP_OP_272J1_130_5275                  32.8300      0.0     32.8300      0.0000       0.0000  stage1_tile_DP_OP_272J1_130_5275_J1_0
DP_OP_273J1_131_5275                  32.8300      0.0     32.8300      0.0000       0.0000  stage1_tile_DP_OP_273J1_131_5275_J1_0
DP_OP_274J1_132_5275                  32.8300      0.0     32.8300      0.0000       0.0000  stage1_tile_DP_OP_274J1_132_5275_J1_0
DP_OP_275J1_133_5275                  32.8300      0.0     32.8300      0.0000       0.0000  stage1_tile_DP_OP_275J1_133_5275_J1_0
DP_OP_276J1_134_5275                  32.8300      0.0     32.8300      0.0000       0.0000  stage1_tile_DP_OP_276J1_134_5275_J1_0
DP_OP_277J1_135_5275                  32.8300      0.0     32.8300      0.0000       0.0000  stage1_tile_DP_OP_277J1_135_5275_J1_0
DP_OP_278J1_136_5275                  32.8300      0.0     32.8300      0.0000       0.0000  stage1_tile_DP_OP_278J1_136_5275_J1_0
DP_OP_279J1_137_5275                  32.8300      0.0     32.8300      0.0000       0.0000  stage1_tile_DP_OP_279J1_137_5275_J1_0
add_x_86                               5.4880      0.0      5.4880      0.0000       0.0000  stage1_tile_DW01_inc_J1_0
g_pair_0__u_pair                   14105.4340      1.6      9.8000      0.0000       0.0000  stage1_lane_pair_7
g_pair_0__u_pair/u_gate             7047.6700      0.8   1416.1980   1323.0000       0.0000  stage1_path_engine_15
g_pair_0__u_pair/u_gate/DP_OP_634J2_122_6502
                                      16.3660      0.0     16.3660      0.0000       0.0000  stage1_path_engine_14_DP_OP_634J2_122_6502_J2_0_1
g_pair_0__u_pair/u_gate/DP_OP_635J2_123_6502
                                      16.3660      0.0     16.3660      0.0000       0.0000  stage1_path_engine_14_DP_OP_635J2_123_6502_J2_0_1
g_pair_0__u_pair/u_gate/DP_OP_636J2_124_6502
                                      16.3660      0.0     16.3660      0.0000       0.0000  stage1_path_engine_14_DP_OP_636J2_124_6502_J2_0_1
g_pair_0__u_pair/u_gate/DP_OP_637J2_125_6502
                                      16.3660      0.0     16.3660      0.0000       0.0000  stage1_path_engine_14_DP_OP_637J2_125_6502_J2_0_1
g_pair_0__u_pair/u_gate/DP_OP_638J2_126_6502
                                      16.3660      0.0     16.3660      0.0000       0.0000  stage1_path_engine_14_DP_OP_638J2_126_6502_J2_0_1
g_pair_0__u_pair/u_gate/DP_OP_639J2_127_6502
                                      16.3660      0.0     16.3660      0.0000       0.0000  stage1_path_engine_14_DP_OP_639J2_127_6502_J2_0_1
g_pair_0__u_pair/u_gate/DP_OP_640J2_128_6502
                                      16.3660      0.0     16.3660      0.0000       0.0000  stage1_path_engine_14_DP_OP_640J2_128_6502_J2_0_1
g_pair_0__u_pair/u_gate/DP_OP_641J2_129_6502
                                      16.3660      0.0     16.3660      0.0000       0.0000  stage1_path_engine_14_DP_OP_641J2_129_6502_J2_0_1
g_pair_0__u_pair/u_gate/DP_OP_642J2_130_6502
                                      16.3660      0.0     16.3660      0.0000       0.0000  stage1_path_engine_14_DP_OP_642J2_130_6502_J2_0_1
g_pair_0__u_pair/u_gate/DP_OP_643J2_131_6502
                                      16.3660      0.0     16.3660      0.0000       0.0000  stage1_path_engine_14_DP_OP_643J2_131_6502_J2_0_1
g_pair_0__u_pair/u_gate/DP_OP_644J2_132_6502
                                      16.3660      0.0     16.3660      0.0000       0.0000  stage1_path_engine_14_DP_OP_644J2_132_6502_J2_0_1
g_pair_0__u_pair/u_gate/DP_OP_645J2_133_6502
                                      16.3660      0.0     16.3660      0.0000       0.0000  stage1_path_engine_14_DP_OP_645J2_133_6502_J2_0_1
g_pair_0__u_pair/u_gate/DP_OP_646J2_134_6502
                                      16.3660      0.0     16.3660      0.0000       0.0000  stage1_path_engine_14_DP_OP_646J2_134_6502_J2_0_1
g_pair_0__u_pair/u_gate/DP_OP_647J2_135_6502
                                      16.3660      0.0     16.3660      0.0000       0.0000  stage1_path_engine_14_DP_OP_647J2_135_6502_J2_0_1
g_pair_0__u_pair/u_gate/DP_OP_648J2_136_6502
                                      16.3660      0.0     16.3660      0.0000       0.0000  stage1_path_engine_14_DP_OP_648J2_136_6502_J2_0_1
g_pair_0__u_pair/u_gate/DP_OP_649J2_137_6502
                                      16.3660      0.0     16.3660      0.0000       0.0000  stage1_path_engine_14_DP_OP_649J2_137_6502_J2_0_1
g_pair_0__u_pair/u_gate/DP_OP_650J2_138_6502
                                      16.3660      0.0     16.3660      0.0000       0.0000  stage1_path_engine_14_DP_OP_650J2_138_6502_J2_0_1
g_pair_0__u_pair/u_gate/DP_OP_651J2_139_6502
                                      16.3660      0.0     16.3660      0.0000       0.0000  stage1_path_engine_14_DP_OP_651J2_139_6502_J2_0_1
g_pair_0__u_pair/u_gate/DP_OP_652J2_140_6502
                                      16.3660      0.0     16.3660      0.0000       0.0000  stage1_path_engine_14_DP_OP_652J2_140_6502_J2_0_1
g_pair_0__u_pair/u_gate/DP_OP_653J2_141_6502
                                      16.3660      0.0     16.3660      0.0000       0.0000  stage1_path_engine_14_DP_OP_653J2_141_6502_J2_0_1
g_pair_0__u_pair/u_gate/DP_OP_654J2_142_6502
                                      16.3660      0.0     16.3660      0.0000       0.0000  stage1_path_engine_14_DP_OP_654J2_142_6502_J2_0_1
g_pair_0__u_pair/u_gate/DP_OP_655J2_143_6502
                                      16.3660      0.0     16.3660      0.0000       0.0000  stage1_path_engine_14_DP_OP_655J2_143_6502_J2_0_1
g_pair_0__u_pair/u_gate/DP_OP_656J2_144_6502
                                      16.3660      0.0     16.3660      0.0000       0.0000  stage1_path_engine_14_DP_OP_656J2_144_6502_J2_0_1
g_pair_0__u_pair/u_gate/DP_OP_657J2_145_6502
                                      16.3660      0.0     16.3660      0.0000       0.0000  stage1_path_engine_14_DP_OP_657J2_145_6502_J2_0_1
g_pair_0__u_pair/u_gate/DP_OP_658J2_146_6502
                                      16.3660      0.0     16.3660      0.0000       0.0000  stage1_path_engine_14_DP_OP_658J2_146_6502_J2_0_1
g_pair_0__u_pair/u_gate/DP_OP_659J2_147_6502
                                      16.3660      0.0     16.3660      0.0000       0.0000  stage1_path_engine_14_DP_OP_659J2_147_6502_J2_0_1
g_pair_0__u_pair/u_gate/DP_OP_660J2_148_6502
                                      16.3660      0.0     16.3660      0.0000       0.0000  stage1_path_engine_14_DP_OP_660J2_148_6502_J2_0_1
g_pair_0__u_pair/u_gate/DP_OP_661J2_149_6502
                                      16.3660      0.0     16.3660      0.0000       0.0000  stage1_path_engine_14_DP_OP_661J2_149_6502_J2_0_1
g_pair_0__u_pair/u_gate/DP_OP_662J2_150_6502
                                      16.3660      0.0     16.3660      0.0000       0.0000  stage1_path_engine_14_DP_OP_662J2_150_6502_J2_0_1
g_pair_0__u_pair/u_gate/DP_OP_663J2_151_6502
                                      16.3660      0.0     16.3660      0.0000       0.0000  stage1_path_engine_14_DP_OP_663J2_151_6502_J2_0_1
g_pair_0__u_pair/u_gate/DP_OP_664J2_152_6502
                                      16.3660      0.0     16.3660      0.0000       0.0000  stage1_path_engine_14_DP_OP_664J2_152_6502_J2_0_1
g_pair_0__u_pair/u_gate/DP_OP_665J2_153_6502
                                      16.3660      0.0     16.3660      0.0000       0.0000  stage1_path_engine_14_DP_OP_665J2_153_6502_J2_0_1
g_pair_0__u_pair/u_gate/DP_OP_666J2_154_310
                                      75.0680      0.0     75.0680      0.0000       0.0000  stage1_path_engine_14_DP_OP_666J2_154_310_J2_0_1
g_pair_0__u_pair/u_gate/DP_OP_667J2_155_310
                                      75.0680      0.0     75.0680      0.0000       0.0000  stage1_path_engine_14_DP_OP_667J2_155_310_J2_0_1
g_pair_0__u_pair/u_gate/DP_OP_668J2_156_310
                                      75.0680      0.0     75.0680      0.0000       0.0000  stage1_path_engine_14_DP_OP_668J2_156_310_J2_0_1
g_pair_0__u_pair/u_gate/DP_OP_669J2_157_310
                                      75.0680      0.0     75.0680      0.0000       0.0000  stage1_path_engine_14_DP_OP_669J2_157_310_J2_0_1
g_pair_0__u_pair/u_gate/DP_OP_670J2_158_310
                                      75.0680      0.0     75.0680      0.0000       0.0000  stage1_path_engine_14_DP_OP_670J2_158_310_J2_0_1
g_pair_0__u_pair/u_gate/DP_OP_671J2_159_310
                                      75.0680      0.0     75.0680      0.0000       0.0000  stage1_path_engine_14_DP_OP_671J2_159_310_J2_0_1
g_pair_0__u_pair/u_gate/DP_OP_672J2_160_310
                                      75.0680      0.0     75.0680      0.0000       0.0000  stage1_path_engine_14_DP_OP_672J2_160_310_J2_0_1
g_pair_0__u_pair/u_gate/DP_OP_673J2_161_310
                                      75.0680      0.0     75.0680      0.0000       0.0000  stage1_path_engine_14_DP_OP_673J2_161_310_J2_0_1
g_pair_0__u_pair/u_gate/DP_OP_674J2_162_9602
                                      84.4760      0.0     84.4760      0.0000       0.0000  stage1_path_engine_14_DP_OP_674J2_162_9602_J2_0_1
g_pair_0__u_pair/u_gate/DP_OP_675J2_163_9602
                                      84.4760      0.0     84.4760      0.0000       0.0000  stage1_path_engine_14_DP_OP_675J2_163_9602_J2_0_1
g_pair_0__u_pair/u_gate/add_x_194     42.9240      0.0     42.9240      0.0000       0.0000  stage1_path_engine_14_DW01_add_J2_0_1
g_pair_0__u_pair/u_gate/add_x_33      31.3600      0.0     31.3600      0.0000       0.0000  stage1_path_engine_14_DW01_add_J2_1_1
g_pair_0__u_pair/u_gate/mult_x_1      91.9240      0.0     91.9240      0.0000       0.0000  stage1_path_engine_14_DW_mult_tc_J2_31_1
g_pair_0__u_pair/u_gate/mult_x_10     91.9240      0.0     91.9240      0.0000       0.0000  stage1_path_engine_14_DW_mult_tc_J2_22_1
g_pair_0__u_pair/u_gate/mult_x_11     91.9240      0.0     91.9240      0.0000       0.0000  stage1_path_engine_14_DW_mult_tc_J2_21_1
g_pair_0__u_pair/u_gate/mult_x_12     91.9240      0.0     91.9240      0.0000       0.0000  stage1_path_engine_14_DW_mult_tc_J2_20_1
g_pair_0__u_pair/u_gate/mult_x_13     91.9240      0.0     91.9240      0.0000       0.0000  stage1_path_engine_14_DW_mult_tc_J2_19_1
g_pair_0__u_pair/u_gate/mult_x_14     91.9240      0.0     91.9240      0.0000       0.0000  stage1_path_engine_14_DW_mult_tc_J2_18_1
g_pair_0__u_pair/u_gate/mult_x_15     91.9240      0.0     91.9240      0.0000       0.0000  stage1_path_engine_14_DW_mult_tc_J2_17_1
g_pair_0__u_pair/u_gate/mult_x_16     91.9240      0.0     91.9240      0.0000       0.0000  stage1_path_engine_14_DW_mult_tc_J2_16_1
g_pair_0__u_pair/u_gate/mult_x_17     91.9240      0.0     91.9240      0.0000       0.0000  stage1_path_engine_14_DW_mult_tc_J2_15_1
g_pair_0__u_pair/u_gate/mult_x_18     91.9240      0.0     91.9240      0.0000       0.0000  stage1_path_engine_14_DW_mult_tc_J2_14_1
g_pair_0__u_pair/u_gate/mult_x_19     91.3360      0.0     91.3360      0.0000       0.0000  stage1_path_engine_14_DW_mult_tc_J2_13_1
g_pair_0__u_pair/u_gate/mult_x_2      91.9240      0.0     91.9240      0.0000       0.0000  stage1_path_engine_14_DW_mult_tc_J2_30_1
g_pair_0__u_pair/u_gate/mult_x_20     91.9240      0.0     91.9240      0.0000       0.0000  stage1_path_engine_14_DW_mult_tc_J2_12_1
g_pair_0__u_pair/u_gate/mult_x_21     91.9240      0.0     91.9240      0.0000       0.0000  stage1_path_engine_14_DW_mult_tc_J2_11_1
g_pair_0__u_pair/u_gate/mult_x_22     91.9240      0.0     91.9240      0.0000       0.0000  stage1_path_engine_14_DW_mult_tc_J2_10_1
g_pair_0__u_pair/u_gate/mult_x_23     91.9240      0.0     91.9240      0.0000       0.0000  stage1_path_engine_14_DW_mult_tc_J2_9_1
g_pair_0__u_pair/u_gate/mult_x_24     91.9240      0.0     91.9240      0.0000       0.0000  stage1_path_engine_14_DW_mult_tc_J2_8_1
g_pair_0__u_pair/u_gate/mult_x_25     91.9240      0.0     91.9240      0.0000       0.0000  stage1_path_engine_14_DW_mult_tc_J2_7_1
g_pair_0__u_pair/u_gate/mult_x_26     91.9240      0.0     91.9240      0.0000       0.0000  stage1_path_engine_14_DW_mult_tc_J2_6_1
g_pair_0__u_pair/u_gate/mult_x_27     91.9240      0.0     91.9240      0.0000       0.0000  stage1_path_engine_14_DW_mult_tc_J2_5_1
g_pair_0__u_pair/u_gate/mult_x_28     91.9240      0.0     91.9240      0.0000       0.0000  stage1_path_engine_14_DW_mult_tc_J2_4_1
g_pair_0__u_pair/u_gate/mult_x_29     91.9240      0.0     91.9240      0.0000       0.0000  stage1_path_engine_14_DW_mult_tc_J2_3_1
g_pair_0__u_pair/u_gate/mult_x_3      91.9240      0.0     91.9240      0.0000       0.0000  stage1_path_engine_14_DW_mult_tc_J2_29_1
g_pair_0__u_pair/u_gate/mult_x_30     91.9240      0.0     91.9240      0.0000       0.0000  stage1_path_engine_14_DW_mult_tc_J2_2_1
g_pair_0__u_pair/u_gate/mult_x_31     91.9240      0.0     91.9240      0.0000       0.0000  stage1_path_engine_14_DW_mult_tc_J2_1_1
g_pair_0__u_pair/u_gate/mult_x_32     91.9240      0.0     91.9240      0.0000       0.0000  stage1_path_engine_14_DW_mult_tc_J2_0_1
g_pair_0__u_pair/u_gate/mult_x_4      91.9240      0.0     91.9240      0.0000       0.0000  stage1_path_engine_14_DW_mult_tc_J2_28_1
g_pair_0__u_pair/u_gate/mult_x_5      91.9240      0.0     91.9240      0.0000       0.0000  stage1_path_engine_14_DW_mult_tc_J2_27_1
g_pair_0__u_pair/u_gate/mult_x_6      91.9240      0.0     91.9240      0.0000       0.0000  stage1_path_engine_14_DW_mult_tc_J2_26_1
g_pair_0__u_pair/u_gate/mult_x_7      91.9240      0.0     91.9240      0.0000       0.0000  stage1_path_engine_14_DW_mult_tc_J2_25_1
g_pair_0__u_pair/u_gate/mult_x_8      91.9240      0.0     91.9240      0.0000       0.0000  stage1_path_engine_14_DW_mult_tc_J2_24_1
g_pair_0__u_pair/u_gate/mult_x_9      91.9240      0.0     91.9240      0.0000       0.0000  stage1_path_engine_14_DW_mult_tc_J2_23_1
g_pair_0__u_pair/u_up               7047.9640      0.8   1416.1980   1323.0000       0.0000  stage1_path_engine_14
g_pair_0__u_pair/u_up/DP_OP_634J2_122_6502
                                      16.3660      0.0     16.3660      0.0000       0.0000  stage1_path_engine_14_DP_OP_634J2_122_6502_J2_0_0
g_pair_0__u_pair/u_up/DP_OP_635J2_123_6502
                                      16.3660      0.0     16.3660      0.0000       0.0000  stage1_path_engine_14_DP_OP_635J2_123_6502_J2_0_0
g_pair_0__u_pair/u_up/DP_OP_636J2_124_6502
                                      16.3660      0.0     16.3660      0.0000       0.0000  stage1_path_engine_14_DP_OP_636J2_124_6502_J2_0_0
g_pair_0__u_pair/u_up/DP_OP_637J2_125_6502
                                      16.3660      0.0     16.3660      0.0000       0.0000  stage1_path_engine_14_DP_OP_637J2_125_6502_J2_0_0
g_pair_0__u_pair/u_up/DP_OP_638J2_126_6502
                                      16.3660      0.0     16.3660      0.0000       0.0000  stage1_path_engine_14_DP_OP_638J2_126_6502_J2_0_0
g_pair_0__u_pair/u_up/DP_OP_639J2_127_6502
                                      16.3660      0.0     16.3660      0.0000       0.0000  stage1_path_engine_14_DP_OP_639J2_127_6502_J2_0_0
g_pair_0__u_pair/u_up/DP_OP_640J2_128_6502
                                      16.3660      0.0     16.3660      0.0000       0.0000  stage1_path_engine_14_DP_OP_640J2_128_6502_J2_0_0
g_pair_0__u_pair/u_up/DP_OP_641J2_129_6502
                                      16.3660      0.0     16.3660      0.0000       0.0000  stage1_path_engine_14_DP_OP_641J2_129_6502_J2_0_0
g_pair_0__u_pair/u_up/DP_OP_642J2_130_6502
                                      16.3660      0.0     16.3660      0.0000       0.0000  stage1_path_engine_14_DP_OP_642J2_130_6502_J2_0_0
g_pair_0__u_pair/u_up/DP_OP_643J2_131_6502
                                      16.3660      0.0     16.3660      0.0000       0.0000  stage1_path_engine_14_DP_OP_643J2_131_6502_J2_0_0
g_pair_0__u_pair/u_up/DP_OP_644J2_132_6502
                                      16.3660      0.0     16.3660      0.0000       0.0000  stage1_path_engine_14_DP_OP_644J2_132_6502_J2_0_0
g_pair_0__u_pair/u_up/DP_OP_645J2_133_6502
                                      16.3660      0.0     16.3660      0.0000       0.0000  stage1_path_engine_14_DP_OP_645J2_133_6502_J2_0_0
g_pair_0__u_pair/u_up/DP_OP_646J2_134_6502
                                      16.3660      0.0     16.3660      0.0000       0.0000  stage1_path_engine_14_DP_OP_646J2_134_6502_J2_0_0
g_pair_0__u_pair/u_up/DP_OP_647J2_135_6502
                                      16.3660      0.0     16.3660      0.0000       0.0000  stage1_path_engine_14_DP_OP_647J2_135_6502_J2_0_0
g_pair_0__u_pair/u_up/DP_OP_648J2_136_6502
                                      16.3660      0.0     16.3660      0.0000       0.0000  stage1_path_engine_14_DP_OP_648J2_136_6502_J2_0_0
g_pair_0__u_pair/u_up/DP_OP_649J2_137_6502
                                      16.3660      0.0     16.3660      0.0000       0.0000  stage1_path_engine_14_DP_OP_649J2_137_6502_J2_0_0
g_pair_0__u_pair/u_up/DP_OP_650J2_138_6502
                                      16.3660      0.0     16.3660      0.0000       0.0000  stage1_path_engine_14_DP_OP_650J2_138_6502_J2_0_0
g_pair_0__u_pair/u_up/DP_OP_651J2_139_6502
                                      16.3660      0.0     16.3660      0.0000       0.0000  stage1_path_engine_14_DP_OP_651J2_139_6502_J2_0_0
g_pair_0__u_pair/u_up/DP_OP_652J2_140_6502
                                      16.3660      0.0     16.3660      0.0000       0.0000  stage1_path_engine_14_DP_OP_652J2_140_6502_J2_0_0
g_pair_0__u_pair/u_up/DP_OP_653J2_141_6502
                                      16.3660      0.0     16.3660      0.0000       0.0000  stage1_path_engine_14_DP_OP_653J2_141_6502_J2_0_0
g_pair_0__u_pair/u_up/DP_OP_654J2_142_6502
                                      16.3660      0.0     16.3660      0.0000       0.0000  stage1_path_engine_14_DP_OP_654J2_142_6502_J2_0_0
g_pair_0__u_pair/u_up/DP_OP_655J2_143_6502
                                      16.3660      0.0     16.3660      0.0000       0.0000  stage1_path_engine_14_DP_OP_655J2_143_6502_J2_0_0
g_pair_0__u_pair/u_up/DP_OP_656J2_144_6502
                                      16.3660      0.0     16.3660      0.0000       0.0000  stage1_path_engine_14_DP_OP_656J2_144_6502_J2_0_0
g_pair_0__u_pair/u_up/DP_OP_657J2_145_6502
                                      16.3660      0.0     16.3660      0.0000       0.0000  stage1_path_engine_14_DP_OP_657J2_145_6502_J2_0_0
g_pair_0__u_pair/u_up/DP_OP_658J2_146_6502
                                      16.3660      0.0     16.3660      0.0000       0.0000  stage1_path_engine_14_DP_OP_658J2_146_6502_J2_0_0
g_pair_0__u_pair/u_up/DP_OP_659J2_147_6502
                                      16.3660      0.0     16.3660      0.0000       0.0000  stage1_path_engine_14_DP_OP_659J2_147_6502_J2_0_0
g_pair_0__u_pair/u_up/DP_OP_660J2_148_6502
                                      16.3660      0.0     16.3660      0.0000       0.0000  stage1_path_engine_14_DP_OP_660J2_148_6502_J2_0_0
g_pair_0__u_pair/u_up/DP_OP_661J2_149_6502
                                      16.3660      0.0     16.3660      0.0000       0.0000  stage1_path_engine_14_DP_OP_661J2_149_6502_J2_0_0
g_pair_0__u_pair/u_up/DP_OP_662J2_150_6502
                                      16.3660      0.0     16.3660      0.0000       0.0000  stage1_path_engine_14_DP_OP_662J2_150_6502_J2_0_0
g_pair_0__u_pair/u_up/DP_OP_663J2_151_6502
                                      16.3660      0.0     16.3660      0.0000       0.0000  stage1_path_engine_14_DP_OP_663J2_151_6502_J2_0_0
g_pair_0__u_pair/u_up/DP_OP_664J2_152_6502
                                      16.3660      0.0     16.3660      0.0000       0.0000  stage1_path_engine_14_DP_OP_664J2_152_6502_J2_0_0
g_pair_0__u_pair/u_up/DP_OP_665J2_153_6502
                                      16.3660      0.0     16.3660      0.0000       0.0000  stage1_path_engine_14_DP_OP_665J2_153_6502_J2_0_0
g_pair_0__u_pair/u_up/DP_OP_666J2_154_310
                                      75.0680      0.0     75.0680      0.0000       0.0000  stage1_path_engine_14_DP_OP_666J2_154_310_J2_0_0
g_pair_0__u_pair/u_up/DP_OP_667J2_155_310
                                      75.0680      0.0     75.0680      0.0000       0.0000  stage1_path_engine_14_DP_OP_667J2_155_310_J2_0_0
g_pair_0__u_pair/u_up/DP_OP_668J2_156_310
                                      75.0680      0.0     75.0680      0.0000       0.0000  stage1_path_engine_14_DP_OP_668J2_156_310_J2_0_0
g_pair_0__u_pair/u_up/DP_OP_669J2_157_310
                                      75.0680      0.0     75.0680      0.0000       0.0000  stage1_path_engine_14_DP_OP_669J2_157_310_J2_0_0
g_pair_0__u_pair/u_up/DP_OP_670J2_158_310
                                      75.0680      0.0     75.0680      0.0000       0.0000  stage1_path_engine_14_DP_OP_670J2_158_310_J2_0_0
g_pair_0__u_pair/u_up/DP_OP_671J2_159_310
                                      75.0680      0.0     75.0680      0.0000       0.0000  stage1_path_engine_14_DP_OP_671J2_159_310_J2_0_0
g_pair_0__u_pair/u_up/DP_OP_672J2_160_310
                                      75.0680      0.0     75.0680      0.0000       0.0000  stage1_path_engine_14_DP_OP_672J2_160_310_J2_0_0
g_pair_0__u_pair/u_up/DP_OP_673J2_161_310
                                      75.0680      0.0     75.0680      0.0000       0.0000  stage1_path_engine_14_DP_OP_673J2_161_310_J2_0_0
g_pair_0__u_pair/u_up/DP_OP_674J2_162_9602
                                      84.4760      0.0     84.4760      0.0000       0.0000  stage1_path_engine_14_DP_OP_674J2_162_9602_J2_0_0
g_pair_0__u_pair/u_up/DP_OP_675J2_163_9602
                                      84.4760      0.0     84.4760      0.0000       0.0000  stage1_path_engine_14_DP_OP_675J2_163_9602_J2_0_0
g_pair_0__u_pair/u_up/add_x_194       42.9240      0.0     42.9240      0.0000       0.0000  stage1_path_engine_14_DW01_add_J2_0_0
g_pair_0__u_pair/u_up/add_x_33        31.3600      0.0     31.3600      0.0000       0.0000  stage1_path_engine_14_DW01_add_J2_1_0
g_pair_0__u_pair/u_up/mult_x_1        91.9240      0.0     91.9240      0.0000       0.0000  stage1_path_engine_14_DW_mult_tc_J2_31_0
g_pair_0__u_pair/u_up/mult_x_10       91.9240      0.0     91.9240      0.0000       0.0000  stage1_path_engine_14_DW_mult_tc_J2_22_0
g_pair_0__u_pair/u_up/mult_x_11       91.9240      0.0     91.9240      0.0000       0.0000  stage1_path_engine_14_DW_mult_tc_J2_21_0
g_pair_0__u_pair/u_up/mult_x_12       91.9240      0.0     91.9240      0.0000       0.0000  stage1_path_engine_14_DW_mult_tc_J2_20_0
g_pair_0__u_pair/u_up/mult_x_13       91.9240      0.0     91.9240      0.0000       0.0000  stage1_path_engine_14_DW_mult_tc_J2_19_0
g_pair_0__u_pair/u_up/mult_x_14       91.9240      0.0     91.9240      0.0000       0.0000  stage1_path_engine_14_DW_mult_tc_J2_18_0
g_pair_0__u_pair/u_up/mult_x_15       91.9240      0.0     91.9240      0.0000       0.0000  stage1_path_engine_14_DW_mult_tc_J2_17_0
g_pair_0__u_pair/u_up/mult_x_16       91.9240      0.0     91.9240      0.0000       0.0000  stage1_path_engine_14_DW_mult_tc_J2_16_0
g_pair_0__u_pair/u_up/mult_x_17       91.9240      0.0     91.9240      0.0000       0.0000  stage1_path_engine_14_DW_mult_tc_J2_15_0
g_pair_0__u_pair/u_up/mult_x_18       91.9240      0.0     91.9240      0.0000       0.0000  stage1_path_engine_14_DW_mult_tc_J2_14_0
g_pair_0__u_pair/u_up/mult_x_19       91.6300      0.0     91.6300      0.0000       0.0000  stage1_path_engine_14_DW_mult_tc_J2_13_0
g_pair_0__u_pair/u_up/mult_x_2        91.9240      0.0     91.9240      0.0000       0.0000  stage1_path_engine_14_DW_mult_tc_J2_30_0
g_pair_0__u_pair/u_up/mult_x_20       91.9240      0.0     91.9240      0.0000       0.0000  stage1_path_engine_14_DW_mult_tc_J2_12_0
g_pair_0__u_pair/u_up/mult_x_21       91.9240      0.0     91.9240      0.0000       0.0000  stage1_path_engine_14_DW_mult_tc_J2_11_0
g_pair_0__u_pair/u_up/mult_x_22       91.9240      0.0     91.9240      0.0000       0.0000  stage1_path_engine_14_DW_mult_tc_J2_10_0
g_pair_0__u_pair/u_up/mult_x_23       91.9240      0.0     91.9240      0.0000       0.0000  stage1_path_engine_14_DW_mult_tc_J2_9_0
g_pair_0__u_pair/u_up/mult_x_24       91.9240      0.0     91.9240      0.0000       0.0000  stage1_path_engine_14_DW_mult_tc_J2_8_0
g_pair_0__u_pair/u_up/mult_x_25       91.9240      0.0     91.9240      0.0000       0.0000  stage1_path_engine_14_DW_mult_tc_J2_7_0
g_pair_0__u_pair/u_up/mult_x_26       91.9240      0.0     91.9240      0.0000       0.0000  stage1_path_engine_14_DW_mult_tc_J2_6_0
g_pair_0__u_pair/u_up/mult_x_27       91.9240      0.0     91.9240      0.0000       0.0000  stage1_path_engine_14_DW_mult_tc_J2_5_0
g_pair_0__u_pair/u_up/mult_x_28       91.9240      0.0     91.9240      0.0000       0.0000  stage1_path_engine_14_DW_mult_tc_J2_4_0
g_pair_0__u_pair/u_up/mult_x_29       91.9240      0.0     91.9240      0.0000       0.0000  stage1_path_engine_14_DW_mult_tc_J2_3_0
g_pair_0__u_pair/u_up/mult_x_3        91.9240      0.0     91.9240      0.0000       0.0000  stage1_path_engine_14_DW_mult_tc_J2_29_0
g_pair_0__u_pair/u_up/mult_x_30       91.9240      0.0     91.9240      0.0000       0.0000  stage1_path_engine_14_DW_mult_tc_J2_2_0
g_pair_0__u_pair/u_up/mult_x_31       91.9240      0.0     91.9240      0.0000       0.0000  stage1_path_engine_14_DW_mult_tc_J2_1_0
g_pair_0__u_pair/u_up/mult_x_32       91.9240      0.0     91.9240      0.0000       0.0000  stage1_path_engine_14_DW_mult_tc_J2_0_0
g_pair_0__u_pair/u_up/mult_x_4        91.9240      0.0     91.9240      0.0000       0.0000  stage1_path_engine_14_DW_mult_tc_J2_28_0
g_pair_0__u_pair/u_up/mult_x_5        91.9240      0.0     91.9240      0.0000       0.0000  stage1_path_engine_14_DW_mult_tc_J2_27_0
g_pair_0__u_pair/u_up/mult_x_6        91.9240      0.0     91.9240      0.0000       0.0000  stage1_path_engine_14_DW_mult_tc_J2_26_0
g_pair_0__u_pair/u_up/mult_x_7        91.9240      0.0     91.9240      0.0000       0.0000  stage1_path_engine_14_DW_mult_tc_J2_25_0
g_pair_0__u_pair/u_up/mult_x_8        91.9240      0.0     91.9240      0.0000       0.0000  stage1_path_engine_14_DW_mult_tc_J2_24_0
g_pair_0__u_pair/u_up/mult_x_9        91.9240      0.0     91.9240      0.0000       0.0000  stage1_path_engine_14_DW_mult_tc_J2_23_0
g_pair_1__u_pair                   14101.2200      1.6      9.4080      0.0000       0.0000  stage1_lane_pair_6
g_pair_1__u_pair/u_gate             7045.9060      0.8   1415.9040   1321.2360       0.0000  stage1_path_engine_13
g_pair_1__u_pair/u_gate/DP_OP_632J3_122_2117
                                      16.3660      0.0     16.3660      0.0000       0.0000  stage1_path_engine_0_DP_OP_632J3_122_2117_J3_0_13
g_pair_1__u_pair/u_gate/DP_OP_633J3_123_2117
                                      16.3660      0.0     16.3660      0.0000       0.0000  stage1_path_engine_0_DP_OP_633J3_123_2117_J3_0_13
g_pair_1__u_pair/u_gate/DP_OP_634J3_124_2117
                                      16.3660      0.0     16.3660      0.0000       0.0000  stage1_path_engine_0_DP_OP_634J3_124_2117_J3_0_13
g_pair_1__u_pair/u_gate/DP_OP_635J3_125_2117
                                      16.3660      0.0     16.3660      0.0000       0.0000  stage1_path_engine_0_DP_OP_635J3_125_2117_J3_0_13
g_pair_1__u_pair/u_gate/DP_OP_636J3_126_2117
                                      16.3660      0.0     16.3660      0.0000       0.0000  stage1_path_engine_0_DP_OP_636J3_126_2117_J3_0_13
g_pair_1__u_pair/u_gate/DP_OP_637J3_127_2117
                                      16.3660      0.0     16.3660      0.0000       0.0000  stage1_path_engine_0_DP_OP_637J3_127_2117_J3_0_13
g_pair_1__u_pair/u_gate/DP_OP_638J3_128_2117
                                      16.3660      0.0     16.3660      0.0000       0.0000  stage1_path_engine_0_DP_OP_638J3_128_2117_J3_0_13
g_pair_1__u_pair/u_gate/DP_OP_639J3_129_2117
                                      16.3660      0.0     16.3660      0.0000       0.0000  stage1_path_engine_0_DP_OP_639J3_129_2117_J3_0_13
g_pair_1__u_pair/u_gate/DP_OP_640J3_130_2117
                                      16.3660      0.0     16.3660      0.0000       0.0000  stage1_path_engine_0_DP_OP_640J3_130_2117_J3_0_13
g_pair_1__u_pair/u_gate/DP_OP_641J3_131_2117
                                      16.3660      0.0     16.3660      0.0000       0.0000  stage1_path_engine_0_DP_OP_641J3_131_2117_J3_0_13
g_pair_1__u_pair/u_gate/DP_OP_642J3_132_2117
                                      16.3660      0.0     16.3660      0.0000       0.0000  stage1_path_engine_0_DP_OP_642J3_132_2117_J3_0_13
g_pair_1__u_pair/u_gate/DP_OP_643J3_133_2117
                                      16.3660      0.0     16.3660      0.0000       0.0000  stage1_path_engine_0_DP_OP_643J3_133_2117_J3_0_13
g_pair_1__u_pair/u_gate/DP_OP_644J3_134_2117
                                      16.3660      0.0     16.3660      0.0000       0.0000  stage1_path_engine_0_DP_OP_644J3_134_2117_J3_0_13
g_pair_1__u_pair/u_gate/DP_OP_645J3_135_2117
                                      16.3660      0.0     16.3660      0.0000       0.0000  stage1_path_engine_0_DP_OP_645J3_135_2117_J3_0_13
g_pair_1__u_pair/u_gate/DP_OP_646J3_136_2117
                                      16.3660      0.0     16.3660      0.0000       0.0000  stage1_path_engine_0_DP_OP_646J3_136_2117_J3_0_13
g_pair_1__u_pair/u_gate/DP_OP_647J3_137_2117
                                      16.3660      0.0     16.3660      0.0000       0.0000  stage1_path_engine_0_DP_OP_647J3_137_2117_J3_0_13
g_pair_1__u_pair/u_gate/DP_OP_648J3_138_2117
                                      16.3660      0.0     16.3660      0.0000       0.0000  stage1_path_engine_0_DP_OP_648J3_138_2117_J3_0_13
g_pair_1__u_pair/u_gate/DP_OP_649J3_139_2117
                                      16.3660      0.0     16.3660      0.0000       0.0000  stage1_path_engine_0_DP_OP_649J3_139_2117_J3_0_13
g_pair_1__u_pair/u_gate/DP_OP_650J3_140_2117
                                      16.3660      0.0     16.3660      0.0000       0.0000  stage1_path_engine_0_DP_OP_650J3_140_2117_J3_0_13
g_pair_1__u_pair/u_gate/DP_OP_651J3_141_2117
                                      16.3660      0.0     16.3660      0.0000       0.0000  stage1_path_engine_0_DP_OP_651J3_141_2117_J3_0_13
g_pair_1__u_pair/u_gate/DP_OP_652J3_142_2117
                                      16.3660      0.0     16.3660      0.0000       0.0000  stage1_path_engine_0_DP_OP_652J3_142_2117_J3_0_13
g_pair_1__u_pair/u_gate/DP_OP_653J3_143_2117
                                      16.3660      0.0     16.3660      0.0000       0.0000  stage1_path_engine_0_DP_OP_653J3_143_2117_J3_0_13
g_pair_1__u_pair/u_gate/DP_OP_654J3_144_2117
                                      16.3660      0.0     16.3660      0.0000       0.0000  stage1_path_engine_0_DP_OP_654J3_144_2117_J3_0_13
g_pair_1__u_pair/u_gate/DP_OP_655J3_145_2117
                                      16.3660      0.0     16.3660      0.0000       0.0000  stage1_path_engine_0_DP_OP_655J3_145_2117_J3_0_13
g_pair_1__u_pair/u_gate/DP_OP_656J3_146_2117
                                      16.3660      0.0     16.3660      0.0000       0.0000  stage1_path_engine_0_DP_OP_656J3_146_2117_J3_0_13
g_pair_1__u_pair/u_gate/DP_OP_657J3_147_2117
                                      16.3660      0.0     16.3660      0.0000       0.0000  stage1_path_engine_0_DP_OP_657J3_147_2117_J3_0_13
g_pair_1__u_pair/u_gate/DP_OP_658J3_148_2117
                                      16.3660      0.0     16.3660      0.0000       0.0000  stage1_path_engine_0_DP_OP_658J3_148_2117_J3_0_13
g_pair_1__u_pair/u_gate/DP_OP_659J3_149_2117
                                      16.3660      0.0     16.3660      0.0000       0.0000  stage1_path_engine_0_DP_OP_659J3_149_2117_J3_0_13
g_pair_1__u_pair/u_gate/DP_OP_660J3_150_2117
                                      16.3660      0.0     16.3660      0.0000       0.0000  stage1_path_engine_0_DP_OP_660J3_150_2117_J3_0_13
g_pair_1__u_pair/u_gate/DP_OP_661J3_151_2117
                                      16.3660      0.0     16.3660      0.0000       0.0000  stage1_path_engine_0_DP_OP_661J3_151_2117_J3_0_13
g_pair_1__u_pair/u_gate/DP_OP_662J3_152_2117
                                      16.3660      0.0     16.3660      0.0000       0.0000  stage1_path_engine_0_DP_OP_662J3_152_2117_J3_0_13
g_pair_1__u_pair/u_gate/DP_OP_663J3_153_2117
                                      16.3660      0.0     16.3660      0.0000       0.0000  stage1_path_engine_0_DP_OP_663J3_153_2117_J3_0_13
g_pair_1__u_pair/u_gate/DP_OP_664J3_154_8083
                                      75.0680      0.0     75.0680      0.0000       0.0000  stage1_path_engine_0_DP_OP_664J3_154_8083_J3_0_13
g_pair_1__u_pair/u_gate/DP_OP_665J3_155_8083
                                      75.0680      0.0     75.0680      0.0000       0.0000  stage1_path_engine_0_DP_OP_665J3_155_8083_J3_0_13
g_pair_1__u_pair/u_gate/DP_OP_666J3_156_8083
                                      75.0680      0.0     75.0680      0.0000       0.0000  stage1_path_engine_0_DP_OP_666J3_156_8083_J3_0_13
g_pair_1__u_pair/u_gate/DP_OP_667J3_157_8083
                                      75.0680      0.0     75.0680      0.0000       0.0000  stage1_path_engine_0_DP_OP_667J3_157_8083_J3_0_13
g_pair_1__u_pair/u_gate/DP_OP_668J3_158_8083
                                      75.0680      0.0     75.0680      0.0000       0.0000  stage1_path_engine_0_DP_OP_668J3_158_8083_J3_0_13
g_pair_1__u_pair/u_gate/DP_OP_669J3_159_8083
                                      75.0680      0.0     75.0680      0.0000       0.0000  stage1_path_engine_0_DP_OP_669J3_159_8083_J3_0_13
g_pair_1__u_pair/u_gate/DP_OP_670J3_160_8083
                                      75.0680      0.0     75.0680      0.0000       0.0000  stage1_path_engine_0_DP_OP_670J3_160_8083_J3_0_13
g_pair_1__u_pair/u_gate/DP_OP_671J3_161_8083
                                      75.0680      0.0     75.0680      0.0000       0.0000  stage1_path_engine_0_DP_OP_671J3_161_8083_J3_0_13
g_pair_1__u_pair/u_gate/DP_OP_672J3_162_589
                                      84.4760      0.0     84.4760      0.0000       0.0000  stage1_path_engine_0_DP_OP_672J3_162_589_J3_0_13
g_pair_1__u_pair/u_gate/DP_OP_673J3_163_589
                                      84.4760      0.0     84.4760      0.0000       0.0000  stage1_path_engine_0_DP_OP_673J3_163_589_J3_0_13
g_pair_1__u_pair/u_gate/add_x_194     42.9240      0.0     42.9240      0.0000       0.0000  stage1_path_engine_0_DW01_add_J3_0_13
g_pair_1__u_pair/u_gate/add_x_33      31.3600      0.0     31.3600      0.0000       0.0000  stage1_path_engine_0_DW01_add_J3_1_13
g_pair_1__u_pair/u_gate/mult_x_1      91.9240      0.0     91.9240      0.0000       0.0000  stage1_path_engine_0_DW_mult_tc_J3_31_13
g_pair_1__u_pair/u_gate/mult_x_10     91.9240      0.0     91.9240      0.0000       0.0000  stage1_path_engine_0_DW_mult_tc_J3_22_13
g_pair_1__u_pair/u_gate/mult_x_11     91.9240      0.0     91.9240      0.0000       0.0000  stage1_path_engine_0_DW_mult_tc_J3_21_13
g_pair_1__u_pair/u_gate/mult_x_12     91.9240      0.0     91.9240      0.0000       0.0000  stage1_path_engine_0_DW_mult_tc_J3_20_13
g_pair_1__u_pair/u_gate/mult_x_13     91.9240      0.0     91.9240      0.0000       0.0000  stage1_path_engine_0_DW_mult_tc_J3_19_13
g_pair_1__u_pair/u_gate/mult_x_14     91.9240      0.0     91.9240      0.0000       0.0000  stage1_path_engine_0_DW_mult_tc_J3_18_13
g_pair_1__u_pair/u_gate/mult_x_15     91.9240      0.0     91.9240      0.0000       0.0000  stage1_path_engine_0_DW_mult_tc_J3_17_13
g_pair_1__u_pair/u_gate/mult_x_16     91.9240      0.0     91.9240      0.0000       0.0000  stage1_path_engine_0_DW_mult_tc_J3_16_13
g_pair_1__u_pair/u_gate/mult_x_17     91.9240      0.0     91.9240      0.0000       0.0000  stage1_path_engine_0_DW_mult_tc_J3_15_13
g_pair_1__u_pair/u_gate/mult_x_18     91.9240      0.0     91.9240      0.0000       0.0000  stage1_path_engine_0_DW_mult_tc_J3_14_13
g_pair_1__u_pair/u_gate/mult_x_19     91.6300      0.0     91.6300      0.0000       0.0000  stage1_path_engine_0_DW_mult_tc_J3_13_13
g_pair_1__u_pair/u_gate/mult_x_2      91.9240      0.0     91.9240      0.0000       0.0000  stage1_path_engine_0_DW_mult_tc_J3_30_13
g_pair_1__u_pair/u_gate/mult_x_20     91.9240      0.0     91.9240      0.0000       0.0000  stage1_path_engine_0_DW_mult_tc_J3_12_13
g_pair_1__u_pair/u_gate/mult_x_21     91.9240      0.0     91.9240      0.0000       0.0000  stage1_path_engine_0_DW_mult_tc_J3_11_13
g_pair_1__u_pair/u_gate/mult_x_22     91.9240      0.0     91.9240      0.0000       0.0000  stage1_path_engine_0_DW_mult_tc_J3_10_13
g_pair_1__u_pair/u_gate/mult_x_23     91.9240      0.0     91.9240      0.0000       0.0000  stage1_path_engine_0_DW_mult_tc_J3_9_13
g_pair_1__u_pair/u_gate/mult_x_24     91.9240      0.0     91.9240      0.0000       0.0000  stage1_path_engine_0_DW_mult_tc_J3_8_13
g_pair_1__u_pair/u_gate/mult_x_25     91.9240      0.0     91.9240      0.0000       0.0000  stage1_path_engine_0_DW_mult_tc_J3_7_13
g_pair_1__u_pair/u_gate/mult_x_26     91.9240      0.0     91.9240      0.0000       0.0000  stage1_path_engine_0_DW_mult_tc_J3_6_13
g_pair_1__u_pair/u_gate/mult_x_27     91.9240      0.0     91.9240      0.0000       0.0000  stage1_path_engine_0_DW_mult_tc_J3_5_13
g_pair_1__u_pair/u_gate/mult_x_28     91.9240      0.0     91.9240      0.0000       0.0000  stage1_path_engine_0_DW_mult_tc_J3_4_13
g_pair_1__u_pair/u_gate/mult_x_29     91.9240      0.0     91.9240      0.0000       0.0000  stage1_path_engine_0_DW_mult_tc_J3_3_13
g_pair_1__u_pair/u_gate/mult_x_3      91.9240      0.0     91.9240      0.0000       0.0000  stage1_path_engine_0_DW_mult_tc_J3_29_13
g_pair_1__u_pair/u_gate/mult_x_30     91.9240      0.0     91.9240      0.0000       0.0000  stage1_path_engine_0_DW_mult_tc_J3_2_13
g_pair_1__u_pair/u_gate/mult_x_31     91.9240      0.0     91.9240      0.0000       0.0000  stage1_path_engine_0_DW_mult_tc_J3_1_13
g_pair_1__u_pair/u_gate/mult_x_32     91.9240      0.0     91.9240      0.0000       0.0000  stage1_path_engine_0_DW_mult_tc_J3_0_13
g_pair_1__u_pair/u_gate/mult_x_4      91.9240      0.0     91.9240      0.0000       0.0000  stage1_path_engine_0_DW_mult_tc_J3_28_13
g_pair_1__u_pair/u_gate/mult_x_5      91.9240      0.0     91.9240      0.0000       0.0000  stage1_path_engine_0_DW_mult_tc_J3_27_13
g_pair_1__u_pair/u_gate/mult_x_6      91.9240      0.0     91.9240      0.0000       0.0000  stage1_path_engine_0_DW_mult_tc_J3_26_13
g_pair_1__u_pair/u_gate/mult_x_7      91.9240      0.0     91.9240      0.0000       0.0000  stage1_path_engine_0_DW_mult_tc_J3_25_13
g_pair_1__u_pair/u_gate/mult_x_8      91.9240      0.0     91.9240      0.0000       0.0000  stage1_path_engine_0_DW_mult_tc_J3_24_13
g_pair_1__u_pair/u_gate/mult_x_9      91.9240      0.0     91.9240      0.0000       0.0000  stage1_path_engine_0_DW_mult_tc_J3_23_13
g_pair_1__u_pair/u_up               7045.9060      0.8   1415.9040   1321.2360       0.0000  stage1_path_engine_12
g_pair_1__u_pair/u_up/DP_OP_632J3_122_2117
                                      16.3660      0.0     16.3660      0.0000       0.0000  stage1_path_engine_0_DP_OP_632J3_122_2117_J3_0_12
g_pair_1__u_pair/u_up/DP_OP_633J3_123_2117
                                      16.3660      0.0     16.3660      0.0000       0.0000  stage1_path_engine_0_DP_OP_633J3_123_2117_J3_0_12
g_pair_1__u_pair/u_up/DP_OP_634J3_124_2117
                                      16.3660      0.0     16.3660      0.0000       0.0000  stage1_path_engine_0_DP_OP_634J3_124_2117_J3_0_12
g_pair_1__u_pair/u_up/DP_OP_635J3_125_2117
                                      16.3660      0.0     16.3660      0.0000       0.0000  stage1_path_engine_0_DP_OP_635J3_125_2117_J3_0_12
g_pair_1__u_pair/u_up/DP_OP_636J3_126_2117
                                      16.3660      0.0     16.3660      0.0000       0.0000  stage1_path_engine_0_DP_OP_636J3_126_2117_J3_0_12
g_pair_1__u_pair/u_up/DP_OP_637J3_127_2117
                                      16.3660      0.0     16.3660      0.0000       0.0000  stage1_path_engine_0_DP_OP_637J3_127_2117_J3_0_12
g_pair_1__u_pair/u_up/DP_OP_638J3_128_2117
                                      16.3660      0.0     16.3660      0.0000       0.0000  stage1_path_engine_0_DP_OP_638J3_128_2117_J3_0_12
g_pair_1__u_pair/u_up/DP_OP_639J3_129_2117
                                      16.3660      0.0     16.3660      0.0000       0.0000  stage1_path_engine_0_DP_OP_639J3_129_2117_J3_0_12
g_pair_1__u_pair/u_up/DP_OP_640J3_130_2117
                                      16.3660      0.0     16.3660      0.0000       0.0000  stage1_path_engine_0_DP_OP_640J3_130_2117_J3_0_12
g_pair_1__u_pair/u_up/DP_OP_641J3_131_2117
                                      16.3660      0.0     16.3660      0.0000       0.0000  stage1_path_engine_0_DP_OP_641J3_131_2117_J3_0_12
g_pair_1__u_pair/u_up/DP_OP_642J3_132_2117
                                      16.3660      0.0     16.3660      0.0000       0.0000  stage1_path_engine_0_DP_OP_642J3_132_2117_J3_0_12
g_pair_1__u_pair/u_up/DP_OP_643J3_133_2117
                                      16.3660      0.0     16.3660      0.0000       0.0000  stage1_path_engine_0_DP_OP_643J3_133_2117_J3_0_12
g_pair_1__u_pair/u_up/DP_OP_644J3_134_2117
                                      16.3660      0.0     16.3660      0.0000       0.0000  stage1_path_engine_0_DP_OP_644J3_134_2117_J3_0_12
g_pair_1__u_pair/u_up/DP_OP_645J3_135_2117
                                      16.3660      0.0     16.3660      0.0000       0.0000  stage1_path_engine_0_DP_OP_645J3_135_2117_J3_0_12
g_pair_1__u_pair/u_up/DP_OP_646J3_136_2117
                                      16.3660      0.0     16.3660      0.0000       0.0000  stage1_path_engine_0_DP_OP_646J3_136_2117_J3_0_12
g_pair_1__u_pair/u_up/DP_OP_647J3_137_2117
                                      16.3660      0.0     16.3660      0.0000       0.0000  stage1_path_engine_0_DP_OP_647J3_137_2117_J3_0_12
g_pair_1__u_pair/u_up/DP_OP_648J3_138_2117
                                      16.3660      0.0     16.3660      0.0000       0.0000  stage1_path_engine_0_DP_OP_648J3_138_2117_J3_0_12
g_pair_1__u_pair/u_up/DP_OP_649J3_139_2117
                                      16.3660      0.0     16.3660      0.0000       0.0000  stage1_path_engine_0_DP_OP_649J3_139_2117_J3_0_12
g_pair_1__u_pair/u_up/DP_OP_650J3_140_2117
                                      16.3660      0.0     16.3660      0.0000       0.0000  stage1_path_engine_0_DP_OP_650J3_140_2117_J3_0_12
g_pair_1__u_pair/u_up/DP_OP_651J3_141_2117
                                      16.3660      0.0     16.3660      0.0000       0.0000  stage1_path_engine_0_DP_OP_651J3_141_2117_J3_0_12
g_pair_1__u_pair/u_up/DP_OP_652J3_142_2117
                                      16.3660      0.0     16.3660      0.0000       0.0000  stage1_path_engine_0_DP_OP_652J3_142_2117_J3_0_12
g_pair_1__u_pair/u_up/DP_OP_653J3_143_2117
                                      16.3660      0.0     16.3660      0.0000       0.0000  stage1_path_engine_0_DP_OP_653J3_143_2117_J3_0_12
g_pair_1__u_pair/u_up/DP_OP_654J3_144_2117
                                      16.3660      0.0     16.3660      0.0000       0.0000  stage1_path_engine_0_DP_OP_654J3_144_2117_J3_0_12
g_pair_1__u_pair/u_up/DP_OP_655J3_145_2117
                                      16.3660      0.0     16.3660      0.0000       0.0000  stage1_path_engine_0_DP_OP_655J3_145_2117_J3_0_12
g_pair_1__u_pair/u_up/DP_OP_656J3_146_2117
                                      16.3660      0.0     16.3660      0.0000       0.0000  stage1_path_engine_0_DP_OP_656J3_146_2117_J3_0_12
g_pair_1__u_pair/u_up/DP_OP_657J3_147_2117
                                      16.3660      0.0     16.3660      0.0000       0.0000  stage1_path_engine_0_DP_OP_657J3_147_2117_J3_0_12
g_pair_1__u_pair/u_up/DP_OP_658J3_148_2117
                                      16.3660      0.0     16.3660      0.0000       0.0000  stage1_path_engine_0_DP_OP_658J3_148_2117_J3_0_12
g_pair_1__u_pair/u_up/DP_OP_659J3_149_2117
                                      16.3660      0.0     16.3660      0.0000       0.0000  stage1_path_engine_0_DP_OP_659J3_149_2117_J3_0_12
g_pair_1__u_pair/u_up/DP_OP_660J3_150_2117
                                      16.3660      0.0     16.3660      0.0000       0.0000  stage1_path_engine_0_DP_OP_660J3_150_2117_J3_0_12
g_pair_1__u_pair/u_up/DP_OP_661J3_151_2117
                                      16.3660      0.0     16.3660      0.0000       0.0000  stage1_path_engine_0_DP_OP_661J3_151_2117_J3_0_12
g_pair_1__u_pair/u_up/DP_OP_662J3_152_2117
                                      16.3660      0.0     16.3660      0.0000       0.0000  stage1_path_engine_0_DP_OP_662J3_152_2117_J3_0_12
g_pair_1__u_pair/u_up/DP_OP_663J3_153_2117
                                      16.3660      0.0     16.3660      0.0000       0.0000  stage1_path_engine_0_DP_OP_663J3_153_2117_J3_0_12
g_pair_1__u_pair/u_up/DP_OP_664J3_154_8083
                                      75.0680      0.0     75.0680      0.0000       0.0000  stage1_path_engine_0_DP_OP_664J3_154_8083_J3_0_12
g_pair_1__u_pair/u_up/DP_OP_665J3_155_8083
                                      75.0680      0.0     75.0680      0.0000       0.0000  stage1_path_engine_0_DP_OP_665J3_155_8083_J3_0_12
g_pair_1__u_pair/u_up/DP_OP_666J3_156_8083
                                      75.0680      0.0     75.0680      0.0000       0.0000  stage1_path_engine_0_DP_OP_666J3_156_8083_J3_0_12
g_pair_1__u_pair/u_up/DP_OP_667J3_157_8083
                                      75.0680      0.0     75.0680      0.0000       0.0000  stage1_path_engine_0_DP_OP_667J3_157_8083_J3_0_12
g_pair_1__u_pair/u_up/DP_OP_668J3_158_8083
                                      75.0680      0.0     75.0680      0.0000       0.0000  stage1_path_engine_0_DP_OP_668J3_158_8083_J3_0_12
g_pair_1__u_pair/u_up/DP_OP_669J3_159_8083
                                      75.0680      0.0     75.0680      0.0000       0.0000  stage1_path_engine_0_DP_OP_669J3_159_8083_J3_0_12
g_pair_1__u_pair/u_up/DP_OP_670J3_160_8083
                                      75.0680      0.0     75.0680      0.0000       0.0000  stage1_path_engine_0_DP_OP_670J3_160_8083_J3_0_12
g_pair_1__u_pair/u_up/DP_OP_671J3_161_8083
                                      75.0680      0.0     75.0680      0.0000       0.0000  stage1_path_engine_0_DP_OP_671J3_161_8083_J3_0_12
g_pair_1__u_pair/u_up/DP_OP_672J3_162_589
                                      84.4760      0.0     84.4760      0.0000       0.0000  stage1_path_engine_0_DP_OP_672J3_162_589_J3_0_12
g_pair_1__u_pair/u_up/DP_OP_673J3_163_589
                                      84.4760      0.0     84.4760      0.0000       0.0000  stage1_path_engine_0_DP_OP_673J3_163_589_J3_0_12
g_pair_1__u_pair/u_up/add_x_194       42.9240      0.0     42.9240      0.0000       0.0000  stage1_path_engine_0_DW01_add_J3_0_12
g_pair_1__u_pair/u_up/add_x_33        31.3600      0.0     31.3600      0.0000       0.0000  stage1_path_engine_0_DW01_add_J3_1_12
g_pair_1__u_pair/u_up/mult_x_1        91.9240      0.0     91.9240      0.0000       0.0000  stage1_path_engine_0_DW_mult_tc_J3_31_12
g_pair_1__u_pair/u_up/mult_x_10       91.9240      0.0     91.9240      0.0000       0.0000  stage1_path_engine_0_DW_mult_tc_J3_22_12
g_pair_1__u_pair/u_up/mult_x_11       91.9240      0.0     91.9240      0.0000       0.0000  stage1_path_engine_0_DW_mult_tc_J3_21_12
g_pair_1__u_pair/u_up/mult_x_12       91.9240      0.0     91.9240      0.0000       0.0000  stage1_path_engine_0_DW_mult_tc_J3_20_12
g_pair_1__u_pair/u_up/mult_x_13       91.9240      0.0     91.9240      0.0000       0.0000  stage1_path_engine_0_DW_mult_tc_J3_19_12
g_pair_1__u_pair/u_up/mult_x_14       91.9240      0.0     91.9240      0.0000       0.0000  stage1_path_engine_0_DW_mult_tc_J3_18_12
g_pair_1__u_pair/u_up/mult_x_15       91.9240      0.0     91.9240      0.0000       0.0000  stage1_path_engine_0_DW_mult_tc_J3_17_12
g_pair_1__u_pair/u_up/mult_x_16       91.9240      0.0     91.9240      0.0000       0.0000  stage1_path_engine_0_DW_mult_tc_J3_16_12
g_pair_1__u_pair/u_up/mult_x_17       91.9240      0.0     91.9240      0.0000       0.0000  stage1_path_engine_0_DW_mult_tc_J3_15_12
g_pair_1__u_pair/u_up/mult_x_18       91.9240      0.0     91.9240      0.0000       0.0000  stage1_path_engine_0_DW_mult_tc_J3_14_12
g_pair_1__u_pair/u_up/mult_x_19       91.6300      0.0     91.6300      0.0000       0.0000  stage1_path_engine_0_DW_mult_tc_J3_13_12
g_pair_1__u_pair/u_up/mult_x_2        91.9240      0.0     91.9240      0.0000       0.0000  stage1_path_engine_0_DW_mult_tc_J3_30_12
g_pair_1__u_pair/u_up/mult_x_20       91.9240      0.0     91.9240      0.0000       0.0000  stage1_path_engine_0_DW_mult_tc_J3_12_12
g_pair_1__u_pair/u_up/mult_x_21       91.9240      0.0     91.9240      0.0000       0.0000  stage1_path_engine_0_DW_mult_tc_J3_11_12
g_pair_1__u_pair/u_up/mult_x_22       91.9240      0.0     91.9240      0.0000       0.0000  stage1_path_engine_0_DW_mult_tc_J3_10_12
g_pair_1__u_pair/u_up/mult_x_23       91.9240      0.0     91.9240      0.0000       0.0000  stage1_path_engine_0_DW_mult_tc_J3_9_12
g_pair_1__u_pair/u_up/mult_x_24       91.9240      0.0     91.9240      0.0000       0.0000  stage1_path_engine_0_DW_mult_tc_J3_8_12
g_pair_1__u_pair/u_up/mult_x_25       91.9240      0.0     91.9240      0.0000       0.0000  stage1_path_engine_0_DW_mult_tc_J3_7_12
g_pair_1__u_pair/u_up/mult_x_26       91.9240      0.0     91.9240      0.0000       0.0000  stage1_path_engine_0_DW_mult_tc_J3_6_12
g_pair_1__u_pair/u_up/mult_x_27       91.9240      0.0     91.9240      0.0000       0.0000  stage1_path_engine_0_DW_mult_tc_J3_5_12
g_pair_1__u_pair/u_up/mult_x_28       91.9240      0.0     91.9240      0.0000       0.0000  stage1_path_engine_0_DW_mult_tc_J3_4_12
g_pair_1__u_pair/u_up/mult_x_29       91.9240      0.0     91.9240      0.0000       0.0000  stage1_path_engine_0_DW_mult_tc_J3_3_12
g_pair_1__u_pair/u_up/mult_x_3        91.9240      0.0     91.9240      0.0000       0.0000  stage1_path_engine_0_DW_mult_tc_J3_29_12
g_pair_1__u_pair/u_up/mult_x_30       91.9240      0.0     91.9240      0.0000       0.0000  stage1_path_engine_0_DW_mult_tc_J3_2_12
g_pair_1__u_pair/u_up/mult_x_31       91.9240      0.0     91.9240      0.0000       0.0000  stage1_path_engine_0_DW_mult_tc_J3_1_12
g_pair_1__u_pair/u_up/mult_x_32       91.9240      0.0     91.9240      0.0000       0.0000  stage1_path_engine_0_DW_mult_tc_J3_0_12
g_pair_1__u_pair/u_up/mult_x_4        91.9240      0.0     91.9240      0.0000       0.0000  stage1_path_engine_0_DW_mult_tc_J3_28_12
g_pair_1__u_pair/u_up/mult_x_5        91.9240      0.0     91.9240      0.0000       0.0000  stage1_path_engine_0_DW_mult_tc_J3_27_12
g_pair_1__u_pair/u_up/mult_x_6        91.9240      0.0     91.9240      0.0000       0.0000  stage1_path_engine_0_DW_mult_tc_J3_26_12
g_pair_1__u_pair/u_up/mult_x_7        91.9240      0.0     91.9240      0.0000       0.0000  stage1_path_engine_0_DW_mult_tc_J3_25_12
g_pair_1__u_pair/u_up/mult_x_8        91.9240      0.0     91.9240      0.0000       0.0000  stage1_path_engine_0_DW_mult_tc_J3_24_12
g_pair_1__u_pair/u_up/mult_x_9        91.9240      0.0     91.9240      0.0000       0.0000  stage1_path_engine_0_DW_mult_tc_J3_23_12
g_pair_2__u_pair                   14064.1760      1.6      9.4080      0.0000       0.0000  stage1_lane_pair_5
g_pair_2__u_pair/u_gate             7027.3840      0.8   1425.3120   1321.2360       0.0000  stage1_path_engine_11
g_pair_2__u_pair/u_gate/DP_OP_632J3_122_2117
                                      16.3660      0.0     16.3660      0.0000       0.0000  stage1_path_engine_0_DP_OP_632J3_122_2117_J3_0_11
g_pair_2__u_pair/u_gate/DP_OP_633J3_123_2117
                                      16.3660      0.0     16.3660      0.0000       0.0000  stage1_path_engine_0_DP_OP_633J3_123_2117_J3_0_11
g_pair_2__u_pair/u_gate/DP_OP_634J3_124_2117
                                      16.3660      0.0     16.3660      0.0000       0.0000  stage1_path_engine_0_DP_OP_634J3_124_2117_J3_0_11
g_pair_2__u_pair/u_gate/DP_OP_635J3_125_2117
                                      16.3660      0.0     16.3660      0.0000       0.0000  stage1_path_engine_0_DP_OP_635J3_125_2117_J3_0_11
g_pair_2__u_pair/u_gate/DP_OP_636J3_126_2117
                                      16.3660      0.0     16.3660      0.0000       0.0000  stage1_path_engine_0_DP_OP_636J3_126_2117_J3_0_11
g_pair_2__u_pair/u_gate/DP_OP_637J3_127_2117
                                      16.3660      0.0     16.3660      0.0000       0.0000  stage1_path_engine_0_DP_OP_637J3_127_2117_J3_0_11
g_pair_2__u_pair/u_gate/DP_OP_638J3_128_2117
                                      16.3660      0.0     16.3660      0.0000       0.0000  stage1_path_engine_0_DP_OP_638J3_128_2117_J3_0_11
g_pair_2__u_pair/u_gate/DP_OP_639J3_129_2117
                                      16.3660      0.0     16.3660      0.0000       0.0000  stage1_path_engine_0_DP_OP_639J3_129_2117_J3_0_11
g_pair_2__u_pair/u_gate/DP_OP_640J3_130_2117
                                      16.3660      0.0     16.3660      0.0000       0.0000  stage1_path_engine_0_DP_OP_640J3_130_2117_J3_0_11
g_pair_2__u_pair/u_gate/DP_OP_641J3_131_2117
                                      16.3660      0.0     16.3660      0.0000       0.0000  stage1_path_engine_0_DP_OP_641J3_131_2117_J3_0_11
g_pair_2__u_pair/u_gate/DP_OP_642J3_132_2117
                                      16.3660      0.0     16.3660      0.0000       0.0000  stage1_path_engine_0_DP_OP_642J3_132_2117_J3_0_11
g_pair_2__u_pair/u_gate/DP_OP_643J3_133_2117
                                      16.3660      0.0     16.3660      0.0000       0.0000  stage1_path_engine_0_DP_OP_643J3_133_2117_J3_0_11
g_pair_2__u_pair/u_gate/DP_OP_644J3_134_2117
                                      16.3660      0.0     16.3660      0.0000       0.0000  stage1_path_engine_0_DP_OP_644J3_134_2117_J3_0_11
g_pair_2__u_pair/u_gate/DP_OP_645J3_135_2117
                                      16.3660      0.0     16.3660      0.0000       0.0000  stage1_path_engine_0_DP_OP_645J3_135_2117_J3_0_11
g_pair_2__u_pair/u_gate/DP_OP_646J3_136_2117
                                      16.3660      0.0     16.3660      0.0000       0.0000  stage1_path_engine_0_DP_OP_646J3_136_2117_J3_0_11
g_pair_2__u_pair/u_gate/DP_OP_647J3_137_2117
                                      16.3660      0.0     16.3660      0.0000       0.0000  stage1_path_engine_0_DP_OP_647J3_137_2117_J3_0_11
g_pair_2__u_pair/u_gate/DP_OP_648J3_138_2117
                                      16.3660      0.0     16.3660      0.0000       0.0000  stage1_path_engine_0_DP_OP_648J3_138_2117_J3_0_11
g_pair_2__u_pair/u_gate/DP_OP_649J3_139_2117
                                      16.3660      0.0     16.3660      0.0000       0.0000  stage1_path_engine_0_DP_OP_649J3_139_2117_J3_0_11
g_pair_2__u_pair/u_gate/DP_OP_650J3_140_2117
                                      16.3660      0.0     16.3660      0.0000       0.0000  stage1_path_engine_0_DP_OP_650J3_140_2117_J3_0_11
g_pair_2__u_pair/u_gate/DP_OP_651J3_141_2117
                                      16.3660      0.0     16.3660      0.0000       0.0000  stage1_path_engine_0_DP_OP_651J3_141_2117_J3_0_11
g_pair_2__u_pair/u_gate/DP_OP_652J3_142_2117
                                      16.3660      0.0     16.3660      0.0000       0.0000  stage1_path_engine_0_DP_OP_652J3_142_2117_J3_0_11
g_pair_2__u_pair/u_gate/DP_OP_653J3_143_2117
                                      16.3660      0.0     16.3660      0.0000       0.0000  stage1_path_engine_0_DP_OP_653J3_143_2117_J3_0_11
g_pair_2__u_pair/u_gate/DP_OP_654J3_144_2117
                                      16.3660      0.0     16.3660      0.0000       0.0000  stage1_path_engine_0_DP_OP_654J3_144_2117_J3_0_11
g_pair_2__u_pair/u_gate/DP_OP_655J3_145_2117
                                      16.3660      0.0     16.3660      0.0000       0.0000  stage1_path_engine_0_DP_OP_655J3_145_2117_J3_0_11
g_pair_2__u_pair/u_gate/DP_OP_656J3_146_2117
                                      16.3660      0.0     16.3660      0.0000       0.0000  stage1_path_engine_0_DP_OP_656J3_146_2117_J3_0_11
g_pair_2__u_pair/u_gate/DP_OP_657J3_147_2117
                                      16.3660      0.0     16.3660      0.0000       0.0000  stage1_path_engine_0_DP_OP_657J3_147_2117_J3_0_11
g_pair_2__u_pair/u_gate/DP_OP_658J3_148_2117
                                      16.3660      0.0     16.3660      0.0000       0.0000  stage1_path_engine_0_DP_OP_658J3_148_2117_J3_0_11
g_pair_2__u_pair/u_gate/DP_OP_659J3_149_2117
                                      16.3660      0.0     16.3660      0.0000       0.0000  stage1_path_engine_0_DP_OP_659J3_149_2117_J3_0_11
g_pair_2__u_pair/u_gate/DP_OP_660J3_150_2117
                                      16.3660      0.0     16.3660      0.0000       0.0000  stage1_path_engine_0_DP_OP_660J3_150_2117_J3_0_11
g_pair_2__u_pair/u_gate/DP_OP_661J3_151_2117
                                      16.3660      0.0     16.3660      0.0000       0.0000  stage1_path_engine_0_DP_OP_661J3_151_2117_J3_0_11
g_pair_2__u_pair/u_gate/DP_OP_662J3_152_2117
                                      16.3660      0.0     16.3660      0.0000       0.0000  stage1_path_engine_0_DP_OP_662J3_152_2117_J3_0_11
g_pair_2__u_pair/u_gate/DP_OP_663J3_153_2117
                                      16.3660      0.0     16.3660      0.0000       0.0000  stage1_path_engine_0_DP_OP_663J3_153_2117_J3_0_11
g_pair_2__u_pair/u_gate/DP_OP_664J3_154_8083
                                      75.0680      0.0     75.0680      0.0000       0.0000  stage1_path_engine_0_DP_OP_664J3_154_8083_J3_0_11
g_pair_2__u_pair/u_gate/DP_OP_665J3_155_8083
                                      75.0680      0.0     75.0680      0.0000       0.0000  stage1_path_engine_0_DP_OP_665J3_155_8083_J3_0_11
g_pair_2__u_pair/u_gate/DP_OP_666J3_156_8083
                                      75.0680      0.0     75.0680      0.0000       0.0000  stage1_path_engine_0_DP_OP_666J3_156_8083_J3_0_11
g_pair_2__u_pair/u_gate/DP_OP_667J3_157_8083
                                      75.0680      0.0     75.0680      0.0000       0.0000  stage1_path_engine_0_DP_OP_667J3_157_8083_J3_0_11
g_pair_2__u_pair/u_gate/DP_OP_668J3_158_8083
                                      75.0680      0.0     75.0680      0.0000       0.0000  stage1_path_engine_0_DP_OP_668J3_158_8083_J3_0_11
g_pair_2__u_pair/u_gate/DP_OP_669J3_159_8083
                                      75.0680      0.0     75.0680      0.0000       0.0000  stage1_path_engine_0_DP_OP_669J3_159_8083_J3_0_11
g_pair_2__u_pair/u_gate/DP_OP_670J3_160_8083
                                      75.0680      0.0     75.0680      0.0000       0.0000  stage1_path_engine_0_DP_OP_670J3_160_8083_J3_0_11
g_pair_2__u_pair/u_gate/DP_OP_671J3_161_8083
                                      75.0680      0.0     75.0680      0.0000       0.0000  stage1_path_engine_0_DP_OP_671J3_161_8083_J3_0_11
g_pair_2__u_pair/u_gate/DP_OP_672J3_162_589
                                      84.4760      0.0     84.4760      0.0000       0.0000  stage1_path_engine_0_DP_OP_672J3_162_589_J3_0_11
g_pair_2__u_pair/u_gate/DP_OP_673J3_163_589
                                      84.4760      0.0     84.4760      0.0000       0.0000  stage1_path_engine_0_DP_OP_673J3_163_589_J3_0_11
g_pair_2__u_pair/u_gate/add_x_194     42.9240      0.0     42.9240      0.0000       0.0000  stage1_path_engine_0_DW01_add_J3_0_11
g_pair_2__u_pair/u_gate/add_x_33      31.3600      0.0     31.3600      0.0000       0.0000  stage1_path_engine_0_DW01_add_J3_1_11
g_pair_2__u_pair/u_gate/mult_x_1      91.0420      0.0     91.0420      0.0000       0.0000  stage1_path_engine_0_DW_mult_tc_J3_31_11
g_pair_2__u_pair/u_gate/mult_x_10     91.0420      0.0     91.0420      0.0000       0.0000  stage1_path_engine_0_DW_mult_tc_J3_22_11
g_pair_2__u_pair/u_gate/mult_x_11     91.0420      0.0     91.0420      0.0000       0.0000  stage1_path_engine_0_DW_mult_tc_J3_21_11
g_pair_2__u_pair/u_gate/mult_x_12     91.0420      0.0     91.0420      0.0000       0.0000  stage1_path_engine_0_DW_mult_tc_J3_20_11
g_pair_2__u_pair/u_gate/mult_x_13     91.0420      0.0     91.0420      0.0000       0.0000  stage1_path_engine_0_DW_mult_tc_J3_19_11
g_pair_2__u_pair/u_gate/mult_x_14     91.0420      0.0     91.0420      0.0000       0.0000  stage1_path_engine_0_DW_mult_tc_J3_18_11
g_pair_2__u_pair/u_gate/mult_x_15     91.0420      0.0     91.0420      0.0000       0.0000  stage1_path_engine_0_DW_mult_tc_J3_17_11
g_pair_2__u_pair/u_gate/mult_x_16     91.0420      0.0     91.0420      0.0000       0.0000  stage1_path_engine_0_DW_mult_tc_J3_16_11
g_pair_2__u_pair/u_gate/mult_x_17     91.0420      0.0     91.0420      0.0000       0.0000  stage1_path_engine_0_DW_mult_tc_J3_15_11
g_pair_2__u_pair/u_gate/mult_x_18     91.0420      0.0     91.0420      0.0000       0.0000  stage1_path_engine_0_DW_mult_tc_J3_14_11
g_pair_2__u_pair/u_gate/mult_x_19     91.0420      0.0     91.0420      0.0000       0.0000  stage1_path_engine_0_DW_mult_tc_J3_13_11
g_pair_2__u_pair/u_gate/mult_x_2      91.0420      0.0     91.0420      0.0000       0.0000  stage1_path_engine_0_DW_mult_tc_J3_30_11
g_pair_2__u_pair/u_gate/mult_x_20     91.0420      0.0     91.0420      0.0000       0.0000  stage1_path_engine_0_DW_mult_tc_J3_12_11
g_pair_2__u_pair/u_gate/mult_x_21     91.0420      0.0     91.0420      0.0000       0.0000  stage1_path_engine_0_DW_mult_tc_J3_11_11
g_pair_2__u_pair/u_gate/mult_x_22     91.0420      0.0     91.0420      0.0000       0.0000  stage1_path_engine_0_DW_mult_tc_J3_10_11
g_pair_2__u_pair/u_gate/mult_x_23     91.0420      0.0     91.0420      0.0000       0.0000  stage1_path_engine_0_DW_mult_tc_J3_9_11
g_pair_2__u_pair/u_gate/mult_x_24     91.0420      0.0     91.0420      0.0000       0.0000  stage1_path_engine_0_DW_mult_tc_J3_8_11
g_pair_2__u_pair/u_gate/mult_x_25     91.0420      0.0     91.0420      0.0000       0.0000  stage1_path_engine_0_DW_mult_tc_J3_7_11
g_pair_2__u_pair/u_gate/mult_x_26     91.0420      0.0     91.0420      0.0000       0.0000  stage1_path_engine_0_DW_mult_tc_J3_6_11
g_pair_2__u_pair/u_gate/mult_x_27     91.0420      0.0     91.0420      0.0000       0.0000  stage1_path_engine_0_DW_mult_tc_J3_5_11
g_pair_2__u_pair/u_gate/mult_x_28     91.0420      0.0     91.0420      0.0000       0.0000  stage1_path_engine_0_DW_mult_tc_J3_4_11
g_pair_2__u_pair/u_gate/mult_x_29     91.0420      0.0     91.0420      0.0000       0.0000  stage1_path_engine_0_DW_mult_tc_J3_3_11
g_pair_2__u_pair/u_gate/mult_x_3      91.0420      0.0     91.0420      0.0000       0.0000  stage1_path_engine_0_DW_mult_tc_J3_29_11
g_pair_2__u_pair/u_gate/mult_x_30     91.0420      0.0     91.0420      0.0000       0.0000  stage1_path_engine_0_DW_mult_tc_J3_2_11
g_pair_2__u_pair/u_gate/mult_x_31     91.0420      0.0     91.0420      0.0000       0.0000  stage1_path_engine_0_DW_mult_tc_J3_1_11
g_pair_2__u_pair/u_gate/mult_x_32     91.0420      0.0     91.0420      0.0000       0.0000  stage1_path_engine_0_DW_mult_tc_J3_0_11
g_pair_2__u_pair/u_gate/mult_x_4      91.0420      0.0     91.0420      0.0000       0.0000  stage1_path_engine_0_DW_mult_tc_J3_28_11
g_pair_2__u_pair/u_gate/mult_x_5      91.0420      0.0     91.0420      0.0000       0.0000  stage1_path_engine_0_DW_mult_tc_J3_27_11
g_pair_2__u_pair/u_gate/mult_x_6      91.0420      0.0     91.0420      0.0000       0.0000  stage1_path_engine_0_DW_mult_tc_J3_26_11
g_pair_2__u_pair/u_gate/mult_x_7      91.0420      0.0     91.0420      0.0000       0.0000  stage1_path_engine_0_DW_mult_tc_J3_25_11
g_pair_2__u_pair/u_gate/mult_x_8      91.0420      0.0     91.0420      0.0000       0.0000  stage1_path_engine_0_DW_mult_tc_J3_24_11
g_pair_2__u_pair/u_gate/mult_x_9      91.0420      0.0     91.0420      0.0000       0.0000  stage1_path_engine_0_DW_mult_tc_J3_23_11
g_pair_2__u_pair/u_up               7027.3840      0.8   1425.3120   1321.2360       0.0000  stage1_path_engine_10
g_pair_2__u_pair/u_up/DP_OP_632J3_122_2117
                                      16.3660      0.0     16.3660      0.0000       0.0000  stage1_path_engine_0_DP_OP_632J3_122_2117_J3_0_10
g_pair_2__u_pair/u_up/DP_OP_633J3_123_2117
                                      16.3660      0.0     16.3660      0.0000       0.0000  stage1_path_engine_0_DP_OP_633J3_123_2117_J3_0_10
g_pair_2__u_pair/u_up/DP_OP_634J3_124_2117
                                      16.3660      0.0     16.3660      0.0000       0.0000  stage1_path_engine_0_DP_OP_634J3_124_2117_J3_0_10
g_pair_2__u_pair/u_up/DP_OP_635J3_125_2117
                                      16.3660      0.0     16.3660      0.0000       0.0000  stage1_path_engine_0_DP_OP_635J3_125_2117_J3_0_10
g_pair_2__u_pair/u_up/DP_OP_636J3_126_2117
                                      16.3660      0.0     16.3660      0.0000       0.0000  stage1_path_engine_0_DP_OP_636J3_126_2117_J3_0_10
g_pair_2__u_pair/u_up/DP_OP_637J3_127_2117
                                      16.3660      0.0     16.3660      0.0000       0.0000  stage1_path_engine_0_DP_OP_637J3_127_2117_J3_0_10
g_pair_2__u_pair/u_up/DP_OP_638J3_128_2117
                                      16.3660      0.0     16.3660      0.0000       0.0000  stage1_path_engine_0_DP_OP_638J3_128_2117_J3_0_10
g_pair_2__u_pair/u_up/DP_OP_639J3_129_2117
                                      16.3660      0.0     16.3660      0.0000       0.0000  stage1_path_engine_0_DP_OP_639J3_129_2117_J3_0_10
g_pair_2__u_pair/u_up/DP_OP_640J3_130_2117
                                      16.3660      0.0     16.3660      0.0000       0.0000  stage1_path_engine_0_DP_OP_640J3_130_2117_J3_0_10
g_pair_2__u_pair/u_up/DP_OP_641J3_131_2117
                                      16.3660      0.0     16.3660      0.0000       0.0000  stage1_path_engine_0_DP_OP_641J3_131_2117_J3_0_10
g_pair_2__u_pair/u_up/DP_OP_642J3_132_2117
                                      16.3660      0.0     16.3660      0.0000       0.0000  stage1_path_engine_0_DP_OP_642J3_132_2117_J3_0_10
g_pair_2__u_pair/u_up/DP_OP_643J3_133_2117
                                      16.3660      0.0     16.3660      0.0000       0.0000  stage1_path_engine_0_DP_OP_643J3_133_2117_J3_0_10
g_pair_2__u_pair/u_up/DP_OP_644J3_134_2117
                                      16.3660      0.0     16.3660      0.0000       0.0000  stage1_path_engine_0_DP_OP_644J3_134_2117_J3_0_10
g_pair_2__u_pair/u_up/DP_OP_645J3_135_2117
                                      16.3660      0.0     16.3660      0.0000       0.0000  stage1_path_engine_0_DP_OP_645J3_135_2117_J3_0_10
g_pair_2__u_pair/u_up/DP_OP_646J3_136_2117
                                      16.3660      0.0     16.3660      0.0000       0.0000  stage1_path_engine_0_DP_OP_646J3_136_2117_J3_0_10
g_pair_2__u_pair/u_up/DP_OP_647J3_137_2117
                                      16.3660      0.0     16.3660      0.0000       0.0000  stage1_path_engine_0_DP_OP_647J3_137_2117_J3_0_10
g_pair_2__u_pair/u_up/DP_OP_648J3_138_2117
                                      16.3660      0.0     16.3660      0.0000       0.0000  stage1_path_engine_0_DP_OP_648J3_138_2117_J3_0_10
g_pair_2__u_pair/u_up/DP_OP_649J3_139_2117
                                      16.3660      0.0     16.3660      0.0000       0.0000  stage1_path_engine_0_DP_OP_649J3_139_2117_J3_0_10
g_pair_2__u_pair/u_up/DP_OP_650J3_140_2117
                                      16.3660      0.0     16.3660      0.0000       0.0000  stage1_path_engine_0_DP_OP_650J3_140_2117_J3_0_10
g_pair_2__u_pair/u_up/DP_OP_651J3_141_2117
                                      16.3660      0.0     16.3660      0.0000       0.0000  stage1_path_engine_0_DP_OP_651J3_141_2117_J3_0_10
g_pair_2__u_pair/u_up/DP_OP_652J3_142_2117
                                      16.3660      0.0     16.3660      0.0000       0.0000  stage1_path_engine_0_DP_OP_652J3_142_2117_J3_0_10
g_pair_2__u_pair/u_up/DP_OP_653J3_143_2117
                                      16.3660      0.0     16.3660      0.0000       0.0000  stage1_path_engine_0_DP_OP_653J3_143_2117_J3_0_10
g_pair_2__u_pair/u_up/DP_OP_654J3_144_2117
                                      16.3660      0.0     16.3660      0.0000       0.0000  stage1_path_engine_0_DP_OP_654J3_144_2117_J3_0_10
g_pair_2__u_pair/u_up/DP_OP_655J3_145_2117
                                      16.3660      0.0     16.3660      0.0000       0.0000  stage1_path_engine_0_DP_OP_655J3_145_2117_J3_0_10
g_pair_2__u_pair/u_up/DP_OP_656J3_146_2117
                                      16.3660      0.0     16.3660      0.0000       0.0000  stage1_path_engine_0_DP_OP_656J3_146_2117_J3_0_10
g_pair_2__u_pair/u_up/DP_OP_657J3_147_2117
                                      16.3660      0.0     16.3660      0.0000       0.0000  stage1_path_engine_0_DP_OP_657J3_147_2117_J3_0_10
g_pair_2__u_pair/u_up/DP_OP_658J3_148_2117
                                      16.3660      0.0     16.3660      0.0000       0.0000  stage1_path_engine_0_DP_OP_658J3_148_2117_J3_0_10
g_pair_2__u_pair/u_up/DP_OP_659J3_149_2117
                                      16.3660      0.0     16.3660      0.0000       0.0000  stage1_path_engine_0_DP_OP_659J3_149_2117_J3_0_10
g_pair_2__u_pair/u_up/DP_OP_660J3_150_2117
                                      16.3660      0.0     16.3660      0.0000       0.0000  stage1_path_engine_0_DP_OP_660J3_150_2117_J3_0_10
g_pair_2__u_pair/u_up/DP_OP_661J3_151_2117
                                      16.3660      0.0     16.3660      0.0000       0.0000  stage1_path_engine_0_DP_OP_661J3_151_2117_J3_0_10
g_pair_2__u_pair/u_up/DP_OP_662J3_152_2117
                                      16.3660      0.0     16.3660      0.0000       0.0000  stage1_path_engine_0_DP_OP_662J3_152_2117_J3_0_10
g_pair_2__u_pair/u_up/DP_OP_663J3_153_2117
                                      16.3660      0.0     16.3660      0.0000       0.0000  stage1_path_engine_0_DP_OP_663J3_153_2117_J3_0_10
g_pair_2__u_pair/u_up/DP_OP_664J3_154_8083
                                      75.0680      0.0     75.0680      0.0000       0.0000  stage1_path_engine_0_DP_OP_664J3_154_8083_J3_0_10
g_pair_2__u_pair/u_up/DP_OP_665J3_155_8083
                                      75.0680      0.0     75.0680      0.0000       0.0000  stage1_path_engine_0_DP_OP_665J3_155_8083_J3_0_10
g_pair_2__u_pair/u_up/DP_OP_666J3_156_8083
                                      75.0680      0.0     75.0680      0.0000       0.0000  stage1_path_engine_0_DP_OP_666J3_156_8083_J3_0_10
g_pair_2__u_pair/u_up/DP_OP_667J3_157_8083
                                      75.0680      0.0     75.0680      0.0000       0.0000  stage1_path_engine_0_DP_OP_667J3_157_8083_J3_0_10
g_pair_2__u_pair/u_up/DP_OP_668J3_158_8083
                                      75.0680      0.0     75.0680      0.0000       0.0000  stage1_path_engine_0_DP_OP_668J3_158_8083_J3_0_10
g_pair_2__u_pair/u_up/DP_OP_669J3_159_8083
                                      75.0680      0.0     75.0680      0.0000       0.0000  stage1_path_engine_0_DP_OP_669J3_159_8083_J3_0_10
g_pair_2__u_pair/u_up/DP_OP_670J3_160_8083
                                      75.0680      0.0     75.0680      0.0000       0.0000  stage1_path_engine_0_DP_OP_670J3_160_8083_J3_0_10
g_pair_2__u_pair/u_up/DP_OP_671J3_161_8083
                                      75.0680      0.0     75.0680      0.0000       0.0000  stage1_path_engine_0_DP_OP_671J3_161_8083_J3_0_10
g_pair_2__u_pair/u_up/DP_OP_672J3_162_589
                                      84.4760      0.0     84.4760      0.0000       0.0000  stage1_path_engine_0_DP_OP_672J3_162_589_J3_0_10
g_pair_2__u_pair/u_up/DP_OP_673J3_163_589
                                      84.4760      0.0     84.4760      0.0000       0.0000  stage1_path_engine_0_DP_OP_673J3_163_589_J3_0_10
g_pair_2__u_pair/u_up/add_x_194       42.9240      0.0     42.9240      0.0000       0.0000  stage1_path_engine_0_DW01_add_J3_0_10
g_pair_2__u_pair/u_up/add_x_33        31.3600      0.0     31.3600      0.0000       0.0000  stage1_path_engine_0_DW01_add_J3_1_10
g_pair_2__u_pair/u_up/mult_x_1        91.0420      0.0     91.0420      0.0000       0.0000  stage1_path_engine_0_DW_mult_tc_J3_31_10
g_pair_2__u_pair/u_up/mult_x_10       91.0420      0.0     91.0420      0.0000       0.0000  stage1_path_engine_0_DW_mult_tc_J3_22_10
g_pair_2__u_pair/u_up/mult_x_11       91.0420      0.0     91.0420      0.0000       0.0000  stage1_path_engine_0_DW_mult_tc_J3_21_10
g_pair_2__u_pair/u_up/mult_x_12       91.0420      0.0     91.0420      0.0000       0.0000  stage1_path_engine_0_DW_mult_tc_J3_20_10
g_pair_2__u_pair/u_up/mult_x_13       91.0420      0.0     91.0420      0.0000       0.0000  stage1_path_engine_0_DW_mult_tc_J3_19_10
g_pair_2__u_pair/u_up/mult_x_14       91.0420      0.0     91.0420      0.0000       0.0000  stage1_path_engine_0_DW_mult_tc_J3_18_10
g_pair_2__u_pair/u_up/mult_x_15       91.0420      0.0     91.0420      0.0000       0.0000  stage1_path_engine_0_DW_mult_tc_J3_17_10
g_pair_2__u_pair/u_up/mult_x_16       91.0420      0.0     91.0420      0.0000       0.0000  stage1_path_engine_0_DW_mult_tc_J3_16_10
g_pair_2__u_pair/u_up/mult_x_17       91.0420      0.0     91.0420      0.0000       0.0000  stage1_path_engine_0_DW_mult_tc_J3_15_10
g_pair_2__u_pair/u_up/mult_x_18       91.0420      0.0     91.0420      0.0000       0.0000  stage1_path_engine_0_DW_mult_tc_J3_14_10
g_pair_2__u_pair/u_up/mult_x_19       91.0420      0.0     91.0420      0.0000       0.0000  stage1_path_engine_0_DW_mult_tc_J3_13_10
g_pair_2__u_pair/u_up/mult_x_2        91.0420      0.0     91.0420      0.0000       0.0000  stage1_path_engine_0_DW_mult_tc_J3_30_10
g_pair_2__u_pair/u_up/mult_x_20       91.0420      0.0     91.0420      0.0000       0.0000  stage1_path_engine_0_DW_mult_tc_J3_12_10
g_pair_2__u_pair/u_up/mult_x_21       91.0420      0.0     91.0420      0.0000       0.0000  stage1_path_engine_0_DW_mult_tc_J3_11_10
g_pair_2__u_pair/u_up/mult_x_22       91.0420      0.0     91.0420      0.0000       0.0000  stage1_path_engine_0_DW_mult_tc_J3_10_10
g_pair_2__u_pair/u_up/mult_x_23       91.0420      0.0     91.0420      0.0000       0.0000  stage1_path_engine_0_DW_mult_tc_J3_9_10
g_pair_2__u_pair/u_up/mult_x_24       91.0420      0.0     91.0420      0.0000       0.0000  stage1_path_engine_0_DW_mult_tc_J3_8_10
g_pair_2__u_pair/u_up/mult_x_25       91.0420      0.0     91.0420      0.0000       0.0000  stage1_path_engine_0_DW_mult_tc_J3_7_10
g_pair_2__u_pair/u_up/mult_x_26       91.0420      0.0     91.0420      0.0000       0.0000  stage1_path_engine_0_DW_mult_tc_J3_6_10
g_pair_2__u_pair/u_up/mult_x_27       91.0420      0.0     91.0420      0.0000       0.0000  stage1_path_engine_0_DW_mult_tc_J3_5_10
g_pair_2__u_pair/u_up/mult_x_28       91.0420      0.0     91.0420      0.0000       0.0000  stage1_path_engine_0_DW_mult_tc_J3_4_10
g_pair_2__u_pair/u_up/mult_x_29       91.0420      0.0     91.0420      0.0000       0.0000  stage1_path_engine_0_DW_mult_tc_J3_3_10
g_pair_2__u_pair/u_up/mult_x_3        91.0420      0.0     91.0420      0.0000       0.0000  stage1_path_engine_0_DW_mult_tc_J3_29_10
g_pair_2__u_pair/u_up/mult_x_30       91.0420      0.0     91.0420      0.0000       0.0000  stage1_path_engine_0_DW_mult_tc_J3_2_10
g_pair_2__u_pair/u_up/mult_x_31       91.0420      0.0     91.0420      0.0000       0.0000  stage1_path_engine_0_DW_mult_tc_J3_1_10
g_pair_2__u_pair/u_up/mult_x_32       91.0420      0.0     91.0420      0.0000       0.0000  stage1_path_engine_0_DW_mult_tc_J3_0_10
g_pair_2__u_pair/u_up/mult_x_4        91.0420      0.0     91.0420      0.0000       0.0000  stage1_path_engine_0_DW_mult_tc_J3_28_10
g_pair_2__u_pair/u_up/mult_x_5        91.0420      0.0     91.0420      0.0000       0.0000  stage1_path_engine_0_DW_mult_tc_J3_27_10
g_pair_2__u_pair/u_up/mult_x_6        91.0420      0.0     91.0420      0.0000       0.0000  stage1_path_engine_0_DW_mult_tc_J3_26_10
g_pair_2__u_pair/u_up/mult_x_7        91.0420      0.0     91.0420      0.0000       0.0000  stage1_path_engine_0_DW_mult_tc_J3_25_10
g_pair_2__u_pair/u_up/mult_x_8        91.0420      0.0     91.0420      0.0000       0.0000  stage1_path_engine_0_DW_mult_tc_J3_24_10
g_pair_2__u_pair/u_up/mult_x_9        91.0420      0.0     91.0420      0.0000       0.0000  stage1_path_engine_0_DW_mult_tc_J3_23_10
g_pair_3__u_pair                   14092.1060      1.6      9.4080      0.0000       0.0000  stage1_lane_pair_4
g_pair_3__u_pair/u_gate             7036.7920      0.8   1425.3120   1321.2360       0.0000  stage1_path_engine_9
g_pair_3__u_pair/u_gate/DP_OP_632J3_122_2117
                                      16.3660      0.0     16.3660      0.0000       0.0000  stage1_path_engine_0_DP_OP_632J3_122_2117_J3_0_9
g_pair_3__u_pair/u_gate/DP_OP_633J3_123_2117
                                      16.3660      0.0     16.3660      0.0000       0.0000  stage1_path_engine_0_DP_OP_633J3_123_2117_J3_0_9
g_pair_3__u_pair/u_gate/DP_OP_634J3_124_2117
                                      16.3660      0.0     16.3660      0.0000       0.0000  stage1_path_engine_0_DP_OP_634J3_124_2117_J3_0_9
g_pair_3__u_pair/u_gate/DP_OP_635J3_125_2117
                                      16.3660      0.0     16.3660      0.0000       0.0000  stage1_path_engine_0_DP_OP_635J3_125_2117_J3_0_9
g_pair_3__u_pair/u_gate/DP_OP_636J3_126_2117
                                      16.3660      0.0     16.3660      0.0000       0.0000  stage1_path_engine_0_DP_OP_636J3_126_2117_J3_0_9
g_pair_3__u_pair/u_gate/DP_OP_637J3_127_2117
                                      16.3660      0.0     16.3660      0.0000       0.0000  stage1_path_engine_0_DP_OP_637J3_127_2117_J3_0_9
g_pair_3__u_pair/u_gate/DP_OP_638J3_128_2117
                                      16.3660      0.0     16.3660      0.0000       0.0000  stage1_path_engine_0_DP_OP_638J3_128_2117_J3_0_9
g_pair_3__u_pair/u_gate/DP_OP_639J3_129_2117
                                      16.3660      0.0     16.3660      0.0000       0.0000  stage1_path_engine_0_DP_OP_639J3_129_2117_J3_0_9
g_pair_3__u_pair/u_gate/DP_OP_640J3_130_2117
                                      16.3660      0.0     16.3660      0.0000       0.0000  stage1_path_engine_0_DP_OP_640J3_130_2117_J3_0_9
g_pair_3__u_pair/u_gate/DP_OP_641J3_131_2117
                                      16.3660      0.0     16.3660      0.0000       0.0000  stage1_path_engine_0_DP_OP_641J3_131_2117_J3_0_9
g_pair_3__u_pair/u_gate/DP_OP_642J3_132_2117
                                      16.3660      0.0     16.3660      0.0000       0.0000  stage1_path_engine_0_DP_OP_642J3_132_2117_J3_0_9
g_pair_3__u_pair/u_gate/DP_OP_643J3_133_2117
                                      16.3660      0.0     16.3660      0.0000       0.0000  stage1_path_engine_0_DP_OP_643J3_133_2117_J3_0_9
g_pair_3__u_pair/u_gate/DP_OP_644J3_134_2117
                                      16.3660      0.0     16.3660      0.0000       0.0000  stage1_path_engine_0_DP_OP_644J3_134_2117_J3_0_9
g_pair_3__u_pair/u_gate/DP_OP_645J3_135_2117
                                      16.3660      0.0     16.3660      0.0000       0.0000  stage1_path_engine_0_DP_OP_645J3_135_2117_J3_0_9
g_pair_3__u_pair/u_gate/DP_OP_646J3_136_2117
                                      16.3660      0.0     16.3660      0.0000       0.0000  stage1_path_engine_0_DP_OP_646J3_136_2117_J3_0_9
g_pair_3__u_pair/u_gate/DP_OP_647J3_137_2117
                                      16.3660      0.0     16.3660      0.0000       0.0000  stage1_path_engine_0_DP_OP_647J3_137_2117_J3_0_9
g_pair_3__u_pair/u_gate/DP_OP_648J3_138_2117
                                      16.3660      0.0     16.3660      0.0000       0.0000  stage1_path_engine_0_DP_OP_648J3_138_2117_J3_0_9
g_pair_3__u_pair/u_gate/DP_OP_649J3_139_2117
                                      16.3660      0.0     16.3660      0.0000       0.0000  stage1_path_engine_0_DP_OP_649J3_139_2117_J3_0_9
g_pair_3__u_pair/u_gate/DP_OP_650J3_140_2117
                                      16.3660      0.0     16.3660      0.0000       0.0000  stage1_path_engine_0_DP_OP_650J3_140_2117_J3_0_9
g_pair_3__u_pair/u_gate/DP_OP_651J3_141_2117
                                      16.3660      0.0     16.3660      0.0000       0.0000  stage1_path_engine_0_DP_OP_651J3_141_2117_J3_0_9
g_pair_3__u_pair/u_gate/DP_OP_652J3_142_2117
                                      16.3660      0.0     16.3660      0.0000       0.0000  stage1_path_engine_0_DP_OP_652J3_142_2117_J3_0_9
g_pair_3__u_pair/u_gate/DP_OP_653J3_143_2117
                                      16.3660      0.0     16.3660      0.0000       0.0000  stage1_path_engine_0_DP_OP_653J3_143_2117_J3_0_9
g_pair_3__u_pair/u_gate/DP_OP_654J3_144_2117
                                      16.3660      0.0     16.3660      0.0000       0.0000  stage1_path_engine_0_DP_OP_654J3_144_2117_J3_0_9
g_pair_3__u_pair/u_gate/DP_OP_655J3_145_2117
                                      16.3660      0.0     16.3660      0.0000       0.0000  stage1_path_engine_0_DP_OP_655J3_145_2117_J3_0_9
g_pair_3__u_pair/u_gate/DP_OP_656J3_146_2117
                                      16.3660      0.0     16.3660      0.0000       0.0000  stage1_path_engine_0_DP_OP_656J3_146_2117_J3_0_9
g_pair_3__u_pair/u_gate/DP_OP_657J3_147_2117
                                      16.3660      0.0     16.3660      0.0000       0.0000  stage1_path_engine_0_DP_OP_657J3_147_2117_J3_0_9
g_pair_3__u_pair/u_gate/DP_OP_658J3_148_2117
                                      16.3660      0.0     16.3660      0.0000       0.0000  stage1_path_engine_0_DP_OP_658J3_148_2117_J3_0_9
g_pair_3__u_pair/u_gate/DP_OP_659J3_149_2117
                                      16.3660      0.0     16.3660      0.0000       0.0000  stage1_path_engine_0_DP_OP_659J3_149_2117_J3_0_9
g_pair_3__u_pair/u_gate/DP_OP_660J3_150_2117
                                      16.3660      0.0     16.3660      0.0000       0.0000  stage1_path_engine_0_DP_OP_660J3_150_2117_J3_0_9
g_pair_3__u_pair/u_gate/DP_OP_661J3_151_2117
                                      16.3660      0.0     16.3660      0.0000       0.0000  stage1_path_engine_0_DP_OP_661J3_151_2117_J3_0_9
g_pair_3__u_pair/u_gate/DP_OP_662J3_152_2117
                                      16.3660      0.0     16.3660      0.0000       0.0000  stage1_path_engine_0_DP_OP_662J3_152_2117_J3_0_9
g_pair_3__u_pair/u_gate/DP_OP_663J3_153_2117
                                      16.3660      0.0     16.3660      0.0000       0.0000  stage1_path_engine_0_DP_OP_663J3_153_2117_J3_0_9
g_pair_3__u_pair/u_gate/DP_OP_664J3_154_8083
                                      75.0680      0.0     75.0680      0.0000       0.0000  stage1_path_engine_0_DP_OP_664J3_154_8083_J3_0_9
g_pair_3__u_pair/u_gate/DP_OP_665J3_155_8083
                                      75.0680      0.0     75.0680      0.0000       0.0000  stage1_path_engine_0_DP_OP_665J3_155_8083_J3_0_9
g_pair_3__u_pair/u_gate/DP_OP_666J3_156_8083
                                      75.0680      0.0     75.0680      0.0000       0.0000  stage1_path_engine_0_DP_OP_666J3_156_8083_J3_0_9
g_pair_3__u_pair/u_gate/DP_OP_667J3_157_8083
                                      75.0680      0.0     75.0680      0.0000       0.0000  stage1_path_engine_0_DP_OP_667J3_157_8083_J3_0_9
g_pair_3__u_pair/u_gate/DP_OP_668J3_158_8083
                                      75.0680      0.0     75.0680      0.0000       0.0000  stage1_path_engine_0_DP_OP_668J3_158_8083_J3_0_9
g_pair_3__u_pair/u_gate/DP_OP_669J3_159_8083
                                      75.0680      0.0     75.0680      0.0000       0.0000  stage1_path_engine_0_DP_OP_669J3_159_8083_J3_0_9
g_pair_3__u_pair/u_gate/DP_OP_670J3_160_8083
                                      75.0680      0.0     75.0680      0.0000       0.0000  stage1_path_engine_0_DP_OP_670J3_160_8083_J3_0_9
g_pair_3__u_pair/u_gate/DP_OP_671J3_161_8083
                                      75.0680      0.0     75.0680      0.0000       0.0000  stage1_path_engine_0_DP_OP_671J3_161_8083_J3_0_9
g_pair_3__u_pair/u_gate/DP_OP_672J3_162_589
                                      84.4760      0.0     84.4760      0.0000       0.0000  stage1_path_engine_0_DP_OP_672J3_162_589_J3_0_9
g_pair_3__u_pair/u_gate/DP_OP_673J3_163_589
                                      84.4760      0.0     84.4760      0.0000       0.0000  stage1_path_engine_0_DP_OP_673J3_163_589_J3_0_9
g_pair_3__u_pair/u_gate/add_x_194     42.9240      0.0     42.9240      0.0000       0.0000  stage1_path_engine_0_DW01_add_J3_0_9
g_pair_3__u_pair/u_gate/add_x_33      31.3600      0.0     31.3600      0.0000       0.0000  stage1_path_engine_0_DW01_add_J3_1_9
g_pair_3__u_pair/u_gate/mult_x_1      91.3360      0.0     91.3360      0.0000       0.0000  stage1_path_engine_0_DW_mult_tc_J3_31_9
g_pair_3__u_pair/u_gate/mult_x_10     91.3360      0.0     91.3360      0.0000       0.0000  stage1_path_engine_0_DW_mult_tc_J3_22_9
g_pair_3__u_pair/u_gate/mult_x_11     91.3360      0.0     91.3360      0.0000       0.0000  stage1_path_engine_0_DW_mult_tc_J3_21_9
g_pair_3__u_pair/u_gate/mult_x_12     91.3360      0.0     91.3360      0.0000       0.0000  stage1_path_engine_0_DW_mult_tc_J3_20_9
g_pair_3__u_pair/u_gate/mult_x_13     91.3360      0.0     91.3360      0.0000       0.0000  stage1_path_engine_0_DW_mult_tc_J3_19_9
g_pair_3__u_pair/u_gate/mult_x_14     91.3360      0.0     91.3360      0.0000       0.0000  stage1_path_engine_0_DW_mult_tc_J3_18_9
g_pair_3__u_pair/u_gate/mult_x_15     91.3360      0.0     91.3360      0.0000       0.0000  stage1_path_engine_0_DW_mult_tc_J3_17_9
g_pair_3__u_pair/u_gate/mult_x_16     91.3360      0.0     91.3360      0.0000       0.0000  stage1_path_engine_0_DW_mult_tc_J3_16_9
g_pair_3__u_pair/u_gate/mult_x_17     91.3360      0.0     91.3360      0.0000       0.0000  stage1_path_engine_0_DW_mult_tc_J3_15_9
g_pair_3__u_pair/u_gate/mult_x_18     91.3360      0.0     91.3360      0.0000       0.0000  stage1_path_engine_0_DW_mult_tc_J3_14_9
g_pair_3__u_pair/u_gate/mult_x_19     91.3360      0.0     91.3360      0.0000       0.0000  stage1_path_engine_0_DW_mult_tc_J3_13_9
g_pair_3__u_pair/u_gate/mult_x_2      91.3360      0.0     91.3360      0.0000       0.0000  stage1_path_engine_0_DW_mult_tc_J3_30_9
g_pair_3__u_pair/u_gate/mult_x_20     91.3360      0.0     91.3360      0.0000       0.0000  stage1_path_engine_0_DW_mult_tc_J3_12_9
g_pair_3__u_pair/u_gate/mult_x_21     91.3360      0.0     91.3360      0.0000       0.0000  stage1_path_engine_0_DW_mult_tc_J3_11_9
g_pair_3__u_pair/u_gate/mult_x_22     91.3360      0.0     91.3360      0.0000       0.0000  stage1_path_engine_0_DW_mult_tc_J3_10_9
g_pair_3__u_pair/u_gate/mult_x_23     91.3360      0.0     91.3360      0.0000       0.0000  stage1_path_engine_0_DW_mult_tc_J3_9_9
g_pair_3__u_pair/u_gate/mult_x_24     91.3360      0.0     91.3360      0.0000       0.0000  stage1_path_engine_0_DW_mult_tc_J3_8_9
g_pair_3__u_pair/u_gate/mult_x_25     91.3360      0.0     91.3360      0.0000       0.0000  stage1_path_engine_0_DW_mult_tc_J3_7_9
g_pair_3__u_pair/u_gate/mult_x_26     91.3360      0.0     91.3360      0.0000       0.0000  stage1_path_engine_0_DW_mult_tc_J3_6_9
g_pair_3__u_pair/u_gate/mult_x_27     91.3360      0.0     91.3360      0.0000       0.0000  stage1_path_engine_0_DW_mult_tc_J3_5_9
g_pair_3__u_pair/u_gate/mult_x_28     91.3360      0.0     91.3360      0.0000       0.0000  stage1_path_engine_0_DW_mult_tc_J3_4_9
g_pair_3__u_pair/u_gate/mult_x_29     91.3360      0.0     91.3360      0.0000       0.0000  stage1_path_engine_0_DW_mult_tc_J3_3_9
g_pair_3__u_pair/u_gate/mult_x_3      91.3360      0.0     91.3360      0.0000       0.0000  stage1_path_engine_0_DW_mult_tc_J3_29_9
g_pair_3__u_pair/u_gate/mult_x_30     91.3360      0.0     91.3360      0.0000       0.0000  stage1_path_engine_0_DW_mult_tc_J3_2_9
g_pair_3__u_pair/u_gate/mult_x_31     91.3360      0.0     91.3360      0.0000       0.0000  stage1_path_engine_0_DW_mult_tc_J3_1_9
g_pair_3__u_pair/u_gate/mult_x_32     91.3360      0.0     91.3360      0.0000       0.0000  stage1_path_engine_0_DW_mult_tc_J3_0_9
g_pair_3__u_pair/u_gate/mult_x_4      91.3360      0.0     91.3360      0.0000       0.0000  stage1_path_engine_0_DW_mult_tc_J3_28_9
g_pair_3__u_pair/u_gate/mult_x_5      91.3360      0.0     91.3360      0.0000       0.0000  stage1_path_engine_0_DW_mult_tc_J3_27_9
g_pair_3__u_pair/u_gate/mult_x_6      91.3360      0.0     91.3360      0.0000       0.0000  stage1_path_engine_0_DW_mult_tc_J3_26_9
g_pair_3__u_pair/u_gate/mult_x_7      91.3360      0.0     91.3360      0.0000       0.0000  stage1_path_engine_0_DW_mult_tc_J3_25_9
g_pair_3__u_pair/u_gate/mult_x_8      91.3360      0.0     91.3360      0.0000       0.0000  stage1_path_engine_0_DW_mult_tc_J3_24_9
g_pair_3__u_pair/u_gate/mult_x_9      91.3360      0.0     91.3360      0.0000       0.0000  stage1_path_engine_0_DW_mult_tc_J3_23_9
g_pair_3__u_pair/u_up               7045.9060      0.8   1425.3120   1321.2360       0.0000  stage1_path_engine_8
g_pair_3__u_pair/u_up/DP_OP_632J3_122_2117
                                      16.3660      0.0     16.3660      0.0000       0.0000  stage1_path_engine_0_DP_OP_632J3_122_2117_J3_0_8
g_pair_3__u_pair/u_up/DP_OP_633J3_123_2117
                                      16.3660      0.0     16.3660      0.0000       0.0000  stage1_path_engine_0_DP_OP_633J3_123_2117_J3_0_8
g_pair_3__u_pair/u_up/DP_OP_634J3_124_2117
                                      16.3660      0.0     16.3660      0.0000       0.0000  stage1_path_engine_0_DP_OP_634J3_124_2117_J3_0_8
g_pair_3__u_pair/u_up/DP_OP_635J3_125_2117
                                      16.3660      0.0     16.3660      0.0000       0.0000  stage1_path_engine_0_DP_OP_635J3_125_2117_J3_0_8
g_pair_3__u_pair/u_up/DP_OP_636J3_126_2117
                                      16.3660      0.0     16.3660      0.0000       0.0000  stage1_path_engine_0_DP_OP_636J3_126_2117_J3_0_8
g_pair_3__u_pair/u_up/DP_OP_637J3_127_2117
                                      16.3660      0.0     16.3660      0.0000       0.0000  stage1_path_engine_0_DP_OP_637J3_127_2117_J3_0_8
g_pair_3__u_pair/u_up/DP_OP_638J3_128_2117
                                      16.3660      0.0     16.3660      0.0000       0.0000  stage1_path_engine_0_DP_OP_638J3_128_2117_J3_0_8
g_pair_3__u_pair/u_up/DP_OP_639J3_129_2117
                                      16.3660      0.0     16.3660      0.0000       0.0000  stage1_path_engine_0_DP_OP_639J3_129_2117_J3_0_8
g_pair_3__u_pair/u_up/DP_OP_640J3_130_2117
                                      16.3660      0.0     16.3660      0.0000       0.0000  stage1_path_engine_0_DP_OP_640J3_130_2117_J3_0_8
g_pair_3__u_pair/u_up/DP_OP_641J3_131_2117
                                      16.3660      0.0     16.3660      0.0000       0.0000  stage1_path_engine_0_DP_OP_641J3_131_2117_J3_0_8
g_pair_3__u_pair/u_up/DP_OP_642J3_132_2117
                                      16.3660      0.0     16.3660      0.0000       0.0000  stage1_path_engine_0_DP_OP_642J3_132_2117_J3_0_8
g_pair_3__u_pair/u_up/DP_OP_643J3_133_2117
                                      16.3660      0.0     16.3660      0.0000       0.0000  stage1_path_engine_0_DP_OP_643J3_133_2117_J3_0_8
g_pair_3__u_pair/u_up/DP_OP_644J3_134_2117
                                      16.3660      0.0     16.3660      0.0000       0.0000  stage1_path_engine_0_DP_OP_644J3_134_2117_J3_0_8
g_pair_3__u_pair/u_up/DP_OP_645J3_135_2117
                                      16.3660      0.0     16.3660      0.0000       0.0000  stage1_path_engine_0_DP_OP_645J3_135_2117_J3_0_8
g_pair_3__u_pair/u_up/DP_OP_646J3_136_2117
                                      16.3660      0.0     16.3660      0.0000       0.0000  stage1_path_engine_0_DP_OP_646J3_136_2117_J3_0_8
g_pair_3__u_pair/u_up/DP_OP_647J3_137_2117
                                      16.3660      0.0     16.3660      0.0000       0.0000  stage1_path_engine_0_DP_OP_647J3_137_2117_J3_0_8
g_pair_3__u_pair/u_up/DP_OP_648J3_138_2117
                                      16.3660      0.0     16.3660      0.0000       0.0000  stage1_path_engine_0_DP_OP_648J3_138_2117_J3_0_8
g_pair_3__u_pair/u_up/DP_OP_649J3_139_2117
                                      16.3660      0.0     16.3660      0.0000       0.0000  stage1_path_engine_0_DP_OP_649J3_139_2117_J3_0_8
g_pair_3__u_pair/u_up/DP_OP_650J3_140_2117
                                      16.3660      0.0     16.3660      0.0000       0.0000  stage1_path_engine_0_DP_OP_650J3_140_2117_J3_0_8
g_pair_3__u_pair/u_up/DP_OP_651J3_141_2117
                                      16.3660      0.0     16.3660      0.0000       0.0000  stage1_path_engine_0_DP_OP_651J3_141_2117_J3_0_8
g_pair_3__u_pair/u_up/DP_OP_652J3_142_2117
                                      16.3660      0.0     16.3660      0.0000       0.0000  stage1_path_engine_0_DP_OP_652J3_142_2117_J3_0_8
g_pair_3__u_pair/u_up/DP_OP_653J3_143_2117
                                      16.3660      0.0     16.3660      0.0000       0.0000  stage1_path_engine_0_DP_OP_653J3_143_2117_J3_0_8
g_pair_3__u_pair/u_up/DP_OP_654J3_144_2117
                                      16.3660      0.0     16.3660      0.0000       0.0000  stage1_path_engine_0_DP_OP_654J3_144_2117_J3_0_8
g_pair_3__u_pair/u_up/DP_OP_655J3_145_2117
                                      16.3660      0.0     16.3660      0.0000       0.0000  stage1_path_engine_0_DP_OP_655J3_145_2117_J3_0_8
g_pair_3__u_pair/u_up/DP_OP_656J3_146_2117
                                      16.3660      0.0     16.3660      0.0000       0.0000  stage1_path_engine_0_DP_OP_656J3_146_2117_J3_0_8
g_pair_3__u_pair/u_up/DP_OP_657J3_147_2117
                                      16.3660      0.0     16.3660      0.0000       0.0000  stage1_path_engine_0_DP_OP_657J3_147_2117_J3_0_8
g_pair_3__u_pair/u_up/DP_OP_658J3_148_2117
                                      16.3660      0.0     16.3660      0.0000       0.0000  stage1_path_engine_0_DP_OP_658J3_148_2117_J3_0_8
g_pair_3__u_pair/u_up/DP_OP_659J3_149_2117
                                      16.3660      0.0     16.3660      0.0000       0.0000  stage1_path_engine_0_DP_OP_659J3_149_2117_J3_0_8
g_pair_3__u_pair/u_up/DP_OP_660J3_150_2117
                                      16.3660      0.0     16.3660      0.0000       0.0000  stage1_path_engine_0_DP_OP_660J3_150_2117_J3_0_8
g_pair_3__u_pair/u_up/DP_OP_661J3_151_2117
                                      16.3660      0.0     16.3660      0.0000       0.0000  stage1_path_engine_0_DP_OP_661J3_151_2117_J3_0_8
g_pair_3__u_pair/u_up/DP_OP_662J3_152_2117
                                      16.3660      0.0     16.3660      0.0000       0.0000  stage1_path_engine_0_DP_OP_662J3_152_2117_J3_0_8
g_pair_3__u_pair/u_up/DP_OP_663J3_153_2117
                                      16.3660      0.0     16.3660      0.0000       0.0000  stage1_path_engine_0_DP_OP_663J3_153_2117_J3_0_8
g_pair_3__u_pair/u_up/DP_OP_664J3_154_8083
                                      75.0680      0.0     75.0680      0.0000       0.0000  stage1_path_engine_0_DP_OP_664J3_154_8083_J3_0_8
g_pair_3__u_pair/u_up/DP_OP_665J3_155_8083
                                      75.0680      0.0     75.0680      0.0000       0.0000  stage1_path_engine_0_DP_OP_665J3_155_8083_J3_0_8
g_pair_3__u_pair/u_up/DP_OP_666J3_156_8083
                                      75.0680      0.0     75.0680      0.0000       0.0000  stage1_path_engine_0_DP_OP_666J3_156_8083_J3_0_8
g_pair_3__u_pair/u_up/DP_OP_667J3_157_8083
                                      75.0680      0.0     75.0680      0.0000       0.0000  stage1_path_engine_0_DP_OP_667J3_157_8083_J3_0_8
g_pair_3__u_pair/u_up/DP_OP_668J3_158_8083
                                      75.0680      0.0     75.0680      0.0000       0.0000  stage1_path_engine_0_DP_OP_668J3_158_8083_J3_0_8
g_pair_3__u_pair/u_up/DP_OP_669J3_159_8083
                                      75.0680      0.0     75.0680      0.0000       0.0000  stage1_path_engine_0_DP_OP_669J3_159_8083_J3_0_8
g_pair_3__u_pair/u_up/DP_OP_670J3_160_8083
                                      75.0680      0.0     75.0680      0.0000       0.0000  stage1_path_engine_0_DP_OP_670J3_160_8083_J3_0_8
g_pair_3__u_pair/u_up/DP_OP_671J3_161_8083
                                      75.0680      0.0     75.0680      0.0000       0.0000  stage1_path_engine_0_DP_OP_671J3_161_8083_J3_0_8
g_pair_3__u_pair/u_up/DP_OP_672J3_162_589
                                      84.4760      0.0     84.4760      0.0000       0.0000  stage1_path_engine_0_DP_OP_672J3_162_589_J3_0_8
g_pair_3__u_pair/u_up/DP_OP_673J3_163_589
                                      84.4760      0.0     84.4760      0.0000       0.0000  stage1_path_engine_0_DP_OP_673J3_163_589_J3_0_8
g_pair_3__u_pair/u_up/add_x_194       42.9240      0.0     42.9240      0.0000       0.0000  stage1_path_engine_0_DW01_add_J3_0_8
g_pair_3__u_pair/u_up/add_x_33        31.3600      0.0     31.3600      0.0000       0.0000  stage1_path_engine_0_DW01_add_J3_1_8
g_pair_3__u_pair/u_up/mult_x_1        91.6300      0.0     91.6300      0.0000       0.0000  stage1_path_engine_0_DW_mult_tc_J3_31_8
g_pair_3__u_pair/u_up/mult_x_10       91.6300      0.0     91.6300      0.0000       0.0000  stage1_path_engine_0_DW_mult_tc_J3_22_8
g_pair_3__u_pair/u_up/mult_x_11       91.6300      0.0     91.6300      0.0000       0.0000  stage1_path_engine_0_DW_mult_tc_J3_21_8
g_pair_3__u_pair/u_up/mult_x_12       91.6300      0.0     91.6300      0.0000       0.0000  stage1_path_engine_0_DW_mult_tc_J3_20_8
g_pair_3__u_pair/u_up/mult_x_13       91.6300      0.0     91.6300      0.0000       0.0000  stage1_path_engine_0_DW_mult_tc_J3_19_8
g_pair_3__u_pair/u_up/mult_x_14       91.6300      0.0     91.6300      0.0000       0.0000  stage1_path_engine_0_DW_mult_tc_J3_18_8
g_pair_3__u_pair/u_up/mult_x_15       91.6300      0.0     91.6300      0.0000       0.0000  stage1_path_engine_0_DW_mult_tc_J3_17_8
g_pair_3__u_pair/u_up/mult_x_16       92.2180      0.0     92.2180      0.0000       0.0000  stage1_path_engine_0_DW_mult_tc_J3_16_8
g_pair_3__u_pair/u_up/mult_x_17       91.6300      0.0     91.6300      0.0000       0.0000  stage1_path_engine_0_DW_mult_tc_J3_15_8
g_pair_3__u_pair/u_up/mult_x_18       91.6300      0.0     91.6300      0.0000       0.0000  stage1_path_engine_0_DW_mult_tc_J3_14_8
g_pair_3__u_pair/u_up/mult_x_19       90.7480      0.0     90.7480      0.0000       0.0000  stage1_path_engine_0_DW_mult_tc_J3_13_8
g_pair_3__u_pair/u_up/mult_x_2        91.6300      0.0     91.6300      0.0000       0.0000  stage1_path_engine_0_DW_mult_tc_J3_30_8
g_pair_3__u_pair/u_up/mult_x_20       91.6300      0.0     91.6300      0.0000       0.0000  stage1_path_engine_0_DW_mult_tc_J3_12_8
g_pair_3__u_pair/u_up/mult_x_21       91.6300      0.0     91.6300      0.0000       0.0000  stage1_path_engine_0_DW_mult_tc_J3_11_8
g_pair_3__u_pair/u_up/mult_x_22       91.6300      0.0     91.6300      0.0000       0.0000  stage1_path_engine_0_DW_mult_tc_J3_10_8
g_pair_3__u_pair/u_up/mult_x_23       91.6300      0.0     91.6300      0.0000       0.0000  stage1_path_engine_0_DW_mult_tc_J3_9_8
g_pair_3__u_pair/u_up/mult_x_24       91.6300      0.0     91.6300      0.0000       0.0000  stage1_path_engine_0_DW_mult_tc_J3_8_8
g_pair_3__u_pair/u_up/mult_x_25       91.6300      0.0     91.6300      0.0000       0.0000  stage1_path_engine_0_DW_mult_tc_J3_7_8
g_pair_3__u_pair/u_up/mult_x_26       91.6300      0.0     91.6300      0.0000       0.0000  stage1_path_engine_0_DW_mult_tc_J3_6_8
g_pair_3__u_pair/u_up/mult_x_27       91.6300      0.0     91.6300      0.0000       0.0000  stage1_path_engine_0_DW_mult_tc_J3_5_8
g_pair_3__u_pair/u_up/mult_x_28       91.6300      0.0     91.6300      0.0000       0.0000  stage1_path_engine_0_DW_mult_tc_J3_4_8
g_pair_3__u_pair/u_up/mult_x_29       91.6300      0.0     91.6300      0.0000       0.0000  stage1_path_engine_0_DW_mult_tc_J3_3_8
g_pair_3__u_pair/u_up/mult_x_3        91.6300      0.0     91.6300      0.0000       0.0000  stage1_path_engine_0_DW_mult_tc_J3_29_8
g_pair_3__u_pair/u_up/mult_x_30       91.6300      0.0     91.6300      0.0000       0.0000  stage1_path_engine_0_DW_mult_tc_J3_2_8
g_pair_3__u_pair/u_up/mult_x_31       91.6300      0.0     91.6300      0.0000       0.0000  stage1_path_engine_0_DW_mult_tc_J3_1_8
g_pair_3__u_pair/u_up/mult_x_32       91.6300      0.0     91.6300      0.0000       0.0000  stage1_path_engine_0_DW_mult_tc_J3_0_8
g_pair_3__u_pair/u_up/mult_x_4        91.6300      0.0     91.6300      0.0000       0.0000  stage1_path_engine_0_DW_mult_tc_J3_28_8
g_pair_3__u_pair/u_up/mult_x_5        91.6300      0.0     91.6300      0.0000       0.0000  stage1_path_engine_0_DW_mult_tc_J3_27_8
g_pair_3__u_pair/u_up/mult_x_6        91.6300      0.0     91.6300      0.0000       0.0000  stage1_path_engine_0_DW_mult_tc_J3_26_8
g_pair_3__u_pair/u_up/mult_x_7        91.6300      0.0     91.6300      0.0000       0.0000  stage1_path_engine_0_DW_mult_tc_J3_25_8
g_pair_3__u_pair/u_up/mult_x_8        91.6300      0.0     91.6300      0.0000       0.0000  stage1_path_engine_0_DW_mult_tc_J3_24_8
g_pair_3__u_pair/u_up/mult_x_9        91.6300      0.0     91.6300      0.0000       0.0000  stage1_path_engine_0_DW_mult_tc_J3_23_8
g_pair_4__u_pair                   14110.3340      1.6      9.4080      0.0000       0.0000  stage1_lane_pair_3
g_pair_4__u_pair/u_gate             7055.0200      0.8   1425.3120   1321.2360       0.0000  stage1_path_engine_7
g_pair_4__u_pair/u_gate/DP_OP_632J3_122_2117
                                      16.3660      0.0     16.3660      0.0000       0.0000  stage1_path_engine_0_DP_OP_632J3_122_2117_J3_0_7
g_pair_4__u_pair/u_gate/DP_OP_633J3_123_2117
                                      16.3660      0.0     16.3660      0.0000       0.0000  stage1_path_engine_0_DP_OP_633J3_123_2117_J3_0_7
g_pair_4__u_pair/u_gate/DP_OP_634J3_124_2117
                                      16.3660      0.0     16.3660      0.0000       0.0000  stage1_path_engine_0_DP_OP_634J3_124_2117_J3_0_7
g_pair_4__u_pair/u_gate/DP_OP_635J3_125_2117
                                      16.3660      0.0     16.3660      0.0000       0.0000  stage1_path_engine_0_DP_OP_635J3_125_2117_J3_0_7
g_pair_4__u_pair/u_gate/DP_OP_636J3_126_2117
                                      16.3660      0.0     16.3660      0.0000       0.0000  stage1_path_engine_0_DP_OP_636J3_126_2117_J3_0_7
g_pair_4__u_pair/u_gate/DP_OP_637J3_127_2117
                                      16.3660      0.0     16.3660      0.0000       0.0000  stage1_path_engine_0_DP_OP_637J3_127_2117_J3_0_7
g_pair_4__u_pair/u_gate/DP_OP_638J3_128_2117
                                      16.3660      0.0     16.3660      0.0000       0.0000  stage1_path_engine_0_DP_OP_638J3_128_2117_J3_0_7
g_pair_4__u_pair/u_gate/DP_OP_639J3_129_2117
                                      16.3660      0.0     16.3660      0.0000       0.0000  stage1_path_engine_0_DP_OP_639J3_129_2117_J3_0_7
g_pair_4__u_pair/u_gate/DP_OP_640J3_130_2117
                                      16.3660      0.0     16.3660      0.0000       0.0000  stage1_path_engine_0_DP_OP_640J3_130_2117_J3_0_7
g_pair_4__u_pair/u_gate/DP_OP_641J3_131_2117
                                      16.3660      0.0     16.3660      0.0000       0.0000  stage1_path_engine_0_DP_OP_641J3_131_2117_J3_0_7
g_pair_4__u_pair/u_gate/DP_OP_642J3_132_2117
                                      16.3660      0.0     16.3660      0.0000       0.0000  stage1_path_engine_0_DP_OP_642J3_132_2117_J3_0_7
g_pair_4__u_pair/u_gate/DP_OP_643J3_133_2117
                                      16.3660      0.0     16.3660      0.0000       0.0000  stage1_path_engine_0_DP_OP_643J3_133_2117_J3_0_7
g_pair_4__u_pair/u_gate/DP_OP_644J3_134_2117
                                      16.3660      0.0     16.3660      0.0000       0.0000  stage1_path_engine_0_DP_OP_644J3_134_2117_J3_0_7
g_pair_4__u_pair/u_gate/DP_OP_645J3_135_2117
                                      16.3660      0.0     16.3660      0.0000       0.0000  stage1_path_engine_0_DP_OP_645J3_135_2117_J3_0_7
g_pair_4__u_pair/u_gate/DP_OP_646J3_136_2117
                                      16.3660      0.0     16.3660      0.0000       0.0000  stage1_path_engine_0_DP_OP_646J3_136_2117_J3_0_7
g_pair_4__u_pair/u_gate/DP_OP_647J3_137_2117
                                      16.3660      0.0     16.3660      0.0000       0.0000  stage1_path_engine_0_DP_OP_647J3_137_2117_J3_0_7
g_pair_4__u_pair/u_gate/DP_OP_648J3_138_2117
                                      16.3660      0.0     16.3660      0.0000       0.0000  stage1_path_engine_0_DP_OP_648J3_138_2117_J3_0_7
g_pair_4__u_pair/u_gate/DP_OP_649J3_139_2117
                                      16.3660      0.0     16.3660      0.0000       0.0000  stage1_path_engine_0_DP_OP_649J3_139_2117_J3_0_7
g_pair_4__u_pair/u_gate/DP_OP_650J3_140_2117
                                      16.3660      0.0     16.3660      0.0000       0.0000  stage1_path_engine_0_DP_OP_650J3_140_2117_J3_0_7
g_pair_4__u_pair/u_gate/DP_OP_651J3_141_2117
                                      16.3660      0.0     16.3660      0.0000       0.0000  stage1_path_engine_0_DP_OP_651J3_141_2117_J3_0_7
g_pair_4__u_pair/u_gate/DP_OP_652J3_142_2117
                                      16.3660      0.0     16.3660      0.0000       0.0000  stage1_path_engine_0_DP_OP_652J3_142_2117_J3_0_7
g_pair_4__u_pair/u_gate/DP_OP_653J3_143_2117
                                      16.3660      0.0     16.3660      0.0000       0.0000  stage1_path_engine_0_DP_OP_653J3_143_2117_J3_0_7
g_pair_4__u_pair/u_gate/DP_OP_654J3_144_2117
                                      16.3660      0.0     16.3660      0.0000       0.0000  stage1_path_engine_0_DP_OP_654J3_144_2117_J3_0_7
g_pair_4__u_pair/u_gate/DP_OP_655J3_145_2117
                                      16.3660      0.0     16.3660      0.0000       0.0000  stage1_path_engine_0_DP_OP_655J3_145_2117_J3_0_7
g_pair_4__u_pair/u_gate/DP_OP_656J3_146_2117
                                      16.3660      0.0     16.3660      0.0000       0.0000  stage1_path_engine_0_DP_OP_656J3_146_2117_J3_0_7
g_pair_4__u_pair/u_gate/DP_OP_657J3_147_2117
                                      16.3660      0.0     16.3660      0.0000       0.0000  stage1_path_engine_0_DP_OP_657J3_147_2117_J3_0_7
g_pair_4__u_pair/u_gate/DP_OP_658J3_148_2117
                                      16.3660      0.0     16.3660      0.0000       0.0000  stage1_path_engine_0_DP_OP_658J3_148_2117_J3_0_7
g_pair_4__u_pair/u_gate/DP_OP_659J3_149_2117
                                      16.3660      0.0     16.3660      0.0000       0.0000  stage1_path_engine_0_DP_OP_659J3_149_2117_J3_0_7
g_pair_4__u_pair/u_gate/DP_OP_660J3_150_2117
                                      16.3660      0.0     16.3660      0.0000       0.0000  stage1_path_engine_0_DP_OP_660J3_150_2117_J3_0_7
g_pair_4__u_pair/u_gate/DP_OP_661J3_151_2117
                                      16.3660      0.0     16.3660      0.0000       0.0000  stage1_path_engine_0_DP_OP_661J3_151_2117_J3_0_7
g_pair_4__u_pair/u_gate/DP_OP_662J3_152_2117
                                      16.3660      0.0     16.3660      0.0000       0.0000  stage1_path_engine_0_DP_OP_662J3_152_2117_J3_0_7
g_pair_4__u_pair/u_gate/DP_OP_663J3_153_2117
                                      16.3660      0.0     16.3660      0.0000       0.0000  stage1_path_engine_0_DP_OP_663J3_153_2117_J3_0_7
g_pair_4__u_pair/u_gate/DP_OP_664J3_154_8083
                                      75.0680      0.0     75.0680      0.0000       0.0000  stage1_path_engine_0_DP_OP_664J3_154_8083_J3_0_7
g_pair_4__u_pair/u_gate/DP_OP_665J3_155_8083
                                      75.0680      0.0     75.0680      0.0000       0.0000  stage1_path_engine_0_DP_OP_665J3_155_8083_J3_0_7
g_pair_4__u_pair/u_gate/DP_OP_666J3_156_8083
                                      75.0680      0.0     75.0680      0.0000       0.0000  stage1_path_engine_0_DP_OP_666J3_156_8083_J3_0_7
g_pair_4__u_pair/u_gate/DP_OP_667J3_157_8083
                                      75.0680      0.0     75.0680      0.0000       0.0000  stage1_path_engine_0_DP_OP_667J3_157_8083_J3_0_7
g_pair_4__u_pair/u_gate/DP_OP_668J3_158_8083
                                      75.0680      0.0     75.0680      0.0000       0.0000  stage1_path_engine_0_DP_OP_668J3_158_8083_J3_0_7
g_pair_4__u_pair/u_gate/DP_OP_669J3_159_8083
                                      75.0680      0.0     75.0680      0.0000       0.0000  stage1_path_engine_0_DP_OP_669J3_159_8083_J3_0_7
g_pair_4__u_pair/u_gate/DP_OP_670J3_160_8083
                                      75.0680      0.0     75.0680      0.0000       0.0000  stage1_path_engine_0_DP_OP_670J3_160_8083_J3_0_7
g_pair_4__u_pair/u_gate/DP_OP_671J3_161_8083
                                      75.0680      0.0     75.0680      0.0000       0.0000  stage1_path_engine_0_DP_OP_671J3_161_8083_J3_0_7
g_pair_4__u_pair/u_gate/DP_OP_672J3_162_589
                                      84.4760      0.0     84.4760      0.0000       0.0000  stage1_path_engine_0_DP_OP_672J3_162_589_J3_0_7
g_pair_4__u_pair/u_gate/DP_OP_673J3_163_589
                                      84.4760      0.0     84.4760      0.0000       0.0000  stage1_path_engine_0_DP_OP_673J3_163_589_J3_0_7
g_pair_4__u_pair/u_gate/add_x_194     42.9240      0.0     42.9240      0.0000       0.0000  stage1_path_engine_0_DW01_add_J3_0_7
g_pair_4__u_pair/u_gate/add_x_33      31.3600      0.0     31.3600      0.0000       0.0000  stage1_path_engine_0_DW01_add_J3_1_7
g_pair_4__u_pair/u_gate/mult_x_1      91.9240      0.0     91.9240      0.0000       0.0000  stage1_path_engine_0_DW_mult_tc_J3_31_7
g_pair_4__u_pair/u_gate/mult_x_10     91.9240      0.0     91.9240      0.0000       0.0000  stage1_path_engine_0_DW_mult_tc_J3_22_7
g_pair_4__u_pair/u_gate/mult_x_11     91.9240      0.0     91.9240      0.0000       0.0000  stage1_path_engine_0_DW_mult_tc_J3_21_7
g_pair_4__u_pair/u_gate/mult_x_12     91.9240      0.0     91.9240      0.0000       0.0000  stage1_path_engine_0_DW_mult_tc_J3_20_7
g_pair_4__u_pair/u_gate/mult_x_13     91.9240      0.0     91.9240      0.0000       0.0000  stage1_path_engine_0_DW_mult_tc_J3_19_7
g_pair_4__u_pair/u_gate/mult_x_14     91.9240      0.0     91.9240      0.0000       0.0000  stage1_path_engine_0_DW_mult_tc_J3_18_7
g_pair_4__u_pair/u_gate/mult_x_15     91.9240      0.0     91.9240      0.0000       0.0000  stage1_path_engine_0_DW_mult_tc_J3_17_7
g_pair_4__u_pair/u_gate/mult_x_16     91.6300      0.0     91.6300      0.0000       0.0000  stage1_path_engine_0_DW_mult_tc_J3_16_7
g_pair_4__u_pair/u_gate/mult_x_17     91.9240      0.0     91.9240      0.0000       0.0000  stage1_path_engine_0_DW_mult_tc_J3_15_7
g_pair_4__u_pair/u_gate/mult_x_18     91.9240      0.0     91.9240      0.0000       0.0000  stage1_path_engine_0_DW_mult_tc_J3_14_7
g_pair_4__u_pair/u_gate/mult_x_19     91.6300      0.0     91.6300      0.0000       0.0000  stage1_path_engine_0_DW_mult_tc_J3_13_7
g_pair_4__u_pair/u_gate/mult_x_2      91.9240      0.0     91.9240      0.0000       0.0000  stage1_path_engine_0_DW_mult_tc_J3_30_7
g_pair_4__u_pair/u_gate/mult_x_20     91.9240      0.0     91.9240      0.0000       0.0000  stage1_path_engine_0_DW_mult_tc_J3_12_7
g_pair_4__u_pair/u_gate/mult_x_21     91.9240      0.0     91.9240      0.0000       0.0000  stage1_path_engine_0_DW_mult_tc_J3_11_7
g_pair_4__u_pair/u_gate/mult_x_22     91.9240      0.0     91.9240      0.0000       0.0000  stage1_path_engine_0_DW_mult_tc_J3_10_7
g_pair_4__u_pair/u_gate/mult_x_23     91.9240      0.0     91.9240      0.0000       0.0000  stage1_path_engine_0_DW_mult_tc_J3_9_7
g_pair_4__u_pair/u_gate/mult_x_24     91.9240      0.0     91.9240      0.0000       0.0000  stage1_path_engine_0_DW_mult_tc_J3_8_7
g_pair_4__u_pair/u_gate/mult_x_25     91.9240      0.0     91.9240      0.0000       0.0000  stage1_path_engine_0_DW_mult_tc_J3_7_7
g_pair_4__u_pair/u_gate/mult_x_26     91.9240      0.0     91.9240      0.0000       0.0000  stage1_path_engine_0_DW_mult_tc_J3_6_7
g_pair_4__u_pair/u_gate/mult_x_27     91.9240      0.0     91.9240      0.0000       0.0000  stage1_path_engine_0_DW_mult_tc_J3_5_7
g_pair_4__u_pair/u_gate/mult_x_28     91.9240      0.0     91.9240      0.0000       0.0000  stage1_path_engine_0_DW_mult_tc_J3_4_7
g_pair_4__u_pair/u_gate/mult_x_29     91.9240      0.0     91.9240      0.0000       0.0000  stage1_path_engine_0_DW_mult_tc_J3_3_7
g_pair_4__u_pair/u_gate/mult_x_3      91.9240      0.0     91.9240      0.0000       0.0000  stage1_path_engine_0_DW_mult_tc_J3_29_7
g_pair_4__u_pair/u_gate/mult_x_30     91.9240      0.0     91.9240      0.0000       0.0000  stage1_path_engine_0_DW_mult_tc_J3_2_7
g_pair_4__u_pair/u_gate/mult_x_31     91.9240      0.0     91.9240      0.0000       0.0000  stage1_path_engine_0_DW_mult_tc_J3_1_7
g_pair_4__u_pair/u_gate/mult_x_32     91.9240      0.0     91.9240      0.0000       0.0000  stage1_path_engine_0_DW_mult_tc_J3_0_7
g_pair_4__u_pair/u_gate/mult_x_4      91.9240      0.0     91.9240      0.0000       0.0000  stage1_path_engine_0_DW_mult_tc_J3_28_7
g_pair_4__u_pair/u_gate/mult_x_5      91.9240      0.0     91.9240      0.0000       0.0000  stage1_path_engine_0_DW_mult_tc_J3_27_7
g_pair_4__u_pair/u_gate/mult_x_6      91.9240      0.0     91.9240      0.0000       0.0000  stage1_path_engine_0_DW_mult_tc_J3_26_7
g_pair_4__u_pair/u_gate/mult_x_7      91.9240      0.0     91.9240      0.0000       0.0000  stage1_path_engine_0_DW_mult_tc_J3_25_7
g_pair_4__u_pair/u_gate/mult_x_8      91.9240      0.0     91.9240      0.0000       0.0000  stage1_path_engine_0_DW_mult_tc_J3_24_7
g_pair_4__u_pair/u_gate/mult_x_9      91.9240      0.0     91.9240      0.0000       0.0000  stage1_path_engine_0_DW_mult_tc_J3_23_7
g_pair_4__u_pair/u_up               7045.9060      0.8   1415.9040   1321.2360       0.0000  stage1_path_engine_6
g_pair_4__u_pair/u_up/DP_OP_632J3_122_2117
                                      16.3660      0.0     16.3660      0.0000       0.0000  stage1_path_engine_0_DP_OP_632J3_122_2117_J3_0_6
g_pair_4__u_pair/u_up/DP_OP_633J3_123_2117
                                      16.3660      0.0     16.3660      0.0000       0.0000  stage1_path_engine_0_DP_OP_633J3_123_2117_J3_0_6
g_pair_4__u_pair/u_up/DP_OP_634J3_124_2117
                                      16.3660      0.0     16.3660      0.0000       0.0000  stage1_path_engine_0_DP_OP_634J3_124_2117_J3_0_6
g_pair_4__u_pair/u_up/DP_OP_635J3_125_2117
                                      16.3660      0.0     16.3660      0.0000       0.0000  stage1_path_engine_0_DP_OP_635J3_125_2117_J3_0_6
g_pair_4__u_pair/u_up/DP_OP_636J3_126_2117
                                      16.3660      0.0     16.3660      0.0000       0.0000  stage1_path_engine_0_DP_OP_636J3_126_2117_J3_0_6
g_pair_4__u_pair/u_up/DP_OP_637J3_127_2117
                                      16.3660      0.0     16.3660      0.0000       0.0000  stage1_path_engine_0_DP_OP_637J3_127_2117_J3_0_6
g_pair_4__u_pair/u_up/DP_OP_638J3_128_2117
                                      16.3660      0.0     16.3660      0.0000       0.0000  stage1_path_engine_0_DP_OP_638J3_128_2117_J3_0_6
g_pair_4__u_pair/u_up/DP_OP_639J3_129_2117
                                      16.3660      0.0     16.3660      0.0000       0.0000  stage1_path_engine_0_DP_OP_639J3_129_2117_J3_0_6
g_pair_4__u_pair/u_up/DP_OP_640J3_130_2117
                                      16.3660      0.0     16.3660      0.0000       0.0000  stage1_path_engine_0_DP_OP_640J3_130_2117_J3_0_6
g_pair_4__u_pair/u_up/DP_OP_641J3_131_2117
                                      16.3660      0.0     16.3660      0.0000       0.0000  stage1_path_engine_0_DP_OP_641J3_131_2117_J3_0_6
g_pair_4__u_pair/u_up/DP_OP_642J3_132_2117
                                      16.3660      0.0     16.3660      0.0000       0.0000  stage1_path_engine_0_DP_OP_642J3_132_2117_J3_0_6
g_pair_4__u_pair/u_up/DP_OP_643J3_133_2117
                                      16.3660      0.0     16.3660      0.0000       0.0000  stage1_path_engine_0_DP_OP_643J3_133_2117_J3_0_6
g_pair_4__u_pair/u_up/DP_OP_644J3_134_2117
                                      16.3660      0.0     16.3660      0.0000       0.0000  stage1_path_engine_0_DP_OP_644J3_134_2117_J3_0_6
g_pair_4__u_pair/u_up/DP_OP_645J3_135_2117
                                      16.3660      0.0     16.3660      0.0000       0.0000  stage1_path_engine_0_DP_OP_645J3_135_2117_J3_0_6
g_pair_4__u_pair/u_up/DP_OP_646J3_136_2117
                                      16.3660      0.0     16.3660      0.0000       0.0000  stage1_path_engine_0_DP_OP_646J3_136_2117_J3_0_6
g_pair_4__u_pair/u_up/DP_OP_647J3_137_2117
                                      16.3660      0.0     16.3660      0.0000       0.0000  stage1_path_engine_0_DP_OP_647J3_137_2117_J3_0_6
g_pair_4__u_pair/u_up/DP_OP_648J3_138_2117
                                      16.3660      0.0     16.3660      0.0000       0.0000  stage1_path_engine_0_DP_OP_648J3_138_2117_J3_0_6
g_pair_4__u_pair/u_up/DP_OP_649J3_139_2117
                                      16.3660      0.0     16.3660      0.0000       0.0000  stage1_path_engine_0_DP_OP_649J3_139_2117_J3_0_6
g_pair_4__u_pair/u_up/DP_OP_650J3_140_2117
                                      16.3660      0.0     16.3660      0.0000       0.0000  stage1_path_engine_0_DP_OP_650J3_140_2117_J3_0_6
g_pair_4__u_pair/u_up/DP_OP_651J3_141_2117
                                      16.3660      0.0     16.3660      0.0000       0.0000  stage1_path_engine_0_DP_OP_651J3_141_2117_J3_0_6
g_pair_4__u_pair/u_up/DP_OP_652J3_142_2117
                                      16.3660      0.0     16.3660      0.0000       0.0000  stage1_path_engine_0_DP_OP_652J3_142_2117_J3_0_6
g_pair_4__u_pair/u_up/DP_OP_653J3_143_2117
                                      16.3660      0.0     16.3660      0.0000       0.0000  stage1_path_engine_0_DP_OP_653J3_143_2117_J3_0_6
g_pair_4__u_pair/u_up/DP_OP_654J3_144_2117
                                      16.3660      0.0     16.3660      0.0000       0.0000  stage1_path_engine_0_DP_OP_654J3_144_2117_J3_0_6
g_pair_4__u_pair/u_up/DP_OP_655J3_145_2117
                                      16.3660      0.0     16.3660      0.0000       0.0000  stage1_path_engine_0_DP_OP_655J3_145_2117_J3_0_6
g_pair_4__u_pair/u_up/DP_OP_656J3_146_2117
                                      16.3660      0.0     16.3660      0.0000       0.0000  stage1_path_engine_0_DP_OP_656J3_146_2117_J3_0_6
g_pair_4__u_pair/u_up/DP_OP_657J3_147_2117
                                      16.3660      0.0     16.3660      0.0000       0.0000  stage1_path_engine_0_DP_OP_657J3_147_2117_J3_0_6
g_pair_4__u_pair/u_up/DP_OP_658J3_148_2117
                                      16.3660      0.0     16.3660      0.0000       0.0000  stage1_path_engine_0_DP_OP_658J3_148_2117_J3_0_6
g_pair_4__u_pair/u_up/DP_OP_659J3_149_2117
                                      16.3660      0.0     16.3660      0.0000       0.0000  stage1_path_engine_0_DP_OP_659J3_149_2117_J3_0_6
g_pair_4__u_pair/u_up/DP_OP_660J3_150_2117
                                      16.3660      0.0     16.3660      0.0000       0.0000  stage1_path_engine_0_DP_OP_660J3_150_2117_J3_0_6
g_pair_4__u_pair/u_up/DP_OP_661J3_151_2117
                                      16.3660      0.0     16.3660      0.0000       0.0000  stage1_path_engine_0_DP_OP_661J3_151_2117_J3_0_6
g_pair_4__u_pair/u_up/DP_OP_662J3_152_2117
                                      16.3660      0.0     16.3660      0.0000       0.0000  stage1_path_engine_0_DP_OP_662J3_152_2117_J3_0_6
g_pair_4__u_pair/u_up/DP_OP_663J3_153_2117
                                      16.3660      0.0     16.3660      0.0000       0.0000  stage1_path_engine_0_DP_OP_663J3_153_2117_J3_0_6
g_pair_4__u_pair/u_up/DP_OP_664J3_154_8083
                                      75.0680      0.0     75.0680      0.0000       0.0000  stage1_path_engine_0_DP_OP_664J3_154_8083_J3_0_6
g_pair_4__u_pair/u_up/DP_OP_665J3_155_8083
                                      75.0680      0.0     75.0680      0.0000       0.0000  stage1_path_engine_0_DP_OP_665J3_155_8083_J3_0_6
g_pair_4__u_pair/u_up/DP_OP_666J3_156_8083
                                      75.0680      0.0     75.0680      0.0000       0.0000  stage1_path_engine_0_DP_OP_666J3_156_8083_J3_0_6
g_pair_4__u_pair/u_up/DP_OP_667J3_157_8083
                                      75.0680      0.0     75.0680      0.0000       0.0000  stage1_path_engine_0_DP_OP_667J3_157_8083_J3_0_6
g_pair_4__u_pair/u_up/DP_OP_668J3_158_8083
                                      75.0680      0.0     75.0680      0.0000       0.0000  stage1_path_engine_0_DP_OP_668J3_158_8083_J3_0_6
g_pair_4__u_pair/u_up/DP_OP_669J3_159_8083
                                      75.0680      0.0     75.0680      0.0000       0.0000  stage1_path_engine_0_DP_OP_669J3_159_8083_J3_0_6
g_pair_4__u_pair/u_up/DP_OP_670J3_160_8083
                                      75.0680      0.0     75.0680      0.0000       0.0000  stage1_path_engine_0_DP_OP_670J3_160_8083_J3_0_6
g_pair_4__u_pair/u_up/DP_OP_671J3_161_8083
                                      75.0680      0.0     75.0680      0.0000       0.0000  stage1_path_engine_0_DP_OP_671J3_161_8083_J3_0_6
g_pair_4__u_pair/u_up/DP_OP_672J3_162_589
                                      84.4760      0.0     84.4760      0.0000       0.0000  stage1_path_engine_0_DP_OP_672J3_162_589_J3_0_6
g_pair_4__u_pair/u_up/DP_OP_673J3_163_589
                                      84.4760      0.0     84.4760      0.0000       0.0000  stage1_path_engine_0_DP_OP_673J3_163_589_J3_0_6
g_pair_4__u_pair/u_up/add_x_194       42.9240      0.0     42.9240      0.0000       0.0000  stage1_path_engine_0_DW01_add_J3_0_6
g_pair_4__u_pair/u_up/add_x_33        31.3600      0.0     31.3600      0.0000       0.0000  stage1_path_engine_0_DW01_add_J3_1_6
g_pair_4__u_pair/u_up/mult_x_1        91.9240      0.0     91.9240      0.0000       0.0000  stage1_path_engine_0_DW_mult_tc_J3_31_6
g_pair_4__u_pair/u_up/mult_x_10       91.9240      0.0     91.9240      0.0000       0.0000  stage1_path_engine_0_DW_mult_tc_J3_22_6
g_pair_4__u_pair/u_up/mult_x_11       91.9240      0.0     91.9240      0.0000       0.0000  stage1_path_engine_0_DW_mult_tc_J3_21_6
g_pair_4__u_pair/u_up/mult_x_12       91.9240      0.0     91.9240      0.0000       0.0000  stage1_path_engine_0_DW_mult_tc_J3_20_6
g_pair_4__u_pair/u_up/mult_x_13       91.9240      0.0     91.9240      0.0000       0.0000  stage1_path_engine_0_DW_mult_tc_J3_19_6
g_pair_4__u_pair/u_up/mult_x_14       91.9240      0.0     91.9240      0.0000       0.0000  stage1_path_engine_0_DW_mult_tc_J3_18_6
g_pair_4__u_pair/u_up/mult_x_15       91.9240      0.0     91.9240      0.0000       0.0000  stage1_path_engine_0_DW_mult_tc_J3_17_6
g_pair_4__u_pair/u_up/mult_x_16       91.9240      0.0     91.9240      0.0000       0.0000  stage1_path_engine_0_DW_mult_tc_J3_16_6
g_pair_4__u_pair/u_up/mult_x_17       91.9240      0.0     91.9240      0.0000       0.0000  stage1_path_engine_0_DW_mult_tc_J3_15_6
g_pair_4__u_pair/u_up/mult_x_18       91.9240      0.0     91.9240      0.0000       0.0000  stage1_path_engine_0_DW_mult_tc_J3_14_6
g_pair_4__u_pair/u_up/mult_x_19       91.6300      0.0     91.6300      0.0000       0.0000  stage1_path_engine_0_DW_mult_tc_J3_13_6
g_pair_4__u_pair/u_up/mult_x_2        91.9240      0.0     91.9240      0.0000       0.0000  stage1_path_engine_0_DW_mult_tc_J3_30_6
g_pair_4__u_pair/u_up/mult_x_20       91.9240      0.0     91.9240      0.0000       0.0000  stage1_path_engine_0_DW_mult_tc_J3_12_6
g_pair_4__u_pair/u_up/mult_x_21       91.9240      0.0     91.9240      0.0000       0.0000  stage1_path_engine_0_DW_mult_tc_J3_11_6
g_pair_4__u_pair/u_up/mult_x_22       91.9240      0.0     91.9240      0.0000       0.0000  stage1_path_engine_0_DW_mult_tc_J3_10_6
g_pair_4__u_pair/u_up/mult_x_23       91.9240      0.0     91.9240      0.0000       0.0000  stage1_path_engine_0_DW_mult_tc_J3_9_6
g_pair_4__u_pair/u_up/mult_x_24       91.9240      0.0     91.9240      0.0000       0.0000  stage1_path_engine_0_DW_mult_tc_J3_8_6
g_pair_4__u_pair/u_up/mult_x_25       91.9240      0.0     91.9240      0.0000       0.0000  stage1_path_engine_0_DW_mult_tc_J3_7_6
g_pair_4__u_pair/u_up/mult_x_26       91.9240      0.0     91.9240      0.0000       0.0000  stage1_path_engine_0_DW_mult_tc_J3_6_6
g_pair_4__u_pair/u_up/mult_x_27       91.9240      0.0     91.9240      0.0000       0.0000  stage1_path_engine_0_DW_mult_tc_J3_5_6
g_pair_4__u_pair/u_up/mult_x_28       91.9240      0.0     91.9240      0.0000       0.0000  stage1_path_engine_0_DW_mult_tc_J3_4_6
g_pair_4__u_pair/u_up/mult_x_29       91.9240      0.0     91.9240      0.0000       0.0000  stage1_path_engine_0_DW_mult_tc_J3_3_6
g_pair_4__u_pair/u_up/mult_x_3        91.9240      0.0     91.9240      0.0000       0.0000  stage1_path_engine_0_DW_mult_tc_J3_29_6
g_pair_4__u_pair/u_up/mult_x_30       91.9240      0.0     91.9240      0.0000       0.0000  stage1_path_engine_0_DW_mult_tc_J3_2_6
g_pair_4__u_pair/u_up/mult_x_31       91.9240      0.0     91.9240      0.0000       0.0000  stage1_path_engine_0_DW_mult_tc_J3_1_6
g_pair_4__u_pair/u_up/mult_x_32       91.9240      0.0     91.9240      0.0000       0.0000  stage1_path_engine_0_DW_mult_tc_J3_0_6
g_pair_4__u_pair/u_up/mult_x_4        91.9240      0.0     91.9240      0.0000       0.0000  stage1_path_engine_0_DW_mult_tc_J3_28_6
g_pair_4__u_pair/u_up/mult_x_5        91.9240      0.0     91.9240      0.0000       0.0000  stage1_path_engine_0_DW_mult_tc_J3_27_6
g_pair_4__u_pair/u_up/mult_x_6        91.9240      0.0     91.9240      0.0000       0.0000  stage1_path_engine_0_DW_mult_tc_J3_26_6
g_pair_4__u_pair/u_up/mult_x_7        91.9240      0.0     91.9240      0.0000       0.0000  stage1_path_engine_0_DW_mult_tc_J3_25_6
g_pair_4__u_pair/u_up/mult_x_8        91.9240      0.0     91.9240      0.0000       0.0000  stage1_path_engine_0_DW_mult_tc_J3_24_6
g_pair_4__u_pair/u_up/mult_x_9        91.9240      0.0     91.9240      0.0000       0.0000  stage1_path_engine_0_DW_mult_tc_J3_23_6
g_pair_5__u_pair                   14095.5360      1.6      9.4080      0.0000       0.0000  stage1_lane_pair_2
g_pair_5__u_pair/u_gate             7046.2000      0.8   1415.9040   1321.2360       0.0000  stage1_path_engine_5
g_pair_5__u_pair/u_gate/DP_OP_632J3_122_2117
                                      16.3660      0.0     16.3660      0.0000       0.0000  stage1_path_engine_0_DP_OP_632J3_122_2117_J3_0_5
g_pair_5__u_pair/u_gate/DP_OP_633J3_123_2117
                                      16.3660      0.0     16.3660      0.0000       0.0000  stage1_path_engine_0_DP_OP_633J3_123_2117_J3_0_5
g_pair_5__u_pair/u_gate/DP_OP_634J3_124_2117
                                      16.3660      0.0     16.3660      0.0000       0.0000  stage1_path_engine_0_DP_OP_634J3_124_2117_J3_0_5
g_pair_5__u_pair/u_gate/DP_OP_635J3_125_2117
                                      16.3660      0.0     16.3660      0.0000       0.0000  stage1_path_engine_0_DP_OP_635J3_125_2117_J3_0_5
g_pair_5__u_pair/u_gate/DP_OP_636J3_126_2117
                                      16.3660      0.0     16.3660      0.0000       0.0000  stage1_path_engine_0_DP_OP_636J3_126_2117_J3_0_5
g_pair_5__u_pair/u_gate/DP_OP_637J3_127_2117
                                      16.3660      0.0     16.3660      0.0000       0.0000  stage1_path_engine_0_DP_OP_637J3_127_2117_J3_0_5
g_pair_5__u_pair/u_gate/DP_OP_638J3_128_2117
                                      16.3660      0.0     16.3660      0.0000       0.0000  stage1_path_engine_0_DP_OP_638J3_128_2117_J3_0_5
g_pair_5__u_pair/u_gate/DP_OP_639J3_129_2117
                                      16.3660      0.0     16.3660      0.0000       0.0000  stage1_path_engine_0_DP_OP_639J3_129_2117_J3_0_5
g_pair_5__u_pair/u_gate/DP_OP_640J3_130_2117
                                      16.3660      0.0     16.3660      0.0000       0.0000  stage1_path_engine_0_DP_OP_640J3_130_2117_J3_0_5
g_pair_5__u_pair/u_gate/DP_OP_641J3_131_2117
                                      16.3660      0.0     16.3660      0.0000       0.0000  stage1_path_engine_0_DP_OP_641J3_131_2117_J3_0_5
g_pair_5__u_pair/u_gate/DP_OP_642J3_132_2117
                                      16.3660      0.0     16.3660      0.0000       0.0000  stage1_path_engine_0_DP_OP_642J3_132_2117_J3_0_5
g_pair_5__u_pair/u_gate/DP_OP_643J3_133_2117
                                      16.3660      0.0     16.3660      0.0000       0.0000  stage1_path_engine_0_DP_OP_643J3_133_2117_J3_0_5
g_pair_5__u_pair/u_gate/DP_OP_644J3_134_2117
                                      16.3660      0.0     16.3660      0.0000       0.0000  stage1_path_engine_0_DP_OP_644J3_134_2117_J3_0_5
g_pair_5__u_pair/u_gate/DP_OP_645J3_135_2117
                                      16.3660      0.0     16.3660      0.0000       0.0000  stage1_path_engine_0_DP_OP_645J3_135_2117_J3_0_5
g_pair_5__u_pair/u_gate/DP_OP_646J3_136_2117
                                      16.3660      0.0     16.3660      0.0000       0.0000  stage1_path_engine_0_DP_OP_646J3_136_2117_J3_0_5
g_pair_5__u_pair/u_gate/DP_OP_647J3_137_2117
                                      16.3660      0.0     16.3660      0.0000       0.0000  stage1_path_engine_0_DP_OP_647J3_137_2117_J3_0_5
g_pair_5__u_pair/u_gate/DP_OP_648J3_138_2117
                                      16.3660      0.0     16.3660      0.0000       0.0000  stage1_path_engine_0_DP_OP_648J3_138_2117_J3_0_5
g_pair_5__u_pair/u_gate/DP_OP_649J3_139_2117
                                      16.3660      0.0     16.3660      0.0000       0.0000  stage1_path_engine_0_DP_OP_649J3_139_2117_J3_0_5
g_pair_5__u_pair/u_gate/DP_OP_650J3_140_2117
                                      16.3660      0.0     16.3660      0.0000       0.0000  stage1_path_engine_0_DP_OP_650J3_140_2117_J3_0_5
g_pair_5__u_pair/u_gate/DP_OP_651J3_141_2117
                                      16.3660      0.0     16.3660      0.0000       0.0000  stage1_path_engine_0_DP_OP_651J3_141_2117_J3_0_5
g_pair_5__u_pair/u_gate/DP_OP_652J3_142_2117
                                      16.3660      0.0     16.3660      0.0000       0.0000  stage1_path_engine_0_DP_OP_652J3_142_2117_J3_0_5
g_pair_5__u_pair/u_gate/DP_OP_653J3_143_2117
                                      16.3660      0.0     16.3660      0.0000       0.0000  stage1_path_engine_0_DP_OP_653J3_143_2117_J3_0_5
g_pair_5__u_pair/u_gate/DP_OP_654J3_144_2117
                                      16.3660      0.0     16.3660      0.0000       0.0000  stage1_path_engine_0_DP_OP_654J3_144_2117_J3_0_5
g_pair_5__u_pair/u_gate/DP_OP_655J3_145_2117
                                      16.3660      0.0     16.3660      0.0000       0.0000  stage1_path_engine_0_DP_OP_655J3_145_2117_J3_0_5
g_pair_5__u_pair/u_gate/DP_OP_656J3_146_2117
                                      16.3660      0.0     16.3660      0.0000       0.0000  stage1_path_engine_0_DP_OP_656J3_146_2117_J3_0_5
g_pair_5__u_pair/u_gate/DP_OP_657J3_147_2117
                                      16.3660      0.0     16.3660      0.0000       0.0000  stage1_path_engine_0_DP_OP_657J3_147_2117_J3_0_5
g_pair_5__u_pair/u_gate/DP_OP_658J3_148_2117
                                      16.3660      0.0     16.3660      0.0000       0.0000  stage1_path_engine_0_DP_OP_658J3_148_2117_J3_0_5
g_pair_5__u_pair/u_gate/DP_OP_659J3_149_2117
                                      16.3660      0.0     16.3660      0.0000       0.0000  stage1_path_engine_0_DP_OP_659J3_149_2117_J3_0_5
g_pair_5__u_pair/u_gate/DP_OP_660J3_150_2117
                                      16.3660      0.0     16.3660      0.0000       0.0000  stage1_path_engine_0_DP_OP_660J3_150_2117_J3_0_5
g_pair_5__u_pair/u_gate/DP_OP_661J3_151_2117
                                      16.3660      0.0     16.3660      0.0000       0.0000  stage1_path_engine_0_DP_OP_661J3_151_2117_J3_0_5
g_pair_5__u_pair/u_gate/DP_OP_662J3_152_2117
                                      16.3660      0.0     16.3660      0.0000       0.0000  stage1_path_engine_0_DP_OP_662J3_152_2117_J3_0_5
g_pair_5__u_pair/u_gate/DP_OP_663J3_153_2117
                                      16.3660      0.0     16.3660      0.0000       0.0000  stage1_path_engine_0_DP_OP_663J3_153_2117_J3_0_5
g_pair_5__u_pair/u_gate/DP_OP_664J3_154_8083
                                      75.0680      0.0     75.0680      0.0000       0.0000  stage1_path_engine_0_DP_OP_664J3_154_8083_J3_0_5
g_pair_5__u_pair/u_gate/DP_OP_665J3_155_8083
                                      75.0680      0.0     75.0680      0.0000       0.0000  stage1_path_engine_0_DP_OP_665J3_155_8083_J3_0_5
g_pair_5__u_pair/u_gate/DP_OP_666J3_156_8083
                                      75.0680      0.0     75.0680      0.0000       0.0000  stage1_path_engine_0_DP_OP_666J3_156_8083_J3_0_5
g_pair_5__u_pair/u_gate/DP_OP_667J3_157_8083
                                      75.0680      0.0     75.0680      0.0000       0.0000  stage1_path_engine_0_DP_OP_667J3_157_8083_J3_0_5
g_pair_5__u_pair/u_gate/DP_OP_668J3_158_8083
                                      75.0680      0.0     75.0680      0.0000       0.0000  stage1_path_engine_0_DP_OP_668J3_158_8083_J3_0_5
g_pair_5__u_pair/u_gate/DP_OP_669J3_159_8083
                                      75.0680      0.0     75.0680      0.0000       0.0000  stage1_path_engine_0_DP_OP_669J3_159_8083_J3_0_5
g_pair_5__u_pair/u_gate/DP_OP_670J3_160_8083
                                      75.0680      0.0     75.0680      0.0000       0.0000  stage1_path_engine_0_DP_OP_670J3_160_8083_J3_0_5
g_pair_5__u_pair/u_gate/DP_OP_671J3_161_8083
                                      75.0680      0.0     75.0680      0.0000       0.0000  stage1_path_engine_0_DP_OP_671J3_161_8083_J3_0_5
g_pair_5__u_pair/u_gate/DP_OP_672J3_162_589
                                      84.4760      0.0     84.4760      0.0000       0.0000  stage1_path_engine_0_DP_OP_672J3_162_589_J3_0_5
g_pair_5__u_pair/u_gate/DP_OP_673J3_163_589
                                      84.4760      0.0     84.4760      0.0000       0.0000  stage1_path_engine_0_DP_OP_673J3_163_589_J3_0_5
g_pair_5__u_pair/u_gate/add_x_194     42.9240      0.0     42.9240      0.0000       0.0000  stage1_path_engine_0_DW01_add_J3_0_5
g_pair_5__u_pair/u_gate/add_x_33      31.3600      0.0     31.3600      0.0000       0.0000  stage1_path_engine_0_DW01_add_J3_1_5
g_pair_5__u_pair/u_gate/mult_x_1      91.9240      0.0     91.9240      0.0000       0.0000  stage1_path_engine_0_DW_mult_tc_J3_31_5
g_pair_5__u_pair/u_gate/mult_x_10     91.9240      0.0     91.9240      0.0000       0.0000  stage1_path_engine_0_DW_mult_tc_J3_22_5
g_pair_5__u_pair/u_gate/mult_x_11     91.9240      0.0     91.9240      0.0000       0.0000  stage1_path_engine_0_DW_mult_tc_J3_21_5
g_pair_5__u_pair/u_gate/mult_x_12     91.9240      0.0     91.9240      0.0000       0.0000  stage1_path_engine_0_DW_mult_tc_J3_20_5
g_pair_5__u_pair/u_gate/mult_x_13     91.9240      0.0     91.9240      0.0000       0.0000  stage1_path_engine_0_DW_mult_tc_J3_19_5
g_pair_5__u_pair/u_gate/mult_x_14     91.9240      0.0     91.9240      0.0000       0.0000  stage1_path_engine_0_DW_mult_tc_J3_18_5
g_pair_5__u_pair/u_gate/mult_x_15     91.9240      0.0     91.9240      0.0000       0.0000  stage1_path_engine_0_DW_mult_tc_J3_17_5
g_pair_5__u_pair/u_gate/mult_x_16     91.9240      0.0     91.9240      0.0000       0.0000  stage1_path_engine_0_DW_mult_tc_J3_16_5
g_pair_5__u_pair/u_gate/mult_x_17     91.9240      0.0     91.9240      0.0000       0.0000  stage1_path_engine_0_DW_mult_tc_J3_15_5
g_pair_5__u_pair/u_gate/mult_x_18     91.9240      0.0     91.9240      0.0000       0.0000  stage1_path_engine_0_DW_mult_tc_J3_14_5
g_pair_5__u_pair/u_gate/mult_x_19     91.9240      0.0     91.9240      0.0000       0.0000  stage1_path_engine_0_DW_mult_tc_J3_13_5
g_pair_5__u_pair/u_gate/mult_x_2      91.9240      0.0     91.9240      0.0000       0.0000  stage1_path_engine_0_DW_mult_tc_J3_30_5
g_pair_5__u_pair/u_gate/mult_x_20     91.9240      0.0     91.9240      0.0000       0.0000  stage1_path_engine_0_DW_mult_tc_J3_12_5
g_pair_5__u_pair/u_gate/mult_x_21     91.9240      0.0     91.9240      0.0000       0.0000  stage1_path_engine_0_DW_mult_tc_J3_11_5
g_pair_5__u_pair/u_gate/mult_x_22     91.9240      0.0     91.9240      0.0000       0.0000  stage1_path_engine_0_DW_mult_tc_J3_10_5
g_pair_5__u_pair/u_gate/mult_x_23     91.9240      0.0     91.9240      0.0000       0.0000  stage1_path_engine_0_DW_mult_tc_J3_9_5
g_pair_5__u_pair/u_gate/mult_x_24     91.9240      0.0     91.9240      0.0000       0.0000  stage1_path_engine_0_DW_mult_tc_J3_8_5
g_pair_5__u_pair/u_gate/mult_x_25     91.9240      0.0     91.9240      0.0000       0.0000  stage1_path_engine_0_DW_mult_tc_J3_7_5
g_pair_5__u_pair/u_gate/mult_x_26     91.9240      0.0     91.9240      0.0000       0.0000  stage1_path_engine_0_DW_mult_tc_J3_6_5
g_pair_5__u_pair/u_gate/mult_x_27     91.9240      0.0     91.9240      0.0000       0.0000  stage1_path_engine_0_DW_mult_tc_J3_5_5
g_pair_5__u_pair/u_gate/mult_x_28     91.9240      0.0     91.9240      0.0000       0.0000  stage1_path_engine_0_DW_mult_tc_J3_4_5
g_pair_5__u_pair/u_gate/mult_x_29     91.9240      0.0     91.9240      0.0000       0.0000  stage1_path_engine_0_DW_mult_tc_J3_3_5
g_pair_5__u_pair/u_gate/mult_x_3      91.9240      0.0     91.9240      0.0000       0.0000  stage1_path_engine_0_DW_mult_tc_J3_29_5
g_pair_5__u_pair/u_gate/mult_x_30     91.9240      0.0     91.9240      0.0000       0.0000  stage1_path_engine_0_DW_mult_tc_J3_2_5
g_pair_5__u_pair/u_gate/mult_x_31     91.9240      0.0     91.9240      0.0000       0.0000  stage1_path_engine_0_DW_mult_tc_J3_1_5
g_pair_5__u_pair/u_gate/mult_x_32     91.9240      0.0     91.9240      0.0000       0.0000  stage1_path_engine_0_DW_mult_tc_J3_0_5
g_pair_5__u_pair/u_gate/mult_x_4      91.9240      0.0     91.9240      0.0000       0.0000  stage1_path_engine_0_DW_mult_tc_J3_28_5
g_pair_5__u_pair/u_gate/mult_x_5      91.9240      0.0     91.9240      0.0000       0.0000  stage1_path_engine_0_DW_mult_tc_J3_27_5
g_pair_5__u_pair/u_gate/mult_x_6      91.9240      0.0     91.9240      0.0000       0.0000  stage1_path_engine_0_DW_mult_tc_J3_26_5
g_pair_5__u_pair/u_gate/mult_x_7      91.9240      0.0     91.9240      0.0000       0.0000  stage1_path_engine_0_DW_mult_tc_J3_25_5
g_pair_5__u_pair/u_gate/mult_x_8      91.9240      0.0     91.9240      0.0000       0.0000  stage1_path_engine_0_DW_mult_tc_J3_24_5
g_pair_5__u_pair/u_gate/mult_x_9      91.9240      0.0     91.9240      0.0000       0.0000  stage1_path_engine_0_DW_mult_tc_J3_23_5
g_pair_5__u_pair/u_up               7039.9280      0.8   1409.6320   1321.2360       0.0000  stage1_path_engine_4
g_pair_5__u_pair/u_up/DP_OP_632J3_122_2117
                                      16.3660      0.0     16.3660      0.0000       0.0000  stage1_path_engine_0_DP_OP_632J3_122_2117_J3_0_4
g_pair_5__u_pair/u_up/DP_OP_633J3_123_2117
                                      16.3660      0.0     16.3660      0.0000       0.0000  stage1_path_engine_0_DP_OP_633J3_123_2117_J3_0_4
g_pair_5__u_pair/u_up/DP_OP_634J3_124_2117
                                      16.3660      0.0     16.3660      0.0000       0.0000  stage1_path_engine_0_DP_OP_634J3_124_2117_J3_0_4
g_pair_5__u_pair/u_up/DP_OP_635J3_125_2117
                                      16.3660      0.0     16.3660      0.0000       0.0000  stage1_path_engine_0_DP_OP_635J3_125_2117_J3_0_4
g_pair_5__u_pair/u_up/DP_OP_636J3_126_2117
                                      16.3660      0.0     16.3660      0.0000       0.0000  stage1_path_engine_0_DP_OP_636J3_126_2117_J3_0_4
g_pair_5__u_pair/u_up/DP_OP_637J3_127_2117
                                      16.3660      0.0     16.3660      0.0000       0.0000  stage1_path_engine_0_DP_OP_637J3_127_2117_J3_0_4
g_pair_5__u_pair/u_up/DP_OP_638J3_128_2117
                                      16.3660      0.0     16.3660      0.0000       0.0000  stage1_path_engine_0_DP_OP_638J3_128_2117_J3_0_4
g_pair_5__u_pair/u_up/DP_OP_639J3_129_2117
                                      16.3660      0.0     16.3660      0.0000       0.0000  stage1_path_engine_0_DP_OP_639J3_129_2117_J3_0_4
g_pair_5__u_pair/u_up/DP_OP_640J3_130_2117
                                      16.3660      0.0     16.3660      0.0000       0.0000  stage1_path_engine_0_DP_OP_640J3_130_2117_J3_0_4
g_pair_5__u_pair/u_up/DP_OP_641J3_131_2117
                                      16.3660      0.0     16.3660      0.0000       0.0000  stage1_path_engine_0_DP_OP_641J3_131_2117_J3_0_4
g_pair_5__u_pair/u_up/DP_OP_642J3_132_2117
                                      16.3660      0.0     16.3660      0.0000       0.0000  stage1_path_engine_0_DP_OP_642J3_132_2117_J3_0_4
g_pair_5__u_pair/u_up/DP_OP_643J3_133_2117
                                      16.3660      0.0     16.3660      0.0000       0.0000  stage1_path_engine_0_DP_OP_643J3_133_2117_J3_0_4
g_pair_5__u_pair/u_up/DP_OP_644J3_134_2117
                                      16.3660      0.0     16.3660      0.0000       0.0000  stage1_path_engine_0_DP_OP_644J3_134_2117_J3_0_4
g_pair_5__u_pair/u_up/DP_OP_645J3_135_2117
                                      16.3660      0.0     16.3660      0.0000       0.0000  stage1_path_engine_0_DP_OP_645J3_135_2117_J3_0_4
g_pair_5__u_pair/u_up/DP_OP_646J3_136_2117
                                      16.3660      0.0     16.3660      0.0000       0.0000  stage1_path_engine_0_DP_OP_646J3_136_2117_J3_0_4
g_pair_5__u_pair/u_up/DP_OP_647J3_137_2117
                                      16.3660      0.0     16.3660      0.0000       0.0000  stage1_path_engine_0_DP_OP_647J3_137_2117_J3_0_4
g_pair_5__u_pair/u_up/DP_OP_648J3_138_2117
                                      16.3660      0.0     16.3660      0.0000       0.0000  stage1_path_engine_0_DP_OP_648J3_138_2117_J3_0_4
g_pair_5__u_pair/u_up/DP_OP_649J3_139_2117
                                      16.3660      0.0     16.3660      0.0000       0.0000  stage1_path_engine_0_DP_OP_649J3_139_2117_J3_0_4
g_pair_5__u_pair/u_up/DP_OP_650J3_140_2117
                                      16.3660      0.0     16.3660      0.0000       0.0000  stage1_path_engine_0_DP_OP_650J3_140_2117_J3_0_4
g_pair_5__u_pair/u_up/DP_OP_651J3_141_2117
                                      16.3660      0.0     16.3660      0.0000       0.0000  stage1_path_engine_0_DP_OP_651J3_141_2117_J3_0_4
g_pair_5__u_pair/u_up/DP_OP_652J3_142_2117
                                      16.3660      0.0     16.3660      0.0000       0.0000  stage1_path_engine_0_DP_OP_652J3_142_2117_J3_0_4
g_pair_5__u_pair/u_up/DP_OP_653J3_143_2117
                                      16.3660      0.0     16.3660      0.0000       0.0000  stage1_path_engine_0_DP_OP_653J3_143_2117_J3_0_4
g_pair_5__u_pair/u_up/DP_OP_654J3_144_2117
                                      16.3660      0.0     16.3660      0.0000       0.0000  stage1_path_engine_0_DP_OP_654J3_144_2117_J3_0_4
g_pair_5__u_pair/u_up/DP_OP_655J3_145_2117
                                      16.3660      0.0     16.3660      0.0000       0.0000  stage1_path_engine_0_DP_OP_655J3_145_2117_J3_0_4
g_pair_5__u_pair/u_up/DP_OP_656J3_146_2117
                                      16.3660      0.0     16.3660      0.0000       0.0000  stage1_path_engine_0_DP_OP_656J3_146_2117_J3_0_4
g_pair_5__u_pair/u_up/DP_OP_657J3_147_2117
                                      16.3660      0.0     16.3660      0.0000       0.0000  stage1_path_engine_0_DP_OP_657J3_147_2117_J3_0_4
g_pair_5__u_pair/u_up/DP_OP_658J3_148_2117
                                      16.3660      0.0     16.3660      0.0000       0.0000  stage1_path_engine_0_DP_OP_658J3_148_2117_J3_0_4
g_pair_5__u_pair/u_up/DP_OP_659J3_149_2117
                                      16.3660      0.0     16.3660      0.0000       0.0000  stage1_path_engine_0_DP_OP_659J3_149_2117_J3_0_4
g_pair_5__u_pair/u_up/DP_OP_660J3_150_2117
                                      16.3660      0.0     16.3660      0.0000       0.0000  stage1_path_engine_0_DP_OP_660J3_150_2117_J3_0_4
g_pair_5__u_pair/u_up/DP_OP_661J3_151_2117
                                      16.3660      0.0     16.3660      0.0000       0.0000  stage1_path_engine_0_DP_OP_661J3_151_2117_J3_0_4
g_pair_5__u_pair/u_up/DP_OP_662J3_152_2117
                                      16.3660      0.0     16.3660      0.0000       0.0000  stage1_path_engine_0_DP_OP_662J3_152_2117_J3_0_4
g_pair_5__u_pair/u_up/DP_OP_663J3_153_2117
                                      16.3660      0.0     16.3660      0.0000       0.0000  stage1_path_engine_0_DP_OP_663J3_153_2117_J3_0_4
g_pair_5__u_pair/u_up/DP_OP_664J3_154_8083
                                      75.0680      0.0     75.0680      0.0000       0.0000  stage1_path_engine_0_DP_OP_664J3_154_8083_J3_0_4
g_pair_5__u_pair/u_up/DP_OP_665J3_155_8083
                                      75.0680      0.0     75.0680      0.0000       0.0000  stage1_path_engine_0_DP_OP_665J3_155_8083_J3_0_4
g_pair_5__u_pair/u_up/DP_OP_666J3_156_8083
                                      75.0680      0.0     75.0680      0.0000       0.0000  stage1_path_engine_0_DP_OP_666J3_156_8083_J3_0_4
g_pair_5__u_pair/u_up/DP_OP_667J3_157_8083
                                      75.0680      0.0     75.0680      0.0000       0.0000  stage1_path_engine_0_DP_OP_667J3_157_8083_J3_0_4
g_pair_5__u_pair/u_up/DP_OP_668J3_158_8083
                                      75.0680      0.0     75.0680      0.0000       0.0000  stage1_path_engine_0_DP_OP_668J3_158_8083_J3_0_4
g_pair_5__u_pair/u_up/DP_OP_669J3_159_8083
                                      75.0680      0.0     75.0680      0.0000       0.0000  stage1_path_engine_0_DP_OP_669J3_159_8083_J3_0_4
g_pair_5__u_pair/u_up/DP_OP_670J3_160_8083
                                      75.0680      0.0     75.0680      0.0000       0.0000  stage1_path_engine_0_DP_OP_670J3_160_8083_J3_0_4
g_pair_5__u_pair/u_up/DP_OP_671J3_161_8083
                                      75.0680      0.0     75.0680      0.0000       0.0000  stage1_path_engine_0_DP_OP_671J3_161_8083_J3_0_4
g_pair_5__u_pair/u_up/DP_OP_672J3_162_589
                                      84.4760      0.0     84.4760      0.0000       0.0000  stage1_path_engine_0_DP_OP_672J3_162_589_J3_0_4
g_pair_5__u_pair/u_up/DP_OP_673J3_163_589
                                      84.4760      0.0     84.4760      0.0000       0.0000  stage1_path_engine_0_DP_OP_673J3_163_589_J3_0_4
g_pair_5__u_pair/u_up/add_x_194       42.9240      0.0     42.9240      0.0000       0.0000  stage1_path_engine_0_DW01_add_J3_0_4
g_pair_5__u_pair/u_up/add_x_33        31.3600      0.0     31.3600      0.0000       0.0000  stage1_path_engine_0_DW01_add_J3_1_4
g_pair_5__u_pair/u_up/mult_x_1        91.9240      0.0     91.9240      0.0000       0.0000  stage1_path_engine_0_DW_mult_tc_J3_31_4
g_pair_5__u_pair/u_up/mult_x_10       91.9240      0.0     91.9240      0.0000       0.0000  stage1_path_engine_0_DW_mult_tc_J3_22_4
g_pair_5__u_pair/u_up/mult_x_11       91.9240      0.0     91.9240      0.0000       0.0000  stage1_path_engine_0_DW_mult_tc_J3_21_4
g_pair_5__u_pair/u_up/mult_x_12       91.9240      0.0     91.9240      0.0000       0.0000  stage1_path_engine_0_DW_mult_tc_J3_20_4
g_pair_5__u_pair/u_up/mult_x_13       91.9240      0.0     91.9240      0.0000       0.0000  stage1_path_engine_0_DW_mult_tc_J3_19_4
g_pair_5__u_pair/u_up/mult_x_14       91.9240      0.0     91.9240      0.0000       0.0000  stage1_path_engine_0_DW_mult_tc_J3_18_4
g_pair_5__u_pair/u_up/mult_x_15       91.9240      0.0     91.9240      0.0000       0.0000  stage1_path_engine_0_DW_mult_tc_J3_17_4
g_pair_5__u_pair/u_up/mult_x_16       91.9240      0.0     91.9240      0.0000       0.0000  stage1_path_engine_0_DW_mult_tc_J3_16_4
g_pair_5__u_pair/u_up/mult_x_17       91.9240      0.0     91.9240      0.0000       0.0000  stage1_path_engine_0_DW_mult_tc_J3_15_4
g_pair_5__u_pair/u_up/mult_x_18       91.9240      0.0     91.9240      0.0000       0.0000  stage1_path_engine_0_DW_mult_tc_J3_14_4
g_pair_5__u_pair/u_up/mult_x_19       91.9240      0.0     91.9240      0.0000       0.0000  stage1_path_engine_0_DW_mult_tc_J3_13_4
g_pair_5__u_pair/u_up/mult_x_2        91.9240      0.0     91.9240      0.0000       0.0000  stage1_path_engine_0_DW_mult_tc_J3_30_4
g_pair_5__u_pair/u_up/mult_x_20       91.9240      0.0     91.9240      0.0000       0.0000  stage1_path_engine_0_DW_mult_tc_J3_12_4
g_pair_5__u_pair/u_up/mult_x_21       91.9240      0.0     91.9240      0.0000       0.0000  stage1_path_engine_0_DW_mult_tc_J3_11_4
g_pair_5__u_pair/u_up/mult_x_22       91.9240      0.0     91.9240      0.0000       0.0000  stage1_path_engine_0_DW_mult_tc_J3_10_4
g_pair_5__u_pair/u_up/mult_x_23       91.9240      0.0     91.9240      0.0000       0.0000  stage1_path_engine_0_DW_mult_tc_J3_9_4
g_pair_5__u_pair/u_up/mult_x_24       91.9240      0.0     91.9240      0.0000       0.0000  stage1_path_engine_0_DW_mult_tc_J3_8_4
g_pair_5__u_pair/u_up/mult_x_25       91.9240      0.0     91.9240      0.0000       0.0000  stage1_path_engine_0_DW_mult_tc_J3_7_4
g_pair_5__u_pair/u_up/mult_x_26       91.9240      0.0     91.9240      0.0000       0.0000  stage1_path_engine_0_DW_mult_tc_J3_6_4
g_pair_5__u_pair/u_up/mult_x_27       91.9240      0.0     91.9240      0.0000       0.0000  stage1_path_engine_0_DW_mult_tc_J3_5_4
g_pair_5__u_pair/u_up/mult_x_28       91.9240      0.0     91.9240      0.0000       0.0000  stage1_path_engine_0_DW_mult_tc_J3_4_4
g_pair_5__u_pair/u_up/mult_x_29       91.9240      0.0     91.9240      0.0000       0.0000  stage1_path_engine_0_DW_mult_tc_J3_3_4
g_pair_5__u_pair/u_up/mult_x_3        91.9240      0.0     91.9240      0.0000       0.0000  stage1_path_engine_0_DW_mult_tc_J3_29_4
g_pair_5__u_pair/u_up/mult_x_30       91.9240      0.0     91.9240      0.0000       0.0000  stage1_path_engine_0_DW_mult_tc_J3_2_4
g_pair_5__u_pair/u_up/mult_x_31       91.9240      0.0     91.9240      0.0000       0.0000  stage1_path_engine_0_DW_mult_tc_J3_1_4
g_pair_5__u_pair/u_up/mult_x_32       91.9240      0.0     91.9240      0.0000       0.0000  stage1_path_engine_0_DW_mult_tc_J3_0_4
g_pair_5__u_pair/u_up/mult_x_4        91.9240      0.0     91.9240      0.0000       0.0000  stage1_path_engine_0_DW_mult_tc_J3_28_4
g_pair_5__u_pair/u_up/mult_x_5        91.9240      0.0     91.9240      0.0000       0.0000  stage1_path_engine_0_DW_mult_tc_J3_27_4
g_pair_5__u_pair/u_up/mult_x_6        91.9240      0.0     91.9240      0.0000       0.0000  stage1_path_engine_0_DW_mult_tc_J3_26_4
g_pair_5__u_pair/u_up/mult_x_7        91.9240      0.0     91.9240      0.0000       0.0000  stage1_path_engine_0_DW_mult_tc_J3_25_4
g_pair_5__u_pair/u_up/mult_x_8        91.9240      0.0     91.9240      0.0000       0.0000  stage1_path_engine_0_DW_mult_tc_J3_24_4
g_pair_5__u_pair/u_up/mult_x_9        91.9240      0.0     91.9240      0.0000       0.0000  stage1_path_engine_0_DW_mult_tc_J3_23_4
g_pair_6__u_pair                   14089.2640      1.6      9.4080      0.0000       0.0000  stage1_lane_pair_1
g_pair_6__u_pair/u_gate             7039.9280      0.8   1409.6320   1321.2360       0.0000  stage1_path_engine_3
g_pair_6__u_pair/u_gate/DP_OP_632J3_122_2117
                                      16.3660      0.0     16.3660      0.0000       0.0000  stage1_path_engine_0_DP_OP_632J3_122_2117_J3_0_3
g_pair_6__u_pair/u_gate/DP_OP_633J3_123_2117
                                      16.3660      0.0     16.3660      0.0000       0.0000  stage1_path_engine_0_DP_OP_633J3_123_2117_J3_0_3
g_pair_6__u_pair/u_gate/DP_OP_634J3_124_2117
                                      16.3660      0.0     16.3660      0.0000       0.0000  stage1_path_engine_0_DP_OP_634J3_124_2117_J3_0_3
g_pair_6__u_pair/u_gate/DP_OP_635J3_125_2117
                                      16.3660      0.0     16.3660      0.0000       0.0000  stage1_path_engine_0_DP_OP_635J3_125_2117_J3_0_3
g_pair_6__u_pair/u_gate/DP_OP_636J3_126_2117
                                      16.3660      0.0     16.3660      0.0000       0.0000  stage1_path_engine_0_DP_OP_636J3_126_2117_J3_0_3
g_pair_6__u_pair/u_gate/DP_OP_637J3_127_2117
                                      16.3660      0.0     16.3660      0.0000       0.0000  stage1_path_engine_0_DP_OP_637J3_127_2117_J3_0_3
g_pair_6__u_pair/u_gate/DP_OP_638J3_128_2117
                                      16.3660      0.0     16.3660      0.0000       0.0000  stage1_path_engine_0_DP_OP_638J3_128_2117_J3_0_3
g_pair_6__u_pair/u_gate/DP_OP_639J3_129_2117
                                      16.3660      0.0     16.3660      0.0000       0.0000  stage1_path_engine_0_DP_OP_639J3_129_2117_J3_0_3
g_pair_6__u_pair/u_gate/DP_OP_640J3_130_2117
                                      16.3660      0.0     16.3660      0.0000       0.0000  stage1_path_engine_0_DP_OP_640J3_130_2117_J3_0_3
g_pair_6__u_pair/u_gate/DP_OP_641J3_131_2117
                                      16.3660      0.0     16.3660      0.0000       0.0000  stage1_path_engine_0_DP_OP_641J3_131_2117_J3_0_3
g_pair_6__u_pair/u_gate/DP_OP_642J3_132_2117
                                      16.3660      0.0     16.3660      0.0000       0.0000  stage1_path_engine_0_DP_OP_642J3_132_2117_J3_0_3
g_pair_6__u_pair/u_gate/DP_OP_643J3_133_2117
                                      16.3660      0.0     16.3660      0.0000       0.0000  stage1_path_engine_0_DP_OP_643J3_133_2117_J3_0_3
g_pair_6__u_pair/u_gate/DP_OP_644J3_134_2117
                                      16.3660      0.0     16.3660      0.0000       0.0000  stage1_path_engine_0_DP_OP_644J3_134_2117_J3_0_3
g_pair_6__u_pair/u_gate/DP_OP_645J3_135_2117
                                      16.3660      0.0     16.3660      0.0000       0.0000  stage1_path_engine_0_DP_OP_645J3_135_2117_J3_0_3
g_pair_6__u_pair/u_gate/DP_OP_646J3_136_2117
                                      16.3660      0.0     16.3660      0.0000       0.0000  stage1_path_engine_0_DP_OP_646J3_136_2117_J3_0_3
g_pair_6__u_pair/u_gate/DP_OP_647J3_137_2117
                                      16.3660      0.0     16.3660      0.0000       0.0000  stage1_path_engine_0_DP_OP_647J3_137_2117_J3_0_3
g_pair_6__u_pair/u_gate/DP_OP_648J3_138_2117
                                      16.3660      0.0     16.3660      0.0000       0.0000  stage1_path_engine_0_DP_OP_648J3_138_2117_J3_0_3
g_pair_6__u_pair/u_gate/DP_OP_649J3_139_2117
                                      16.3660      0.0     16.3660      0.0000       0.0000  stage1_path_engine_0_DP_OP_649J3_139_2117_J3_0_3
g_pair_6__u_pair/u_gate/DP_OP_650J3_140_2117
                                      16.3660      0.0     16.3660      0.0000       0.0000  stage1_path_engine_0_DP_OP_650J3_140_2117_J3_0_3
g_pair_6__u_pair/u_gate/DP_OP_651J3_141_2117
                                      16.3660      0.0     16.3660      0.0000       0.0000  stage1_path_engine_0_DP_OP_651J3_141_2117_J3_0_3
g_pair_6__u_pair/u_gate/DP_OP_652J3_142_2117
                                      16.3660      0.0     16.3660      0.0000       0.0000  stage1_path_engine_0_DP_OP_652J3_142_2117_J3_0_3
g_pair_6__u_pair/u_gate/DP_OP_653J3_143_2117
                                      16.3660      0.0     16.3660      0.0000       0.0000  stage1_path_engine_0_DP_OP_653J3_143_2117_J3_0_3
g_pair_6__u_pair/u_gate/DP_OP_654J3_144_2117
                                      16.3660      0.0     16.3660      0.0000       0.0000  stage1_path_engine_0_DP_OP_654J3_144_2117_J3_0_3
g_pair_6__u_pair/u_gate/DP_OP_655J3_145_2117
                                      16.3660      0.0     16.3660      0.0000       0.0000  stage1_path_engine_0_DP_OP_655J3_145_2117_J3_0_3
g_pair_6__u_pair/u_gate/DP_OP_656J3_146_2117
                                      16.3660      0.0     16.3660      0.0000       0.0000  stage1_path_engine_0_DP_OP_656J3_146_2117_J3_0_3
g_pair_6__u_pair/u_gate/DP_OP_657J3_147_2117
                                      16.3660      0.0     16.3660      0.0000       0.0000  stage1_path_engine_0_DP_OP_657J3_147_2117_J3_0_3
g_pair_6__u_pair/u_gate/DP_OP_658J3_148_2117
                                      16.3660      0.0     16.3660      0.0000       0.0000  stage1_path_engine_0_DP_OP_658J3_148_2117_J3_0_3
g_pair_6__u_pair/u_gate/DP_OP_659J3_149_2117
                                      16.3660      0.0     16.3660      0.0000       0.0000  stage1_path_engine_0_DP_OP_659J3_149_2117_J3_0_3
g_pair_6__u_pair/u_gate/DP_OP_660J3_150_2117
                                      16.3660      0.0     16.3660      0.0000       0.0000  stage1_path_engine_0_DP_OP_660J3_150_2117_J3_0_3
g_pair_6__u_pair/u_gate/DP_OP_661J3_151_2117
                                      16.3660      0.0     16.3660      0.0000       0.0000  stage1_path_engine_0_DP_OP_661J3_151_2117_J3_0_3
g_pair_6__u_pair/u_gate/DP_OP_662J3_152_2117
                                      16.3660      0.0     16.3660      0.0000       0.0000  stage1_path_engine_0_DP_OP_662J3_152_2117_J3_0_3
g_pair_6__u_pair/u_gate/DP_OP_663J3_153_2117
                                      16.3660      0.0     16.3660      0.0000       0.0000  stage1_path_engine_0_DP_OP_663J3_153_2117_J3_0_3
g_pair_6__u_pair/u_gate/DP_OP_664J3_154_8083
                                      75.0680      0.0     75.0680      0.0000       0.0000  stage1_path_engine_0_DP_OP_664J3_154_8083_J3_0_3
g_pair_6__u_pair/u_gate/DP_OP_665J3_155_8083
                                      75.0680      0.0     75.0680      0.0000       0.0000  stage1_path_engine_0_DP_OP_665J3_155_8083_J3_0_3
g_pair_6__u_pair/u_gate/DP_OP_666J3_156_8083
                                      75.0680      0.0     75.0680      0.0000       0.0000  stage1_path_engine_0_DP_OP_666J3_156_8083_J3_0_3
g_pair_6__u_pair/u_gate/DP_OP_667J3_157_8083
                                      75.0680      0.0     75.0680      0.0000       0.0000  stage1_path_engine_0_DP_OP_667J3_157_8083_J3_0_3
g_pair_6__u_pair/u_gate/DP_OP_668J3_158_8083
                                      75.0680      0.0     75.0680      0.0000       0.0000  stage1_path_engine_0_DP_OP_668J3_158_8083_J3_0_3
g_pair_6__u_pair/u_gate/DP_OP_669J3_159_8083
                                      75.0680      0.0     75.0680      0.0000       0.0000  stage1_path_engine_0_DP_OP_669J3_159_8083_J3_0_3
g_pair_6__u_pair/u_gate/DP_OP_670J3_160_8083
                                      75.0680      0.0     75.0680      0.0000       0.0000  stage1_path_engine_0_DP_OP_670J3_160_8083_J3_0_3
g_pair_6__u_pair/u_gate/DP_OP_671J3_161_8083
                                      75.0680      0.0     75.0680      0.0000       0.0000  stage1_path_engine_0_DP_OP_671J3_161_8083_J3_0_3
g_pair_6__u_pair/u_gate/DP_OP_672J3_162_589
                                      84.4760      0.0     84.4760      0.0000       0.0000  stage1_path_engine_0_DP_OP_672J3_162_589_J3_0_3
g_pair_6__u_pair/u_gate/DP_OP_673J3_163_589
                                      84.4760      0.0     84.4760      0.0000       0.0000  stage1_path_engine_0_DP_OP_673J3_163_589_J3_0_3
g_pair_6__u_pair/u_gate/add_x_194     42.9240      0.0     42.9240      0.0000       0.0000  stage1_path_engine_0_DW01_add_J3_0_3
g_pair_6__u_pair/u_gate/add_x_33      31.3600      0.0     31.3600      0.0000       0.0000  stage1_path_engine_0_DW01_add_J3_1_3
g_pair_6__u_pair/u_gate/mult_x_1      91.9240      0.0     91.9240      0.0000       0.0000  stage1_path_engine_0_DW_mult_tc_J3_31_3
g_pair_6__u_pair/u_gate/mult_x_10     91.9240      0.0     91.9240      0.0000       0.0000  stage1_path_engine_0_DW_mult_tc_J3_22_3
g_pair_6__u_pair/u_gate/mult_x_11     91.9240      0.0     91.9240      0.0000       0.0000  stage1_path_engine_0_DW_mult_tc_J3_21_3
g_pair_6__u_pair/u_gate/mult_x_12     91.9240      0.0     91.9240      0.0000       0.0000  stage1_path_engine_0_DW_mult_tc_J3_20_3
g_pair_6__u_pair/u_gate/mult_x_13     91.9240      0.0     91.9240      0.0000       0.0000  stage1_path_engine_0_DW_mult_tc_J3_19_3
g_pair_6__u_pair/u_gate/mult_x_14     91.9240      0.0     91.9240      0.0000       0.0000  stage1_path_engine_0_DW_mult_tc_J3_18_3
g_pair_6__u_pair/u_gate/mult_x_15     91.9240      0.0     91.9240      0.0000       0.0000  stage1_path_engine_0_DW_mult_tc_J3_17_3
g_pair_6__u_pair/u_gate/mult_x_16     91.9240      0.0     91.9240      0.0000       0.0000  stage1_path_engine_0_DW_mult_tc_J3_16_3
g_pair_6__u_pair/u_gate/mult_x_17     91.9240      0.0     91.9240      0.0000       0.0000  stage1_path_engine_0_DW_mult_tc_J3_15_3
g_pair_6__u_pair/u_gate/mult_x_18     91.9240      0.0     91.9240      0.0000       0.0000  stage1_path_engine_0_DW_mult_tc_J3_14_3
g_pair_6__u_pair/u_gate/mult_x_19     91.9240      0.0     91.9240      0.0000       0.0000  stage1_path_engine_0_DW_mult_tc_J3_13_3
g_pair_6__u_pair/u_gate/mult_x_2      91.9240      0.0     91.9240      0.0000       0.0000  stage1_path_engine_0_DW_mult_tc_J3_30_3
g_pair_6__u_pair/u_gate/mult_x_20     91.9240      0.0     91.9240      0.0000       0.0000  stage1_path_engine_0_DW_mult_tc_J3_12_3
g_pair_6__u_pair/u_gate/mult_x_21     91.9240      0.0     91.9240      0.0000       0.0000  stage1_path_engine_0_DW_mult_tc_J3_11_3
g_pair_6__u_pair/u_gate/mult_x_22     91.9240      0.0     91.9240      0.0000       0.0000  stage1_path_engine_0_DW_mult_tc_J3_10_3
g_pair_6__u_pair/u_gate/mult_x_23     91.9240      0.0     91.9240      0.0000       0.0000  stage1_path_engine_0_DW_mult_tc_J3_9_3
g_pair_6__u_pair/u_gate/mult_x_24     91.9240      0.0     91.9240      0.0000       0.0000  stage1_path_engine_0_DW_mult_tc_J3_8_3
g_pair_6__u_pair/u_gate/mult_x_25     91.9240      0.0     91.9240      0.0000       0.0000  stage1_path_engine_0_DW_mult_tc_J3_7_3
g_pair_6__u_pair/u_gate/mult_x_26     91.9240      0.0     91.9240      0.0000       0.0000  stage1_path_engine_0_DW_mult_tc_J3_6_3
g_pair_6__u_pair/u_gate/mult_x_27     91.9240      0.0     91.9240      0.0000       0.0000  stage1_path_engine_0_DW_mult_tc_J3_5_3
g_pair_6__u_pair/u_gate/mult_x_28     91.9240      0.0     91.9240      0.0000       0.0000  stage1_path_engine_0_DW_mult_tc_J3_4_3
g_pair_6__u_pair/u_gate/mult_x_29     91.9240      0.0     91.9240      0.0000       0.0000  stage1_path_engine_0_DW_mult_tc_J3_3_3
g_pair_6__u_pair/u_gate/mult_x_3      91.9240      0.0     91.9240      0.0000       0.0000  stage1_path_engine_0_DW_mult_tc_J3_29_3
g_pair_6__u_pair/u_gate/mult_x_30     91.9240      0.0     91.9240      0.0000       0.0000  stage1_path_engine_0_DW_mult_tc_J3_2_3
g_pair_6__u_pair/u_gate/mult_x_31     91.9240      0.0     91.9240      0.0000       0.0000  stage1_path_engine_0_DW_mult_tc_J3_1_3
g_pair_6__u_pair/u_gate/mult_x_32     91.9240      0.0     91.9240      0.0000       0.0000  stage1_path_engine_0_DW_mult_tc_J3_0_3
g_pair_6__u_pair/u_gate/mult_x_4      91.9240      0.0     91.9240      0.0000       0.0000  stage1_path_engine_0_DW_mult_tc_J3_28_3
g_pair_6__u_pair/u_gate/mult_x_5      91.9240      0.0     91.9240      0.0000       0.0000  stage1_path_engine_0_DW_mult_tc_J3_27_3
g_pair_6__u_pair/u_gate/mult_x_6      91.9240      0.0     91.9240      0.0000       0.0000  stage1_path_engine_0_DW_mult_tc_J3_26_3
g_pair_6__u_pair/u_gate/mult_x_7      91.9240      0.0     91.9240      0.0000       0.0000  stage1_path_engine_0_DW_mult_tc_J3_25_3
g_pair_6__u_pair/u_gate/mult_x_8      91.9240      0.0     91.9240      0.0000       0.0000  stage1_path_engine_0_DW_mult_tc_J3_24_3
g_pair_6__u_pair/u_gate/mult_x_9      91.9240      0.0     91.9240      0.0000       0.0000  stage1_path_engine_0_DW_mult_tc_J3_23_3
g_pair_6__u_pair/u_up               7039.9280      0.8   1409.6320   1321.2360       0.0000  stage1_path_engine_2
g_pair_6__u_pair/u_up/DP_OP_632J3_122_2117
                                      16.3660      0.0     16.3660      0.0000       0.0000  stage1_path_engine_0_DP_OP_632J3_122_2117_J3_0_2
g_pair_6__u_pair/u_up/DP_OP_633J3_123_2117
                                      16.3660      0.0     16.3660      0.0000       0.0000  stage1_path_engine_0_DP_OP_633J3_123_2117_J3_0_2
g_pair_6__u_pair/u_up/DP_OP_634J3_124_2117
                                      16.3660      0.0     16.3660      0.0000       0.0000  stage1_path_engine_0_DP_OP_634J3_124_2117_J3_0_2
g_pair_6__u_pair/u_up/DP_OP_635J3_125_2117
                                      16.3660      0.0     16.3660      0.0000       0.0000  stage1_path_engine_0_DP_OP_635J3_125_2117_J3_0_2
g_pair_6__u_pair/u_up/DP_OP_636J3_126_2117
                                      16.3660      0.0     16.3660      0.0000       0.0000  stage1_path_engine_0_DP_OP_636J3_126_2117_J3_0_2
g_pair_6__u_pair/u_up/DP_OP_637J3_127_2117
                                      16.3660      0.0     16.3660      0.0000       0.0000  stage1_path_engine_0_DP_OP_637J3_127_2117_J3_0_2
g_pair_6__u_pair/u_up/DP_OP_638J3_128_2117
                                      16.3660      0.0     16.3660      0.0000       0.0000  stage1_path_engine_0_DP_OP_638J3_128_2117_J3_0_2
g_pair_6__u_pair/u_up/DP_OP_639J3_129_2117
                                      16.3660      0.0     16.3660      0.0000       0.0000  stage1_path_engine_0_DP_OP_639J3_129_2117_J3_0_2
g_pair_6__u_pair/u_up/DP_OP_640J3_130_2117
                                      16.3660      0.0     16.3660      0.0000       0.0000  stage1_path_engine_0_DP_OP_640J3_130_2117_J3_0_2
g_pair_6__u_pair/u_up/DP_OP_641J3_131_2117
                                      16.3660      0.0     16.3660      0.0000       0.0000  stage1_path_engine_0_DP_OP_641J3_131_2117_J3_0_2
g_pair_6__u_pair/u_up/DP_OP_642J3_132_2117
                                      16.3660      0.0     16.3660      0.0000       0.0000  stage1_path_engine_0_DP_OP_642J3_132_2117_J3_0_2
g_pair_6__u_pair/u_up/DP_OP_643J3_133_2117
                                      16.3660      0.0     16.3660      0.0000       0.0000  stage1_path_engine_0_DP_OP_643J3_133_2117_J3_0_2
g_pair_6__u_pair/u_up/DP_OP_644J3_134_2117
                                      16.3660      0.0     16.3660      0.0000       0.0000  stage1_path_engine_0_DP_OP_644J3_134_2117_J3_0_2
g_pair_6__u_pair/u_up/DP_OP_645J3_135_2117
                                      16.3660      0.0     16.3660      0.0000       0.0000  stage1_path_engine_0_DP_OP_645J3_135_2117_J3_0_2
g_pair_6__u_pair/u_up/DP_OP_646J3_136_2117
                                      16.3660      0.0     16.3660      0.0000       0.0000  stage1_path_engine_0_DP_OP_646J3_136_2117_J3_0_2
g_pair_6__u_pair/u_up/DP_OP_647J3_137_2117
                                      16.3660      0.0     16.3660      0.0000       0.0000  stage1_path_engine_0_DP_OP_647J3_137_2117_J3_0_2
g_pair_6__u_pair/u_up/DP_OP_648J3_138_2117
                                      16.3660      0.0     16.3660      0.0000       0.0000  stage1_path_engine_0_DP_OP_648J3_138_2117_J3_0_2
g_pair_6__u_pair/u_up/DP_OP_649J3_139_2117
                                      16.3660      0.0     16.3660      0.0000       0.0000  stage1_path_engine_0_DP_OP_649J3_139_2117_J3_0_2
g_pair_6__u_pair/u_up/DP_OP_650J3_140_2117
                                      16.3660      0.0     16.3660      0.0000       0.0000  stage1_path_engine_0_DP_OP_650J3_140_2117_J3_0_2
g_pair_6__u_pair/u_up/DP_OP_651J3_141_2117
                                      16.3660      0.0     16.3660      0.0000       0.0000  stage1_path_engine_0_DP_OP_651J3_141_2117_J3_0_2
g_pair_6__u_pair/u_up/DP_OP_652J3_142_2117
                                      16.3660      0.0     16.3660      0.0000       0.0000  stage1_path_engine_0_DP_OP_652J3_142_2117_J3_0_2
g_pair_6__u_pair/u_up/DP_OP_653J3_143_2117
                                      16.3660      0.0     16.3660      0.0000       0.0000  stage1_path_engine_0_DP_OP_653J3_143_2117_J3_0_2
g_pair_6__u_pair/u_up/DP_OP_654J3_144_2117
                                      16.3660      0.0     16.3660      0.0000       0.0000  stage1_path_engine_0_DP_OP_654J3_144_2117_J3_0_2
g_pair_6__u_pair/u_up/DP_OP_655J3_145_2117
                                      16.3660      0.0     16.3660      0.0000       0.0000  stage1_path_engine_0_DP_OP_655J3_145_2117_J3_0_2
g_pair_6__u_pair/u_up/DP_OP_656J3_146_2117
                                      16.3660      0.0     16.3660      0.0000       0.0000  stage1_path_engine_0_DP_OP_656J3_146_2117_J3_0_2
g_pair_6__u_pair/u_up/DP_OP_657J3_147_2117
                                      16.3660      0.0     16.3660      0.0000       0.0000  stage1_path_engine_0_DP_OP_657J3_147_2117_J3_0_2
g_pair_6__u_pair/u_up/DP_OP_658J3_148_2117
                                      16.3660      0.0     16.3660      0.0000       0.0000  stage1_path_engine_0_DP_OP_658J3_148_2117_J3_0_2
g_pair_6__u_pair/u_up/DP_OP_659J3_149_2117
                                      16.3660      0.0     16.3660      0.0000       0.0000  stage1_path_engine_0_DP_OP_659J3_149_2117_J3_0_2
g_pair_6__u_pair/u_up/DP_OP_660J3_150_2117
                                      16.3660      0.0     16.3660      0.0000       0.0000  stage1_path_engine_0_DP_OP_660J3_150_2117_J3_0_2
g_pair_6__u_pair/u_up/DP_OP_661J3_151_2117
                                      16.3660      0.0     16.3660      0.0000       0.0000  stage1_path_engine_0_DP_OP_661J3_151_2117_J3_0_2
g_pair_6__u_pair/u_up/DP_OP_662J3_152_2117
                                      16.3660      0.0     16.3660      0.0000       0.0000  stage1_path_engine_0_DP_OP_662J3_152_2117_J3_0_2
g_pair_6__u_pair/u_up/DP_OP_663J3_153_2117
                                      16.3660      0.0     16.3660      0.0000       0.0000  stage1_path_engine_0_DP_OP_663J3_153_2117_J3_0_2
g_pair_6__u_pair/u_up/DP_OP_664J3_154_8083
                                      75.0680      0.0     75.0680      0.0000       0.0000  stage1_path_engine_0_DP_OP_664J3_154_8083_J3_0_2
g_pair_6__u_pair/u_up/DP_OP_665J3_155_8083
                                      75.0680      0.0     75.0680      0.0000       0.0000  stage1_path_engine_0_DP_OP_665J3_155_8083_J3_0_2
g_pair_6__u_pair/u_up/DP_OP_666J3_156_8083
                                      75.0680      0.0     75.0680      0.0000       0.0000  stage1_path_engine_0_DP_OP_666J3_156_8083_J3_0_2
g_pair_6__u_pair/u_up/DP_OP_667J3_157_8083
                                      75.0680      0.0     75.0680      0.0000       0.0000  stage1_path_engine_0_DP_OP_667J3_157_8083_J3_0_2
g_pair_6__u_pair/u_up/DP_OP_668J3_158_8083
                                      75.0680      0.0     75.0680      0.0000       0.0000  stage1_path_engine_0_DP_OP_668J3_158_8083_J3_0_2
g_pair_6__u_pair/u_up/DP_OP_669J3_159_8083
                                      75.0680      0.0     75.0680      0.0000       0.0000  stage1_path_engine_0_DP_OP_669J3_159_8083_J3_0_2
g_pair_6__u_pair/u_up/DP_OP_670J3_160_8083
                                      75.0680      0.0     75.0680      0.0000       0.0000  stage1_path_engine_0_DP_OP_670J3_160_8083_J3_0_2
g_pair_6__u_pair/u_up/DP_OP_671J3_161_8083
                                      75.0680      0.0     75.0680      0.0000       0.0000  stage1_path_engine_0_DP_OP_671J3_161_8083_J3_0_2
g_pair_6__u_pair/u_up/DP_OP_672J3_162_589
                                      84.4760      0.0     84.4760      0.0000       0.0000  stage1_path_engine_0_DP_OP_672J3_162_589_J3_0_2
g_pair_6__u_pair/u_up/DP_OP_673J3_163_589
                                      84.4760      0.0     84.4760      0.0000       0.0000  stage1_path_engine_0_DP_OP_673J3_163_589_J3_0_2
g_pair_6__u_pair/u_up/add_x_194       42.9240      0.0     42.9240      0.0000       0.0000  stage1_path_engine_0_DW01_add_J3_0_2
g_pair_6__u_pair/u_up/add_x_33        31.3600      0.0     31.3600      0.0000       0.0000  stage1_path_engine_0_DW01_add_J3_1_2
g_pair_6__u_pair/u_up/mult_x_1        91.9240      0.0     91.9240      0.0000       0.0000  stage1_path_engine_0_DW_mult_tc_J3_31_2
g_pair_6__u_pair/u_up/mult_x_10       91.9240      0.0     91.9240      0.0000       0.0000  stage1_path_engine_0_DW_mult_tc_J3_22_2
g_pair_6__u_pair/u_up/mult_x_11       91.9240      0.0     91.9240      0.0000       0.0000  stage1_path_engine_0_DW_mult_tc_J3_21_2
g_pair_6__u_pair/u_up/mult_x_12       91.9240      0.0     91.9240      0.0000       0.0000  stage1_path_engine_0_DW_mult_tc_J3_20_2
g_pair_6__u_pair/u_up/mult_x_13       91.9240      0.0     91.9240      0.0000       0.0000  stage1_path_engine_0_DW_mult_tc_J3_19_2
g_pair_6__u_pair/u_up/mult_x_14       91.9240      0.0     91.9240      0.0000       0.0000  stage1_path_engine_0_DW_mult_tc_J3_18_2
g_pair_6__u_pair/u_up/mult_x_15       91.9240      0.0     91.9240      0.0000       0.0000  stage1_path_engine_0_DW_mult_tc_J3_17_2
g_pair_6__u_pair/u_up/mult_x_16       91.9240      0.0     91.9240      0.0000       0.0000  stage1_path_engine_0_DW_mult_tc_J3_16_2
g_pair_6__u_pair/u_up/mult_x_17       91.9240      0.0     91.9240      0.0000       0.0000  stage1_path_engine_0_DW_mult_tc_J3_15_2
g_pair_6__u_pair/u_up/mult_x_18       91.9240      0.0     91.9240      0.0000       0.0000  stage1_path_engine_0_DW_mult_tc_J3_14_2
g_pair_6__u_pair/u_up/mult_x_19       91.9240      0.0     91.9240      0.0000       0.0000  stage1_path_engine_0_DW_mult_tc_J3_13_2
g_pair_6__u_pair/u_up/mult_x_2        91.9240      0.0     91.9240      0.0000       0.0000  stage1_path_engine_0_DW_mult_tc_J3_30_2
g_pair_6__u_pair/u_up/mult_x_20       91.9240      0.0     91.9240      0.0000       0.0000  stage1_path_engine_0_DW_mult_tc_J3_12_2
g_pair_6__u_pair/u_up/mult_x_21       91.9240      0.0     91.9240      0.0000       0.0000  stage1_path_engine_0_DW_mult_tc_J3_11_2
g_pair_6__u_pair/u_up/mult_x_22       91.9240      0.0     91.9240      0.0000       0.0000  stage1_path_engine_0_DW_mult_tc_J3_10_2
g_pair_6__u_pair/u_up/mult_x_23       91.9240      0.0     91.9240      0.0000       0.0000  stage1_path_engine_0_DW_mult_tc_J3_9_2
g_pair_6__u_pair/u_up/mult_x_24       91.9240      0.0     91.9240      0.0000       0.0000  stage1_path_engine_0_DW_mult_tc_J3_8_2
g_pair_6__u_pair/u_up/mult_x_25       91.9240      0.0     91.9240      0.0000       0.0000  stage1_path_engine_0_DW_mult_tc_J3_7_2
g_pair_6__u_pair/u_up/mult_x_26       91.9240      0.0     91.9240      0.0000       0.0000  stage1_path_engine_0_DW_mult_tc_J3_6_2
g_pair_6__u_pair/u_up/mult_x_27       91.9240      0.0     91.9240      0.0000       0.0000  stage1_path_engine_0_DW_mult_tc_J3_5_2
g_pair_6__u_pair/u_up/mult_x_28       91.9240      0.0     91.9240      0.0000       0.0000  stage1_path_engine_0_DW_mult_tc_J3_4_2
g_pair_6__u_pair/u_up/mult_x_29       91.9240      0.0     91.9240      0.0000       0.0000  stage1_path_engine_0_DW_mult_tc_J3_3_2
g_pair_6__u_pair/u_up/mult_x_3        91.9240      0.0     91.9240      0.0000       0.0000  stage1_path_engine_0_DW_mult_tc_J3_29_2
g_pair_6__u_pair/u_up/mult_x_30       91.9240      0.0     91.9240      0.0000       0.0000  stage1_path_engine_0_DW_mult_tc_J3_2_2
g_pair_6__u_pair/u_up/mult_x_31       91.9240      0.0     91.9240      0.0000       0.0000  stage1_path_engine_0_DW_mult_tc_J3_1_2
g_pair_6__u_pair/u_up/mult_x_32       91.9240      0.0     91.9240      0.0000       0.0000  stage1_path_engine_0_DW_mult_tc_J3_0_2
g_pair_6__u_pair/u_up/mult_x_4        91.9240      0.0     91.9240      0.0000       0.0000  stage1_path_engine_0_DW_mult_tc_J3_28_2
g_pair_6__u_pair/u_up/mult_x_5        91.9240      0.0     91.9240      0.0000       0.0000  stage1_path_engine_0_DW_mult_tc_J3_27_2
g_pair_6__u_pair/u_up/mult_x_6        91.9240      0.0     91.9240      0.0000       0.0000  stage1_path_engine_0_DW_mult_tc_J3_26_2
g_pair_6__u_pair/u_up/mult_x_7        91.9240      0.0     91.9240      0.0000       0.0000  stage1_path_engine_0_DW_mult_tc_J3_25_2
g_pair_6__u_pair/u_up/mult_x_8        91.9240      0.0     91.9240      0.0000       0.0000  stage1_path_engine_0_DW_mult_tc_J3_24_2
g_pair_6__u_pair/u_up/mult_x_9        91.9240      0.0     91.9240      0.0000       0.0000  stage1_path_engine_0_DW_mult_tc_J3_23_2
g_pair_7__u_pair                   14098.0840      1.6      9.4080      0.0000       0.0000  stage1_lane_pair_0
g_pair_7__u_pair/u_gate             7039.9280      0.8   1409.6320   1321.2360       0.0000  stage1_path_engine_1
g_pair_7__u_pair/u_gate/DP_OP_632J3_122_2117
                                      16.3660      0.0     16.3660      0.0000       0.0000  stage1_path_engine_0_DP_OP_632J3_122_2117_J3_0_1
g_pair_7__u_pair/u_gate/DP_OP_633J3_123_2117
                                      16.3660      0.0     16.3660      0.0000       0.0000  stage1_path_engine_0_DP_OP_633J3_123_2117_J3_0_1
g_pair_7__u_pair/u_gate/DP_OP_634J3_124_2117
                                      16.3660      0.0     16.3660      0.0000       0.0000  stage1_path_engine_0_DP_OP_634J3_124_2117_J3_0_1
g_pair_7__u_pair/u_gate/DP_OP_635J3_125_2117
                                      16.3660      0.0     16.3660      0.0000       0.0000  stage1_path_engine_0_DP_OP_635J3_125_2117_J3_0_1
g_pair_7__u_pair/u_gate/DP_OP_636J3_126_2117
                                      16.3660      0.0     16.3660      0.0000       0.0000  stage1_path_engine_0_DP_OP_636J3_126_2117_J3_0_1
g_pair_7__u_pair/u_gate/DP_OP_637J3_127_2117
                                      16.3660      0.0     16.3660      0.0000       0.0000  stage1_path_engine_0_DP_OP_637J3_127_2117_J3_0_1
g_pair_7__u_pair/u_gate/DP_OP_638J3_128_2117
                                      16.3660      0.0     16.3660      0.0000       0.0000  stage1_path_engine_0_DP_OP_638J3_128_2117_J3_0_1
g_pair_7__u_pair/u_gate/DP_OP_639J3_129_2117
                                      16.3660      0.0     16.3660      0.0000       0.0000  stage1_path_engine_0_DP_OP_639J3_129_2117_J3_0_1
g_pair_7__u_pair/u_gate/DP_OP_640J3_130_2117
                                      16.3660      0.0     16.3660      0.0000       0.0000  stage1_path_engine_0_DP_OP_640J3_130_2117_J3_0_1
g_pair_7__u_pair/u_gate/DP_OP_641J3_131_2117
                                      16.3660      0.0     16.3660      0.0000       0.0000  stage1_path_engine_0_DP_OP_641J3_131_2117_J3_0_1
g_pair_7__u_pair/u_gate/DP_OP_642J3_132_2117
                                      16.3660      0.0     16.3660      0.0000       0.0000  stage1_path_engine_0_DP_OP_642J3_132_2117_J3_0_1
g_pair_7__u_pair/u_gate/DP_OP_643J3_133_2117
                                      16.3660      0.0     16.3660      0.0000       0.0000  stage1_path_engine_0_DP_OP_643J3_133_2117_J3_0_1
g_pair_7__u_pair/u_gate/DP_OP_644J3_134_2117
                                      16.3660      0.0     16.3660      0.0000       0.0000  stage1_path_engine_0_DP_OP_644J3_134_2117_J3_0_1
g_pair_7__u_pair/u_gate/DP_OP_645J3_135_2117
                                      16.3660      0.0     16.3660      0.0000       0.0000  stage1_path_engine_0_DP_OP_645J3_135_2117_J3_0_1
g_pair_7__u_pair/u_gate/DP_OP_646J3_136_2117
                                      16.3660      0.0     16.3660      0.0000       0.0000  stage1_path_engine_0_DP_OP_646J3_136_2117_J3_0_1
g_pair_7__u_pair/u_gate/DP_OP_647J3_137_2117
                                      16.3660      0.0     16.3660      0.0000       0.0000  stage1_path_engine_0_DP_OP_647J3_137_2117_J3_0_1
g_pair_7__u_pair/u_gate/DP_OP_648J3_138_2117
                                      16.3660      0.0     16.3660      0.0000       0.0000  stage1_path_engine_0_DP_OP_648J3_138_2117_J3_0_1
g_pair_7__u_pair/u_gate/DP_OP_649J3_139_2117
                                      16.3660      0.0     16.3660      0.0000       0.0000  stage1_path_engine_0_DP_OP_649J3_139_2117_J3_0_1
g_pair_7__u_pair/u_gate/DP_OP_650J3_140_2117
                                      16.3660      0.0     16.3660      0.0000       0.0000  stage1_path_engine_0_DP_OP_650J3_140_2117_J3_0_1
g_pair_7__u_pair/u_gate/DP_OP_651J3_141_2117
                                      16.3660      0.0     16.3660      0.0000       0.0000  stage1_path_engine_0_DP_OP_651J3_141_2117_J3_0_1
g_pair_7__u_pair/u_gate/DP_OP_652J3_142_2117
                                      16.3660      0.0     16.3660      0.0000       0.0000  stage1_path_engine_0_DP_OP_652J3_142_2117_J3_0_1
g_pair_7__u_pair/u_gate/DP_OP_653J3_143_2117
                                      16.3660      0.0     16.3660      0.0000       0.0000  stage1_path_engine_0_DP_OP_653J3_143_2117_J3_0_1
g_pair_7__u_pair/u_gate/DP_OP_654J3_144_2117
                                      16.3660      0.0     16.3660      0.0000       0.0000  stage1_path_engine_0_DP_OP_654J3_144_2117_J3_0_1
g_pair_7__u_pair/u_gate/DP_OP_655J3_145_2117
                                      16.3660      0.0     16.3660      0.0000       0.0000  stage1_path_engine_0_DP_OP_655J3_145_2117_J3_0_1
g_pair_7__u_pair/u_gate/DP_OP_656J3_146_2117
                                      16.3660      0.0     16.3660      0.0000       0.0000  stage1_path_engine_0_DP_OP_656J3_146_2117_J3_0_1
g_pair_7__u_pair/u_gate/DP_OP_657J3_147_2117
                                      16.3660      0.0     16.3660      0.0000       0.0000  stage1_path_engine_0_DP_OP_657J3_147_2117_J3_0_1
g_pair_7__u_pair/u_gate/DP_OP_658J3_148_2117
                                      16.3660      0.0     16.3660      0.0000       0.0000  stage1_path_engine_0_DP_OP_658J3_148_2117_J3_0_1
g_pair_7__u_pair/u_gate/DP_OP_659J3_149_2117
                                      16.3660      0.0     16.3660      0.0000       0.0000  stage1_path_engine_0_DP_OP_659J3_149_2117_J3_0_1
g_pair_7__u_pair/u_gate/DP_OP_660J3_150_2117
                                      16.3660      0.0     16.3660      0.0000       0.0000  stage1_path_engine_0_DP_OP_660J3_150_2117_J3_0_1
g_pair_7__u_pair/u_gate/DP_OP_661J3_151_2117
                                      16.3660      0.0     16.3660      0.0000       0.0000  stage1_path_engine_0_DP_OP_661J3_151_2117_J3_0_1
g_pair_7__u_pair/u_gate/DP_OP_662J3_152_2117
                                      16.3660      0.0     16.3660      0.0000       0.0000  stage1_path_engine_0_DP_OP_662J3_152_2117_J3_0_1
g_pair_7__u_pair/u_gate/DP_OP_663J3_153_2117
                                      16.3660      0.0     16.3660      0.0000       0.0000  stage1_path_engine_0_DP_OP_663J3_153_2117_J3_0_1
g_pair_7__u_pair/u_gate/DP_OP_664J3_154_8083
                                      75.0680      0.0     75.0680      0.0000       0.0000  stage1_path_engine_0_DP_OP_664J3_154_8083_J3_0_1
g_pair_7__u_pair/u_gate/DP_OP_665J3_155_8083
                                      75.0680      0.0     75.0680      0.0000       0.0000  stage1_path_engine_0_DP_OP_665J3_155_8083_J3_0_1
g_pair_7__u_pair/u_gate/DP_OP_666J3_156_8083
                                      75.0680      0.0     75.0680      0.0000       0.0000  stage1_path_engine_0_DP_OP_666J3_156_8083_J3_0_1
g_pair_7__u_pair/u_gate/DP_OP_667J3_157_8083
                                      75.0680      0.0     75.0680      0.0000       0.0000  stage1_path_engine_0_DP_OP_667J3_157_8083_J3_0_1
g_pair_7__u_pair/u_gate/DP_OP_668J3_158_8083
                                      75.0680      0.0     75.0680      0.0000       0.0000  stage1_path_engine_0_DP_OP_668J3_158_8083_J3_0_1
g_pair_7__u_pair/u_gate/DP_OP_669J3_159_8083
                                      75.0680      0.0     75.0680      0.0000       0.0000  stage1_path_engine_0_DP_OP_669J3_159_8083_J3_0_1
g_pair_7__u_pair/u_gate/DP_OP_670J3_160_8083
                                      75.0680      0.0     75.0680      0.0000       0.0000  stage1_path_engine_0_DP_OP_670J3_160_8083_J3_0_1
g_pair_7__u_pair/u_gate/DP_OP_671J3_161_8083
                                      75.0680      0.0     75.0680      0.0000       0.0000  stage1_path_engine_0_DP_OP_671J3_161_8083_J3_0_1
g_pair_7__u_pair/u_gate/DP_OP_672J3_162_589
                                      84.4760      0.0     84.4760      0.0000       0.0000  stage1_path_engine_0_DP_OP_672J3_162_589_J3_0_1
g_pair_7__u_pair/u_gate/DP_OP_673J3_163_589
                                      84.4760      0.0     84.4760      0.0000       0.0000  stage1_path_engine_0_DP_OP_673J3_163_589_J3_0_1
g_pair_7__u_pair/u_gate/add_x_194     42.9240      0.0     42.9240      0.0000       0.0000  stage1_path_engine_0_DW01_add_J3_0_1
g_pair_7__u_pair/u_gate/add_x_33      31.3600      0.0     31.3600      0.0000       0.0000  stage1_path_engine_0_DW01_add_J3_1_1
g_pair_7__u_pair/u_gate/mult_x_1      91.9240      0.0     91.9240      0.0000       0.0000  stage1_path_engine_0_DW_mult_tc_J3_31_1
g_pair_7__u_pair/u_gate/mult_x_10     91.9240      0.0     91.9240      0.0000       0.0000  stage1_path_engine_0_DW_mult_tc_J3_22_1
g_pair_7__u_pair/u_gate/mult_x_11     91.9240      0.0     91.9240      0.0000       0.0000  stage1_path_engine_0_DW_mult_tc_J3_21_1
g_pair_7__u_pair/u_gate/mult_x_12     91.9240      0.0     91.9240      0.0000       0.0000  stage1_path_engine_0_DW_mult_tc_J3_20_1
g_pair_7__u_pair/u_gate/mult_x_13     91.9240      0.0     91.9240      0.0000       0.0000  stage1_path_engine_0_DW_mult_tc_J3_19_1
g_pair_7__u_pair/u_gate/mult_x_14     91.9240      0.0     91.9240      0.0000       0.0000  stage1_path_engine_0_DW_mult_tc_J3_18_1
g_pair_7__u_pair/u_gate/mult_x_15     91.9240      0.0     91.9240      0.0000       0.0000  stage1_path_engine_0_DW_mult_tc_J3_17_1
g_pair_7__u_pair/u_gate/mult_x_16     91.9240      0.0     91.9240      0.0000       0.0000  stage1_path_engine_0_DW_mult_tc_J3_16_1
g_pair_7__u_pair/u_gate/mult_x_17     91.9240      0.0     91.9240      0.0000       0.0000  stage1_path_engine_0_DW_mult_tc_J3_15_1
g_pair_7__u_pair/u_gate/mult_x_18     91.9240      0.0     91.9240      0.0000       0.0000  stage1_path_engine_0_DW_mult_tc_J3_14_1
g_pair_7__u_pair/u_gate/mult_x_19     91.9240      0.0     91.9240      0.0000       0.0000  stage1_path_engine_0_DW_mult_tc_J3_13_1
g_pair_7__u_pair/u_gate/mult_x_2      91.9240      0.0     91.9240      0.0000       0.0000  stage1_path_engine_0_DW_mult_tc_J3_30_1
g_pair_7__u_pair/u_gate/mult_x_20     91.9240      0.0     91.9240      0.0000       0.0000  stage1_path_engine_0_DW_mult_tc_J3_12_1
g_pair_7__u_pair/u_gate/mult_x_21     91.9240      0.0     91.9240      0.0000       0.0000  stage1_path_engine_0_DW_mult_tc_J3_11_1
g_pair_7__u_pair/u_gate/mult_x_22     91.9240      0.0     91.9240      0.0000       0.0000  stage1_path_engine_0_DW_mult_tc_J3_10_1
g_pair_7__u_pair/u_gate/mult_x_23     91.9240      0.0     91.9240      0.0000       0.0000  stage1_path_engine_0_DW_mult_tc_J3_9_1
g_pair_7__u_pair/u_gate/mult_x_24     91.9240      0.0     91.9240      0.0000       0.0000  stage1_path_engine_0_DW_mult_tc_J3_8_1
g_pair_7__u_pair/u_gate/mult_x_25     91.9240      0.0     91.9240      0.0000       0.0000  stage1_path_engine_0_DW_mult_tc_J3_7_1
g_pair_7__u_pair/u_gate/mult_x_26     91.9240      0.0     91.9240      0.0000       0.0000  stage1_path_engine_0_DW_mult_tc_J3_6_1
g_pair_7__u_pair/u_gate/mult_x_27     91.9240      0.0     91.9240      0.0000       0.0000  stage1_path_engine_0_DW_mult_tc_J3_5_1
g_pair_7__u_pair/u_gate/mult_x_28     91.9240      0.0     91.9240      0.0000       0.0000  stage1_path_engine_0_DW_mult_tc_J3_4_1
g_pair_7__u_pair/u_gate/mult_x_29     91.9240      0.0     91.9240      0.0000       0.0000  stage1_path_engine_0_DW_mult_tc_J3_3_1
g_pair_7__u_pair/u_gate/mult_x_3      91.9240      0.0     91.9240      0.0000       0.0000  stage1_path_engine_0_DW_mult_tc_J3_29_1
g_pair_7__u_pair/u_gate/mult_x_30     91.9240      0.0     91.9240      0.0000       0.0000  stage1_path_engine_0_DW_mult_tc_J3_2_1
g_pair_7__u_pair/u_gate/mult_x_31     91.9240      0.0     91.9240      0.0000       0.0000  stage1_path_engine_0_DW_mult_tc_J3_1_1
g_pair_7__u_pair/u_gate/mult_x_32     91.9240      0.0     91.9240      0.0000       0.0000  stage1_path_engine_0_DW_mult_tc_J3_0_1
g_pair_7__u_pair/u_gate/mult_x_4      91.9240      0.0     91.9240      0.0000       0.0000  stage1_path_engine_0_DW_mult_tc_J3_28_1
g_pair_7__u_pair/u_gate/mult_x_5      91.9240      0.0     91.9240      0.0000       0.0000  stage1_path_engine_0_DW_mult_tc_J3_27_1
g_pair_7__u_pair/u_gate/mult_x_6      91.9240      0.0     91.9240      0.0000       0.0000  stage1_path_engine_0_DW_mult_tc_J3_26_1
g_pair_7__u_pair/u_gate/mult_x_7      91.9240      0.0     91.9240      0.0000       0.0000  stage1_path_engine_0_DW_mult_tc_J3_25_1
g_pair_7__u_pair/u_gate/mult_x_8      91.9240      0.0     91.9240      0.0000       0.0000  stage1_path_engine_0_DW_mult_tc_J3_24_1
g_pair_7__u_pair/u_gate/mult_x_9      91.9240      0.0     91.9240      0.0000       0.0000  stage1_path_engine_0_DW_mult_tc_J3_23_1
g_pair_7__u_pair/u_up               7048.7480      0.8   1409.6320   1321.2360       0.0000  stage1_path_engine_0
g_pair_7__u_pair/u_up/DP_OP_632J3_122_2117
                                      16.3660      0.0     16.3660      0.0000       0.0000  stage1_path_engine_0_DP_OP_632J3_122_2117_J3_0_0
g_pair_7__u_pair/u_up/DP_OP_633J3_123_2117
                                      16.3660      0.0     16.3660      0.0000       0.0000  stage1_path_engine_0_DP_OP_633J3_123_2117_J3_0_0
g_pair_7__u_pair/u_up/DP_OP_634J3_124_2117
                                      16.3660      0.0     16.3660      0.0000       0.0000  stage1_path_engine_0_DP_OP_634J3_124_2117_J3_0_0
g_pair_7__u_pair/u_up/DP_OP_635J3_125_2117
                                      16.3660      0.0     16.3660      0.0000       0.0000  stage1_path_engine_0_DP_OP_635J3_125_2117_J3_0_0
g_pair_7__u_pair/u_up/DP_OP_636J3_126_2117
                                      16.3660      0.0     16.3660      0.0000       0.0000  stage1_path_engine_0_DP_OP_636J3_126_2117_J3_0_0
g_pair_7__u_pair/u_up/DP_OP_637J3_127_2117
                                      16.3660      0.0     16.3660      0.0000       0.0000  stage1_path_engine_0_DP_OP_637J3_127_2117_J3_0_0
g_pair_7__u_pair/u_up/DP_OP_638J3_128_2117
                                      16.3660      0.0     16.3660      0.0000       0.0000  stage1_path_engine_0_DP_OP_638J3_128_2117_J3_0_0
g_pair_7__u_pair/u_up/DP_OP_639J3_129_2117
                                      16.3660      0.0     16.3660      0.0000       0.0000  stage1_path_engine_0_DP_OP_639J3_129_2117_J3_0_0
g_pair_7__u_pair/u_up/DP_OP_640J3_130_2117
                                      16.3660      0.0     16.3660      0.0000       0.0000  stage1_path_engine_0_DP_OP_640J3_130_2117_J3_0_0
g_pair_7__u_pair/u_up/DP_OP_641J3_131_2117
                                      16.3660      0.0     16.3660      0.0000       0.0000  stage1_path_engine_0_DP_OP_641J3_131_2117_J3_0_0
g_pair_7__u_pair/u_up/DP_OP_642J3_132_2117
                                      16.3660      0.0     16.3660      0.0000       0.0000  stage1_path_engine_0_DP_OP_642J3_132_2117_J3_0_0
g_pair_7__u_pair/u_up/DP_OP_643J3_133_2117
                                      16.3660      0.0     16.3660      0.0000       0.0000  stage1_path_engine_0_DP_OP_643J3_133_2117_J3_0_0
g_pair_7__u_pair/u_up/DP_OP_644J3_134_2117
                                      16.3660      0.0     16.3660      0.0000       0.0000  stage1_path_engine_0_DP_OP_644J3_134_2117_J3_0_0
g_pair_7__u_pair/u_up/DP_OP_645J3_135_2117
                                      16.3660      0.0     16.3660      0.0000       0.0000  stage1_path_engine_0_DP_OP_645J3_135_2117_J3_0_0
g_pair_7__u_pair/u_up/DP_OP_646J3_136_2117
                                      16.3660      0.0     16.3660      0.0000       0.0000  stage1_path_engine_0_DP_OP_646J3_136_2117_J3_0_0
g_pair_7__u_pair/u_up/DP_OP_647J3_137_2117
                                      16.3660      0.0     16.3660      0.0000       0.0000  stage1_path_engine_0_DP_OP_647J3_137_2117_J3_0_0
g_pair_7__u_pair/u_up/DP_OP_648J3_138_2117
                                      16.3660      0.0     16.3660      0.0000       0.0000  stage1_path_engine_0_DP_OP_648J3_138_2117_J3_0_0
g_pair_7__u_pair/u_up/DP_OP_649J3_139_2117
                                      16.3660      0.0     16.3660      0.0000       0.0000  stage1_path_engine_0_DP_OP_649J3_139_2117_J3_0_0
g_pair_7__u_pair/u_up/DP_OP_650J3_140_2117
                                      16.3660      0.0     16.3660      0.0000       0.0000  stage1_path_engine_0_DP_OP_650J3_140_2117_J3_0_0
g_pair_7__u_pair/u_up/DP_OP_651J3_141_2117
                                      16.3660      0.0     16.3660      0.0000       0.0000  stage1_path_engine_0_DP_OP_651J3_141_2117_J3_0_0
g_pair_7__u_pair/u_up/DP_OP_652J3_142_2117
                                      16.3660      0.0     16.3660      0.0000       0.0000  stage1_path_engine_0_DP_OP_652J3_142_2117_J3_0_0
g_pair_7__u_pair/u_up/DP_OP_653J3_143_2117
                                      16.3660      0.0     16.3660      0.0000       0.0000  stage1_path_engine_0_DP_OP_653J3_143_2117_J3_0_0
g_pair_7__u_pair/u_up/DP_OP_654J3_144_2117
                                      16.3660      0.0     16.3660      0.0000       0.0000  stage1_path_engine_0_DP_OP_654J3_144_2117_J3_0_0
g_pair_7__u_pair/u_up/DP_OP_655J3_145_2117
                                      16.3660      0.0     16.3660      0.0000       0.0000  stage1_path_engine_0_DP_OP_655J3_145_2117_J3_0_0
g_pair_7__u_pair/u_up/DP_OP_656J3_146_2117
                                      16.3660      0.0     16.3660      0.0000       0.0000  stage1_path_engine_0_DP_OP_656J3_146_2117_J3_0_0
g_pair_7__u_pair/u_up/DP_OP_657J3_147_2117
                                      16.3660      0.0     16.3660      0.0000       0.0000  stage1_path_engine_0_DP_OP_657J3_147_2117_J3_0_0
g_pair_7__u_pair/u_up/DP_OP_658J3_148_2117
                                      16.3660      0.0     16.3660      0.0000       0.0000  stage1_path_engine_0_DP_OP_658J3_148_2117_J3_0_0
g_pair_7__u_pair/u_up/DP_OP_659J3_149_2117
                                      16.3660      0.0     16.3660      0.0000       0.0000  stage1_path_engine_0_DP_OP_659J3_149_2117_J3_0_0
g_pair_7__u_pair/u_up/DP_OP_660J3_150_2117
                                      16.3660      0.0     16.3660      0.0000       0.0000  stage1_path_engine_0_DP_OP_660J3_150_2117_J3_0_0
g_pair_7__u_pair/u_up/DP_OP_661J3_151_2117
                                      16.3660      0.0     16.3660      0.0000       0.0000  stage1_path_engine_0_DP_OP_661J3_151_2117_J3_0_0
g_pair_7__u_pair/u_up/DP_OP_662J3_152_2117
                                      16.3660      0.0     16.3660      0.0000       0.0000  stage1_path_engine_0_DP_OP_662J3_152_2117_J3_0_0
g_pair_7__u_pair/u_up/DP_OP_663J3_153_2117
                                      16.3660      0.0     16.3660      0.0000       0.0000  stage1_path_engine_0_DP_OP_663J3_153_2117_J3_0_0
g_pair_7__u_pair/u_up/DP_OP_664J3_154_8083
                                      75.0680      0.0     75.0680      0.0000       0.0000  stage1_path_engine_0_DP_OP_664J3_154_8083_J3_0_0
g_pair_7__u_pair/u_up/DP_OP_665J3_155_8083
                                      75.0680      0.0     75.0680      0.0000       0.0000  stage1_path_engine_0_DP_OP_665J3_155_8083_J3_0_0
g_pair_7__u_pair/u_up/DP_OP_666J3_156_8083
                                      75.0680      0.0     75.0680      0.0000       0.0000  stage1_path_engine_0_DP_OP_666J3_156_8083_J3_0_0
g_pair_7__u_pair/u_up/DP_OP_667J3_157_8083
                                      75.0680      0.0     75.0680      0.0000       0.0000  stage1_path_engine_0_DP_OP_667J3_157_8083_J3_0_0
g_pair_7__u_pair/u_up/DP_OP_668J3_158_8083
                                      75.0680      0.0     75.0680      0.0000       0.0000  stage1_path_engine_0_DP_OP_668J3_158_8083_J3_0_0
g_pair_7__u_pair/u_up/DP_OP_669J3_159_8083
                                      75.0680      0.0     75.0680      0.0000       0.0000  stage1_path_engine_0_DP_OP_669J3_159_8083_J3_0_0
g_pair_7__u_pair/u_up/DP_OP_670J3_160_8083
                                      75.0680      0.0     75.0680      0.0000       0.0000  stage1_path_engine_0_DP_OP_670J3_160_8083_J3_0_0
g_pair_7__u_pair/u_up/DP_OP_671J3_161_8083
                                      75.0680      0.0     75.0680      0.0000       0.0000  stage1_path_engine_0_DP_OP_671J3_161_8083_J3_0_0
g_pair_7__u_pair/u_up/DP_OP_672J3_162_589
                                      84.4760      0.0     84.4760      0.0000       0.0000  stage1_path_engine_0_DP_OP_672J3_162_589_J3_0_0
g_pair_7__u_pair/u_up/DP_OP_673J3_163_589
                                      84.4760      0.0     84.4760      0.0000       0.0000  stage1_path_engine_0_DP_OP_673J3_163_589_J3_0_0
g_pair_7__u_pair/u_up/add_x_194       42.9240      0.0     42.9240      0.0000       0.0000  stage1_path_engine_0_DW01_add_J3_0_0
g_pair_7__u_pair/u_up/add_x_33        31.3600      0.0     31.3600      0.0000       0.0000  stage1_path_engine_0_DW01_add_J3_1_0
g_pair_7__u_pair/u_up/mult_x_1        92.2180      0.0     92.2180      0.0000       0.0000  stage1_path_engine_0_DW_mult_tc_J3_31_0
g_pair_7__u_pair/u_up/mult_x_10       92.2180      0.0     92.2180      0.0000       0.0000  stage1_path_engine_0_DW_mult_tc_J3_22_0
g_pair_7__u_pair/u_up/mult_x_11       92.2180      0.0     92.2180      0.0000       0.0000  stage1_path_engine_0_DW_mult_tc_J3_21_0
g_pair_7__u_pair/u_up/mult_x_12       92.2180      0.0     92.2180      0.0000       0.0000  stage1_path_engine_0_DW_mult_tc_J3_20_0
g_pair_7__u_pair/u_up/mult_x_13       92.2180      0.0     92.2180      0.0000       0.0000  stage1_path_engine_0_DW_mult_tc_J3_19_0
g_pair_7__u_pair/u_up/mult_x_14       92.2180      0.0     92.2180      0.0000       0.0000  stage1_path_engine_0_DW_mult_tc_J3_18_0
g_pair_7__u_pair/u_up/mult_x_15       92.2180      0.0     92.2180      0.0000       0.0000  stage1_path_engine_0_DW_mult_tc_J3_17_0
g_pair_7__u_pair/u_up/mult_x_16       91.9240      0.0     91.9240      0.0000       0.0000  stage1_path_engine_0_DW_mult_tc_J3_16_0
g_pair_7__u_pair/u_up/mult_x_17       92.2180      0.0     92.2180      0.0000       0.0000  stage1_path_engine_0_DW_mult_tc_J3_15_0
g_pair_7__u_pair/u_up/mult_x_18       92.2180      0.0     92.2180      0.0000       0.0000  stage1_path_engine_0_DW_mult_tc_J3_14_0
g_pair_7__u_pair/u_up/mult_x_19       91.9240      0.0     91.9240      0.0000       0.0000  stage1_path_engine_0_DW_mult_tc_J3_13_0
g_pair_7__u_pair/u_up/mult_x_2        92.2180      0.0     92.2180      0.0000       0.0000  stage1_path_engine_0_DW_mult_tc_J3_30_0
g_pair_7__u_pair/u_up/mult_x_20       92.2180      0.0     92.2180      0.0000       0.0000  stage1_path_engine_0_DW_mult_tc_J3_12_0
g_pair_7__u_pair/u_up/mult_x_21       92.2180      0.0     92.2180      0.0000       0.0000  stage1_path_engine_0_DW_mult_tc_J3_11_0
g_pair_7__u_pair/u_up/mult_x_22       92.2180      0.0     92.2180      0.0000       0.0000  stage1_path_engine_0_DW_mult_tc_J3_10_0
g_pair_7__u_pair/u_up/mult_x_23       92.2180      0.0     92.2180      0.0000       0.0000  stage1_path_engine_0_DW_mult_tc_J3_9_0
g_pair_7__u_pair/u_up/mult_x_24       92.2180      0.0     92.2180      0.0000       0.0000  stage1_path_engine_0_DW_mult_tc_J3_8_0
g_pair_7__u_pair/u_up/mult_x_25       92.2180      0.0     92.2180      0.0000       0.0000  stage1_path_engine_0_DW_mult_tc_J3_7_0
g_pair_7__u_pair/u_up/mult_x_26       92.2180      0.0     92.2180      0.0000       0.0000  stage1_path_engine_0_DW_mult_tc_J3_6_0
g_pair_7__u_pair/u_up/mult_x_27       92.2180      0.0     92.2180      0.0000       0.0000  stage1_path_engine_0_DW_mult_tc_J3_5_0
g_pair_7__u_pair/u_up/mult_x_28       92.2180      0.0     92.2180      0.0000       0.0000  stage1_path_engine_0_DW_mult_tc_J3_4_0
g_pair_7__u_pair/u_up/mult_x_29       92.2180      0.0     92.2180      0.0000       0.0000  stage1_path_engine_0_DW_mult_tc_J3_3_0
g_pair_7__u_pair/u_up/mult_x_3        92.2180      0.0     92.2180      0.0000       0.0000  stage1_path_engine_0_DW_mult_tc_J3_29_0
g_pair_7__u_pair/u_up/mult_x_30       92.2180      0.0     92.2180      0.0000       0.0000  stage1_path_engine_0_DW_mult_tc_J3_2_0
g_pair_7__u_pair/u_up/mult_x_31       92.2180      0.0     92.2180      0.0000       0.0000  stage1_path_engine_0_DW_mult_tc_J3_1_0
g_pair_7__u_pair/u_up/mult_x_32       92.2180      0.0     92.2180      0.0000       0.0000  stage1_path_engine_0_DW_mult_tc_J3_0_0
g_pair_7__u_pair/u_up/mult_x_4        92.2180      0.0     92.2180      0.0000       0.0000  stage1_path_engine_0_DW_mult_tc_J3_28_0
g_pair_7__u_pair/u_up/mult_x_5        92.2180      0.0     92.2180      0.0000       0.0000  stage1_path_engine_0_DW_mult_tc_J3_27_0
g_pair_7__u_pair/u_up/mult_x_6        92.2180      0.0     92.2180      0.0000       0.0000  stage1_path_engine_0_DW_mult_tc_J3_26_0
g_pair_7__u_pair/u_up/mult_x_7        92.2180      0.0     92.2180      0.0000       0.0000  stage1_path_engine_0_DW_mult_tc_J3_25_0
g_pair_7__u_pair/u_up/mult_x_8        92.2180      0.0     92.2180      0.0000       0.0000  stage1_path_engine_0_DW_mult_tc_J3_24_0
g_pair_7__u_pair/u_up/mult_x_9        92.2180      0.0     92.2180      0.0000       0.0000  stage1_path_engine_0_DW_mult_tc_J3_23_0
g_weight_0__u_weight               45205.5360      5.1      0.0000      0.0000       0.0000  sram_bank_128x256_15
g_weight_0__u_weight/g_bank_0__u_macro
                                    5650.6920      0.6      0.5880      0.0000    5650.1040  hs128x32_wrapper_127
g_weight_0__u_weight/g_bank_1__u_macro
                                    5650.6920      0.6      0.5880      0.0000    5650.1040  hs128x32_wrapper_126
g_weight_0__u_weight/g_bank_2__u_macro
                                    5650.6920      0.6      0.5880      0.0000    5650.1040  hs128x32_wrapper_125
g_weight_0__u_weight/g_bank_3__u_macro
                                    5650.6920      0.6      0.5880      0.0000    5650.1040  hs128x32_wrapper_124
g_weight_0__u_weight/g_bank_4__u_macro
                                    5650.6920      0.6      0.5880      0.0000    5650.1040  hs128x32_wrapper_123
g_weight_0__u_weight/g_bank_5__u_macro
                                    5650.6920      0.6      0.5880      0.0000    5650.1040  hs128x32_wrapper_122
g_weight_0__u_weight/g_bank_6__u_macro
                                    5650.6920      0.6      0.5880      0.0000    5650.1040  hs128x32_wrapper_121
g_weight_0__u_weight/g_bank_7__u_macro
                                    5650.6920      0.6      0.5880      0.0000    5650.1040  hs128x32_wrapper_120
g_weight_10__u_weight              45205.5360      5.1      0.0000      0.0000       0.0000  sram_bank_128x256_5
g_weight_10__u_weight/g_bank_0__u_macro
                                    5650.6920      0.6      0.5880      0.0000    5650.1040  hs128x32_wrapper_47
g_weight_10__u_weight/g_bank_1__u_macro
                                    5650.6920      0.6      0.5880      0.0000    5650.1040  hs128x32_wrapper_46
g_weight_10__u_weight/g_bank_2__u_macro
                                    5650.6920      0.6      0.5880      0.0000    5650.1040  hs128x32_wrapper_45
g_weight_10__u_weight/g_bank_3__u_macro
                                    5650.6920      0.6      0.5880      0.0000    5650.1040  hs128x32_wrapper_44
g_weight_10__u_weight/g_bank_4__u_macro
                                    5650.6920      0.6      0.5880      0.0000    5650.1040  hs128x32_wrapper_43
g_weight_10__u_weight/g_bank_5__u_macro
                                    5650.6920      0.6      0.5880      0.0000    5650.1040  hs128x32_wrapper_42
g_weight_10__u_weight/g_bank_6__u_macro
                                    5650.6920      0.6      0.5880      0.0000    5650.1040  hs128x32_wrapper_41
g_weight_10__u_weight/g_bank_7__u_macro
                                    5650.6920      0.6      0.5880      0.0000    5650.1040  hs128x32_wrapper_40
g_weight_11__u_weight              45205.5360      5.1      0.0000      0.0000       0.0000  sram_bank_128x256_4
g_weight_11__u_weight/g_bank_0__u_macro
                                    5650.6920      0.6      0.5880      0.0000    5650.1040  hs128x32_wrapper_39
g_weight_11__u_weight/g_bank_1__u_macro
                                    5650.6920      0.6      0.5880      0.0000    5650.1040  hs128x32_wrapper_38
g_weight_11__u_weight/g_bank_2__u_macro
                                    5650.6920      0.6      0.5880      0.0000    5650.1040  hs128x32_wrapper_37
g_weight_11__u_weight/g_bank_3__u_macro
                                    5650.6920      0.6      0.5880      0.0000    5650.1040  hs128x32_wrapper_36
g_weight_11__u_weight/g_bank_4__u_macro
                                    5650.6920      0.6      0.5880      0.0000    5650.1040  hs128x32_wrapper_35
g_weight_11__u_weight/g_bank_5__u_macro
                                    5650.6920      0.6      0.5880      0.0000    5650.1040  hs128x32_wrapper_34
g_weight_11__u_weight/g_bank_6__u_macro
                                    5650.6920      0.6      0.5880      0.0000    5650.1040  hs128x32_wrapper_33
g_weight_11__u_weight/g_bank_7__u_macro
                                    5650.6920      0.6      0.5880      0.0000    5650.1040  hs128x32_wrapper_32
g_weight_12__u_weight              45205.5360      5.1      0.0000      0.0000       0.0000  sram_bank_128x256_3
g_weight_12__u_weight/g_bank_0__u_macro
                                    5650.6920      0.6      0.5880      0.0000    5650.1040  hs128x32_wrapper_31
g_weight_12__u_weight/g_bank_1__u_macro
                                    5650.6920      0.6      0.5880      0.0000    5650.1040  hs128x32_wrapper_30
g_weight_12__u_weight/g_bank_2__u_macro
                                    5650.6920      0.6      0.5880      0.0000    5650.1040  hs128x32_wrapper_29
g_weight_12__u_weight/g_bank_3__u_macro
                                    5650.6920      0.6      0.5880      0.0000    5650.1040  hs128x32_wrapper_28
g_weight_12__u_weight/g_bank_4__u_macro
                                    5650.6920      0.6      0.5880      0.0000    5650.1040  hs128x32_wrapper_27
g_weight_12__u_weight/g_bank_5__u_macro
                                    5650.6920      0.6      0.5880      0.0000    5650.1040  hs128x32_wrapper_26
g_weight_12__u_weight/g_bank_6__u_macro
                                    5650.6920      0.6      0.5880      0.0000    5650.1040  hs128x32_wrapper_25
g_weight_12__u_weight/g_bank_7__u_macro
                                    5650.6920      0.6      0.5880      0.0000    5650.1040  hs128x32_wrapper_24
g_weight_13__u_weight              45205.5360      5.1      0.0000      0.0000       0.0000  sram_bank_128x256_2
g_weight_13__u_weight/g_bank_0__u_macro
                                    5650.6920      0.6      0.5880      0.0000    5650.1040  hs128x32_wrapper_23
g_weight_13__u_weight/g_bank_1__u_macro
                                    5650.6920      0.6      0.5880      0.0000    5650.1040  hs128x32_wrapper_22
g_weight_13__u_weight/g_bank_2__u_macro
                                    5650.6920      0.6      0.5880      0.0000    5650.1040  hs128x32_wrapper_21
g_weight_13__u_weight/g_bank_3__u_macro
                                    5650.6920      0.6      0.5880      0.0000    5650.1040  hs128x32_wrapper_20
g_weight_13__u_weight/g_bank_4__u_macro
                                    5650.6920      0.6      0.5880      0.0000    5650.1040  hs128x32_wrapper_19
g_weight_13__u_weight/g_bank_5__u_macro
                                    5650.6920      0.6      0.5880      0.0000    5650.1040  hs128x32_wrapper_18
g_weight_13__u_weight/g_bank_6__u_macro
                                    5650.6920      0.6      0.5880      0.0000    5650.1040  hs128x32_wrapper_17
g_weight_13__u_weight/g_bank_7__u_macro
                                    5650.6920      0.6      0.5880      0.0000    5650.1040  hs128x32_wrapper_16
g_weight_14__u_weight              45205.5360      5.1      0.0000      0.0000       0.0000  sram_bank_128x256_1
g_weight_14__u_weight/g_bank_0__u_macro
                                    5650.6920      0.6      0.5880      0.0000    5650.1040  hs128x32_wrapper_15
g_weight_14__u_weight/g_bank_1__u_macro
                                    5650.6920      0.6      0.5880      0.0000    5650.1040  hs128x32_wrapper_14
g_weight_14__u_weight/g_bank_2__u_macro
                                    5650.6920      0.6      0.5880      0.0000    5650.1040  hs128x32_wrapper_13
g_weight_14__u_weight/g_bank_3__u_macro
                                    5650.6920      0.6      0.5880      0.0000    5650.1040  hs128x32_wrapper_12
g_weight_14__u_weight/g_bank_4__u_macro
                                    5650.6920      0.6      0.5880      0.0000    5650.1040  hs128x32_wrapper_11
g_weight_14__u_weight/g_bank_5__u_macro
                                    5650.6920      0.6      0.5880      0.0000    5650.1040  hs128x32_wrapper_10
g_weight_14__u_weight/g_bank_6__u_macro
                                    5650.6920      0.6      0.5880      0.0000    5650.1040  hs128x32_wrapper_9
g_weight_14__u_weight/g_bank_7__u_macro
                                    5650.6920      0.6      0.5880      0.0000    5650.1040  hs128x32_wrapper_8
g_weight_15__u_weight              45205.5360      5.1      0.0000      0.0000       0.0000  sram_bank_128x256_0
g_weight_15__u_weight/g_bank_0__u_macro
                                    5650.6920      0.6      0.5880      0.0000    5650.1040  hs128x32_wrapper_7
g_weight_15__u_weight/g_bank_1__u_macro
                                    5650.6920      0.6      0.5880      0.0000    5650.1040  hs128x32_wrapper_6
g_weight_15__u_weight/g_bank_2__u_macro
                                    5650.6920      0.6      0.5880      0.0000    5650.1040  hs128x32_wrapper_5
g_weight_15__u_weight/g_bank_3__u_macro
                                    5650.6920      0.6      0.5880      0.0000    5650.1040  hs128x32_wrapper_4
g_weight_15__u_weight/g_bank_4__u_macro
                                    5650.6920      0.6      0.5880      0.0000    5650.1040  hs128x32_wrapper_3
g_weight_15__u_weight/g_bank_5__u_macro
                                    5650.6920      0.6      0.5880      0.0000    5650.1040  hs128x32_wrapper_2
g_weight_15__u_weight/g_bank_6__u_macro
                                    5650.6920      0.6      0.5880      0.0000    5650.1040  hs128x32_wrapper_1
g_weight_15__u_weight/g_bank_7__u_macro
                                    5650.6920      0.6      0.5880      0.0000    5650.1040  hs128x32_wrapper_0
g_weight_1__u_weight               45205.5360      5.1      0.0000      0.0000       0.0000  sram_bank_128x256_14
g_weight_1__u_weight/g_bank_0__u_macro
                                    5650.6920      0.6      0.5880      0.0000    5650.1040  hs128x32_wrapper_119
g_weight_1__u_weight/g_bank_1__u_macro
                                    5650.6920      0.6      0.5880      0.0000    5650.1040  hs128x32_wrapper_118
g_weight_1__u_weight/g_bank_2__u_macro
                                    5650.6920      0.6      0.5880      0.0000    5650.1040  hs128x32_wrapper_117
g_weight_1__u_weight/g_bank_3__u_macro
                                    5650.6920      0.6      0.5880      0.0000    5650.1040  hs128x32_wrapper_116
g_weight_1__u_weight/g_bank_4__u_macro
                                    5650.6920      0.6      0.5880      0.0000    5650.1040  hs128x32_wrapper_115
g_weight_1__u_weight/g_bank_5__u_macro
                                    5650.6920      0.6      0.5880      0.0000    5650.1040  hs128x32_wrapper_114
g_weight_1__u_weight/g_bank_6__u_macro
                                    5650.6920      0.6      0.5880      0.0000    5650.1040  hs128x32_wrapper_113
g_weight_1__u_weight/g_bank_7__u_macro
                                    5650.6920      0.6      0.5880      0.0000    5650.1040  hs128x32_wrapper_112
g_weight_2__u_weight               45205.5360      5.1      0.0000      0.0000       0.0000  sram_bank_128x256_13
g_weight_2__u_weight/g_bank_0__u_macro
                                    5650.6920      0.6      0.5880      0.0000    5650.1040  hs128x32_wrapper_111
g_weight_2__u_weight/g_bank_1__u_macro
                                    5650.6920      0.6      0.5880      0.0000    5650.1040  hs128x32_wrapper_110
g_weight_2__u_weight/g_bank_2__u_macro
                                    5650.6920      0.6      0.5880      0.0000    5650.1040  hs128x32_wrapper_109
g_weight_2__u_weight/g_bank_3__u_macro
                                    5650.6920      0.6      0.5880      0.0000    5650.1040  hs128x32_wrapper_108
g_weight_2__u_weight/g_bank_4__u_macro
                                    5650.6920      0.6      0.5880      0.0000    5650.1040  hs128x32_wrapper_107
g_weight_2__u_weight/g_bank_5__u_macro
                                    5650.6920      0.6      0.5880      0.0000    5650.1040  hs128x32_wrapper_106
g_weight_2__u_weight/g_bank_6__u_macro
                                    5650.6920      0.6      0.5880      0.0000    5650.1040  hs128x32_wrapper_105
g_weight_2__u_weight/g_bank_7__u_macro
                                    5650.6920      0.6      0.5880      0.0000    5650.1040  hs128x32_wrapper_104
g_weight_3__u_weight               45205.5360      5.1      0.0000      0.0000       0.0000  sram_bank_128x256_12
g_weight_3__u_weight/g_bank_0__u_macro
                                    5650.6920      0.6      0.5880      0.0000    5650.1040  hs128x32_wrapper_103
g_weight_3__u_weight/g_bank_1__u_macro
                                    5650.6920      0.6      0.5880      0.0000    5650.1040  hs128x32_wrapper_102
g_weight_3__u_weight/g_bank_2__u_macro
                                    5650.6920      0.6      0.5880      0.0000    5650.1040  hs128x32_wrapper_101
g_weight_3__u_weight/g_bank_3__u_macro
                                    5650.6920      0.6      0.5880      0.0000    5650.1040  hs128x32_wrapper_100
g_weight_3__u_weight/g_bank_4__u_macro
                                    5650.6920      0.6      0.5880      0.0000    5650.1040  hs128x32_wrapper_99
g_weight_3__u_weight/g_bank_5__u_macro
                                    5650.6920      0.6      0.5880      0.0000    5650.1040  hs128x32_wrapper_98
g_weight_3__u_weight/g_bank_6__u_macro
                                    5650.6920      0.6      0.5880      0.0000    5650.1040  hs128x32_wrapper_97
g_weight_3__u_weight/g_bank_7__u_macro
                                    5650.6920      0.6      0.5880      0.0000    5650.1040  hs128x32_wrapper_96
g_weight_4__u_weight               45205.5360      5.1      0.0000      0.0000       0.0000  sram_bank_128x256_11
g_weight_4__u_weight/g_bank_0__u_macro
                                    5650.6920      0.6      0.5880      0.0000    5650.1040  hs128x32_wrapper_95
g_weight_4__u_weight/g_bank_1__u_macro
                                    5650.6920      0.6      0.5880      0.0000    5650.1040  hs128x32_wrapper_94
g_weight_4__u_weight/g_bank_2__u_macro
                                    5650.6920      0.6      0.5880      0.0000    5650.1040  hs128x32_wrapper_93
g_weight_4__u_weight/g_bank_3__u_macro
                                    5650.6920      0.6      0.5880      0.0000    5650.1040  hs128x32_wrapper_92
g_weight_4__u_weight/g_bank_4__u_macro
                                    5650.6920      0.6      0.5880      0.0000    5650.1040  hs128x32_wrapper_91
g_weight_4__u_weight/g_bank_5__u_macro
                                    5650.6920      0.6      0.5880      0.0000    5650.1040  hs128x32_wrapper_90
g_weight_4__u_weight/g_bank_6__u_macro
                                    5650.6920      0.6      0.5880      0.0000    5650.1040  hs128x32_wrapper_89
g_weight_4__u_weight/g_bank_7__u_macro
                                    5650.6920      0.6      0.5880      0.0000    5650.1040  hs128x32_wrapper_88
g_weight_5__u_weight               45205.5360      5.1      0.0000      0.0000       0.0000  sram_bank_128x256_10
g_weight_5__u_weight/g_bank_0__u_macro
                                    5650.6920      0.6      0.5880      0.0000    5650.1040  hs128x32_wrapper_87
g_weight_5__u_weight/g_bank_1__u_macro
                                    5650.6920      0.6      0.5880      0.0000    5650.1040  hs128x32_wrapper_86
g_weight_5__u_weight/g_bank_2__u_macro
                                    5650.6920      0.6      0.5880      0.0000    5650.1040  hs128x32_wrapper_85
g_weight_5__u_weight/g_bank_3__u_macro
                                    5650.6920      0.6      0.5880      0.0000    5650.1040  hs128x32_wrapper_84
g_weight_5__u_weight/g_bank_4__u_macro
                                    5650.6920      0.6      0.5880      0.0000    5650.1040  hs128x32_wrapper_83
g_weight_5__u_weight/g_bank_5__u_macro
                                    5650.6920      0.6      0.5880      0.0000    5650.1040  hs128x32_wrapper_82
g_weight_5__u_weight/g_bank_6__u_macro
                                    5650.6920      0.6      0.5880      0.0000    5650.1040  hs128x32_wrapper_81
g_weight_5__u_weight/g_bank_7__u_macro
                                    5650.6920      0.6      0.5880      0.0000    5650.1040  hs128x32_wrapper_80
g_weight_6__u_weight               45205.5360      5.1      0.0000      0.0000       0.0000  sram_bank_128x256_9
g_weight_6__u_weight/g_bank_0__u_macro
                                    5650.6920      0.6      0.5880      0.0000    5650.1040  hs128x32_wrapper_79
g_weight_6__u_weight/g_bank_1__u_macro
                                    5650.6920      0.6      0.5880      0.0000    5650.1040  hs128x32_wrapper_78
g_weight_6__u_weight/g_bank_2__u_macro
                                    5650.6920      0.6      0.5880      0.0000    5650.1040  hs128x32_wrapper_77
g_weight_6__u_weight/g_bank_3__u_macro
                                    5650.6920      0.6      0.5880      0.0000    5650.1040  hs128x32_wrapper_76
g_weight_6__u_weight/g_bank_4__u_macro
                                    5650.6920      0.6      0.5880      0.0000    5650.1040  hs128x32_wrapper_75
g_weight_6__u_weight/g_bank_5__u_macro
                                    5650.6920      0.6      0.5880      0.0000    5650.1040  hs128x32_wrapper_74
g_weight_6__u_weight/g_bank_6__u_macro
                                    5650.6920      0.6      0.5880      0.0000    5650.1040  hs128x32_wrapper_73
g_weight_6__u_weight/g_bank_7__u_macro
                                    5650.6920      0.6      0.5880      0.0000    5650.1040  hs128x32_wrapper_72
g_weight_7__u_weight               45205.5360      5.1      0.0000      0.0000       0.0000  sram_bank_128x256_8
g_weight_7__u_weight/g_bank_0__u_macro
                                    5650.6920      0.6      0.5880      0.0000    5650.1040  hs128x32_wrapper_71
g_weight_7__u_weight/g_bank_1__u_macro
                                    5650.6920      0.6      0.5880      0.0000    5650.1040  hs128x32_wrapper_70
g_weight_7__u_weight/g_bank_2__u_macro
                                    5650.6920      0.6      0.5880      0.0000    5650.1040  hs128x32_wrapper_69
g_weight_7__u_weight/g_bank_3__u_macro
                                    5650.6920      0.6      0.5880      0.0000    5650.1040  hs128x32_wrapper_68
g_weight_7__u_weight/g_bank_4__u_macro
                                    5650.6920      0.6      0.5880      0.0000    5650.1040  hs128x32_wrapper_67
g_weight_7__u_weight/g_bank_5__u_macro
                                    5650.6920      0.6      0.5880      0.0000    5650.1040  hs128x32_wrapper_66
g_weight_7__u_weight/g_bank_6__u_macro
                                    5650.6920      0.6      0.5880      0.0000    5650.1040  hs128x32_wrapper_65
g_weight_7__u_weight/g_bank_7__u_macro
                                    5650.6920      0.6      0.5880      0.0000    5650.1040  hs128x32_wrapper_64
g_weight_8__u_weight               45205.5360      5.1      0.0000      0.0000       0.0000  sram_bank_128x256_7
g_weight_8__u_weight/g_bank_0__u_macro
                                    5650.6920      0.6      0.5880      0.0000    5650.1040  hs128x32_wrapper_63
g_weight_8__u_weight/g_bank_1__u_macro
                                    5650.6920      0.6      0.5880      0.0000    5650.1040  hs128x32_wrapper_62
g_weight_8__u_weight/g_bank_2__u_macro
                                    5650.6920      0.6      0.5880      0.0000    5650.1040  hs128x32_wrapper_61
g_weight_8__u_weight/g_bank_3__u_macro
                                    5650.6920      0.6      0.5880      0.0000    5650.1040  hs128x32_wrapper_60
g_weight_8__u_weight/g_bank_4__u_macro
                                    5650.6920      0.6      0.5880      0.0000    5650.1040  hs128x32_wrapper_59
g_weight_8__u_weight/g_bank_5__u_macro
                                    5650.6920      0.6      0.5880      0.0000    5650.1040  hs128x32_wrapper_58
g_weight_8__u_weight/g_bank_6__u_macro
                                    5650.6920      0.6      0.5880      0.0000    5650.1040  hs128x32_wrapper_57
g_weight_8__u_weight/g_bank_7__u_macro
                                    5650.6920      0.6      0.5880      0.0000    5650.1040  hs128x32_wrapper_56
g_weight_9__u_weight               45205.5360      5.1      0.0000      0.0000       0.0000  sram_bank_128x256_6
g_weight_9__u_weight/g_bank_0__u_macro
                                    5650.6920      0.6      0.5880      0.0000    5650.1040  hs128x32_wrapper_55
g_weight_9__u_weight/g_bank_1__u_macro
                                    5650.6920      0.6      0.5880      0.0000    5650.1040  hs128x32_wrapper_54
g_weight_9__u_weight/g_bank_2__u_macro
                                    5650.6920      0.6      0.5880      0.0000    5650.1040  hs128x32_wrapper_53
g_weight_9__u_weight/g_bank_3__u_macro
                                    5650.6920      0.6      0.5880      0.0000    5650.1040  hs128x32_wrapper_52
g_weight_9__u_weight/g_bank_4__u_macro
                                    5650.6920      0.6      0.5880      0.0000    5650.1040  hs128x32_wrapper_51
g_weight_9__u_weight/g_bank_5__u_macro
                                    5650.6920      0.6      0.5880      0.0000    5650.1040  hs128x32_wrapper_50
g_weight_9__u_weight/g_bank_6__u_macro
                                    5650.6920      0.6      0.5880      0.0000    5650.1040  hs128x32_wrapper_49
g_weight_9__u_weight/g_bank_7__u_macro
                                    5650.6920      0.6      0.5880      0.0000    5650.1040  hs128x32_wrapper_48
u_activation                        3908.5341      0.4   1410.7100   2497.8241       0.0000  activation_dff_store
u_beta_w                           22603.5520      2.5      0.0000      0.0000       0.0000  sram_bank_128x128_1
u_beta_w/g_bank_0__u_macro          5650.8880      0.6      0.7840      0.0000    5650.1040  hs128x32_wrapper_135
u_beta_w/g_bank_1__u_macro          5650.8880      0.6      0.7840      0.0000    5650.1040  hs128x32_wrapper_134
u_beta_w/g_bank_2__u_macro          5650.8880      0.6      0.7840      0.0000    5650.1040  hs128x32_wrapper_133
u_beta_w/g_bank_3__u_macro          5650.8880      0.6      0.7840      0.0000    5650.1040  hs128x32_wrapper_132
u_config                             929.9220      0.1    330.1620    599.7600       0.0000  stage1_config_frontend
u_delay                            22603.5520      2.5      0.0000      0.0000       0.0000  sram_bank_128x128_0
u_delay/g_bank_0__u_macro           5650.8880      0.6      0.7840      0.0000    5650.1040  hs128x32_wrapper_131
u_delay/g_bank_1__u_macro           5650.8880      0.6      0.7840      0.0000    5650.1040  hs128x32_wrapper_130
u_delay/g_bank_2__u_macro           5650.8880      0.6      0.7840      0.0000    5650.1040  hs128x32_wrapper_129
u_delay/g_bank_3__u_macro           5650.8880      0.6      0.7840      0.0000    5650.1040  hs128x32_wrapper_128
--------------------------------  -----------  -------  ----------  ----------  -----------  -------------------------------------------------
Total                                                   94524.6252  24870.6368  768414.1445

1
