 
****************************************
check_design summary:
Version:     W-2024.09-SP5-5
Date:        Fri Aug 14 17:20:50 2026
****************************************

                   Name                                            Total
--------------------------------------------------------------------------------
Inputs/Outputs                                                    601
    Unloaded inputs (LINT-8)                                       32
    Unconnected ports (LINT-28)                                   569

Cells                                                              48
    Nets connected to multiple pins on same cell (LINT-33)         48

Nets                                                              388
    Unloaded nets (LINT-2)                                        388
--------------------------------------------------------------------------------

Warning: In design 'stage1_tile', net 'SYNOPSYS_UNCONNECTED_20' driven by pin 'add_x_86/SUM[0]' has no loads. (LINT-2)
Warning: In design 'stage1_tile', net 'SYNOPSYS_UNCONNECTED_19' driven by pin 'u_config/lambda_load_index_o[0]' has no loads. (LINT-2)
Warning: In design 'stage1_tile', net 'SYNOPSYS_UNCONNECTED_18' driven by pin 'u_config/lambda_load_index_o[1]' has no loads. (LINT-2)
Warning: In design 'stage1_tile', net 'SYNOPSYS_UNCONNECTED_17' driven by pin 'u_config/lambda_load_index_o[2]' has no loads. (LINT-2)
Warning: In design 'stage1_tile', net 'SYNOPSYS_UNCONNECTED_16' driven by pin 'u_config/lambda_load_index_o[3]' has no loads. (LINT-2)
Warning: In design 'stage1_tile', net 'SYNOPSYS_UNCONNECTED_15' driven by pin 'u_config/horizon_load_data_o[0]' has no loads. (LINT-2)
Warning: In design 'stage1_tile', net 'SYNOPSYS_UNCONNECTED_14' driven by pin 'u_config/horizon_load_data_o[1]' has no loads. (LINT-2)
Warning: In design 'stage1_tile', net 'SYNOPSYS_UNCONNECTED_13' driven by pin 'u_config/horizon_load_data_o[2]' has no loads. (LINT-2)
Warning: In design 'stage1_tile', net 'SYNOPSYS_UNCONNECTED_12' driven by pin 'u_config/horizon_load_data_o[3]' has no loads. (LINT-2)
Warning: In design 'stage1_tile', net 'SYNOPSYS_UNCONNECTED_11' driven by pin 'u_config/horizon_load_path_o[0]' has no loads. (LINT-2)
Warning: In design 'stage1_tile', net 'SYNOPSYS_UNCONNECTED_10' driven by pin 'u_config/horizon_load_path_o[1]' has no loads. (LINT-2)
Warning: In design 'stage1_tile', net 'SYNOPSYS_UNCONNECTED_9' driven by pin 'u_config/horizon_load_path_o[2]' has no loads. (LINT-2)
Warning: In design 'stage1_tile', net 'SYNOPSYS_UNCONNECTED_8' driven by pin 'u_config/horizon_load_path_o[3]' has no loads. (LINT-2)
Warning: In design 'stage1_tile', net 'SYNOPSYS_UNCONNECTED_7' driven by pin 'u_config/weight_load_addr_o[0]' has no loads. (LINT-2)
Warning: In design 'stage1_tile', net 'SYNOPSYS_UNCONNECTED_6' driven by pin 'u_config/weight_load_addr_o[1]' has no loads. (LINT-2)
Warning: In design 'stage1_tile', net 'SYNOPSYS_UNCONNECTED_5' driven by pin 'u_config/weight_load_addr_o[2]' has no loads. (LINT-2)
Warning: In design 'stage1_tile', net 'SYNOPSYS_UNCONNECTED_4' driven by pin 'u_config/weight_load_addr_o[3]' has no loads. (LINT-2)
Warning: In design 'stage1_tile', net 'SYNOPSYS_UNCONNECTED_3' driven by pin 'u_config/weight_load_addr_o[4]' has no loads. (LINT-2)
Warning: In design 'stage1_tile', net 'SYNOPSYS_UNCONNECTED_2' driven by pin 'u_config/weight_load_addr_o[5]' has no loads. (LINT-2)
Warning: In design 'stage1_tile', net 'SYNOPSYS_UNCONNECTED_1' driven by pin 'u_config/weight_load_addr_o[6]' has no loads. (LINT-2)
Warning: In design 'stage1_tile', net 'g_pair_0__u_pair/SYNOPSYS_UNCONNECTED_42' driven by pin 'g_pair_0__u_pair/u_up/block_sum_o[0]' has no loads. (LINT-2)
Warning: In design 'stage1_tile', net 'g_pair_0__u_pair/SYNOPSYS_UNCONNECTED_41' driven by pin 'g_pair_0__u_pair/u_up/block_sum_o[1]' has no loads. (LINT-2)
Warning: In design 'stage1_tile', net 'g_pair_0__u_pair/SYNOPSYS_UNCONNECTED_40' driven by pin 'g_pair_0__u_pair/u_up/block_sum_o[2]' has no loads. (LINT-2)
Warning: In design 'stage1_tile', net 'g_pair_0__u_pair/SYNOPSYS_UNCONNECTED_39' driven by pin 'g_pair_0__u_pair/u_up/block_sum_o[3]' has no loads. (LINT-2)
Warning: In design 'stage1_tile', net 'g_pair_0__u_pair/SYNOPSYS_UNCONNECTED_38' driven by pin 'g_pair_0__u_pair/u_up/block_sum_o[4]' has no loads. (LINT-2)
Warning: In design 'stage1_tile', net 'g_pair_0__u_pair/SYNOPSYS_UNCONNECTED_37' driven by pin 'g_pair_0__u_pair/u_up/block_sum_o[5]' has no loads. (LINT-2)
Warning: In design 'stage1_tile', net 'g_pair_0__u_pair/SYNOPSYS_UNCONNECTED_36' driven by pin 'g_pair_0__u_pair/u_up/block_sum_o[6]' has no loads. (LINT-2)
Warning: In design 'stage1_tile', net 'g_pair_0__u_pair/SYNOPSYS_UNCONNECTED_35' driven by pin 'g_pair_0__u_pair/u_up/block_sum_o[7]' has no loads. (LINT-2)
Warning: In design 'stage1_tile', net 'g_pair_0__u_pair/SYNOPSYS_UNCONNECTED_34' driven by pin 'g_pair_0__u_pair/u_up/block_sum_o[8]' has no loads. (LINT-2)
Warning: In design 'stage1_tile', net 'g_pair_0__u_pair/SYNOPSYS_UNCONNECTED_33' driven by pin 'g_pair_0__u_pair/u_up/block_sum_o[9]' has no loads. (LINT-2)
Warning: In design 'stage1_tile', net 'g_pair_0__u_pair/SYNOPSYS_UNCONNECTED_32' driven by pin 'g_pair_0__u_pair/u_up/block_sum_o[10]' has no loads. (LINT-2)
Warning: In design 'stage1_tile', net 'g_pair_0__u_pair/SYNOPSYS_UNCONNECTED_31' driven by pin 'g_pair_0__u_pair/u_up/block_sum_o[11]' has no loads. (LINT-2)
Warning: In design 'stage1_tile', net 'g_pair_0__u_pair/SYNOPSYS_UNCONNECTED_30' driven by pin 'g_pair_0__u_pair/u_up/block_sum_o[12]' has no loads. (LINT-2)
Warning: In design 'stage1_tile', net 'g_pair_0__u_pair/SYNOPSYS_UNCONNECTED_29' driven by pin 'g_pair_0__u_pair/u_up/block_sum_o[13]' has no loads. (LINT-2)
Warning: In design 'stage1_tile', net 'g_pair_0__u_pair/SYNOPSYS_UNCONNECTED_28' driven by pin 'g_pair_0__u_pair/u_up/block_sum_o[14]' has no loads. (LINT-2)
Warning: In design 'stage1_tile', net 'g_pair_0__u_pair/SYNOPSYS_UNCONNECTED_27' driven by pin 'g_pair_0__u_pair/u_up/block_sum_o[15]' has no loads. (LINT-2)
Warning: In design 'stage1_tile', net 'g_pair_0__u_pair/SYNOPSYS_UNCONNECTED_26' driven by pin 'g_pair_0__u_pair/u_up/block_sum_o[16]' has no loads. (LINT-2)
Warning: In design 'stage1_tile', net 'g_pair_0__u_pair/SYNOPSYS_UNCONNECTED_25' driven by pin 'g_pair_0__u_pair/u_up/block_sum_o[17]' has no loads. (LINT-2)
Warning: In design 'stage1_tile', net 'g_pair_0__u_pair/SYNOPSYS_UNCONNECTED_24' driven by pin 'g_pair_0__u_pair/u_up/block_sum_o[18]' has no loads. (LINT-2)
Warning: In design 'stage1_tile', net 'g_pair_0__u_pair/SYNOPSYS_UNCONNECTED_23' driven by pin 'g_pair_0__u_pair/u_up/block_sum_o[19]' has no loads. (LINT-2)
Warning: In design 'stage1_tile', net 'g_pair_0__u_pair/SYNOPSYS_UNCONNECTED_22' driven by pin 'g_pair_0__u_pair/u_up/block_sum_o[20]' has no loads. (LINT-2)
Warning: In design 'stage1_tile', net 'g_pair_0__u_pair/SYNOPSYS_UNCONNECTED_21' driven by pin 'g_pair_0__u_pair/u_gate/block_sum_o[0]' has no loads. (LINT-2)
Warning: In design 'stage1_tile', net 'g_pair_0__u_pair/SYNOPSYS_UNCONNECTED_20' driven by pin 'g_pair_0__u_pair/u_gate/block_sum_o[1]' has no loads. (LINT-2)
Warning: In design 'stage1_tile', net 'g_pair_0__u_pair/SYNOPSYS_UNCONNECTED_19' driven by pin 'g_pair_0__u_pair/u_gate/block_sum_o[2]' has no loads. (LINT-2)
Warning: In design 'stage1_tile', net 'g_pair_0__u_pair/SYNOPSYS_UNCONNECTED_18' driven by pin 'g_pair_0__u_pair/u_gate/block_sum_o[3]' has no loads. (LINT-2)
Warning: In design 'stage1_tile', net 'g_pair_0__u_pair/SYNOPSYS_UNCONNECTED_17' driven by pin 'g_pair_0__u_pair/u_gate/block_sum_o[4]' has no loads. (LINT-2)
Warning: In design 'stage1_tile', net 'g_pair_0__u_pair/SYNOPSYS_UNCONNECTED_16' driven by pin 'g_pair_0__u_pair/u_gate/block_sum_o[5]' has no loads. (LINT-2)
Warning: In design 'stage1_tile', net 'g_pair_0__u_pair/SYNOPSYS_UNCONNECTED_15' driven by pin 'g_pair_0__u_pair/u_gate/block_sum_o[6]' has no loads. (LINT-2)
Warning: In design 'stage1_tile', net 'g_pair_0__u_pair/SYNOPSYS_UNCONNECTED_14' driven by pin 'g_pair_0__u_pair/u_gate/block_sum_o[7]' has no loads. (LINT-2)
Warning: In design 'stage1_tile', net 'g_pair_0__u_pair/SYNOPSYS_UNCONNECTED_13' driven by pin 'g_pair_0__u_pair/u_gate/block_sum_o[8]' has no loads. (LINT-2)
Warning: In design 'stage1_tile', net 'g_pair_0__u_pair/SYNOPSYS_UNCONNECTED_12' driven by pin 'g_pair_0__u_pair/u_gate/block_sum_o[9]' has no loads. (LINT-2)
Warning: In design 'stage1_tile', net 'g_pair_0__u_pair/SYNOPSYS_UNCONNECTED_11' driven by pin 'g_pair_0__u_pair/u_gate/block_sum_o[10]' has no loads. (LINT-2)
Warning: In design 'stage1_tile', net 'g_pair_0__u_pair/SYNOPSYS_UNCONNECTED_10' driven by pin 'g_pair_0__u_pair/u_gate/block_sum_o[11]' has no loads. (LINT-2)
Warning: In design 'stage1_tile', net 'g_pair_0__u_pair/SYNOPSYS_UNCONNECTED_9' driven by pin 'g_pair_0__u_pair/u_gate/block_sum_o[12]' has no loads. (LINT-2)
Warning: In design 'stage1_tile', net 'g_pair_0__u_pair/SYNOPSYS_UNCONNECTED_8' driven by pin 'g_pair_0__u_pair/u_gate/block_sum_o[13]' has no loads. (LINT-2)
Warning: In design 'stage1_tile', net 'g_pair_0__u_pair/SYNOPSYS_UNCONNECTED_7' driven by pin 'g_pair_0__u_pair/u_gate/block_sum_o[14]' has no loads. (LINT-2)
Warning: In design 'stage1_tile', net 'g_pair_0__u_pair/SYNOPSYS_UNCONNECTED_6' driven by pin 'g_pair_0__u_pair/u_gate/block_sum_o[15]' has no loads. (LINT-2)
Warning: In design 'stage1_tile', net 'g_pair_0__u_pair/SYNOPSYS_UNCONNECTED_5' driven by pin 'g_pair_0__u_pair/u_gate/block_sum_o[16]' has no loads. (LINT-2)
Warning: In design 'stage1_tile', net 'g_pair_0__u_pair/SYNOPSYS_UNCONNECTED_4' driven by pin 'g_pair_0__u_pair/u_gate/block_sum_o[17]' has no loads. (LINT-2)
Warning: In design 'stage1_tile', net 'g_pair_0__u_pair/SYNOPSYS_UNCONNECTED_3' driven by pin 'g_pair_0__u_pair/u_gate/block_sum_o[18]' has no loads. (LINT-2)
Warning: In design 'stage1_tile', net 'g_pair_0__u_pair/SYNOPSYS_UNCONNECTED_2' driven by pin 'g_pair_0__u_pair/u_gate/block_sum_o[19]' has no loads. (LINT-2)
Warning: In design 'stage1_tile', net 'g_pair_0__u_pair/SYNOPSYS_UNCONNECTED_1' driven by pin 'g_pair_0__u_pair/u_gate/block_sum_o[20]' has no loads. (LINT-2)
Warning: In design 'stage1_tile', net 'g_pair_1__u_pair/SYNOPSYS_UNCONNECTED_42' driven by pin 'g_pair_1__u_pair/u_up/block_sum_o[0]' has no loads. (LINT-2)
Warning: In design 'stage1_tile', net 'g_pair_1__u_pair/SYNOPSYS_UNCONNECTED_41' driven by pin 'g_pair_1__u_pair/u_up/block_sum_o[1]' has no loads. (LINT-2)
Warning: In design 'stage1_tile', net 'g_pair_1__u_pair/SYNOPSYS_UNCONNECTED_40' driven by pin 'g_pair_1__u_pair/u_up/block_sum_o[2]' has no loads. (LINT-2)
Warning: In design 'stage1_tile', net 'g_pair_1__u_pair/SYNOPSYS_UNCONNECTED_39' driven by pin 'g_pair_1__u_pair/u_up/block_sum_o[3]' has no loads. (LINT-2)
Warning: In design 'stage1_tile', net 'g_pair_1__u_pair/SYNOPSYS_UNCONNECTED_38' driven by pin 'g_pair_1__u_pair/u_up/block_sum_o[4]' has no loads. (LINT-2)
Warning: In design 'stage1_tile', net 'g_pair_1__u_pair/SYNOPSYS_UNCONNECTED_37' driven by pin 'g_pair_1__u_pair/u_up/block_sum_o[5]' has no loads. (LINT-2)
Warning: In design 'stage1_tile', net 'g_pair_1__u_pair/SYNOPSYS_UNCONNECTED_36' driven by pin 'g_pair_1__u_pair/u_up/block_sum_o[6]' has no loads. (LINT-2)
Warning: In design 'stage1_tile', net 'g_pair_1__u_pair/SYNOPSYS_UNCONNECTED_35' driven by pin 'g_pair_1__u_pair/u_up/block_sum_o[7]' has no loads. (LINT-2)
Warning: In design 'stage1_tile', net 'g_pair_1__u_pair/SYNOPSYS_UNCONNECTED_34' driven by pin 'g_pair_1__u_pair/u_up/block_sum_o[8]' has no loads. (LINT-2)
Warning: In design 'stage1_tile', net 'g_pair_1__u_pair/SYNOPSYS_UNCONNECTED_33' driven by pin 'g_pair_1__u_pair/u_up/block_sum_o[9]' has no loads. (LINT-2)
Warning: In design 'stage1_tile', net 'g_pair_1__u_pair/SYNOPSYS_UNCONNECTED_32' driven by pin 'g_pair_1__u_pair/u_up/block_sum_o[10]' has no loads. (LINT-2)
Warning: In design 'stage1_tile', net 'g_pair_1__u_pair/SYNOPSYS_UNCONNECTED_31' driven by pin 'g_pair_1__u_pair/u_up/block_sum_o[11]' has no loads. (LINT-2)
Warning: In design 'stage1_tile', net 'g_pair_1__u_pair/SYNOPSYS_UNCONNECTED_30' driven by pin 'g_pair_1__u_pair/u_up/block_sum_o[12]' has no loads. (LINT-2)
Warning: In design 'stage1_tile', net 'g_pair_1__u_pair/SYNOPSYS_UNCONNECTED_29' driven by pin 'g_pair_1__u_pair/u_up/block_sum_o[13]' has no loads. (LINT-2)
Warning: In design 'stage1_tile', net 'g_pair_1__u_pair/SYNOPSYS_UNCONNECTED_28' driven by pin 'g_pair_1__u_pair/u_up/block_sum_o[14]' has no loads. (LINT-2)
Warning: In design 'stage1_tile', net 'g_pair_1__u_pair/SYNOPSYS_UNCONNECTED_27' driven by pin 'g_pair_1__u_pair/u_up/block_sum_o[15]' has no loads. (LINT-2)
Warning: In design 'stage1_tile', net 'g_pair_1__u_pair/SYNOPSYS_UNCONNECTED_26' driven by pin 'g_pair_1__u_pair/u_up/block_sum_o[16]' has no loads. (LINT-2)
Warning: In design 'stage1_tile', net 'g_pair_1__u_pair/SYNOPSYS_UNCONNECTED_25' driven by pin 'g_pair_1__u_pair/u_up/block_sum_o[17]' has no loads. (LINT-2)
Warning: In design 'stage1_tile', net 'g_pair_1__u_pair/SYNOPSYS_UNCONNECTED_24' driven by pin 'g_pair_1__u_pair/u_up/block_sum_o[18]' has no loads. (LINT-2)
Warning: In design 'stage1_tile', net 'g_pair_1__u_pair/SYNOPSYS_UNCONNECTED_23' driven by pin 'g_pair_1__u_pair/u_up/block_sum_o[19]' has no loads. (LINT-2)
Warning: In design 'stage1_tile', net 'g_pair_1__u_pair/SYNOPSYS_UNCONNECTED_22' driven by pin 'g_pair_1__u_pair/u_up/block_sum_o[20]' has no loads. (LINT-2)
Warning: In design 'stage1_tile', net 'g_pair_1__u_pair/SYNOPSYS_UNCONNECTED_21' driven by pin 'g_pair_1__u_pair/u_gate/block_sum_o[0]' has no loads. (LINT-2)
Warning: In design 'stage1_tile', net 'g_pair_1__u_pair/SYNOPSYS_UNCONNECTED_20' driven by pin 'g_pair_1__u_pair/u_gate/block_sum_o[1]' has no loads. (LINT-2)
Warning: In design 'stage1_tile', net 'g_pair_1__u_pair/SYNOPSYS_UNCONNECTED_19' driven by pin 'g_pair_1__u_pair/u_gate/block_sum_o[2]' has no loads. (LINT-2)
Warning: In design 'stage1_tile', net 'g_pair_1__u_pair/SYNOPSYS_UNCONNECTED_18' driven by pin 'g_pair_1__u_pair/u_gate/block_sum_o[3]' has no loads. (LINT-2)
Warning: In design 'stage1_tile', net 'g_pair_1__u_pair/SYNOPSYS_UNCONNECTED_17' driven by pin 'g_pair_1__u_pair/u_gate/block_sum_o[4]' has no loads. (LINT-2)
Warning: In design 'stage1_tile', net 'g_pair_1__u_pair/SYNOPSYS_UNCONNECTED_16' driven by pin 'g_pair_1__u_pair/u_gate/block_sum_o[5]' has no loads. (LINT-2)
Warning: In design 'stage1_tile', net 'g_pair_1__u_pair/SYNOPSYS_UNCONNECTED_15' driven by pin 'g_pair_1__u_pair/u_gate/block_sum_o[6]' has no loads. (LINT-2)
Warning: In design 'stage1_tile', net 'g_pair_1__u_pair/SYNOPSYS_UNCONNECTED_14' driven by pin 'g_pair_1__u_pair/u_gate/block_sum_o[7]' has no loads. (LINT-2)
Warning: In design 'stage1_tile', net 'g_pair_1__u_pair/SYNOPSYS_UNCONNECTED_13' driven by pin 'g_pair_1__u_pair/u_gate/block_sum_o[8]' has no loads. (LINT-2)
Warning: In design 'stage1_tile', net 'g_pair_1__u_pair/SYNOPSYS_UNCONNECTED_12' driven by pin 'g_pair_1__u_pair/u_gate/block_sum_o[9]' has no loads. (LINT-2)
Warning: In design 'stage1_tile', net 'g_pair_1__u_pair/SYNOPSYS_UNCONNECTED_11' driven by pin 'g_pair_1__u_pair/u_gate/block_sum_o[10]' has no loads. (LINT-2)
Warning: In design 'stage1_tile', net 'g_pair_1__u_pair/SYNOPSYS_UNCONNECTED_10' driven by pin 'g_pair_1__u_pair/u_gate/block_sum_o[11]' has no loads. (LINT-2)
Warning: In design 'stage1_tile', net 'g_pair_1__u_pair/SYNOPSYS_UNCONNECTED_9' driven by pin 'g_pair_1__u_pair/u_gate/block_sum_o[12]' has no loads. (LINT-2)
Warning: In design 'stage1_tile', net 'g_pair_1__u_pair/SYNOPSYS_UNCONNECTED_8' driven by pin 'g_pair_1__u_pair/u_gate/block_sum_o[13]' has no loads. (LINT-2)
Warning: In design 'stage1_tile', net 'g_pair_1__u_pair/SYNOPSYS_UNCONNECTED_7' driven by pin 'g_pair_1__u_pair/u_gate/block_sum_o[14]' has no loads. (LINT-2)
Warning: In design 'stage1_tile', net 'g_pair_1__u_pair/SYNOPSYS_UNCONNECTED_6' driven by pin 'g_pair_1__u_pair/u_gate/block_sum_o[15]' has no loads. (LINT-2)
Warning: In design 'stage1_tile', net 'g_pair_1__u_pair/SYNOPSYS_UNCONNECTED_5' driven by pin 'g_pair_1__u_pair/u_gate/block_sum_o[16]' has no loads. (LINT-2)
Warning: In design 'stage1_tile', net 'g_pair_1__u_pair/SYNOPSYS_UNCONNECTED_4' driven by pin 'g_pair_1__u_pair/u_gate/block_sum_o[17]' has no loads. (LINT-2)
Warning: In design 'stage1_tile', net 'g_pair_1__u_pair/SYNOPSYS_UNCONNECTED_3' driven by pin 'g_pair_1__u_pair/u_gate/block_sum_o[18]' has no loads. (LINT-2)
Warning: In design 'stage1_tile', net 'g_pair_1__u_pair/SYNOPSYS_UNCONNECTED_2' driven by pin 'g_pair_1__u_pair/u_gate/block_sum_o[19]' has no loads. (LINT-2)
Warning: In design 'stage1_tile', net 'g_pair_1__u_pair/SYNOPSYS_UNCONNECTED_1' driven by pin 'g_pair_1__u_pair/u_gate/block_sum_o[20]' has no loads. (LINT-2)
Warning: In design 'stage1_tile', net 'g_pair_0__u_pair/u_gate/add_x_33/B[19]' driven by pin 'g_pair_0__u_pair/u_gate/add_x_33/B[19]' has no loads. (LINT-2)
Warning: In design 'stage1_tile', net 'g_pair_0__u_pair/u_gate/add_x_33/A[19]' driven by pin 'g_pair_0__u_pair/u_gate/add_x_33/A[19]' has no loads. (LINT-2)
Warning: In design 'stage1_tile', net 'g_pair_1__u_pair/u_gate/add_x_33/B[19]' driven by pin 'g_pair_1__u_pair/u_gate/add_x_33/B[19]' has no loads. (LINT-2)
Warning: In design 'stage1_tile', net 'g_pair_1__u_pair/u_gate/add_x_33/A[19]' driven by pin 'g_pair_1__u_pair/u_gate/add_x_33/A[19]' has no loads. (LINT-2)
Warning: In design 'stage1_tile', net 'g_pair_0__u_pair/u_up/add_x_33/B[19]' driven by pin 'g_pair_0__u_pair/u_up/add_x_33/B[19]' has no loads. (LINT-2)
Warning: In design 'stage1_tile', net 'g_pair_0__u_pair/u_up/add_x_33/A[19]' driven by pin 'g_pair_0__u_pair/u_up/add_x_33/A[19]' has no loads. (LINT-2)
Warning: In design 'stage1_tile', net 'g_pair_7__u_pair/SYNOPSYS_UNCONNECTED_42' driven by pin 'g_pair_7__u_pair/u_up/block_sum_o[0]' has no loads. (LINT-2)
Warning: In design 'stage1_tile', net 'g_pair_7__u_pair/SYNOPSYS_UNCONNECTED_41' driven by pin 'g_pair_7__u_pair/u_up/block_sum_o[1]' has no loads. (LINT-2)
Warning: In design 'stage1_tile', net 'g_pair_7__u_pair/SYNOPSYS_UNCONNECTED_40' driven by pin 'g_pair_7__u_pair/u_up/block_sum_o[2]' has no loads. (LINT-2)
Warning: In design 'stage1_tile', net 'g_pair_7__u_pair/SYNOPSYS_UNCONNECTED_39' driven by pin 'g_pair_7__u_pair/u_up/block_sum_o[3]' has no loads. (LINT-2)
Warning: In design 'stage1_tile', net 'g_pair_7__u_pair/SYNOPSYS_UNCONNECTED_38' driven by pin 'g_pair_7__u_pair/u_up/block_sum_o[4]' has no loads. (LINT-2)
Warning: In design 'stage1_tile', net 'g_pair_7__u_pair/SYNOPSYS_UNCONNECTED_37' driven by pin 'g_pair_7__u_pair/u_up/block_sum_o[5]' has no loads. (LINT-2)
Warning: In design 'stage1_tile', net 'g_pair_7__u_pair/SYNOPSYS_UNCONNECTED_36' driven by pin 'g_pair_7__u_pair/u_up/block_sum_o[6]' has no loads. (LINT-2)
Warning: In design 'stage1_tile', net 'g_pair_7__u_pair/SYNOPSYS_UNCONNECTED_35' driven by pin 'g_pair_7__u_pair/u_up/block_sum_o[7]' has no loads. (LINT-2)
Warning: In design 'stage1_tile', net 'g_pair_7__u_pair/SYNOPSYS_UNCONNECTED_34' driven by pin 'g_pair_7__u_pair/u_up/block_sum_o[8]' has no loads. (LINT-2)
Warning: In design 'stage1_tile', net 'g_pair_7__u_pair/SYNOPSYS_UNCONNECTED_33' driven by pin 'g_pair_7__u_pair/u_up/block_sum_o[9]' has no loads. (LINT-2)
Warning: In design 'stage1_tile', net 'g_pair_7__u_pair/SYNOPSYS_UNCONNECTED_32' driven by pin 'g_pair_7__u_pair/u_up/block_sum_o[10]' has no loads. (LINT-2)
Warning: In design 'stage1_tile', net 'g_pair_7__u_pair/SYNOPSYS_UNCONNECTED_31' driven by pin 'g_pair_7__u_pair/u_up/block_sum_o[11]' has no loads. (LINT-2)
Warning: In design 'stage1_tile', net 'g_pair_7__u_pair/SYNOPSYS_UNCONNECTED_30' driven by pin 'g_pair_7__u_pair/u_up/block_sum_o[12]' has no loads. (LINT-2)
Warning: In design 'stage1_tile', net 'g_pair_7__u_pair/SYNOPSYS_UNCONNECTED_29' driven by pin 'g_pair_7__u_pair/u_up/block_sum_o[13]' has no loads. (LINT-2)
Warning: In design 'stage1_tile', net 'g_pair_7__u_pair/SYNOPSYS_UNCONNECTED_28' driven by pin 'g_pair_7__u_pair/u_up/block_sum_o[14]' has no loads. (LINT-2)
Warning: In design 'stage1_tile', net 'g_pair_7__u_pair/SYNOPSYS_UNCONNECTED_27' driven by pin 'g_pair_7__u_pair/u_up/block_sum_o[15]' has no loads. (LINT-2)
Warning: In design 'stage1_tile', net 'g_pair_7__u_pair/SYNOPSYS_UNCONNECTED_26' driven by pin 'g_pair_7__u_pair/u_up/block_sum_o[16]' has no loads. (LINT-2)
Warning: In design 'stage1_tile', net 'g_pair_7__u_pair/SYNOPSYS_UNCONNECTED_25' driven by pin 'g_pair_7__u_pair/u_up/block_sum_o[17]' has no loads. (LINT-2)
Warning: In design 'stage1_tile', net 'g_pair_7__u_pair/SYNOPSYS_UNCONNECTED_24' driven by pin 'g_pair_7__u_pair/u_up/block_sum_o[18]' has no loads. (LINT-2)
Warning: In design 'stage1_tile', net 'g_pair_7__u_pair/SYNOPSYS_UNCONNECTED_23' driven by pin 'g_pair_7__u_pair/u_up/block_sum_o[19]' has no loads. (LINT-2)
Warning: In design 'stage1_tile', net 'g_pair_7__u_pair/SYNOPSYS_UNCONNECTED_22' driven by pin 'g_pair_7__u_pair/u_up/block_sum_o[20]' has no loads. (LINT-2)
Warning: In design 'stage1_tile', net 'g_pair_7__u_pair/SYNOPSYS_UNCONNECTED_21' driven by pin 'g_pair_7__u_pair/u_gate/block_sum_o[0]' has no loads. (LINT-2)
Warning: In design 'stage1_tile', net 'g_pair_7__u_pair/SYNOPSYS_UNCONNECTED_20' driven by pin 'g_pair_7__u_pair/u_gate/block_sum_o[1]' has no loads. (LINT-2)
Warning: In design 'stage1_tile', net 'g_pair_7__u_pair/SYNOPSYS_UNCONNECTED_19' driven by pin 'g_pair_7__u_pair/u_gate/block_sum_o[2]' has no loads. (LINT-2)
Warning: In design 'stage1_tile', net 'g_pair_7__u_pair/SYNOPSYS_UNCONNECTED_18' driven by pin 'g_pair_7__u_pair/u_gate/block_sum_o[3]' has no loads. (LINT-2)
Warning: In design 'stage1_tile', net 'g_pair_7__u_pair/SYNOPSYS_UNCONNECTED_17' driven by pin 'g_pair_7__u_pair/u_gate/block_sum_o[4]' has no loads. (LINT-2)
Warning: In design 'stage1_tile', net 'g_pair_7__u_pair/SYNOPSYS_UNCONNECTED_16' driven by pin 'g_pair_7__u_pair/u_gate/block_sum_o[5]' has no loads. (LINT-2)
Warning: In design 'stage1_tile', net 'g_pair_7__u_pair/SYNOPSYS_UNCONNECTED_15' driven by pin 'g_pair_7__u_pair/u_gate/block_sum_o[6]' has no loads. (LINT-2)
Warning: In design 'stage1_tile', net 'g_pair_7__u_pair/SYNOPSYS_UNCONNECTED_14' driven by pin 'g_pair_7__u_pair/u_gate/block_sum_o[7]' has no loads. (LINT-2)
Warning: In design 'stage1_tile', net 'g_pair_7__u_pair/SYNOPSYS_UNCONNECTED_13' driven by pin 'g_pair_7__u_pair/u_gate/block_sum_o[8]' has no loads. (LINT-2)
Warning: In design 'stage1_tile', net 'g_pair_7__u_pair/SYNOPSYS_UNCONNECTED_12' driven by pin 'g_pair_7__u_pair/u_gate/block_sum_o[9]' has no loads. (LINT-2)
Warning: In design 'stage1_tile', net 'g_pair_7__u_pair/SYNOPSYS_UNCONNECTED_11' driven by pin 'g_pair_7__u_pair/u_gate/block_sum_o[10]' has no loads. (LINT-2)
Warning: In design 'stage1_tile', net 'g_pair_7__u_pair/SYNOPSYS_UNCONNECTED_10' driven by pin 'g_pair_7__u_pair/u_gate/block_sum_o[11]' has no loads. (LINT-2)
Warning: In design 'stage1_tile', net 'g_pair_7__u_pair/SYNOPSYS_UNCONNECTED_9' driven by pin 'g_pair_7__u_pair/u_gate/block_sum_o[12]' has no loads. (LINT-2)
Warning: In design 'stage1_tile', net 'g_pair_7__u_pair/SYNOPSYS_UNCONNECTED_8' driven by pin 'g_pair_7__u_pair/u_gate/block_sum_o[13]' has no loads. (LINT-2)
Warning: In design 'stage1_tile', net 'g_pair_7__u_pair/SYNOPSYS_UNCONNECTED_7' driven by pin 'g_pair_7__u_pair/u_gate/block_sum_o[14]' has no loads. (LINT-2)
Warning: In design 'stage1_tile', net 'g_pair_7__u_pair/SYNOPSYS_UNCONNECTED_6' driven by pin 'g_pair_7__u_pair/u_gate/block_sum_o[15]' has no loads. (LINT-2)
Warning: In design 'stage1_tile', net 'g_pair_7__u_pair/SYNOPSYS_UNCONNECTED_5' driven by pin 'g_pair_7__u_pair/u_gate/block_sum_o[16]' has no loads. (LINT-2)
Warning: In design 'stage1_tile', net 'g_pair_7__u_pair/SYNOPSYS_UNCONNECTED_4' driven by pin 'g_pair_7__u_pair/u_gate/block_sum_o[17]' has no loads. (LINT-2)
Warning: In design 'stage1_tile', net 'g_pair_7__u_pair/SYNOPSYS_UNCONNECTED_3' driven by pin 'g_pair_7__u_pair/u_gate/block_sum_o[18]' has no loads. (LINT-2)
Warning: In design 'stage1_tile', net 'g_pair_7__u_pair/SYNOPSYS_UNCONNECTED_2' driven by pin 'g_pair_7__u_pair/u_gate/block_sum_o[19]' has no loads. (LINT-2)
Warning: In design 'stage1_tile', net 'g_pair_7__u_pair/SYNOPSYS_UNCONNECTED_1' driven by pin 'g_pair_7__u_pair/u_gate/block_sum_o[20]' has no loads. (LINT-2)
Warning: In design 'stage1_tile', net 'g_pair_6__u_pair/SYNOPSYS_UNCONNECTED_42' driven by pin 'g_pair_6__u_pair/u_up/block_sum_o[0]' has no loads. (LINT-2)
Warning: In design 'stage1_tile', net 'g_pair_6__u_pair/SYNOPSYS_UNCONNECTED_41' driven by pin 'g_pair_6__u_pair/u_up/block_sum_o[1]' has no loads. (LINT-2)
Warning: In design 'stage1_tile', net 'g_pair_6__u_pair/SYNOPSYS_UNCONNECTED_40' driven by pin 'g_pair_6__u_pair/u_up/block_sum_o[2]' has no loads. (LINT-2)
Warning: In design 'stage1_tile', net 'g_pair_6__u_pair/SYNOPSYS_UNCONNECTED_39' driven by pin 'g_pair_6__u_pair/u_up/block_sum_o[3]' has no loads. (LINT-2)
Warning: In design 'stage1_tile', net 'g_pair_6__u_pair/SYNOPSYS_UNCONNECTED_38' driven by pin 'g_pair_6__u_pair/u_up/block_sum_o[4]' has no loads. (LINT-2)
Warning: In design 'stage1_tile', net 'g_pair_6__u_pair/SYNOPSYS_UNCONNECTED_37' driven by pin 'g_pair_6__u_pair/u_up/block_sum_o[5]' has no loads. (LINT-2)
Warning: In design 'stage1_tile', net 'g_pair_6__u_pair/SYNOPSYS_UNCONNECTED_36' driven by pin 'g_pair_6__u_pair/u_up/block_sum_o[6]' has no loads. (LINT-2)
Warning: In design 'stage1_tile', net 'g_pair_6__u_pair/SYNOPSYS_UNCONNECTED_35' driven by pin 'g_pair_6__u_pair/u_up/block_sum_o[7]' has no loads. (LINT-2)
Warning: In design 'stage1_tile', net 'g_pair_6__u_pair/SYNOPSYS_UNCONNECTED_34' driven by pin 'g_pair_6__u_pair/u_up/block_sum_o[8]' has no loads. (LINT-2)
Warning: In design 'stage1_tile', net 'g_pair_6__u_pair/SYNOPSYS_UNCONNECTED_33' driven by pin 'g_pair_6__u_pair/u_up/block_sum_o[9]' has no loads. (LINT-2)
Warning: In design 'stage1_tile', net 'g_pair_6__u_pair/SYNOPSYS_UNCONNECTED_32' driven by pin 'g_pair_6__u_pair/u_up/block_sum_o[10]' has no loads. (LINT-2)
Warning: In design 'stage1_tile', net 'g_pair_6__u_pair/SYNOPSYS_UNCONNECTED_31' driven by pin 'g_pair_6__u_pair/u_up/block_sum_o[11]' has no loads. (LINT-2)
Warning: In design 'stage1_tile', net 'g_pair_6__u_pair/SYNOPSYS_UNCONNECTED_30' driven by pin 'g_pair_6__u_pair/u_up/block_sum_o[12]' has no loads. (LINT-2)
Warning: In design 'stage1_tile', net 'g_pair_6__u_pair/SYNOPSYS_UNCONNECTED_29' driven by pin 'g_pair_6__u_pair/u_up/block_sum_o[13]' has no loads. (LINT-2)
Warning: In design 'stage1_tile', net 'g_pair_6__u_pair/SYNOPSYS_UNCONNECTED_28' driven by pin 'g_pair_6__u_pair/u_up/block_sum_o[14]' has no loads. (LINT-2)
Warning: In design 'stage1_tile', net 'g_pair_6__u_pair/SYNOPSYS_UNCONNECTED_27' driven by pin 'g_pair_6__u_pair/u_up/block_sum_o[15]' has no loads. (LINT-2)
Warning: In design 'stage1_tile', net 'g_pair_6__u_pair/SYNOPSYS_UNCONNECTED_26' driven by pin 'g_pair_6__u_pair/u_up/block_sum_o[16]' has no loads. (LINT-2)
Warning: In design 'stage1_tile', net 'g_pair_6__u_pair/SYNOPSYS_UNCONNECTED_25' driven by pin 'g_pair_6__u_pair/u_up/block_sum_o[17]' has no loads. (LINT-2)
Warning: In design 'stage1_tile', net 'g_pair_6__u_pair/SYNOPSYS_UNCONNECTED_24' driven by pin 'g_pair_6__u_pair/u_up/block_sum_o[18]' has no loads. (LINT-2)
Warning: In design 'stage1_tile', net 'g_pair_6__u_pair/SYNOPSYS_UNCONNECTED_23' driven by pin 'g_pair_6__u_pair/u_up/block_sum_o[19]' has no loads. (LINT-2)
Warning: In design 'stage1_tile', net 'g_pair_6__u_pair/SYNOPSYS_UNCONNECTED_22' driven by pin 'g_pair_6__u_pair/u_up/block_sum_o[20]' has no loads. (LINT-2)
Warning: In design 'stage1_tile', net 'g_pair_6__u_pair/SYNOPSYS_UNCONNECTED_21' driven by pin 'g_pair_6__u_pair/u_gate/block_sum_o[0]' has no loads. (LINT-2)
Warning: In design 'stage1_tile', net 'g_pair_6__u_pair/SYNOPSYS_UNCONNECTED_20' driven by pin 'g_pair_6__u_pair/u_gate/block_sum_o[1]' has no loads. (LINT-2)
Warning: In design 'stage1_tile', net 'g_pair_6__u_pair/SYNOPSYS_UNCONNECTED_19' driven by pin 'g_pair_6__u_pair/u_gate/block_sum_o[2]' has no loads. (LINT-2)
Warning: In design 'stage1_tile', net 'g_pair_6__u_pair/SYNOPSYS_UNCONNECTED_18' driven by pin 'g_pair_6__u_pair/u_gate/block_sum_o[3]' has no loads. (LINT-2)
Warning: In design 'stage1_tile', net 'g_pair_6__u_pair/SYNOPSYS_UNCONNECTED_17' driven by pin 'g_pair_6__u_pair/u_gate/block_sum_o[4]' has no loads. (LINT-2)
Warning: In design 'stage1_tile', net 'g_pair_6__u_pair/SYNOPSYS_UNCONNECTED_16' driven by pin 'g_pair_6__u_pair/u_gate/block_sum_o[5]' has no loads. (LINT-2)
Warning: In design 'stage1_tile', net 'g_pair_6__u_pair/SYNOPSYS_UNCONNECTED_15' driven by pin 'g_pair_6__u_pair/u_gate/block_sum_o[6]' has no loads. (LINT-2)
Warning: In design 'stage1_tile', net 'g_pair_6__u_pair/SYNOPSYS_UNCONNECTED_14' driven by pin 'g_pair_6__u_pair/u_gate/block_sum_o[7]' has no loads. (LINT-2)
Warning: In design 'stage1_tile', net 'g_pair_6__u_pair/SYNOPSYS_UNCONNECTED_13' driven by pin 'g_pair_6__u_pair/u_gate/block_sum_o[8]' has no loads. (LINT-2)
Warning: In design 'stage1_tile', net 'g_pair_6__u_pair/SYNOPSYS_UNCONNECTED_12' driven by pin 'g_pair_6__u_pair/u_gate/block_sum_o[9]' has no loads. (LINT-2)
Warning: In design 'stage1_tile', net 'g_pair_6__u_pair/SYNOPSYS_UNCONNECTED_11' driven by pin 'g_pair_6__u_pair/u_gate/block_sum_o[10]' has no loads. (LINT-2)
Warning: In design 'stage1_tile', net 'g_pair_6__u_pair/SYNOPSYS_UNCONNECTED_10' driven by pin 'g_pair_6__u_pair/u_gate/block_sum_o[11]' has no loads. (LINT-2)
Warning: In design 'stage1_tile', net 'g_pair_6__u_pair/SYNOPSYS_UNCONNECTED_9' driven by pin 'g_pair_6__u_pair/u_gate/block_sum_o[12]' has no loads. (LINT-2)
Warning: In design 'stage1_tile', net 'g_pair_6__u_pair/SYNOPSYS_UNCONNECTED_8' driven by pin 'g_pair_6__u_pair/u_gate/block_sum_o[13]' has no loads. (LINT-2)
Warning: In design 'stage1_tile', net 'g_pair_6__u_pair/SYNOPSYS_UNCONNECTED_7' driven by pin 'g_pair_6__u_pair/u_gate/block_sum_o[14]' has no loads. (LINT-2)
Warning: In design 'stage1_tile', net 'g_pair_6__u_pair/SYNOPSYS_UNCONNECTED_6' driven by pin 'g_pair_6__u_pair/u_gate/block_sum_o[15]' has no loads. (LINT-2)
Warning: In design 'stage1_tile', net 'g_pair_6__u_pair/SYNOPSYS_UNCONNECTED_5' driven by pin 'g_pair_6__u_pair/u_gate/block_sum_o[16]' has no loads. (LINT-2)
Warning: In design 'stage1_tile', net 'g_pair_6__u_pair/SYNOPSYS_UNCONNECTED_4' driven by pin 'g_pair_6__u_pair/u_gate/block_sum_o[17]' has no loads. (LINT-2)
Warning: In design 'stage1_tile', net 'g_pair_6__u_pair/SYNOPSYS_UNCONNECTED_3' driven by pin 'g_pair_6__u_pair/u_gate/block_sum_o[18]' has no loads. (LINT-2)
Warning: In design 'stage1_tile', net 'g_pair_6__u_pair/SYNOPSYS_UNCONNECTED_2' driven by pin 'g_pair_6__u_pair/u_gate/block_sum_o[19]' has no loads. (LINT-2)
Warning: In design 'stage1_tile', net 'g_pair_6__u_pair/SYNOPSYS_UNCONNECTED_1' driven by pin 'g_pair_6__u_pair/u_gate/block_sum_o[20]' has no loads. (LINT-2)
Warning: In design 'stage1_tile', net 'g_pair_5__u_pair/SYNOPSYS_UNCONNECTED_42' driven by pin 'g_pair_5__u_pair/u_up/block_sum_o[0]' has no loads. (LINT-2)
Warning: In design 'stage1_tile', net 'g_pair_5__u_pair/SYNOPSYS_UNCONNECTED_41' driven by pin 'g_pair_5__u_pair/u_up/block_sum_o[1]' has no loads. (LINT-2)
Warning: In design 'stage1_tile', net 'g_pair_5__u_pair/SYNOPSYS_UNCONNECTED_40' driven by pin 'g_pair_5__u_pair/u_up/block_sum_o[2]' has no loads. (LINT-2)
Warning: In design 'stage1_tile', net 'g_pair_5__u_pair/SYNOPSYS_UNCONNECTED_39' driven by pin 'g_pair_5__u_pair/u_up/block_sum_o[3]' has no loads. (LINT-2)
Warning: In design 'stage1_tile', net 'g_pair_5__u_pair/SYNOPSYS_UNCONNECTED_38' driven by pin 'g_pair_5__u_pair/u_up/block_sum_o[4]' has no loads. (LINT-2)
Warning: In design 'stage1_tile', net 'g_pair_5__u_pair/SYNOPSYS_UNCONNECTED_37' driven by pin 'g_pair_5__u_pair/u_up/block_sum_o[5]' has no loads. (LINT-2)
Warning: In design 'stage1_tile', net 'g_pair_5__u_pair/SYNOPSYS_UNCONNECTED_36' driven by pin 'g_pair_5__u_pair/u_up/block_sum_o[6]' has no loads. (LINT-2)
Warning: In design 'stage1_tile', net 'g_pair_5__u_pair/SYNOPSYS_UNCONNECTED_35' driven by pin 'g_pair_5__u_pair/u_up/block_sum_o[7]' has no loads. (LINT-2)
Warning: In design 'stage1_tile', net 'g_pair_5__u_pair/SYNOPSYS_UNCONNECTED_34' driven by pin 'g_pair_5__u_pair/u_up/block_sum_o[8]' has no loads. (LINT-2)
Warning: In design 'stage1_tile', net 'g_pair_5__u_pair/SYNOPSYS_UNCONNECTED_33' driven by pin 'g_pair_5__u_pair/u_up/block_sum_o[9]' has no loads. (LINT-2)
Warning: In design 'stage1_tile', net 'g_pair_5__u_pair/SYNOPSYS_UNCONNECTED_32' driven by pin 'g_pair_5__u_pair/u_up/block_sum_o[10]' has no loads. (LINT-2)
Warning: In design 'stage1_tile', net 'g_pair_5__u_pair/SYNOPSYS_UNCONNECTED_31' driven by pin 'g_pair_5__u_pair/u_up/block_sum_o[11]' has no loads. (LINT-2)
Warning: In design 'stage1_tile', net 'g_pair_5__u_pair/SYNOPSYS_UNCONNECTED_30' driven by pin 'g_pair_5__u_pair/u_up/block_sum_o[12]' has no loads. (LINT-2)
Warning: In design 'stage1_tile', net 'g_pair_5__u_pair/SYNOPSYS_UNCONNECTED_29' driven by pin 'g_pair_5__u_pair/u_up/block_sum_o[13]' has no loads. (LINT-2)
Warning: In design 'stage1_tile', net 'g_pair_5__u_pair/SYNOPSYS_UNCONNECTED_28' driven by pin 'g_pair_5__u_pair/u_up/block_sum_o[14]' has no loads. (LINT-2)
Warning: In design 'stage1_tile', net 'g_pair_5__u_pair/SYNOPSYS_UNCONNECTED_27' driven by pin 'g_pair_5__u_pair/u_up/block_sum_o[15]' has no loads. (LINT-2)
Warning: In design 'stage1_tile', net 'g_pair_5__u_pair/SYNOPSYS_UNCONNECTED_26' driven by pin 'g_pair_5__u_pair/u_up/block_sum_o[16]' has no loads. (LINT-2)
Warning: In design 'stage1_tile', net 'g_pair_5__u_pair/SYNOPSYS_UNCONNECTED_25' driven by pin 'g_pair_5__u_pair/u_up/block_sum_o[17]' has no loads. (LINT-2)
Warning: In design 'stage1_tile', net 'g_pair_5__u_pair/SYNOPSYS_UNCONNECTED_24' driven by pin 'g_pair_5__u_pair/u_up/block_sum_o[18]' has no loads. (LINT-2)
Warning: In design 'stage1_tile', net 'g_pair_5__u_pair/SYNOPSYS_UNCONNECTED_23' driven by pin 'g_pair_5__u_pair/u_up/block_sum_o[19]' has no loads. (LINT-2)
Warning: In design 'stage1_tile', net 'g_pair_5__u_pair/SYNOPSYS_UNCONNECTED_22' driven by pin 'g_pair_5__u_pair/u_up/block_sum_o[20]' has no loads. (LINT-2)
Warning: In design 'stage1_tile', net 'g_pair_5__u_pair/SYNOPSYS_UNCONNECTED_21' driven by pin 'g_pair_5__u_pair/u_gate/block_sum_o[0]' has no loads. (LINT-2)
Warning: In design 'stage1_tile', net 'g_pair_5__u_pair/SYNOPSYS_UNCONNECTED_20' driven by pin 'g_pair_5__u_pair/u_gate/block_sum_o[1]' has no loads. (LINT-2)
Warning: In design 'stage1_tile', net 'g_pair_5__u_pair/SYNOPSYS_UNCONNECTED_19' driven by pin 'g_pair_5__u_pair/u_gate/block_sum_o[2]' has no loads. (LINT-2)
Warning: In design 'stage1_tile', net 'g_pair_5__u_pair/SYNOPSYS_UNCONNECTED_18' driven by pin 'g_pair_5__u_pair/u_gate/block_sum_o[3]' has no loads. (LINT-2)
Warning: In design 'stage1_tile', net 'g_pair_5__u_pair/SYNOPSYS_UNCONNECTED_17' driven by pin 'g_pair_5__u_pair/u_gate/block_sum_o[4]' has no loads. (LINT-2)
Warning: In design 'stage1_tile', net 'g_pair_5__u_pair/SYNOPSYS_UNCONNECTED_16' driven by pin 'g_pair_5__u_pair/u_gate/block_sum_o[5]' has no loads. (LINT-2)
Warning: In design 'stage1_tile', net 'g_pair_5__u_pair/SYNOPSYS_UNCONNECTED_15' driven by pin 'g_pair_5__u_pair/u_gate/block_sum_o[6]' has no loads. (LINT-2)
Warning: In design 'stage1_tile', net 'g_pair_5__u_pair/SYNOPSYS_UNCONNECTED_14' driven by pin 'g_pair_5__u_pair/u_gate/block_sum_o[7]' has no loads. (LINT-2)
Warning: In design 'stage1_tile', net 'g_pair_5__u_pair/SYNOPSYS_UNCONNECTED_13' driven by pin 'g_pair_5__u_pair/u_gate/block_sum_o[8]' has no loads. (LINT-2)
Warning: In design 'stage1_tile', net 'g_pair_5__u_pair/SYNOPSYS_UNCONNECTED_12' driven by pin 'g_pair_5__u_pair/u_gate/block_sum_o[9]' has no loads. (LINT-2)
Warning: In design 'stage1_tile', net 'g_pair_5__u_pair/SYNOPSYS_UNCONNECTED_11' driven by pin 'g_pair_5__u_pair/u_gate/block_sum_o[10]' has no loads. (LINT-2)
Warning: In design 'stage1_tile', net 'g_pair_5__u_pair/SYNOPSYS_UNCONNECTED_10' driven by pin 'g_pair_5__u_pair/u_gate/block_sum_o[11]' has no loads. (LINT-2)
Warning: In design 'stage1_tile', net 'g_pair_5__u_pair/SYNOPSYS_UNCONNECTED_9' driven by pin 'g_pair_5__u_pair/u_gate/block_sum_o[12]' has no loads. (LINT-2)
Warning: In design 'stage1_tile', net 'g_pair_5__u_pair/SYNOPSYS_UNCONNECTED_8' driven by pin 'g_pair_5__u_pair/u_gate/block_sum_o[13]' has no loads. (LINT-2)
Warning: In design 'stage1_tile', net 'g_pair_5__u_pair/SYNOPSYS_UNCONNECTED_7' driven by pin 'g_pair_5__u_pair/u_gate/block_sum_o[14]' has no loads. (LINT-2)
Warning: In design 'stage1_tile', net 'g_pair_5__u_pair/SYNOPSYS_UNCONNECTED_6' driven by pin 'g_pair_5__u_pair/u_gate/block_sum_o[15]' has no loads. (LINT-2)
Warning: In design 'stage1_tile', net 'g_pair_5__u_pair/SYNOPSYS_UNCONNECTED_5' driven by pin 'g_pair_5__u_pair/u_gate/block_sum_o[16]' has no loads. (LINT-2)
Warning: In design 'stage1_tile', net 'g_pair_5__u_pair/SYNOPSYS_UNCONNECTED_4' driven by pin 'g_pair_5__u_pair/u_gate/block_sum_o[17]' has no loads. (LINT-2)
Warning: In design 'stage1_tile', net 'g_pair_5__u_pair/SYNOPSYS_UNCONNECTED_3' driven by pin 'g_pair_5__u_pair/u_gate/block_sum_o[18]' has no loads. (LINT-2)
Warning: In design 'stage1_tile', net 'g_pair_5__u_pair/SYNOPSYS_UNCONNECTED_2' driven by pin 'g_pair_5__u_pair/u_gate/block_sum_o[19]' has no loads. (LINT-2)
Warning: In design 'stage1_tile', net 'g_pair_5__u_pair/SYNOPSYS_UNCONNECTED_1' driven by pin 'g_pair_5__u_pair/u_gate/block_sum_o[20]' has no loads. (LINT-2)
Warning: In design 'stage1_tile', net 'g_pair_4__u_pair/SYNOPSYS_UNCONNECTED_42' driven by pin 'g_pair_4__u_pair/u_up/block_sum_o[0]' has no loads. (LINT-2)
Warning: In design 'stage1_tile', net 'g_pair_4__u_pair/SYNOPSYS_UNCONNECTED_41' driven by pin 'g_pair_4__u_pair/u_up/block_sum_o[1]' has no loads. (LINT-2)
Warning: In design 'stage1_tile', net 'g_pair_4__u_pair/SYNOPSYS_UNCONNECTED_40' driven by pin 'g_pair_4__u_pair/u_up/block_sum_o[2]' has no loads. (LINT-2)
Warning: In design 'stage1_tile', net 'g_pair_4__u_pair/SYNOPSYS_UNCONNECTED_39' driven by pin 'g_pair_4__u_pair/u_up/block_sum_o[3]' has no loads. (LINT-2)
Warning: In design 'stage1_tile', net 'g_pair_4__u_pair/SYNOPSYS_UNCONNECTED_38' driven by pin 'g_pair_4__u_pair/u_up/block_sum_o[4]' has no loads. (LINT-2)
Warning: In design 'stage1_tile', net 'g_pair_4__u_pair/SYNOPSYS_UNCONNECTED_37' driven by pin 'g_pair_4__u_pair/u_up/block_sum_o[5]' has no loads. (LINT-2)
Warning: In design 'stage1_tile', net 'g_pair_4__u_pair/SYNOPSYS_UNCONNECTED_36' driven by pin 'g_pair_4__u_pair/u_up/block_sum_o[6]' has no loads. (LINT-2)
Warning: In design 'stage1_tile', net 'g_pair_4__u_pair/SYNOPSYS_UNCONNECTED_35' driven by pin 'g_pair_4__u_pair/u_up/block_sum_o[7]' has no loads. (LINT-2)
Warning: In design 'stage1_tile', net 'g_pair_4__u_pair/SYNOPSYS_UNCONNECTED_34' driven by pin 'g_pair_4__u_pair/u_up/block_sum_o[8]' has no loads. (LINT-2)
Warning: In design 'stage1_tile', net 'g_pair_4__u_pair/SYNOPSYS_UNCONNECTED_33' driven by pin 'g_pair_4__u_pair/u_up/block_sum_o[9]' has no loads. (LINT-2)
Warning: In design 'stage1_tile', net 'g_pair_4__u_pair/SYNOPSYS_UNCONNECTED_32' driven by pin 'g_pair_4__u_pair/u_up/block_sum_o[10]' has no loads. (LINT-2)
Warning: In design 'stage1_tile', net 'g_pair_4__u_pair/SYNOPSYS_UNCONNECTED_31' driven by pin 'g_pair_4__u_pair/u_up/block_sum_o[11]' has no loads. (LINT-2)
Warning: In design 'stage1_tile', net 'g_pair_4__u_pair/SYNOPSYS_UNCONNECTED_30' driven by pin 'g_pair_4__u_pair/u_up/block_sum_o[12]' has no loads. (LINT-2)
Warning: In design 'stage1_tile', net 'g_pair_4__u_pair/SYNOPSYS_UNCONNECTED_29' driven by pin 'g_pair_4__u_pair/u_up/block_sum_o[13]' has no loads. (LINT-2)
Warning: In design 'stage1_tile', net 'g_pair_4__u_pair/SYNOPSYS_UNCONNECTED_28' driven by pin 'g_pair_4__u_pair/u_up/block_sum_o[14]' has no loads. (LINT-2)
Warning: In design 'stage1_tile', net 'g_pair_4__u_pair/SYNOPSYS_UNCONNECTED_27' driven by pin 'g_pair_4__u_pair/u_up/block_sum_o[15]' has no loads. (LINT-2)
Warning: In design 'stage1_tile', net 'g_pair_4__u_pair/SYNOPSYS_UNCONNECTED_26' driven by pin 'g_pair_4__u_pair/u_up/block_sum_o[16]' has no loads. (LINT-2)
Warning: In design 'stage1_tile', net 'g_pair_4__u_pair/SYNOPSYS_UNCONNECTED_25' driven by pin 'g_pair_4__u_pair/u_up/block_sum_o[17]' has no loads. (LINT-2)
Warning: In design 'stage1_tile', net 'g_pair_4__u_pair/SYNOPSYS_UNCONNECTED_24' driven by pin 'g_pair_4__u_pair/u_up/block_sum_o[18]' has no loads. (LINT-2)
Warning: In design 'stage1_tile', net 'g_pair_4__u_pair/SYNOPSYS_UNCONNECTED_23' driven by pin 'g_pair_4__u_pair/u_up/block_sum_o[19]' has no loads. (LINT-2)
Warning: In design 'stage1_tile', net 'g_pair_4__u_pair/SYNOPSYS_UNCONNECTED_22' driven by pin 'g_pair_4__u_pair/u_up/block_sum_o[20]' has no loads. (LINT-2)
Warning: In design 'stage1_tile', net 'g_pair_4__u_pair/SYNOPSYS_UNCONNECTED_21' driven by pin 'g_pair_4__u_pair/u_gate/block_sum_o[0]' has no loads. (LINT-2)
Warning: In design 'stage1_tile', net 'g_pair_4__u_pair/SYNOPSYS_UNCONNECTED_20' driven by pin 'g_pair_4__u_pair/u_gate/block_sum_o[1]' has no loads. (LINT-2)
Warning: In design 'stage1_tile', net 'g_pair_4__u_pair/SYNOPSYS_UNCONNECTED_19' driven by pin 'g_pair_4__u_pair/u_gate/block_sum_o[2]' has no loads. (LINT-2)
Warning: In design 'stage1_tile', net 'g_pair_4__u_pair/SYNOPSYS_UNCONNECTED_18' driven by pin 'g_pair_4__u_pair/u_gate/block_sum_o[3]' has no loads. (LINT-2)
Warning: In design 'stage1_tile', net 'g_pair_4__u_pair/SYNOPSYS_UNCONNECTED_17' driven by pin 'g_pair_4__u_pair/u_gate/block_sum_o[4]' has no loads. (LINT-2)
Warning: In design 'stage1_tile', net 'g_pair_4__u_pair/SYNOPSYS_UNCONNECTED_16' driven by pin 'g_pair_4__u_pair/u_gate/block_sum_o[5]' has no loads. (LINT-2)
Warning: In design 'stage1_tile', net 'g_pair_4__u_pair/SYNOPSYS_UNCONNECTED_15' driven by pin 'g_pair_4__u_pair/u_gate/block_sum_o[6]' has no loads. (LINT-2)
Warning: In design 'stage1_tile', net 'g_pair_4__u_pair/SYNOPSYS_UNCONNECTED_14' driven by pin 'g_pair_4__u_pair/u_gate/block_sum_o[7]' has no loads. (LINT-2)
Warning: In design 'stage1_tile', net 'g_pair_4__u_pair/SYNOPSYS_UNCONNECTED_13' driven by pin 'g_pair_4__u_pair/u_gate/block_sum_o[8]' has no loads. (LINT-2)
Warning: In design 'stage1_tile', net 'g_pair_4__u_pair/SYNOPSYS_UNCONNECTED_12' driven by pin 'g_pair_4__u_pair/u_gate/block_sum_o[9]' has no loads. (LINT-2)
Warning: In design 'stage1_tile', net 'g_pair_4__u_pair/SYNOPSYS_UNCONNECTED_11' driven by pin 'g_pair_4__u_pair/u_gate/block_sum_o[10]' has no loads. (LINT-2)
Warning: In design 'stage1_tile', net 'g_pair_4__u_pair/SYNOPSYS_UNCONNECTED_10' driven by pin 'g_pair_4__u_pair/u_gate/block_sum_o[11]' has no loads. (LINT-2)
Warning: In design 'stage1_tile', net 'g_pair_4__u_pair/SYNOPSYS_UNCONNECTED_9' driven by pin 'g_pair_4__u_pair/u_gate/block_sum_o[12]' has no loads. (LINT-2)
Warning: In design 'stage1_tile', net 'g_pair_4__u_pair/SYNOPSYS_UNCONNECTED_8' driven by pin 'g_pair_4__u_pair/u_gate/block_sum_o[13]' has no loads. (LINT-2)
Warning: In design 'stage1_tile', net 'g_pair_4__u_pair/SYNOPSYS_UNCONNECTED_7' driven by pin 'g_pair_4__u_pair/u_gate/block_sum_o[14]' has no loads. (LINT-2)
Warning: In design 'stage1_tile', net 'g_pair_4__u_pair/SYNOPSYS_UNCONNECTED_6' driven by pin 'g_pair_4__u_pair/u_gate/block_sum_o[15]' has no loads. (LINT-2)
Warning: In design 'stage1_tile', net 'g_pair_4__u_pair/SYNOPSYS_UNCONNECTED_5' driven by pin 'g_pair_4__u_pair/u_gate/block_sum_o[16]' has no loads. (LINT-2)
Warning: In design 'stage1_tile', net 'g_pair_4__u_pair/SYNOPSYS_UNCONNECTED_4' driven by pin 'g_pair_4__u_pair/u_gate/block_sum_o[17]' has no loads. (LINT-2)
Warning: In design 'stage1_tile', net 'g_pair_4__u_pair/SYNOPSYS_UNCONNECTED_3' driven by pin 'g_pair_4__u_pair/u_gate/block_sum_o[18]' has no loads. (LINT-2)
Warning: In design 'stage1_tile', net 'g_pair_4__u_pair/SYNOPSYS_UNCONNECTED_2' driven by pin 'g_pair_4__u_pair/u_gate/block_sum_o[19]' has no loads. (LINT-2)
Warning: In design 'stage1_tile', net 'g_pair_4__u_pair/SYNOPSYS_UNCONNECTED_1' driven by pin 'g_pair_4__u_pair/u_gate/block_sum_o[20]' has no loads. (LINT-2)
Warning: In design 'stage1_tile', net 'g_pair_3__u_pair/SYNOPSYS_UNCONNECTED_42' driven by pin 'g_pair_3__u_pair/u_up/block_sum_o[0]' has no loads. (LINT-2)
Warning: In design 'stage1_tile', net 'g_pair_3__u_pair/SYNOPSYS_UNCONNECTED_41' driven by pin 'g_pair_3__u_pair/u_up/block_sum_o[1]' has no loads. (LINT-2)
Warning: In design 'stage1_tile', net 'g_pair_3__u_pair/SYNOPSYS_UNCONNECTED_40' driven by pin 'g_pair_3__u_pair/u_up/block_sum_o[2]' has no loads. (LINT-2)
Warning: In design 'stage1_tile', net 'g_pair_3__u_pair/SYNOPSYS_UNCONNECTED_39' driven by pin 'g_pair_3__u_pair/u_up/block_sum_o[3]' has no loads. (LINT-2)
Warning: In design 'stage1_tile', net 'g_pair_3__u_pair/SYNOPSYS_UNCONNECTED_38' driven by pin 'g_pair_3__u_pair/u_up/block_sum_o[4]' has no loads. (LINT-2)
Warning: In design 'stage1_tile', net 'g_pair_3__u_pair/SYNOPSYS_UNCONNECTED_37' driven by pin 'g_pair_3__u_pair/u_up/block_sum_o[5]' has no loads. (LINT-2)
Warning: In design 'stage1_tile', net 'g_pair_3__u_pair/SYNOPSYS_UNCONNECTED_36' driven by pin 'g_pair_3__u_pair/u_up/block_sum_o[6]' has no loads. (LINT-2)
Warning: In design 'stage1_tile', net 'g_pair_3__u_pair/SYNOPSYS_UNCONNECTED_35' driven by pin 'g_pair_3__u_pair/u_up/block_sum_o[7]' has no loads. (LINT-2)
Warning: In design 'stage1_tile', net 'g_pair_3__u_pair/SYNOPSYS_UNCONNECTED_34' driven by pin 'g_pair_3__u_pair/u_up/block_sum_o[8]' has no loads. (LINT-2)
Warning: In design 'stage1_tile', net 'g_pair_3__u_pair/SYNOPSYS_UNCONNECTED_33' driven by pin 'g_pair_3__u_pair/u_up/block_sum_o[9]' has no loads. (LINT-2)
Warning: In design 'stage1_tile', net 'g_pair_3__u_pair/SYNOPSYS_UNCONNECTED_32' driven by pin 'g_pair_3__u_pair/u_up/block_sum_o[10]' has no loads. (LINT-2)
Warning: In design 'stage1_tile', net 'g_pair_3__u_pair/SYNOPSYS_UNCONNECTED_31' driven by pin 'g_pair_3__u_pair/u_up/block_sum_o[11]' has no loads. (LINT-2)
Warning: In design 'stage1_tile', net 'g_pair_3__u_pair/SYNOPSYS_UNCONNECTED_30' driven by pin 'g_pair_3__u_pair/u_up/block_sum_o[12]' has no loads. (LINT-2)
Warning: In design 'stage1_tile', net 'g_pair_3__u_pair/SYNOPSYS_UNCONNECTED_29' driven by pin 'g_pair_3__u_pair/u_up/block_sum_o[13]' has no loads. (LINT-2)
Warning: In design 'stage1_tile', net 'g_pair_3__u_pair/SYNOPSYS_UNCONNECTED_28' driven by pin 'g_pair_3__u_pair/u_up/block_sum_o[14]' has no loads. (LINT-2)
Warning: In design 'stage1_tile', net 'g_pair_3__u_pair/SYNOPSYS_UNCONNECTED_27' driven by pin 'g_pair_3__u_pair/u_up/block_sum_o[15]' has no loads. (LINT-2)
Warning: In design 'stage1_tile', net 'g_pair_3__u_pair/SYNOPSYS_UNCONNECTED_26' driven by pin 'g_pair_3__u_pair/u_up/block_sum_o[16]' has no loads. (LINT-2)
Warning: In design 'stage1_tile', net 'g_pair_3__u_pair/SYNOPSYS_UNCONNECTED_25' driven by pin 'g_pair_3__u_pair/u_up/block_sum_o[17]' has no loads. (LINT-2)
Warning: In design 'stage1_tile', net 'g_pair_3__u_pair/SYNOPSYS_UNCONNECTED_24' driven by pin 'g_pair_3__u_pair/u_up/block_sum_o[18]' has no loads. (LINT-2)
Warning: In design 'stage1_tile', net 'g_pair_3__u_pair/SYNOPSYS_UNCONNECTED_23' driven by pin 'g_pair_3__u_pair/u_up/block_sum_o[19]' has no loads. (LINT-2)
Warning: In design 'stage1_tile', net 'g_pair_3__u_pair/SYNOPSYS_UNCONNECTED_22' driven by pin 'g_pair_3__u_pair/u_up/block_sum_o[20]' has no loads. (LINT-2)
Warning: In design 'stage1_tile', net 'g_pair_3__u_pair/SYNOPSYS_UNCONNECTED_21' driven by pin 'g_pair_3__u_pair/u_gate/block_sum_o[0]' has no loads. (LINT-2)
Warning: In design 'stage1_tile', net 'g_pair_3__u_pair/SYNOPSYS_UNCONNECTED_20' driven by pin 'g_pair_3__u_pair/u_gate/block_sum_o[1]' has no loads. (LINT-2)
Warning: In design 'stage1_tile', net 'g_pair_3__u_pair/SYNOPSYS_UNCONNECTED_19' driven by pin 'g_pair_3__u_pair/u_gate/block_sum_o[2]' has no loads. (LINT-2)
Warning: In design 'stage1_tile', net 'g_pair_3__u_pair/SYNOPSYS_UNCONNECTED_18' driven by pin 'g_pair_3__u_pair/u_gate/block_sum_o[3]' has no loads. (LINT-2)
Warning: In design 'stage1_tile', net 'g_pair_3__u_pair/SYNOPSYS_UNCONNECTED_17' driven by pin 'g_pair_3__u_pair/u_gate/block_sum_o[4]' has no loads. (LINT-2)
Warning: In design 'stage1_tile', net 'g_pair_3__u_pair/SYNOPSYS_UNCONNECTED_16' driven by pin 'g_pair_3__u_pair/u_gate/block_sum_o[5]' has no loads. (LINT-2)
Warning: In design 'stage1_tile', net 'g_pair_3__u_pair/SYNOPSYS_UNCONNECTED_15' driven by pin 'g_pair_3__u_pair/u_gate/block_sum_o[6]' has no loads. (LINT-2)
Warning: In design 'stage1_tile', net 'g_pair_3__u_pair/SYNOPSYS_UNCONNECTED_14' driven by pin 'g_pair_3__u_pair/u_gate/block_sum_o[7]' has no loads. (LINT-2)
Warning: In design 'stage1_tile', net 'g_pair_3__u_pair/SYNOPSYS_UNCONNECTED_13' driven by pin 'g_pair_3__u_pair/u_gate/block_sum_o[8]' has no loads. (LINT-2)
Warning: In design 'stage1_tile', net 'g_pair_3__u_pair/SYNOPSYS_UNCONNECTED_12' driven by pin 'g_pair_3__u_pair/u_gate/block_sum_o[9]' has no loads. (LINT-2)
Warning: In design 'stage1_tile', net 'g_pair_3__u_pair/SYNOPSYS_UNCONNECTED_11' driven by pin 'g_pair_3__u_pair/u_gate/block_sum_o[10]' has no loads. (LINT-2)
Warning: In design 'stage1_tile', net 'g_pair_3__u_pair/SYNOPSYS_UNCONNECTED_10' driven by pin 'g_pair_3__u_pair/u_gate/block_sum_o[11]' has no loads. (LINT-2)
Warning: In design 'stage1_tile', net 'g_pair_3__u_pair/SYNOPSYS_UNCONNECTED_9' driven by pin 'g_pair_3__u_pair/u_gate/block_sum_o[12]' has no loads. (LINT-2)
Warning: In design 'stage1_tile', net 'g_pair_3__u_pair/SYNOPSYS_UNCONNECTED_8' driven by pin 'g_pair_3__u_pair/u_gate/block_sum_o[13]' has no loads. (LINT-2)
Warning: In design 'stage1_tile', net 'g_pair_3__u_pair/SYNOPSYS_UNCONNECTED_7' driven by pin 'g_pair_3__u_pair/u_gate/block_sum_o[14]' has no loads. (LINT-2)
Warning: In design 'stage1_tile', net 'g_pair_3__u_pair/SYNOPSYS_UNCONNECTED_6' driven by pin 'g_pair_3__u_pair/u_gate/block_sum_o[15]' has no loads. (LINT-2)
Warning: In design 'stage1_tile', net 'g_pair_3__u_pair/SYNOPSYS_UNCONNECTED_5' driven by pin 'g_pair_3__u_pair/u_gate/block_sum_o[16]' has no loads. (LINT-2)
Warning: In design 'stage1_tile', net 'g_pair_3__u_pair/SYNOPSYS_UNCONNECTED_4' driven by pin 'g_pair_3__u_pair/u_gate/block_sum_o[17]' has no loads. (LINT-2)
Warning: In design 'stage1_tile', net 'g_pair_3__u_pair/SYNOPSYS_UNCONNECTED_3' driven by pin 'g_pair_3__u_pair/u_gate/block_sum_o[18]' has no loads. (LINT-2)
Warning: In design 'stage1_tile', net 'g_pair_3__u_pair/SYNOPSYS_UNCONNECTED_2' driven by pin 'g_pair_3__u_pair/u_gate/block_sum_o[19]' has no loads. (LINT-2)
Warning: In design 'stage1_tile', net 'g_pair_3__u_pair/SYNOPSYS_UNCONNECTED_1' driven by pin 'g_pair_3__u_pair/u_gate/block_sum_o[20]' has no loads. (LINT-2)
Warning: In design 'stage1_tile', net 'g_pair_2__u_pair/SYNOPSYS_UNCONNECTED_42' driven by pin 'g_pair_2__u_pair/u_up/block_sum_o[0]' has no loads. (LINT-2)
Warning: In design 'stage1_tile', net 'g_pair_2__u_pair/SYNOPSYS_UNCONNECTED_41' driven by pin 'g_pair_2__u_pair/u_up/block_sum_o[1]' has no loads. (LINT-2)
Warning: In design 'stage1_tile', net 'g_pair_2__u_pair/SYNOPSYS_UNCONNECTED_40' driven by pin 'g_pair_2__u_pair/u_up/block_sum_o[2]' has no loads. (LINT-2)
Warning: In design 'stage1_tile', net 'g_pair_2__u_pair/SYNOPSYS_UNCONNECTED_39' driven by pin 'g_pair_2__u_pair/u_up/block_sum_o[3]' has no loads. (LINT-2)
Warning: In design 'stage1_tile', net 'g_pair_2__u_pair/SYNOPSYS_UNCONNECTED_38' driven by pin 'g_pair_2__u_pair/u_up/block_sum_o[4]' has no loads. (LINT-2)
Warning: In design 'stage1_tile', net 'g_pair_2__u_pair/SYNOPSYS_UNCONNECTED_37' driven by pin 'g_pair_2__u_pair/u_up/block_sum_o[5]' has no loads. (LINT-2)
Warning: In design 'stage1_tile', net 'g_pair_2__u_pair/SYNOPSYS_UNCONNECTED_36' driven by pin 'g_pair_2__u_pair/u_up/block_sum_o[6]' has no loads. (LINT-2)
Warning: In design 'stage1_tile', net 'g_pair_2__u_pair/SYNOPSYS_UNCONNECTED_35' driven by pin 'g_pair_2__u_pair/u_up/block_sum_o[7]' has no loads. (LINT-2)
Warning: In design 'stage1_tile', net 'g_pair_2__u_pair/SYNOPSYS_UNCONNECTED_34' driven by pin 'g_pair_2__u_pair/u_up/block_sum_o[8]' has no loads. (LINT-2)
Warning: In design 'stage1_tile', net 'g_pair_2__u_pair/SYNOPSYS_UNCONNECTED_33' driven by pin 'g_pair_2__u_pair/u_up/block_sum_o[9]' has no loads. (LINT-2)
Warning: In design 'stage1_tile', net 'g_pair_2__u_pair/SYNOPSYS_UNCONNECTED_32' driven by pin 'g_pair_2__u_pair/u_up/block_sum_o[10]' has no loads. (LINT-2)
Warning: In design 'stage1_tile', net 'g_pair_2__u_pair/SYNOPSYS_UNCONNECTED_31' driven by pin 'g_pair_2__u_pair/u_up/block_sum_o[11]' has no loads. (LINT-2)
Warning: In design 'stage1_tile', net 'g_pair_2__u_pair/SYNOPSYS_UNCONNECTED_30' driven by pin 'g_pair_2__u_pair/u_up/block_sum_o[12]' has no loads. (LINT-2)
Warning: In design 'stage1_tile', net 'g_pair_2__u_pair/SYNOPSYS_UNCONNECTED_29' driven by pin 'g_pair_2__u_pair/u_up/block_sum_o[13]' has no loads. (LINT-2)
Warning: In design 'stage1_tile', net 'g_pair_2__u_pair/SYNOPSYS_UNCONNECTED_28' driven by pin 'g_pair_2__u_pair/u_up/block_sum_o[14]' has no loads. (LINT-2)
Warning: In design 'stage1_tile', net 'g_pair_2__u_pair/SYNOPSYS_UNCONNECTED_27' driven by pin 'g_pair_2__u_pair/u_up/block_sum_o[15]' has no loads. (LINT-2)
Warning: In design 'stage1_tile', net 'g_pair_2__u_pair/SYNOPSYS_UNCONNECTED_26' driven by pin 'g_pair_2__u_pair/u_up/block_sum_o[16]' has no loads. (LINT-2)
Warning: In design 'stage1_tile', net 'g_pair_2__u_pair/SYNOPSYS_UNCONNECTED_25' driven by pin 'g_pair_2__u_pair/u_up/block_sum_o[17]' has no loads. (LINT-2)
Warning: In design 'stage1_tile', net 'g_pair_2__u_pair/SYNOPSYS_UNCONNECTED_24' driven by pin 'g_pair_2__u_pair/u_up/block_sum_o[18]' has no loads. (LINT-2)
Warning: In design 'stage1_tile', net 'g_pair_2__u_pair/SYNOPSYS_UNCONNECTED_23' driven by pin 'g_pair_2__u_pair/u_up/block_sum_o[19]' has no loads. (LINT-2)
Warning: In design 'stage1_tile', net 'g_pair_2__u_pair/SYNOPSYS_UNCONNECTED_22' driven by pin 'g_pair_2__u_pair/u_up/block_sum_o[20]' has no loads. (LINT-2)
Warning: In design 'stage1_tile', net 'g_pair_2__u_pair/SYNOPSYS_UNCONNECTED_21' driven by pin 'g_pair_2__u_pair/u_gate/block_sum_o[0]' has no loads. (LINT-2)
Warning: In design 'stage1_tile', net 'g_pair_2__u_pair/SYNOPSYS_UNCONNECTED_20' driven by pin 'g_pair_2__u_pair/u_gate/block_sum_o[1]' has no loads. (LINT-2)
Warning: In design 'stage1_tile', net 'g_pair_2__u_pair/SYNOPSYS_UNCONNECTED_19' driven by pin 'g_pair_2__u_pair/u_gate/block_sum_o[2]' has no loads. (LINT-2)
Warning: In design 'stage1_tile', net 'g_pair_2__u_pair/SYNOPSYS_UNCONNECTED_18' driven by pin 'g_pair_2__u_pair/u_gate/block_sum_o[3]' has no loads. (LINT-2)
Warning: In design 'stage1_tile', net 'g_pair_2__u_pair/SYNOPSYS_UNCONNECTED_17' driven by pin 'g_pair_2__u_pair/u_gate/block_sum_o[4]' has no loads. (LINT-2)
Warning: In design 'stage1_tile', net 'g_pair_2__u_pair/SYNOPSYS_UNCONNECTED_16' driven by pin 'g_pair_2__u_pair/u_gate/block_sum_o[5]' has no loads. (LINT-2)
Warning: In design 'stage1_tile', net 'g_pair_2__u_pair/SYNOPSYS_UNCONNECTED_15' driven by pin 'g_pair_2__u_pair/u_gate/block_sum_o[6]' has no loads. (LINT-2)
Warning: In design 'stage1_tile', net 'g_pair_2__u_pair/SYNOPSYS_UNCONNECTED_14' driven by pin 'g_pair_2__u_pair/u_gate/block_sum_o[7]' has no loads. (LINT-2)
Warning: In design 'stage1_tile', net 'g_pair_2__u_pair/SYNOPSYS_UNCONNECTED_13' driven by pin 'g_pair_2__u_pair/u_gate/block_sum_o[8]' has no loads. (LINT-2)
Warning: In design 'stage1_tile', net 'g_pair_2__u_pair/SYNOPSYS_UNCONNECTED_12' driven by pin 'g_pair_2__u_pair/u_gate/block_sum_o[9]' has no loads. (LINT-2)
Warning: In design 'stage1_tile', net 'g_pair_2__u_pair/SYNOPSYS_UNCONNECTED_11' driven by pin 'g_pair_2__u_pair/u_gate/block_sum_o[10]' has no loads. (LINT-2)
Warning: In design 'stage1_tile', net 'g_pair_2__u_pair/SYNOPSYS_UNCONNECTED_10' driven by pin 'g_pair_2__u_pair/u_gate/block_sum_o[11]' has no loads. (LINT-2)
Warning: In design 'stage1_tile', net 'g_pair_2__u_pair/SYNOPSYS_UNCONNECTED_9' driven by pin 'g_pair_2__u_pair/u_gate/block_sum_o[12]' has no loads. (LINT-2)
Warning: In design 'stage1_tile', net 'g_pair_2__u_pair/SYNOPSYS_UNCONNECTED_8' driven by pin 'g_pair_2__u_pair/u_gate/block_sum_o[13]' has no loads. (LINT-2)
Warning: In design 'stage1_tile', net 'g_pair_2__u_pair/SYNOPSYS_UNCONNECTED_7' driven by pin 'g_pair_2__u_pair/u_gate/block_sum_o[14]' has no loads. (LINT-2)
Warning: In design 'stage1_tile', net 'g_pair_2__u_pair/SYNOPSYS_UNCONNECTED_6' driven by pin 'g_pair_2__u_pair/u_gate/block_sum_o[15]' has no loads. (LINT-2)
Warning: In design 'stage1_tile', net 'g_pair_2__u_pair/SYNOPSYS_UNCONNECTED_5' driven by pin 'g_pair_2__u_pair/u_gate/block_sum_o[16]' has no loads. (LINT-2)
Warning: In design 'stage1_tile', net 'g_pair_2__u_pair/SYNOPSYS_UNCONNECTED_4' driven by pin 'g_pair_2__u_pair/u_gate/block_sum_o[17]' has no loads. (LINT-2)
Warning: In design 'stage1_tile', net 'g_pair_2__u_pair/SYNOPSYS_UNCONNECTED_3' driven by pin 'g_pair_2__u_pair/u_gate/block_sum_o[18]' has no loads. (LINT-2)
Warning: In design 'stage1_tile', net 'g_pair_2__u_pair/SYNOPSYS_UNCONNECTED_2' driven by pin 'g_pair_2__u_pair/u_gate/block_sum_o[19]' has no loads. (LINT-2)
Warning: In design 'stage1_tile', net 'g_pair_2__u_pair/SYNOPSYS_UNCONNECTED_1' driven by pin 'g_pair_2__u_pair/u_gate/block_sum_o[20]' has no loads. (LINT-2)
Warning: In design 'stage1_tile', net 'g_pair_7__u_pair/u_up/add_x_33/B[19]' driven by pin 'g_pair_7__u_pair/u_up/add_x_33/B[19]' has no loads. (LINT-2)
Warning: In design 'stage1_tile', net 'g_pair_7__u_pair/u_up/add_x_33/A[19]' driven by pin 'g_pair_7__u_pair/u_up/add_x_33/A[19]' has no loads. (LINT-2)
Warning: In design 'stage1_tile', net 'g_pair_7__u_pair/u_gate/add_x_33/B[19]' driven by pin 'g_pair_7__u_pair/u_gate/add_x_33/B[19]' has no loads. (LINT-2)
Warning: In design 'stage1_tile', net 'g_pair_7__u_pair/u_gate/add_x_33/A[19]' driven by pin 'g_pair_7__u_pair/u_gate/add_x_33/A[19]' has no loads. (LINT-2)
Warning: In design 'stage1_tile', net 'g_pair_6__u_pair/u_up/add_x_33/B[19]' driven by pin 'g_pair_6__u_pair/u_up/add_x_33/B[19]' has no loads. (LINT-2)
Warning: In design 'stage1_tile', net 'g_pair_6__u_pair/u_up/add_x_33/A[19]' driven by pin 'g_pair_6__u_pair/u_up/add_x_33/A[19]' has no loads. (LINT-2)
Warning: In design 'stage1_tile', net 'g_pair_6__u_pair/u_gate/add_x_33/B[19]' driven by pin 'g_pair_6__u_pair/u_gate/add_x_33/B[19]' has no loads. (LINT-2)
Warning: In design 'stage1_tile', net 'g_pair_6__u_pair/u_gate/add_x_33/A[19]' driven by pin 'g_pair_6__u_pair/u_gate/add_x_33/A[19]' has no loads. (LINT-2)
Warning: In design 'stage1_tile', net 'g_pair_5__u_pair/u_up/add_x_33/B[19]' driven by pin 'g_pair_5__u_pair/u_up/add_x_33/B[19]' has no loads. (LINT-2)
Warning: In design 'stage1_tile', net 'g_pair_5__u_pair/u_up/add_x_33/A[19]' driven by pin 'g_pair_5__u_pair/u_up/add_x_33/A[19]' has no loads. (LINT-2)
Warning: In design 'stage1_tile', net 'g_pair_5__u_pair/u_gate/add_x_33/B[19]' driven by pin 'g_pair_5__u_pair/u_gate/add_x_33/B[19]' has no loads. (LINT-2)
Warning: In design 'stage1_tile', net 'g_pair_5__u_pair/u_gate/add_x_33/A[19]' driven by pin 'g_pair_5__u_pair/u_gate/add_x_33/A[19]' has no loads. (LINT-2)
Warning: In design 'stage1_tile', net 'g_pair_4__u_pair/u_up/add_x_33/B[19]' driven by pin 'g_pair_4__u_pair/u_up/add_x_33/B[19]' has no loads. (LINT-2)
Warning: In design 'stage1_tile', net 'g_pair_4__u_pair/u_up/add_x_33/A[19]' driven by pin 'g_pair_4__u_pair/u_up/add_x_33/A[19]' has no loads. (LINT-2)
Warning: In design 'stage1_tile', net 'g_pair_4__u_pair/u_gate/add_x_33/B[19]' driven by pin 'g_pair_4__u_pair/u_gate/add_x_33/B[19]' has no loads. (LINT-2)
Warning: In design 'stage1_tile', net 'g_pair_4__u_pair/u_gate/add_x_33/A[19]' driven by pin 'g_pair_4__u_pair/u_gate/add_x_33/A[19]' has no loads. (LINT-2)
Warning: In design 'stage1_tile', net 'g_pair_3__u_pair/u_up/add_x_33/B[19]' driven by pin 'g_pair_3__u_pair/u_up/add_x_33/B[19]' has no loads. (LINT-2)
Warning: In design 'stage1_tile', net 'g_pair_3__u_pair/u_up/add_x_33/A[19]' driven by pin 'g_pair_3__u_pair/u_up/add_x_33/A[19]' has no loads. (LINT-2)
Warning: In design 'stage1_tile', net 'g_pair_3__u_pair/u_gate/add_x_33/B[19]' driven by pin 'g_pair_3__u_pair/u_gate/add_x_33/B[19]' has no loads. (LINT-2)
Warning: In design 'stage1_tile', net 'g_pair_3__u_pair/u_gate/add_x_33/A[19]' driven by pin 'g_pair_3__u_pair/u_gate/add_x_33/A[19]' has no loads. (LINT-2)
Warning: In design 'stage1_tile', net 'g_pair_2__u_pair/u_up/add_x_33/B[19]' driven by pin 'g_pair_2__u_pair/u_up/add_x_33/B[19]' has no loads. (LINT-2)
Warning: In design 'stage1_tile', net 'g_pair_2__u_pair/u_up/add_x_33/A[19]' driven by pin 'g_pair_2__u_pair/u_up/add_x_33/A[19]' has no loads. (LINT-2)
Warning: In design 'stage1_tile', net 'g_pair_2__u_pair/u_gate/add_x_33/B[19]' driven by pin 'g_pair_2__u_pair/u_gate/add_x_33/B[19]' has no loads. (LINT-2)
Warning: In design 'stage1_tile', net 'g_pair_2__u_pair/u_gate/add_x_33/A[19]' driven by pin 'g_pair_2__u_pair/u_gate/add_x_33/A[19]' has no loads. (LINT-2)
Warning: In design 'stage1_tile', net 'g_pair_1__u_pair/u_up/add_x_33/B[19]' driven by pin 'g_pair_1__u_pair/u_up/add_x_33/B[19]' has no loads. (LINT-2)
Warning: In design 'stage1_tile', net 'g_pair_1__u_pair/u_up/add_x_33/A[19]' driven by pin 'g_pair_1__u_pair/u_up/add_x_33/A[19]' has no loads. (LINT-2)
Warning: In design 'stage1_path_engine_14_DW01_add_J2_1_1', input port 'A[19]' is unloaded. (LINT-8)
Warning: In design 'stage1_path_engine_14_DW01_add_J2_1_1', input port 'B[19]' is unloaded. (LINT-8)
Warning: In design 'stage1_path_engine_0_DW01_add_J3_1_13', input port 'A[19]' is unloaded. (LINT-8)
Warning: In design 'stage1_path_engine_0_DW01_add_J3_1_13', input port 'B[19]' is unloaded. (LINT-8)
Warning: In design 'stage1_path_engine_14_DW01_add_J2_1_0', input port 'A[19]' is unloaded. (LINT-8)
Warning: In design 'stage1_path_engine_14_DW01_add_J2_1_0', input port 'B[19]' is unloaded. (LINT-8)
Warning: In design 'stage1_path_engine_0_DW01_add_J3_1_0', input port 'A[19]' is unloaded. (LINT-8)
Warning: In design 'stage1_path_engine_0_DW01_add_J3_1_0', input port 'B[19]' is unloaded. (LINT-8)
Warning: In design 'stage1_path_engine_0_DW01_add_J3_1_1', input port 'A[19]' is unloaded. (LINT-8)
Warning: In design 'stage1_path_engine_0_DW01_add_J3_1_1', input port 'B[19]' is unloaded. (LINT-8)
Warning: In design 'stage1_path_engine_0_DW01_add_J3_1_2', input port 'A[19]' is unloaded. (LINT-8)
Warning: In design 'stage1_path_engine_0_DW01_add_J3_1_2', input port 'B[19]' is unloaded. (LINT-8)
Warning: In design 'stage1_path_engine_0_DW01_add_J3_1_3', input port 'A[19]' is unloaded. (LINT-8)
Warning: In design 'stage1_path_engine_0_DW01_add_J3_1_3', input port 'B[19]' is unloaded. (LINT-8)
Warning: In design 'stage1_path_engine_0_DW01_add_J3_1_4', input port 'A[19]' is unloaded. (LINT-8)
Warning: In design 'stage1_path_engine_0_DW01_add_J3_1_4', input port 'B[19]' is unloaded. (LINT-8)
Warning: In design 'stage1_path_engine_0_DW01_add_J3_1_5', input port 'A[19]' is unloaded. (LINT-8)
Warning: In design 'stage1_path_engine_0_DW01_add_J3_1_5', input port 'B[19]' is unloaded. (LINT-8)
Warning: In design 'stage1_path_engine_0_DW01_add_J3_1_6', input port 'A[19]' is unloaded. (LINT-8)
Warning: In design 'stage1_path_engine_0_DW01_add_J3_1_6', input port 'B[19]' is unloaded. (LINT-8)
Warning: In design 'stage1_path_engine_0_DW01_add_J3_1_7', input port 'A[19]' is unloaded. (LINT-8)
Warning: In design 'stage1_path_engine_0_DW01_add_J3_1_7', input port 'B[19]' is unloaded. (LINT-8)
Warning: In design 'stage1_path_engine_0_DW01_add_J3_1_8', input port 'A[19]' is unloaded. (LINT-8)
Warning: In design 'stage1_path_engine_0_DW01_add_J3_1_8', input port 'B[19]' is unloaded. (LINT-8)
Warning: In design 'stage1_path_engine_0_DW01_add_J3_1_9', input port 'A[19]' is unloaded. (LINT-8)
Warning: In design 'stage1_path_engine_0_DW01_add_J3_1_9', input port 'B[19]' is unloaded. (LINT-8)
Warning: In design 'stage1_path_engine_0_DW01_add_J3_1_10', input port 'A[19]' is unloaded. (LINT-8)
Warning: In design 'stage1_path_engine_0_DW01_add_J3_1_10', input port 'B[19]' is unloaded. (LINT-8)
Warning: In design 'stage1_path_engine_0_DW01_add_J3_1_11', input port 'A[19]' is unloaded. (LINT-8)
Warning: In design 'stage1_path_engine_0_DW01_add_J3_1_11', input port 'B[19]' is unloaded. (LINT-8)
Warning: In design 'stage1_path_engine_0_DW01_add_J3_1_12', input port 'A[19]' is unloaded. (LINT-8)
Warning: In design 'stage1_path_engine_0_DW01_add_J3_1_12', input port 'B[19]' is unloaded. (LINT-8)
Warning: In design 'stage1_config_frontend', port 'weight_load_addr_o[6]' is not connected to any nets. (LINT-28)
Warning: In design 'stage1_config_frontend', port 'weight_load_addr_o[5]' is not connected to any nets. (LINT-28)
Warning: In design 'stage1_config_frontend', port 'weight_load_addr_o[4]' is not connected to any nets. (LINT-28)
Warning: In design 'stage1_config_frontend', port 'weight_load_addr_o[3]' is not connected to any nets. (LINT-28)
Warning: In design 'stage1_config_frontend', port 'weight_load_addr_o[2]' is not connected to any nets. (LINT-28)
Warning: In design 'stage1_config_frontend', port 'weight_load_addr_o[1]' is not connected to any nets. (LINT-28)
Warning: In design 'stage1_config_frontend', port 'weight_load_addr_o[0]' is not connected to any nets. (LINT-28)
Warning: In design 'stage1_config_frontend', port 'horizon_load_path_o[3]' is not connected to any nets. (LINT-28)
Warning: In design 'stage1_config_frontend', port 'horizon_load_path_o[2]' is not connected to any nets. (LINT-28)
Warning: In design 'stage1_config_frontend', port 'horizon_load_path_o[1]' is not connected to any nets. (LINT-28)
Warning: In design 'stage1_config_frontend', port 'horizon_load_path_o[0]' is not connected to any nets. (LINT-28)
Warning: In design 'stage1_config_frontend', port 'horizon_load_data_o[3]' is not connected to any nets. (LINT-28)
Warning: In design 'stage1_config_frontend', port 'horizon_load_data_o[2]' is not connected to any nets. (LINT-28)
Warning: In design 'stage1_config_frontend', port 'horizon_load_data_o[1]' is not connected to any nets. (LINT-28)
Warning: In design 'stage1_config_frontend', port 'horizon_load_data_o[0]' is not connected to any nets. (LINT-28)
Warning: In design 'stage1_config_frontend', port 'lambda_load_index_o[3]' is not connected to any nets. (LINT-28)
Warning: In design 'stage1_config_frontend', port 'lambda_load_index_o[2]' is not connected to any nets. (LINT-28)
Warning: In design 'stage1_config_frontend', port 'lambda_load_index_o[1]' is not connected to any nets. (LINT-28)
Warning: In design 'stage1_config_frontend', port 'lambda_load_index_o[0]' is not connected to any nets. (LINT-28)
Warning: In design 'stage1_lane_pair_6', port 'retire_o' is not connected to any nets. (LINT-28)
Warning: In design 'stage1_tile_DP_OP_279J1_137_5275_J1_0', port 'I3[9]' is not connected to any nets. (LINT-28)
Warning: In design 'stage1_tile_DP_OP_279J1_137_5275_J1_0', port 'O2' is not connected to any nets. (LINT-28)
Warning: In design 'stage1_tile_DP_OP_278J1_136_5275_J1_0', port 'I3[9]' is not connected to any nets. (LINT-28)
Warning: In design 'stage1_tile_DP_OP_278J1_136_5275_J1_0', port 'O2' is not connected to any nets. (LINT-28)
Warning: In design 'stage1_tile_DP_OP_277J1_135_5275_J1_0', port 'I3[9]' is not connected to any nets. (LINT-28)
Warning: In design 'stage1_tile_DP_OP_277J1_135_5275_J1_0', port 'O2' is not connected to any nets. (LINT-28)
Warning: In design 'stage1_tile_DP_OP_276J1_134_5275_J1_0', port 'I3[9]' is not connected to any nets. (LINT-28)
Warning: In design 'stage1_tile_DP_OP_276J1_134_5275_J1_0', port 'O2' is not connected to any nets. (LINT-28)
Warning: In design 'stage1_tile_DP_OP_275J1_133_5275_J1_0', port 'I3[9]' is not connected to any nets. (LINT-28)
Warning: In design 'stage1_tile_DP_OP_275J1_133_5275_J1_0', port 'O2' is not connected to any nets. (LINT-28)
Warning: In design 'stage1_tile_DP_OP_274J1_132_5275_J1_0', port 'I3[9]' is not connected to any nets. (LINT-28)
Warning: In design 'stage1_tile_DP_OP_274J1_132_5275_J1_0', port 'O2' is not connected to any nets. (LINT-28)
Warning: In design 'stage1_tile_DP_OP_273J1_131_5275_J1_0', port 'I3[9]' is not connected to any nets. (LINT-28)
Warning: In design 'stage1_tile_DP_OP_273J1_131_5275_J1_0', port 'O2' is not connected to any nets. (LINT-28)
Warning: In design 'stage1_tile_DP_OP_272J1_130_5275_J1_0', port 'I3[9]' is not connected to any nets. (LINT-28)
Warning: In design 'stage1_tile_DP_OP_272J1_130_5275_J1_0', port 'O2' is not connected to any nets. (LINT-28)
Warning: In design 'stage1_tile_DP_OP_271J1_129_5275_J1_0', port 'I3[9]' is not connected to any nets. (LINT-28)
Warning: In design 'stage1_tile_DP_OP_271J1_129_5275_J1_0', port 'O2' is not connected to any nets. (LINT-28)
Warning: In design 'stage1_tile_DP_OP_270J1_128_5275_J1_0', port 'I3[9]' is not connected to any nets. (LINT-28)
Warning: In design 'stage1_tile_DP_OP_270J1_128_5275_J1_0', port 'O2' is not connected to any nets. (LINT-28)
Warning: In design 'stage1_tile_DP_OP_269J1_127_5275_J1_0', port 'I3[9]' is not connected to any nets. (LINT-28)
Warning: In design 'stage1_tile_DP_OP_269J1_127_5275_J1_0', port 'O2' is not connected to any nets. (LINT-28)
Warning: In design 'stage1_tile_DP_OP_268J1_126_5275_J1_0', port 'I3[9]' is not connected to any nets. (LINT-28)
Warning: In design 'stage1_tile_DP_OP_268J1_126_5275_J1_0', port 'O2' is not connected to any nets. (LINT-28)
Warning: In design 'stage1_tile_DP_OP_267J1_125_5275_J1_0', port 'I3[9]' is not connected to any nets. (LINT-28)
Warning: In design 'stage1_tile_DP_OP_267J1_125_5275_J1_0', port 'O2' is not connected to any nets. (LINT-28)
Warning: In design 'stage1_tile_DP_OP_266J1_124_5275_J1_0', port 'I3[9]' is not connected to any nets. (LINT-28)
Warning: In design 'stage1_tile_DP_OP_266J1_124_5275_J1_0', port 'O2' is not connected to any nets. (LINT-28)
Warning: In design 'stage1_tile_DP_OP_265J1_123_5275_J1_0', port 'I3[9]' is not connected to any nets. (LINT-28)
Warning: In design 'stage1_tile_DP_OP_265J1_123_5275_J1_0', port 'O2' is not connected to any nets. (LINT-28)
Warning: In design 'stage1_tile_DP_OP_264J1_122_5275_J1_0', port 'I3[9]' is not connected to any nets. (LINT-28)
Warning: In design 'stage1_tile_DP_OP_264J1_122_5275_J1_0', port 'O2' is not connected to any nets. (LINT-28)
Warning: In design 'stage1_tile_DW01_inc_J1_0', port 'SUM[0]' is not connected to any nets. (LINT-28)
Warning: In design 'stage1_path_engine_15', port 'block_sum_o[20]' is not connected to any nets. (LINT-28)
Warning: In design 'stage1_path_engine_15', port 'block_sum_o[19]' is not connected to any nets. (LINT-28)
Warning: In design 'stage1_path_engine_15', port 'block_sum_o[18]' is not connected to any nets. (LINT-28)
Warning: In design 'stage1_path_engine_15', port 'block_sum_o[17]' is not connected to any nets. (LINT-28)
Warning: In design 'stage1_path_engine_15', port 'block_sum_o[16]' is not connected to any nets. (LINT-28)
Warning: In design 'stage1_path_engine_15', port 'block_sum_o[15]' is not connected to any nets. (LINT-28)
Warning: In design 'stage1_path_engine_15', port 'block_sum_o[14]' is not connected to any nets. (LINT-28)
Warning: In design 'stage1_path_engine_15', port 'block_sum_o[13]' is not connected to any nets. (LINT-28)
Warning: In design 'stage1_path_engine_15', port 'block_sum_o[12]' is not connected to any nets. (LINT-28)
Warning: In design 'stage1_path_engine_15', port 'block_sum_o[11]' is not connected to any nets. (LINT-28)
Warning: In design 'stage1_path_engine_15', port 'block_sum_o[10]' is not connected to any nets. (LINT-28)
Warning: In design 'stage1_path_engine_15', port 'block_sum_o[9]' is not connected to any nets. (LINT-28)
Warning: In design 'stage1_path_engine_15', port 'block_sum_o[8]' is not connected to any nets. (LINT-28)
Warning: In design 'stage1_path_engine_15', port 'block_sum_o[7]' is not connected to any nets. (LINT-28)
Warning: In design 'stage1_path_engine_15', port 'block_sum_o[6]' is not connected to any nets. (LINT-28)
Warning: In design 'stage1_path_engine_15', port 'block_sum_o[5]' is not connected to any nets. (LINT-28)
Warning: In design 'stage1_path_engine_15', port 'block_sum_o[4]' is not connected to any nets. (LINT-28)
Warning: In design 'stage1_path_engine_15', port 'block_sum_o[3]' is not connected to any nets. (LINT-28)
Warning: In design 'stage1_path_engine_15', port 'block_sum_o[2]' is not connected to any nets. (LINT-28)
Warning: In design 'stage1_path_engine_15', port 'block_sum_o[1]' is not connected to any nets. (LINT-28)
Warning: In design 'stage1_path_engine_15', port 'block_sum_o[0]' is not connected to any nets. (LINT-28)
Warning: In design 'stage1_path_engine_13', port 'retire_o' is not connected to any nets. (LINT-28)
Warning: In design 'stage1_path_engine_13', port 'block_sum_o[20]' is not connected to any nets. (LINT-28)
Warning: In design 'stage1_path_engine_13', port 'block_sum_o[19]' is not connected to any nets. (LINT-28)
Warning: In design 'stage1_path_engine_13', port 'block_sum_o[18]' is not connected to any nets. (LINT-28)
Warning: In design 'stage1_path_engine_13', port 'block_sum_o[17]' is not connected to any nets. (LINT-28)
Warning: In design 'stage1_path_engine_13', port 'block_sum_o[16]' is not connected to any nets. (LINT-28)
Warning: In design 'stage1_path_engine_13', port 'block_sum_o[15]' is not connected to any nets. (LINT-28)
Warning: In design 'stage1_path_engine_13', port 'block_sum_o[14]' is not connected to any nets. (LINT-28)
Warning: In design 'stage1_path_engine_13', port 'block_sum_o[13]' is not connected to any nets. (LINT-28)
Warning: In design 'stage1_path_engine_13', port 'block_sum_o[12]' is not connected to any nets. (LINT-28)
Warning: In design 'stage1_path_engine_13', port 'block_sum_o[11]' is not connected to any nets. (LINT-28)
Warning: In design 'stage1_path_engine_13', port 'block_sum_o[10]' is not connected to any nets. (LINT-28)
Warning: In design 'stage1_path_engine_13', port 'block_sum_o[9]' is not connected to any nets. (LINT-28)
Warning: In design 'stage1_path_engine_13', port 'block_sum_o[8]' is not connected to any nets. (LINT-28)
Warning: In design 'stage1_path_engine_13', port 'block_sum_o[7]' is not connected to any nets. (LINT-28)
Warning: In design 'stage1_path_engine_13', port 'block_sum_o[6]' is not connected to any nets. (LINT-28)
Warning: In design 'stage1_path_engine_13', port 'block_sum_o[5]' is not connected to any nets. (LINT-28)
Warning: In design 'stage1_path_engine_13', port 'block_sum_o[4]' is not connected to any nets. (LINT-28)
Warning: In design 'stage1_path_engine_13', port 'block_sum_o[3]' is not connected to any nets. (LINT-28)
Warning: In design 'stage1_path_engine_13', port 'block_sum_o[2]' is not connected to any nets. (LINT-28)
Warning: In design 'stage1_path_engine_13', port 'block_sum_o[1]' is not connected to any nets. (LINT-28)
Warning: In design 'stage1_path_engine_13', port 'block_sum_o[0]' is not connected to any nets. (LINT-28)
Warning: In design 'stage1_path_engine_14_DW01_add_J2_0_1', port 'B[27]' is not connected to any nets. (LINT-28)
Warning: In design 'stage1_path_engine_14_DW01_add_J2_0_1', port 'B[26]' is not connected to any nets. (LINT-28)
Warning: In design 'stage1_path_engine_14_DW01_add_J2_0_1', port 'B[25]' is not connected to any nets. (LINT-28)
Warning: In design 'stage1_path_engine_14_DW01_add_J2_0_1', port 'B[24]' is not connected to any nets. (LINT-28)
Warning: In design 'stage1_path_engine_14_DW01_add_J2_0_1', port 'B[23]' is not connected to any nets. (LINT-28)
Warning: In design 'stage1_path_engine_14_DW01_add_J2_0_1', port 'B[22]' is not connected to any nets. (LINT-28)
Warning: In design 'stage1_path_engine_14_DW01_add_J2_0_1', port 'CI' is not connected to any nets. (LINT-28)
Warning: In design 'stage1_path_engine_14_DW01_add_J2_0_1', port 'CO' is not connected to any nets. (LINT-28)
Warning: In design 'stage1_path_engine_14_DW01_add_J2_1_1', port 'CI' is not connected to any nets. (LINT-28)
Warning: In design 'stage1_path_engine_14_DW01_add_J2_1_1', port 'CO' is not connected to any nets. (LINT-28)
Warning: In design 'stage1_path_engine_0_DW01_add_J3_0_13', port 'B[27]' is not connected to any nets. (LINT-28)
Warning: In design 'stage1_path_engine_0_DW01_add_J3_0_13', port 'B[26]' is not connected to any nets. (LINT-28)
Warning: In design 'stage1_path_engine_0_DW01_add_J3_0_13', port 'B[25]' is not connected to any nets. (LINT-28)
Warning: In design 'stage1_path_engine_0_DW01_add_J3_0_13', port 'B[24]' is not connected to any nets. (LINT-28)
Warning: In design 'stage1_path_engine_0_DW01_add_J3_0_13', port 'B[23]' is not connected to any nets. (LINT-28)
Warning: In design 'stage1_path_engine_0_DW01_add_J3_0_13', port 'B[22]' is not connected to any nets. (LINT-28)
Warning: In design 'stage1_path_engine_0_DW01_add_J3_0_13', port 'CI' is not connected to any nets. (LINT-28)
Warning: In design 'stage1_path_engine_0_DW01_add_J3_0_13', port 'CO' is not connected to any nets. (LINT-28)
Warning: In design 'stage1_path_engine_0_DW01_add_J3_1_13', port 'CI' is not connected to any nets. (LINT-28)
Warning: In design 'stage1_path_engine_0_DW01_add_J3_1_13', port 'CO' is not connected to any nets. (LINT-28)
Warning: In design 'stage1_path_engine_14', port 'block_sum_o[20]' is not connected to any nets. (LINT-28)
Warning: In design 'stage1_path_engine_14', port 'block_sum_o[19]' is not connected to any nets. (LINT-28)
Warning: In design 'stage1_path_engine_14', port 'block_sum_o[18]' is not connected to any nets. (LINT-28)
Warning: In design 'stage1_path_engine_14', port 'block_sum_o[17]' is not connected to any nets. (LINT-28)
Warning: In design 'stage1_path_engine_14', port 'block_sum_o[16]' is not connected to any nets. (LINT-28)
Warning: In design 'stage1_path_engine_14', port 'block_sum_o[15]' is not connected to any nets. (LINT-28)
Warning: In design 'stage1_path_engine_14', port 'block_sum_o[14]' is not connected to any nets. (LINT-28)
Warning: In design 'stage1_path_engine_14', port 'block_sum_o[13]' is not connected to any nets. (LINT-28)
Warning: In design 'stage1_path_engine_14', port 'block_sum_o[12]' is not connected to any nets. (LINT-28)
Warning: In design 'stage1_path_engine_14', port 'block_sum_o[11]' is not connected to any nets. (LINT-28)
Warning: In design 'stage1_path_engine_14', port 'block_sum_o[10]' is not connected to any nets. (LINT-28)
Warning: In design 'stage1_path_engine_14', port 'block_sum_o[9]' is not connected to any nets. (LINT-28)
Warning: In design 'stage1_path_engine_14', port 'block_sum_o[8]' is not connected to any nets. (LINT-28)
Warning: In design 'stage1_path_engine_14', port 'block_sum_o[7]' is not connected to any nets. (LINT-28)
Warning: In design 'stage1_path_engine_14', port 'block_sum_o[6]' is not connected to any nets. (LINT-28)
Warning: In design 'stage1_path_engine_14', port 'block_sum_o[5]' is not connected to any nets. (LINT-28)
Warning: In design 'stage1_path_engine_14', port 'block_sum_o[4]' is not connected to any nets. (LINT-28)
Warning: In design 'stage1_path_engine_14', port 'block_sum_o[3]' is not connected to any nets. (LINT-28)
Warning: In design 'stage1_path_engine_14', port 'block_sum_o[2]' is not connected to any nets. (LINT-28)
Warning: In design 'stage1_path_engine_14', port 'block_sum_o[1]' is not connected to any nets. (LINT-28)
Warning: In design 'stage1_path_engine_14', port 'block_sum_o[0]' is not connected to any nets. (LINT-28)
Warning: In design 'stage1_path_engine_14_DW01_add_J2_0_0', port 'B[27]' is not connected to any nets. (LINT-28)
Warning: In design 'stage1_path_engine_14_DW01_add_J2_0_0', port 'B[26]' is not connected to any nets. (LINT-28)
Warning: In design 'stage1_path_engine_14_DW01_add_J2_0_0', port 'B[25]' is not connected to any nets. (LINT-28)
Warning: In design 'stage1_path_engine_14_DW01_add_J2_0_0', port 'B[24]' is not connected to any nets. (LINT-28)
Warning: In design 'stage1_path_engine_14_DW01_add_J2_0_0', port 'B[23]' is not connected to any nets. (LINT-28)
Warning: In design 'stage1_path_engine_14_DW01_add_J2_0_0', port 'B[22]' is not connected to any nets. (LINT-28)
Warning: In design 'stage1_path_engine_14_DW01_add_J2_0_0', port 'CI' is not connected to any nets. (LINT-28)
Warning: In design 'stage1_path_engine_14_DW01_add_J2_0_0', port 'CO' is not connected to any nets. (LINT-28)
Warning: In design 'stage1_path_engine_14_DW01_add_J2_1_0', port 'CI' is not connected to any nets. (LINT-28)
Warning: In design 'stage1_path_engine_14_DW01_add_J2_1_0', port 'CO' is not connected to any nets. (LINT-28)
Warning: In design 'stage1_lane_pair_0', port 'retire_o' is not connected to any nets. (LINT-28)
Warning: In design 'stage1_lane_pair_1', port 'retire_o' is not connected to any nets. (LINT-28)
Warning: In design 'stage1_lane_pair_2', port 'retire_o' is not connected to any nets. (LINT-28)
Warning: In design 'stage1_lane_pair_3', port 'retire_o' is not connected to any nets. (LINT-28)
Warning: In design 'stage1_lane_pair_4', port 'retire_o' is not connected to any nets. (LINT-28)
Warning: In design 'stage1_lane_pair_5', port 'retire_o' is not connected to any nets. (LINT-28)
Warning: In design 'stage1_path_engine_0', port 'retire_o' is not connected to any nets. (LINT-28)
Warning: In design 'stage1_path_engine_0', port 'block_sum_o[20]' is not connected to any nets. (LINT-28)
Warning: In design 'stage1_path_engine_0', port 'block_sum_o[19]' is not connected to any nets. (LINT-28)
Warning: In design 'stage1_path_engine_0', port 'block_sum_o[18]' is not connected to any nets. (LINT-28)
Warning: In design 'stage1_path_engine_0', port 'block_sum_o[17]' is not connected to any nets. (LINT-28)
Warning: In design 'stage1_path_engine_0', port 'block_sum_o[16]' is not connected to any nets. (LINT-28)
Warning: In design 'stage1_path_engine_0', port 'block_sum_o[15]' is not connected to any nets. (LINT-28)
Warning: In design 'stage1_path_engine_0', port 'block_sum_o[14]' is not connected to any nets. (LINT-28)
Warning: In design 'stage1_path_engine_0', port 'block_sum_o[13]' is not connected to any nets. (LINT-28)
Warning: In design 'stage1_path_engine_0', port 'block_sum_o[12]' is not connected to any nets. (LINT-28)
Warning: In design 'stage1_path_engine_0', port 'block_sum_o[11]' is not connected to any nets. (LINT-28)
Warning: In design 'stage1_path_engine_0', port 'block_sum_o[10]' is not connected to any nets. (LINT-28)
Warning: In design 'stage1_path_engine_0', port 'block_sum_o[9]' is not connected to any nets. (LINT-28)
Warning: In design 'stage1_path_engine_0', port 'block_sum_o[8]' is not connected to any nets. (LINT-28)
Warning: In design 'stage1_path_engine_0', port 'block_sum_o[7]' is not connected to any nets. (LINT-28)
Warning: In design 'stage1_path_engine_0', port 'block_sum_o[6]' is not connected to any nets. (LINT-28)
Warning: In design 'stage1_path_engine_0', port 'block_sum_o[5]' is not connected to any nets. (LINT-28)
Warning: In design 'stage1_path_engine_0', port 'block_sum_o[4]' is not connected to any nets. (LINT-28)
Warning: In design 'stage1_path_engine_0', port 'block_sum_o[3]' is not connected to any nets. (LINT-28)
Warning: In design 'stage1_path_engine_0', port 'block_sum_o[2]' is not connected to any nets. (LINT-28)
Warning: In design 'stage1_path_engine_0', port 'block_sum_o[1]' is not connected to any nets. (LINT-28)
Warning: In design 'stage1_path_engine_0', port 'block_sum_o[0]' is not connected to any nets. (LINT-28)
Warning: In design 'stage1_path_engine_1', port 'retire_o' is not connected to any nets. (LINT-28)
Warning: In design 'stage1_path_engine_1', port 'block_sum_o[20]' is not connected to any nets. (LINT-28)
Warning: In design 'stage1_path_engine_1', port 'block_sum_o[19]' is not connected to any nets. (LINT-28)
Warning: In design 'stage1_path_engine_1', port 'block_sum_o[18]' is not connected to any nets. (LINT-28)
Warning: In design 'stage1_path_engine_1', port 'block_sum_o[17]' is not connected to any nets. (LINT-28)
Warning: In design 'stage1_path_engine_1', port 'block_sum_o[16]' is not connected to any nets. (LINT-28)
Warning: In design 'stage1_path_engine_1', port 'block_sum_o[15]' is not connected to any nets. (LINT-28)
Warning: In design 'stage1_path_engine_1', port 'block_sum_o[14]' is not connected to any nets. (LINT-28)
Warning: In design 'stage1_path_engine_1', port 'block_sum_o[13]' is not connected to any nets. (LINT-28)
Warning: In design 'stage1_path_engine_1', port 'block_sum_o[12]' is not connected to any nets. (LINT-28)
Warning: In design 'stage1_path_engine_1', port 'block_sum_o[11]' is not connected to any nets. (LINT-28)
Warning: In design 'stage1_path_engine_1', port 'block_sum_o[10]' is not connected to any nets. (LINT-28)
Warning: In design 'stage1_path_engine_1', port 'block_sum_o[9]' is not connected to any nets. (LINT-28)
Warning: In design 'stage1_path_engine_1', port 'block_sum_o[8]' is not connected to any nets. (LINT-28)
Warning: In design 'stage1_path_engine_1', port 'block_sum_o[7]' is not connected to any nets. (LINT-28)
Warning: In design 'stage1_path_engine_1', port 'block_sum_o[6]' is not connected to any nets. (LINT-28)
Warning: In design 'stage1_path_engine_1', port 'block_sum_o[5]' is not connected to any nets. (LINT-28)
Warning: In design 'stage1_path_engine_1', port 'block_sum_o[4]' is not connected to any nets. (LINT-28)
Warning: In design 'stage1_path_engine_1', port 'block_sum_o[3]' is not connected to any nets. (LINT-28)
Warning: In design 'stage1_path_engine_1', port 'block_sum_o[2]' is not connected to any nets. (LINT-28)
Warning: In design 'stage1_path_engine_1', port 'block_sum_o[1]' is not connected to any nets. (LINT-28)
Warning: In design 'stage1_path_engine_1', port 'block_sum_o[0]' is not connected to any nets. (LINT-28)
Warning: In design 'stage1_path_engine_2', port 'retire_o' is not connected to any nets. (LINT-28)
Warning: In design 'stage1_path_engine_2', port 'block_sum_o[20]' is not connected to any nets. (LINT-28)
Warning: In design 'stage1_path_engine_2', port 'block_sum_o[19]' is not connected to any nets. (LINT-28)
Warning: In design 'stage1_path_engine_2', port 'block_sum_o[18]' is not connected to any nets. (LINT-28)
Warning: In design 'stage1_path_engine_2', port 'block_sum_o[17]' is not connected to any nets. (LINT-28)
Warning: In design 'stage1_path_engine_2', port 'block_sum_o[16]' is not connected to any nets. (LINT-28)
Warning: In design 'stage1_path_engine_2', port 'block_sum_o[15]' is not connected to any nets. (LINT-28)
Warning: In design 'stage1_path_engine_2', port 'block_sum_o[14]' is not connected to any nets. (LINT-28)
Warning: In design 'stage1_path_engine_2', port 'block_sum_o[13]' is not connected to any nets. (LINT-28)
Warning: In design 'stage1_path_engine_2', port 'block_sum_o[12]' is not connected to any nets. (LINT-28)
Warning: In design 'stage1_path_engine_2', port 'block_sum_o[11]' is not connected to any nets. (LINT-28)
Warning: In design 'stage1_path_engine_2', port 'block_sum_o[10]' is not connected to any nets. (LINT-28)
Warning: In design 'stage1_path_engine_2', port 'block_sum_o[9]' is not connected to any nets. (LINT-28)
Warning: In design 'stage1_path_engine_2', port 'block_sum_o[8]' is not connected to any nets. (LINT-28)
Warning: In design 'stage1_path_engine_2', port 'block_sum_o[7]' is not connected to any nets. (LINT-28)
Warning: In design 'stage1_path_engine_2', port 'block_sum_o[6]' is not connected to any nets. (LINT-28)
Warning: In design 'stage1_path_engine_2', port 'block_sum_o[5]' is not connected to any nets. (LINT-28)
Warning: In design 'stage1_path_engine_2', port 'block_sum_o[4]' is not connected to any nets. (LINT-28)
Warning: In design 'stage1_path_engine_2', port 'block_sum_o[3]' is not connected to any nets. (LINT-28)
Warning: In design 'stage1_path_engine_2', port 'block_sum_o[2]' is not connected to any nets. (LINT-28)
Warning: In design 'stage1_path_engine_2', port 'block_sum_o[1]' is not connected to any nets. (LINT-28)
Warning: In design 'stage1_path_engine_2', port 'block_sum_o[0]' is not connected to any nets. (LINT-28)
Warning: In design 'stage1_path_engine_3', port 'retire_o' is not connected to any nets. (LINT-28)
Warning: In design 'stage1_path_engine_3', port 'block_sum_o[20]' is not connected to any nets. (LINT-28)
Warning: In design 'stage1_path_engine_3', port 'block_sum_o[19]' is not connected to any nets. (LINT-28)
Warning: In design 'stage1_path_engine_3', port 'block_sum_o[18]' is not connected to any nets. (LINT-28)
Warning: In design 'stage1_path_engine_3', port 'block_sum_o[17]' is not connected to any nets. (LINT-28)
Warning: In design 'stage1_path_engine_3', port 'block_sum_o[16]' is not connected to any nets. (LINT-28)
Warning: In design 'stage1_path_engine_3', port 'block_sum_o[15]' is not connected to any nets. (LINT-28)
Warning: In design 'stage1_path_engine_3', port 'block_sum_o[14]' is not connected to any nets. (LINT-28)
Warning: In design 'stage1_path_engine_3', port 'block_sum_o[13]' is not connected to any nets. (LINT-28)
Warning: In design 'stage1_path_engine_3', port 'block_sum_o[12]' is not connected to any nets. (LINT-28)
Warning: In design 'stage1_path_engine_3', port 'block_sum_o[11]' is not connected to any nets. (LINT-28)
Warning: In design 'stage1_path_engine_3', port 'block_sum_o[10]' is not connected to any nets. (LINT-28)
Warning: In design 'stage1_path_engine_3', port 'block_sum_o[9]' is not connected to any nets. (LINT-28)
Warning: In design 'stage1_path_engine_3', port 'block_sum_o[8]' is not connected to any nets. (LINT-28)
Warning: In design 'stage1_path_engine_3', port 'block_sum_o[7]' is not connected to any nets. (LINT-28)
Warning: In design 'stage1_path_engine_3', port 'block_sum_o[6]' is not connected to any nets. (LINT-28)
Warning: In design 'stage1_path_engine_3', port 'block_sum_o[5]' is not connected to any nets. (LINT-28)
Warning: In design 'stage1_path_engine_3', port 'block_sum_o[4]' is not connected to any nets. (LINT-28)
Warning: In design 'stage1_path_engine_3', port 'block_sum_o[3]' is not connected to any nets. (LINT-28)
Warning: In design 'stage1_path_engine_3', port 'block_sum_o[2]' is not connected to any nets. (LINT-28)
Warning: In design 'stage1_path_engine_3', port 'block_sum_o[1]' is not connected to any nets. (LINT-28)
Warning: In design 'stage1_path_engine_3', port 'block_sum_o[0]' is not connected to any nets. (LINT-28)
Warning: In design 'stage1_path_engine_4', port 'retire_o' is not connected to any nets. (LINT-28)
Warning: In design 'stage1_path_engine_4', port 'block_sum_o[20]' is not connected to any nets. (LINT-28)
Warning: In design 'stage1_path_engine_4', port 'block_sum_o[19]' is not connected to any nets. (LINT-28)
Warning: In design 'stage1_path_engine_4', port 'block_sum_o[18]' is not connected to any nets. (LINT-28)
Warning: In design 'stage1_path_engine_4', port 'block_sum_o[17]' is not connected to any nets. (LINT-28)
Warning: In design 'stage1_path_engine_4', port 'block_sum_o[16]' is not connected to any nets. (LINT-28)
Warning: In design 'stage1_path_engine_4', port 'block_sum_o[15]' is not connected to any nets. (LINT-28)
Warning: In design 'stage1_path_engine_4', port 'block_sum_o[14]' is not connected to any nets. (LINT-28)
Warning: In design 'stage1_path_engine_4', port 'block_sum_o[13]' is not connected to any nets. (LINT-28)
Warning: In design 'stage1_path_engine_4', port 'block_sum_o[12]' is not connected to any nets. (LINT-28)
Warning: In design 'stage1_path_engine_4', port 'block_sum_o[11]' is not connected to any nets. (LINT-28)
Warning: In design 'stage1_path_engine_4', port 'block_sum_o[10]' is not connected to any nets. (LINT-28)
Warning: In design 'stage1_path_engine_4', port 'block_sum_o[9]' is not connected to any nets. (LINT-28)
Warning: In design 'stage1_path_engine_4', port 'block_sum_o[8]' is not connected to any nets. (LINT-28)
Warning: In design 'stage1_path_engine_4', port 'block_sum_o[7]' is not connected to any nets. (LINT-28)
Warning: In design 'stage1_path_engine_4', port 'block_sum_o[6]' is not connected to any nets. (LINT-28)
Warning: In design 'stage1_path_engine_4', port 'block_sum_o[5]' is not connected to any nets. (LINT-28)
Warning: In design 'stage1_path_engine_4', port 'block_sum_o[4]' is not connected to any nets. (LINT-28)
Warning: In design 'stage1_path_engine_4', port 'block_sum_o[3]' is not connected to any nets. (LINT-28)
Warning: In design 'stage1_path_engine_4', port 'block_sum_o[2]' is not connected to any nets. (LINT-28)
Warning: In design 'stage1_path_engine_4', port 'block_sum_o[1]' is not connected to any nets. (LINT-28)
Warning: In design 'stage1_path_engine_4', port 'block_sum_o[0]' is not connected to any nets. (LINT-28)
Warning: In design 'stage1_path_engine_5', port 'retire_o' is not connected to any nets. (LINT-28)
Warning: In design 'stage1_path_engine_5', port 'block_sum_o[20]' is not connected to any nets. (LINT-28)
Warning: In design 'stage1_path_engine_5', port 'block_sum_o[19]' is not connected to any nets. (LINT-28)
Warning: In design 'stage1_path_engine_5', port 'block_sum_o[18]' is not connected to any nets. (LINT-28)
Warning: In design 'stage1_path_engine_5', port 'block_sum_o[17]' is not connected to any nets. (LINT-28)
Warning: In design 'stage1_path_engine_5', port 'block_sum_o[16]' is not connected to any nets. (LINT-28)
Warning: In design 'stage1_path_engine_5', port 'block_sum_o[15]' is not connected to any nets. (LINT-28)
Warning: In design 'stage1_path_engine_5', port 'block_sum_o[14]' is not connected to any nets. (LINT-28)
Warning: In design 'stage1_path_engine_5', port 'block_sum_o[13]' is not connected to any nets. (LINT-28)
Warning: In design 'stage1_path_engine_5', port 'block_sum_o[12]' is not connected to any nets. (LINT-28)
Warning: In design 'stage1_path_engine_5', port 'block_sum_o[11]' is not connected to any nets. (LINT-28)
Warning: In design 'stage1_path_engine_5', port 'block_sum_o[10]' is not connected to any nets. (LINT-28)
Warning: In design 'stage1_path_engine_5', port 'block_sum_o[9]' is not connected to any nets. (LINT-28)
Warning: In design 'stage1_path_engine_5', port 'block_sum_o[8]' is not connected to any nets. (LINT-28)
Warning: In design 'stage1_path_engine_5', port 'block_sum_o[7]' is not connected to any nets. (LINT-28)
Warning: In design 'stage1_path_engine_5', port 'block_sum_o[6]' is not connected to any nets. (LINT-28)
Warning: In design 'stage1_path_engine_5', port 'block_sum_o[5]' is not connected to any nets. (LINT-28)
Warning: In design 'stage1_path_engine_5', port 'block_sum_o[4]' is not connected to any nets. (LINT-28)
Warning: In design 'stage1_path_engine_5', port 'block_sum_o[3]' is not connected to any nets. (LINT-28)
Warning: In design 'stage1_path_engine_5', port 'block_sum_o[2]' is not connected to any nets. (LINT-28)
Warning: In design 'stage1_path_engine_5', port 'block_sum_o[1]' is not connected to any nets. (LINT-28)
Warning: In design 'stage1_path_engine_5', port 'block_sum_o[0]' is not connected to any nets. (LINT-28)
Warning: In design 'stage1_path_engine_6', port 'retire_o' is not connected to any nets. (LINT-28)
Warning: In design 'stage1_path_engine_6', port 'block_sum_o[20]' is not connected to any nets. (LINT-28)
Warning: In design 'stage1_path_engine_6', port 'block_sum_o[19]' is not connected to any nets. (LINT-28)
Warning: In design 'stage1_path_engine_6', port 'block_sum_o[18]' is not connected to any nets. (LINT-28)
Warning: In design 'stage1_path_engine_6', port 'block_sum_o[17]' is not connected to any nets. (LINT-28)
Warning: In design 'stage1_path_engine_6', port 'block_sum_o[16]' is not connected to any nets. (LINT-28)
Warning: In design 'stage1_path_engine_6', port 'block_sum_o[15]' is not connected to any nets. (LINT-28)
Warning: In design 'stage1_path_engine_6', port 'block_sum_o[14]' is not connected to any nets. (LINT-28)
Warning: In design 'stage1_path_engine_6', port 'block_sum_o[13]' is not connected to any nets. (LINT-28)
Warning: In design 'stage1_path_engine_6', port 'block_sum_o[12]' is not connected to any nets. (LINT-28)
Warning: In design 'stage1_path_engine_6', port 'block_sum_o[11]' is not connected to any nets. (LINT-28)
Warning: In design 'stage1_path_engine_6', port 'block_sum_o[10]' is not connected to any nets. (LINT-28)
Warning: In design 'stage1_path_engine_6', port 'block_sum_o[9]' is not connected to any nets. (LINT-28)
Warning: In design 'stage1_path_engine_6', port 'block_sum_o[8]' is not connected to any nets. (LINT-28)
Warning: In design 'stage1_path_engine_6', port 'block_sum_o[7]' is not connected to any nets. (LINT-28)
Warning: In design 'stage1_path_engine_6', port 'block_sum_o[6]' is not connected to any nets. (LINT-28)
Warning: In design 'stage1_path_engine_6', port 'block_sum_o[5]' is not connected to any nets. (LINT-28)
Warning: In design 'stage1_path_engine_6', port 'block_sum_o[4]' is not connected to any nets. (LINT-28)
Warning: In design 'stage1_path_engine_6', port 'block_sum_o[3]' is not connected to any nets. (LINT-28)
Warning: In design 'stage1_path_engine_6', port 'block_sum_o[2]' is not connected to any nets. (LINT-28)
Warning: In design 'stage1_path_engine_6', port 'block_sum_o[1]' is not connected to any nets. (LINT-28)
Warning: In design 'stage1_path_engine_6', port 'block_sum_o[0]' is not connected to any nets. (LINT-28)
Warning: In design 'stage1_path_engine_7', port 'retire_o' is not connected to any nets. (LINT-28)
Warning: In design 'stage1_path_engine_7', port 'block_sum_o[20]' is not connected to any nets. (LINT-28)
Warning: In design 'stage1_path_engine_7', port 'block_sum_o[19]' is not connected to any nets. (LINT-28)
Warning: In design 'stage1_path_engine_7', port 'block_sum_o[18]' is not connected to any nets. (LINT-28)
Warning: In design 'stage1_path_engine_7', port 'block_sum_o[17]' is not connected to any nets. (LINT-28)
Warning: In design 'stage1_path_engine_7', port 'block_sum_o[16]' is not connected to any nets. (LINT-28)
Warning: In design 'stage1_path_engine_7', port 'block_sum_o[15]' is not connected to any nets. (LINT-28)
Warning: In design 'stage1_path_engine_7', port 'block_sum_o[14]' is not connected to any nets. (LINT-28)
Warning: In design 'stage1_path_engine_7', port 'block_sum_o[13]' is not connected to any nets. (LINT-28)
Warning: In design 'stage1_path_engine_7', port 'block_sum_o[12]' is not connected to any nets. (LINT-28)
Warning: In design 'stage1_path_engine_7', port 'block_sum_o[11]' is not connected to any nets. (LINT-28)
Warning: In design 'stage1_path_engine_7', port 'block_sum_o[10]' is not connected to any nets. (LINT-28)
Warning: In design 'stage1_path_engine_7', port 'block_sum_o[9]' is not connected to any nets. (LINT-28)
Warning: In design 'stage1_path_engine_7', port 'block_sum_o[8]' is not connected to any nets. (LINT-28)
Warning: In design 'stage1_path_engine_7', port 'block_sum_o[7]' is not connected to any nets. (LINT-28)
Warning: In design 'stage1_path_engine_7', port 'block_sum_o[6]' is not connected to any nets. (LINT-28)
Warning: In design 'stage1_path_engine_7', port 'block_sum_o[5]' is not connected to any nets. (LINT-28)
Warning: In design 'stage1_path_engine_7', port 'block_sum_o[4]' is not connected to any nets. (LINT-28)
Warning: In design 'stage1_path_engine_7', port 'block_sum_o[3]' is not connected to any nets. (LINT-28)
Warning: In design 'stage1_path_engine_7', port 'block_sum_o[2]' is not connected to any nets. (LINT-28)
Warning: In design 'stage1_path_engine_7', port 'block_sum_o[1]' is not connected to any nets. (LINT-28)
Warning: In design 'stage1_path_engine_7', port 'block_sum_o[0]' is not connected to any nets. (LINT-28)
Warning: In design 'stage1_path_engine_8', port 'retire_o' is not connected to any nets. (LINT-28)
Warning: In design 'stage1_path_engine_8', port 'block_sum_o[20]' is not connected to any nets. (LINT-28)
Warning: In design 'stage1_path_engine_8', port 'block_sum_o[19]' is not connected to any nets. (LINT-28)
Warning: In design 'stage1_path_engine_8', port 'block_sum_o[18]' is not connected to any nets. (LINT-28)
Warning: In design 'stage1_path_engine_8', port 'block_sum_o[17]' is not connected to any nets. (LINT-28)
Warning: In design 'stage1_path_engine_8', port 'block_sum_o[16]' is not connected to any nets. (LINT-28)
Warning: In design 'stage1_path_engine_8', port 'block_sum_o[15]' is not connected to any nets. (LINT-28)
Warning: In design 'stage1_path_engine_8', port 'block_sum_o[14]' is not connected to any nets. (LINT-28)
Warning: In design 'stage1_path_engine_8', port 'block_sum_o[13]' is not connected to any nets. (LINT-28)
Warning: In design 'stage1_path_engine_8', port 'block_sum_o[12]' is not connected to any nets. (LINT-28)
Warning: In design 'stage1_path_engine_8', port 'block_sum_o[11]' is not connected to any nets. (LINT-28)
Warning: In design 'stage1_path_engine_8', port 'block_sum_o[10]' is not connected to any nets. (LINT-28)
Warning: In design 'stage1_path_engine_8', port 'block_sum_o[9]' is not connected to any nets. (LINT-28)
Warning: In design 'stage1_path_engine_8', port 'block_sum_o[8]' is not connected to any nets. (LINT-28)
Warning: In design 'stage1_path_engine_8', port 'block_sum_o[7]' is not connected to any nets. (LINT-28)
Warning: In design 'stage1_path_engine_8', port 'block_sum_o[6]' is not connected to any nets. (LINT-28)
Warning: In design 'stage1_path_engine_8', port 'block_sum_o[5]' is not connected to any nets. (LINT-28)
Warning: In design 'stage1_path_engine_8', port 'block_sum_o[4]' is not connected to any nets. (LINT-28)
Warning: In design 'stage1_path_engine_8', port 'block_sum_o[3]' is not connected to any nets. (LINT-28)
Warning: In design 'stage1_path_engine_8', port 'block_sum_o[2]' is not connected to any nets. (LINT-28)
Warning: In design 'stage1_path_engine_8', port 'block_sum_o[1]' is not connected to any nets. (LINT-28)
Warning: In design 'stage1_path_engine_8', port 'block_sum_o[0]' is not connected to any nets. (LINT-28)
Warning: In design 'stage1_path_engine_9', port 'retire_o' is not connected to any nets. (LINT-28)
Warning: In design 'stage1_path_engine_9', port 'block_sum_o[20]' is not connected to any nets. (LINT-28)
Warning: In design 'stage1_path_engine_9', port 'block_sum_o[19]' is not connected to any nets. (LINT-28)
Warning: In design 'stage1_path_engine_9', port 'block_sum_o[18]' is not connected to any nets. (LINT-28)
Warning: In design 'stage1_path_engine_9', port 'block_sum_o[17]' is not connected to any nets. (LINT-28)
Warning: In design 'stage1_path_engine_9', port 'block_sum_o[16]' is not connected to any nets. (LINT-28)
Warning: In design 'stage1_path_engine_9', port 'block_sum_o[15]' is not connected to any nets. (LINT-28)
Warning: In design 'stage1_path_engine_9', port 'block_sum_o[14]' is not connected to any nets. (LINT-28)
Warning: In design 'stage1_path_engine_9', port 'block_sum_o[13]' is not connected to any nets. (LINT-28)
Warning: In design 'stage1_path_engine_9', port 'block_sum_o[12]' is not connected to any nets. (LINT-28)
Warning: In design 'stage1_path_engine_9', port 'block_sum_o[11]' is not connected to any nets. (LINT-28)
Warning: In design 'stage1_path_engine_9', port 'block_sum_o[10]' is not connected to any nets. (LINT-28)
Warning: In design 'stage1_path_engine_9', port 'block_sum_o[9]' is not connected to any nets. (LINT-28)
Warning: In design 'stage1_path_engine_9', port 'block_sum_o[8]' is not connected to any nets. (LINT-28)
Warning: In design 'stage1_path_engine_9', port 'block_sum_o[7]' is not connected to any nets. (LINT-28)
Warning: In design 'stage1_path_engine_9', port 'block_sum_o[6]' is not connected to any nets. (LINT-28)
Warning: In design 'stage1_path_engine_9', port 'block_sum_o[5]' is not connected to any nets. (LINT-28)
Warning: In design 'stage1_path_engine_9', port 'block_sum_o[4]' is not connected to any nets. (LINT-28)
Warning: In design 'stage1_path_engine_9', port 'block_sum_o[3]' is not connected to any nets. (LINT-28)
Warning: In design 'stage1_path_engine_9', port 'block_sum_o[2]' is not connected to any nets. (LINT-28)
Warning: In design 'stage1_path_engine_9', port 'block_sum_o[1]' is not connected to any nets. (LINT-28)
Warning: In design 'stage1_path_engine_9', port 'block_sum_o[0]' is not connected to any nets. (LINT-28)
Warning: In design 'stage1_path_engine_10', port 'retire_o' is not connected to any nets. (LINT-28)
Warning: In design 'stage1_path_engine_10', port 'block_sum_o[20]' is not connected to any nets. (LINT-28)
Warning: In design 'stage1_path_engine_10', port 'block_sum_o[19]' is not connected to any nets. (LINT-28)
Warning: In design 'stage1_path_engine_10', port 'block_sum_o[18]' is not connected to any nets. (LINT-28)
Warning: In design 'stage1_path_engine_10', port 'block_sum_o[17]' is not connected to any nets. (LINT-28)
Warning: In design 'stage1_path_engine_10', port 'block_sum_o[16]' is not connected to any nets. (LINT-28)
Warning: In design 'stage1_path_engine_10', port 'block_sum_o[15]' is not connected to any nets. (LINT-28)
Warning: In design 'stage1_path_engine_10', port 'block_sum_o[14]' is not connected to any nets. (LINT-28)
Warning: In design 'stage1_path_engine_10', port 'block_sum_o[13]' is not connected to any nets. (LINT-28)
Warning: In design 'stage1_path_engine_10', port 'block_sum_o[12]' is not connected to any nets. (LINT-28)
Warning: In design 'stage1_path_engine_10', port 'block_sum_o[11]' is not connected to any nets. (LINT-28)
Warning: In design 'stage1_path_engine_10', port 'block_sum_o[10]' is not connected to any nets. (LINT-28)
Warning: In design 'stage1_path_engine_10', port 'block_sum_o[9]' is not connected to any nets. (LINT-28)
Warning: In design 'stage1_path_engine_10', port 'block_sum_o[8]' is not connected to any nets. (LINT-28)
Warning: In design 'stage1_path_engine_10', port 'block_sum_o[7]' is not connected to any nets. (LINT-28)
Warning: In design 'stage1_path_engine_10', port 'block_sum_o[6]' is not connected to any nets. (LINT-28)
Warning: In design 'stage1_path_engine_10', port 'block_sum_o[5]' is not connected to any nets. (LINT-28)
Warning: In design 'stage1_path_engine_10', port 'block_sum_o[4]' is not connected to any nets. (LINT-28)
Warning: In design 'stage1_path_engine_10', port 'block_sum_o[3]' is not connected to any nets. (LINT-28)
Warning: In design 'stage1_path_engine_10', port 'block_sum_o[2]' is not connected to any nets. (LINT-28)
Warning: In design 'stage1_path_engine_10', port 'block_sum_o[1]' is not connected to any nets. (LINT-28)
Warning: In design 'stage1_path_engine_10', port 'block_sum_o[0]' is not connected to any nets. (LINT-28)
Warning: In design 'stage1_path_engine_11', port 'retire_o' is not connected to any nets. (LINT-28)
Warning: In design 'stage1_path_engine_11', port 'block_sum_o[20]' is not connected to any nets. (LINT-28)
Warning: In design 'stage1_path_engine_11', port 'block_sum_o[19]' is not connected to any nets. (LINT-28)
Warning: In design 'stage1_path_engine_11', port 'block_sum_o[18]' is not connected to any nets. (LINT-28)
Warning: In design 'stage1_path_engine_11', port 'block_sum_o[17]' is not connected to any nets. (LINT-28)
Warning: In design 'stage1_path_engine_11', port 'block_sum_o[16]' is not connected to any nets. (LINT-28)
Warning: In design 'stage1_path_engine_11', port 'block_sum_o[15]' is not connected to any nets. (LINT-28)
Warning: In design 'stage1_path_engine_11', port 'block_sum_o[14]' is not connected to any nets. (LINT-28)
Warning: In design 'stage1_path_engine_11', port 'block_sum_o[13]' is not connected to any nets. (LINT-28)
Warning: In design 'stage1_path_engine_11', port 'block_sum_o[12]' is not connected to any nets. (LINT-28)
Warning: In design 'stage1_path_engine_11', port 'block_sum_o[11]' is not connected to any nets. (LINT-28)
Warning: In design 'stage1_path_engine_11', port 'block_sum_o[10]' is not connected to any nets. (LINT-28)
Warning: In design 'stage1_path_engine_11', port 'block_sum_o[9]' is not connected to any nets. (LINT-28)
Warning: In design 'stage1_path_engine_11', port 'block_sum_o[8]' is not connected to any nets. (LINT-28)
Warning: In design 'stage1_path_engine_11', port 'block_sum_o[7]' is not connected to any nets. (LINT-28)
Warning: In design 'stage1_path_engine_11', port 'block_sum_o[6]' is not connected to any nets. (LINT-28)
Warning: In design 'stage1_path_engine_11', port 'block_sum_o[5]' is not connected to any nets. (LINT-28)
Warning: In design 'stage1_path_engine_11', port 'block_sum_o[4]' is not connected to any nets. (LINT-28)
Warning: In design 'stage1_path_engine_11', port 'block_sum_o[3]' is not connected to any nets. (LINT-28)
Warning: In design 'stage1_path_engine_11', port 'block_sum_o[2]' is not connected to any nets. (LINT-28)
Warning: In design 'stage1_path_engine_11', port 'block_sum_o[1]' is not connected to any nets. (LINT-28)
Warning: In design 'stage1_path_engine_11', port 'block_sum_o[0]' is not connected to any nets. (LINT-28)
Warning: In design 'stage1_path_engine_12', port 'retire_o' is not connected to any nets. (LINT-28)
Warning: In design 'stage1_path_engine_12', port 'block_sum_o[20]' is not connected to any nets. (LINT-28)
Warning: In design 'stage1_path_engine_12', port 'block_sum_o[19]' is not connected to any nets. (LINT-28)
Warning: In design 'stage1_path_engine_12', port 'block_sum_o[18]' is not connected to any nets. (LINT-28)
Warning: In design 'stage1_path_engine_12', port 'block_sum_o[17]' is not connected to any nets. (LINT-28)
Warning: In design 'stage1_path_engine_12', port 'block_sum_o[16]' is not connected to any nets. (LINT-28)
Warning: In design 'stage1_path_engine_12', port 'block_sum_o[15]' is not connected to any nets. (LINT-28)
Warning: In design 'stage1_path_engine_12', port 'block_sum_o[14]' is not connected to any nets. (LINT-28)
Warning: In design 'stage1_path_engine_12', port 'block_sum_o[13]' is not connected to any nets. (LINT-28)
Warning: In design 'stage1_path_engine_12', port 'block_sum_o[12]' is not connected to any nets. (LINT-28)
Warning: In design 'stage1_path_engine_12', port 'block_sum_o[11]' is not connected to any nets. (LINT-28)
Warning: In design 'stage1_path_engine_12', port 'block_sum_o[10]' is not connected to any nets. (LINT-28)
Warning: In design 'stage1_path_engine_12', port 'block_sum_o[9]' is not connected to any nets. (LINT-28)
Warning: In design 'stage1_path_engine_12', port 'block_sum_o[8]' is not connected to any nets. (LINT-28)
Warning: In design 'stage1_path_engine_12', port 'block_sum_o[7]' is not connected to any nets. (LINT-28)
Warning: In design 'stage1_path_engine_12', port 'block_sum_o[6]' is not connected to any nets. (LINT-28)
Warning: In design 'stage1_path_engine_12', port 'block_sum_o[5]' is not connected to any nets. (LINT-28)
Warning: In design 'stage1_path_engine_12', port 'block_sum_o[4]' is not connected to any nets. (LINT-28)
Warning: In design 'stage1_path_engine_12', port 'block_sum_o[3]' is not connected to any nets. (LINT-28)
Warning: In design 'stage1_path_engine_12', port 'block_sum_o[2]' is not connected to any nets. (LINT-28)
Warning: In design 'stage1_path_engine_12', port 'block_sum_o[1]' is not connected to any nets. (LINT-28)
Warning: In design 'stage1_path_engine_12', port 'block_sum_o[0]' is not connected to any nets. (LINT-28)
Warning: In design 'stage1_path_engine_0_DW01_add_J3_0_0', port 'B[27]' is not connected to any nets. (LINT-28)
Warning: In design 'stage1_path_engine_0_DW01_add_J3_0_0', port 'B[26]' is not connected to any nets. (LINT-28)
Warning: In design 'stage1_path_engine_0_DW01_add_J3_0_0', port 'B[25]' is not connected to any nets. (LINT-28)
Warning: In design 'stage1_path_engine_0_DW01_add_J3_0_0', port 'B[24]' is not connected to any nets. (LINT-28)
Warning: In design 'stage1_path_engine_0_DW01_add_J3_0_0', port 'B[23]' is not connected to any nets. (LINT-28)
Warning: In design 'stage1_path_engine_0_DW01_add_J3_0_0', port 'B[22]' is not connected to any nets. (LINT-28)
Warning: In design 'stage1_path_engine_0_DW01_add_J3_0_0', port 'CI' is not connected to any nets. (LINT-28)
Warning: In design 'stage1_path_engine_0_DW01_add_J3_0_0', port 'CO' is not connected to any nets. (LINT-28)
Warning: In design 'stage1_path_engine_0_DW01_add_J3_0_1', port 'B[27]' is not connected to any nets. (LINT-28)
Warning: In design 'stage1_path_engine_0_DW01_add_J3_0_1', port 'B[26]' is not connected to any nets. (LINT-28)
Warning: In design 'stage1_path_engine_0_DW01_add_J3_0_1', port 'B[25]' is not connected to any nets. (LINT-28)
Warning: In design 'stage1_path_engine_0_DW01_add_J3_0_1', port 'B[24]' is not connected to any nets. (LINT-28)
Warning: In design 'stage1_path_engine_0_DW01_add_J3_0_1', port 'B[23]' is not connected to any nets. (LINT-28)
Warning: In design 'stage1_path_engine_0_DW01_add_J3_0_1', port 'B[22]' is not connected to any nets. (LINT-28)
Warning: In design 'stage1_path_engine_0_DW01_add_J3_0_1', port 'CI' is not connected to any nets. (LINT-28)
Warning: In design 'stage1_path_engine_0_DW01_add_J3_0_1', port 'CO' is not connected to any nets. (LINT-28)
Warning: In design 'stage1_path_engine_0_DW01_add_J3_0_2', port 'B[27]' is not connected to any nets. (LINT-28)
Warning: In design 'stage1_path_engine_0_DW01_add_J3_0_2', port 'B[26]' is not connected to any nets. (LINT-28)
Warning: In design 'stage1_path_engine_0_DW01_add_J3_0_2', port 'B[25]' is not connected to any nets. (LINT-28)
Warning: In design 'stage1_path_engine_0_DW01_add_J3_0_2', port 'B[24]' is not connected to any nets. (LINT-28)
Warning: In design 'stage1_path_engine_0_DW01_add_J3_0_2', port 'B[23]' is not connected to any nets. (LINT-28)
Warning: In design 'stage1_path_engine_0_DW01_add_J3_0_2', port 'B[22]' is not connected to any nets. (LINT-28)
Warning: In design 'stage1_path_engine_0_DW01_add_J3_0_2', port 'CI' is not connected to any nets. (LINT-28)
Warning: In design 'stage1_path_engine_0_DW01_add_J3_0_2', port 'CO' is not connected to any nets. (LINT-28)
Warning: In design 'stage1_path_engine_0_DW01_add_J3_0_3', port 'B[27]' is not connected to any nets. (LINT-28)
Warning: In design 'stage1_path_engine_0_DW01_add_J3_0_3', port 'B[26]' is not connected to any nets. (LINT-28)
Warning: In design 'stage1_path_engine_0_DW01_add_J3_0_3', port 'B[25]' is not connected to any nets. (LINT-28)
Warning: In design 'stage1_path_engine_0_DW01_add_J3_0_3', port 'B[24]' is not connected to any nets. (LINT-28)
Warning: In design 'stage1_path_engine_0_DW01_add_J3_0_3', port 'B[23]' is not connected to any nets. (LINT-28)
Warning: In design 'stage1_path_engine_0_DW01_add_J3_0_3', port 'B[22]' is not connected to any nets. (LINT-28)
Warning: In design 'stage1_path_engine_0_DW01_add_J3_0_3', port 'CI' is not connected to any nets. (LINT-28)
Warning: In design 'stage1_path_engine_0_DW01_add_J3_0_3', port 'CO' is not connected to any nets. (LINT-28)
Warning: In design 'stage1_path_engine_0_DW01_add_J3_0_4', port 'B[27]' is not connected to any nets. (LINT-28)
Warning: In design 'stage1_path_engine_0_DW01_add_J3_0_4', port 'B[26]' is not connected to any nets. (LINT-28)
Warning: In design 'stage1_path_engine_0_DW01_add_J3_0_4', port 'B[25]' is not connected to any nets. (LINT-28)
Warning: In design 'stage1_path_engine_0_DW01_add_J3_0_4', port 'B[24]' is not connected to any nets. (LINT-28)
Warning: In design 'stage1_path_engine_0_DW01_add_J3_0_4', port 'B[23]' is not connected to any nets. (LINT-28)
Warning: In design 'stage1_path_engine_0_DW01_add_J3_0_4', port 'B[22]' is not connected to any nets. (LINT-28)
Warning: In design 'stage1_path_engine_0_DW01_add_J3_0_4', port 'CI' is not connected to any nets. (LINT-28)
Warning: In design 'stage1_path_engine_0_DW01_add_J3_0_4', port 'CO' is not connected to any nets. (LINT-28)
Warning: In design 'stage1_path_engine_0_DW01_add_J3_0_5', port 'B[27]' is not connected to any nets. (LINT-28)
Warning: In design 'stage1_path_engine_0_DW01_add_J3_0_5', port 'B[26]' is not connected to any nets. (LINT-28)
Warning: In design 'stage1_path_engine_0_DW01_add_J3_0_5', port 'B[25]' is not connected to any nets. (LINT-28)
Warning: In design 'stage1_path_engine_0_DW01_add_J3_0_5', port 'B[24]' is not connected to any nets. (LINT-28)
Warning: In design 'stage1_path_engine_0_DW01_add_J3_0_5', port 'B[23]' is not connected to any nets. (LINT-28)
Warning: In design 'stage1_path_engine_0_DW01_add_J3_0_5', port 'B[22]' is not connected to any nets. (LINT-28)
Warning: In design 'stage1_path_engine_0_DW01_add_J3_0_5', port 'CI' is not connected to any nets. (LINT-28)
Warning: In design 'stage1_path_engine_0_DW01_add_J3_0_5', port 'CO' is not connected to any nets. (LINT-28)
Warning: In design 'stage1_path_engine_0_DW01_add_J3_0_6', port 'B[27]' is not connected to any nets. (LINT-28)
Warning: In design 'stage1_path_engine_0_DW01_add_J3_0_6', port 'B[26]' is not connected to any nets. (LINT-28)
Warning: In design 'stage1_path_engine_0_DW01_add_J3_0_6', port 'B[25]' is not connected to any nets. (LINT-28)
Warning: In design 'stage1_path_engine_0_DW01_add_J3_0_6', port 'B[24]' is not connected to any nets. (LINT-28)
Warning: In design 'stage1_path_engine_0_DW01_add_J3_0_6', port 'B[23]' is not connected to any nets. (LINT-28)
Warning: In design 'stage1_path_engine_0_DW01_add_J3_0_6', port 'B[22]' is not connected to any nets. (LINT-28)
Warning: In design 'stage1_path_engine_0_DW01_add_J3_0_6', port 'CI' is not connected to any nets. (LINT-28)
Warning: In design 'stage1_path_engine_0_DW01_add_J3_0_6', port 'CO' is not connected to any nets. (LINT-28)
Warning: In design 'stage1_path_engine_0_DW01_add_J3_0_7', port 'B[27]' is not connected to any nets. (LINT-28)
Warning: In design 'stage1_path_engine_0_DW01_add_J3_0_7', port 'B[26]' is not connected to any nets. (LINT-28)
Warning: In design 'stage1_path_engine_0_DW01_add_J3_0_7', port 'B[25]' is not connected to any nets. (LINT-28)
Warning: In design 'stage1_path_engine_0_DW01_add_J3_0_7', port 'B[24]' is not connected to any nets. (LINT-28)
Warning: In design 'stage1_path_engine_0_DW01_add_J3_0_7', port 'B[23]' is not connected to any nets. (LINT-28)
Warning: In design 'stage1_path_engine_0_DW01_add_J3_0_7', port 'B[22]' is not connected to any nets. (LINT-28)
Warning: In design 'stage1_path_engine_0_DW01_add_J3_0_7', port 'CI' is not connected to any nets. (LINT-28)
Warning: In design 'stage1_path_engine_0_DW01_add_J3_0_7', port 'CO' is not connected to any nets. (LINT-28)
Warning: In design 'stage1_path_engine_0_DW01_add_J3_0_8', port 'B[27]' is not connected to any nets. (LINT-28)
Warning: In design 'stage1_path_engine_0_DW01_add_J3_0_8', port 'B[26]' is not connected to any nets. (LINT-28)
Warning: In design 'stage1_path_engine_0_DW01_add_J3_0_8', port 'B[25]' is not connected to any nets. (LINT-28)
Warning: In design 'stage1_path_engine_0_DW01_add_J3_0_8', port 'B[24]' is not connected to any nets. (LINT-28)
Warning: In design 'stage1_path_engine_0_DW01_add_J3_0_8', port 'B[23]' is not connected to any nets. (LINT-28)
Warning: In design 'stage1_path_engine_0_DW01_add_J3_0_8', port 'B[22]' is not connected to any nets. (LINT-28)
Warning: In design 'stage1_path_engine_0_DW01_add_J3_0_8', port 'CI' is not connected to any nets. (LINT-28)
Warning: In design 'stage1_path_engine_0_DW01_add_J3_0_8', port 'CO' is not connected to any nets. (LINT-28)
Warning: In design 'stage1_path_engine_0_DW01_add_J3_0_9', port 'B[27]' is not connected to any nets. (LINT-28)
Warning: In design 'stage1_path_engine_0_DW01_add_J3_0_9', port 'B[26]' is not connected to any nets. (LINT-28)
Warning: In design 'stage1_path_engine_0_DW01_add_J3_0_9', port 'B[25]' is not connected to any nets. (LINT-28)
Warning: In design 'stage1_path_engine_0_DW01_add_J3_0_9', port 'B[24]' is not connected to any nets. (LINT-28)
Warning: In design 'stage1_path_engine_0_DW01_add_J3_0_9', port 'B[23]' is not connected to any nets. (LINT-28)
Warning: In design 'stage1_path_engine_0_DW01_add_J3_0_9', port 'B[22]' is not connected to any nets. (LINT-28)
Warning: In design 'stage1_path_engine_0_DW01_add_J3_0_9', port 'CI' is not connected to any nets. (LINT-28)
Warning: In design 'stage1_path_engine_0_DW01_add_J3_0_9', port 'CO' is not connected to any nets. (LINT-28)
Warning: In design 'stage1_path_engine_0_DW01_add_J3_0_10', port 'B[27]' is not connected to any nets. (LINT-28)
Warning: In design 'stage1_path_engine_0_DW01_add_J3_0_10', port 'B[26]' is not connected to any nets. (LINT-28)
Warning: In design 'stage1_path_engine_0_DW01_add_J3_0_10', port 'B[25]' is not connected to any nets. (LINT-28)
Warning: In design 'stage1_path_engine_0_DW01_add_J3_0_10', port 'B[24]' is not connected to any nets. (LINT-28)
Warning: In design 'stage1_path_engine_0_DW01_add_J3_0_10', port 'B[23]' is not connected to any nets. (LINT-28)
Warning: In design 'stage1_path_engine_0_DW01_add_J3_0_10', port 'B[22]' is not connected to any nets. (LINT-28)
Warning: In design 'stage1_path_engine_0_DW01_add_J3_0_10', port 'CI' is not connected to any nets. (LINT-28)
Warning: In design 'stage1_path_engine_0_DW01_add_J3_0_10', port 'CO' is not connected to any nets. (LINT-28)
Warning: In design 'stage1_path_engine_0_DW01_add_J3_0_11', port 'B[27]' is not connected to any nets. (LINT-28)
Warning: In design 'stage1_path_engine_0_DW01_add_J3_0_11', port 'B[26]' is not connected to any nets. (LINT-28)
Warning: In design 'stage1_path_engine_0_DW01_add_J3_0_11', port 'B[25]' is not connected to any nets. (LINT-28)
Warning: In design 'stage1_path_engine_0_DW01_add_J3_0_11', port 'B[24]' is not connected to any nets. (LINT-28)
Warning: In design 'stage1_path_engine_0_DW01_add_J3_0_11', port 'B[23]' is not connected to any nets. (LINT-28)
Warning: In design 'stage1_path_engine_0_DW01_add_J3_0_11', port 'B[22]' is not connected to any nets. (LINT-28)
Warning: In design 'stage1_path_engine_0_DW01_add_J3_0_11', port 'CI' is not connected to any nets. (LINT-28)
Warning: In design 'stage1_path_engine_0_DW01_add_J3_0_11', port 'CO' is not connected to any nets. (LINT-28)
Warning: In design 'stage1_path_engine_0_DW01_add_J3_0_12', port 'B[27]' is not connected to any nets. (LINT-28)
Warning: In design 'stage1_path_engine_0_DW01_add_J3_0_12', port 'B[26]' is not connected to any nets. (LINT-28)
Warning: In design 'stage1_path_engine_0_DW01_add_J3_0_12', port 'B[25]' is not connected to any nets. (LINT-28)
Warning: In design 'stage1_path_engine_0_DW01_add_J3_0_12', port 'B[24]' is not connected to any nets. (LINT-28)
Warning: In design 'stage1_path_engine_0_DW01_add_J3_0_12', port 'B[23]' is not connected to any nets. (LINT-28)
Warning: In design 'stage1_path_engine_0_DW01_add_J3_0_12', port 'B[22]' is not connected to any nets. (LINT-28)
Warning: In design 'stage1_path_engine_0_DW01_add_J3_0_12', port 'CI' is not connected to any nets. (LINT-28)
Warning: In design 'stage1_path_engine_0_DW01_add_J3_0_12', port 'CO' is not connected to any nets. (LINT-28)
Warning: In design 'stage1_path_engine_0_DW01_add_J3_1_0', port 'CI' is not connected to any nets. (LINT-28)
Warning: In design 'stage1_path_engine_0_DW01_add_J3_1_0', port 'CO' is not connected to any nets. (LINT-28)
Warning: In design 'stage1_path_engine_0_DW01_add_J3_1_1', port 'CI' is not connected to any nets. (LINT-28)
Warning: In design 'stage1_path_engine_0_DW01_add_J3_1_1', port 'CO' is not connected to any nets. (LINT-28)
Warning: In design 'stage1_path_engine_0_DW01_add_J3_1_2', port 'CI' is not connected to any nets. (LINT-28)
Warning: In design 'stage1_path_engine_0_DW01_add_J3_1_2', port 'CO' is not connected to any nets. (LINT-28)
Warning: In design 'stage1_path_engine_0_DW01_add_J3_1_3', port 'CI' is not connected to any nets. (LINT-28)
Warning: In design 'stage1_path_engine_0_DW01_add_J3_1_3', port 'CO' is not connected to any nets. (LINT-28)
Warning: In design 'stage1_path_engine_0_DW01_add_J3_1_4', port 'CI' is not connected to any nets. (LINT-28)
Warning: In design 'stage1_path_engine_0_DW01_add_J3_1_4', port 'CO' is not connected to any nets. (LINT-28)
Warning: In design 'stage1_path_engine_0_DW01_add_J3_1_5', port 'CI' is not connected to any nets. (LINT-28)
Warning: In design 'stage1_path_engine_0_DW01_add_J3_1_5', port 'CO' is not connected to any nets. (LINT-28)
Warning: In design 'stage1_path_engine_0_DW01_add_J3_1_6', port 'CI' is not connected to any nets. (LINT-28)
Warning: In design 'stage1_path_engine_0_DW01_add_J3_1_6', port 'CO' is not connected to any nets. (LINT-28)
Warning: In design 'stage1_path_engine_0_DW01_add_J3_1_7', port 'CI' is not connected to any nets. (LINT-28)
Warning: In design 'stage1_path_engine_0_DW01_add_J3_1_7', port 'CO' is not connected to any nets. (LINT-28)
Warning: In design 'stage1_path_engine_0_DW01_add_J3_1_8', port 'CI' is not connected to any nets. (LINT-28)
Warning: In design 'stage1_path_engine_0_DW01_add_J3_1_8', port 'CO' is not connected to any nets. (LINT-28)
Warning: In design 'stage1_path_engine_0_DW01_add_J3_1_9', port 'CI' is not connected to any nets. (LINT-28)
Warning: In design 'stage1_path_engine_0_DW01_add_J3_1_9', port 'CO' is not connected to any nets. (LINT-28)
Warning: In design 'stage1_path_engine_0_DW01_add_J3_1_10', port 'CI' is not connected to any nets. (LINT-28)
Warning: In design 'stage1_path_engine_0_DW01_add_J3_1_10', port 'CO' is not connected to any nets. (LINT-28)
Warning: In design 'stage1_path_engine_0_DW01_add_J3_1_11', port 'CI' is not connected to any nets. (LINT-28)
Warning: In design 'stage1_path_engine_0_DW01_add_J3_1_11', port 'CO' is not connected to any nets. (LINT-28)
Warning: In design 'stage1_path_engine_0_DW01_add_J3_1_12', port 'CI' is not connected to any nets. (LINT-28)
Warning: In design 'stage1_path_engine_0_DW01_add_J3_1_12', port 'CO' is not connected to any nets. (LINT-28)
Warning: In design 'stage1_path_engine_15', the same net is connected to more than one pin on submodule 'add_x_194'. (LINT-33)
   Net 'n[1]' is connected to pins 'B[27]', 'B[26]'', 'B[25]', 'B[24]', 'B[23]', 'B[22]', 'B[21]', 'B[20]'.
Warning: In design 'stage1_path_engine_15', the same net is connected to more than one pin on submodule 'add_x_33'. (LINT-33)
   Net 'level4_q[39]' is connected to pins 'A[20]', 'A[19]''.
Warning: In design 'stage1_path_engine_15', the same net is connected to more than one pin on submodule 'add_x_33'. (LINT-33)
   Net 'level4_q[19]' is connected to pins 'B[20]', 'B[19]''.
Warning: In design 'stage1_path_engine_13', the same net is connected to more than one pin on submodule 'add_x_194'. (LINT-33)
   Net 'n[1]' is connected to pins 'B[27]', 'B[26]'', 'B[25]', 'B[24]', 'B[23]', 'B[22]', 'B[21]', 'B[20]'.
Warning: In design 'stage1_path_engine_13', the same net is connected to more than one pin on submodule 'add_x_33'. (LINT-33)
   Net 'level4_q[39]' is connected to pins 'A[20]', 'A[19]''.
Warning: In design 'stage1_path_engine_13', the same net is connected to more than one pin on submodule 'add_x_33'. (LINT-33)
   Net 'level4_q[19]' is connected to pins 'B[20]', 'B[19]''.
Warning: In design 'stage1_path_engine_14', the same net is connected to more than one pin on submodule 'add_x_194'. (LINT-33)
   Net 'n[1]' is connected to pins 'B[27]', 'B[26]'', 'B[25]', 'B[24]', 'B[23]', 'B[22]', 'B[21]', 'B[20]'.
Warning: In design 'stage1_path_engine_14', the same net is connected to more than one pin on submodule 'add_x_33'. (LINT-33)
   Net 'level4_q[39]' is connected to pins 'A[20]', 'A[19]''.
Warning: In design 'stage1_path_engine_14', the same net is connected to more than one pin on submodule 'add_x_33'. (LINT-33)
   Net 'level4_q[19]' is connected to pins 'B[20]', 'B[19]''.
Warning: In design 'stage1_path_engine_0', the same net is connected to more than one pin on submodule 'add_x_194'. (LINT-33)
   Net 'n[1]' is connected to pins 'B[27]', 'B[26]'', 'B[25]', 'B[24]', 'B[23]', 'B[22]', 'B[21]', 'B[20]'.
Warning: In design 'stage1_path_engine_0', the same net is connected to more than one pin on submodule 'add_x_33'. (LINT-33)
   Net 'level4_q[39]' is connected to pins 'A[20]', 'A[19]''.
Warning: In design 'stage1_path_engine_0', the same net is connected to more than one pin on submodule 'add_x_33'. (LINT-33)
   Net 'level4_q[19]' is connected to pins 'B[20]', 'B[19]''.
Warning: In design 'stage1_path_engine_1', the same net is connected to more than one pin on submodule 'add_x_194'. (LINT-33)
   Net 'n[1]' is connected to pins 'B[27]', 'B[26]'', 'B[25]', 'B[24]', 'B[23]', 'B[22]', 'B[21]', 'B[20]'.
Warning: In design 'stage1_path_engine_1', the same net is connected to more than one pin on submodule 'add_x_33'. (LINT-33)
   Net 'level4_q[39]' is connected to pins 'A[20]', 'A[19]''.
Warning: In design 'stage1_path_engine_1', the same net is connected to more than one pin on submodule 'add_x_33'. (LINT-33)
   Net 'level4_q[19]' is connected to pins 'B[20]', 'B[19]''.
Warning: In design 'stage1_path_engine_2', the same net is connected to more than one pin on submodule 'add_x_194'. (LINT-33)
   Net 'n[1]' is connected to pins 'B[27]', 'B[26]'', 'B[25]', 'B[24]', 'B[23]', 'B[22]', 'B[21]', 'B[20]'.
Warning: In design 'stage1_path_engine_2', the same net is connected to more than one pin on submodule 'add_x_33'. (LINT-33)
   Net 'level4_q[39]' is connected to pins 'A[20]', 'A[19]''.
Warning: In design 'stage1_path_engine_2', the same net is connected to more than one pin on submodule 'add_x_33'. (LINT-33)
   Net 'level4_q[19]' is connected to pins 'B[20]', 'B[19]''.
Warning: In design 'stage1_path_engine_3', the same net is connected to more than one pin on submodule 'add_x_194'. (LINT-33)
   Net 'n[1]' is connected to pins 'B[27]', 'B[26]'', 'B[25]', 'B[24]', 'B[23]', 'B[22]', 'B[21]', 'B[20]'.
Warning: In design 'stage1_path_engine_3', the same net is connected to more than one pin on submodule 'add_x_33'. (LINT-33)
   Net 'level4_q[39]' is connected to pins 'A[20]', 'A[19]''.
Warning: In design 'stage1_path_engine_3', the same net is connected to more than one pin on submodule 'add_x_33'. (LINT-33)
   Net 'level4_q[19]' is connected to pins 'B[20]', 'B[19]''.
Warning: In design 'stage1_path_engine_4', the same net is connected to more than one pin on submodule 'add_x_194'. (LINT-33)
   Net 'n[1]' is connected to pins 'B[27]', 'B[26]'', 'B[25]', 'B[24]', 'B[23]', 'B[22]', 'B[21]', 'B[20]'.
Warning: In design 'stage1_path_engine_4', the same net is connected to more than one pin on submodule 'add_x_33'. (LINT-33)
   Net 'level4_q[39]' is connected to pins 'A[20]', 'A[19]''.
Warning: In design 'stage1_path_engine_4', the same net is connected to more than one pin on submodule 'add_x_33'. (LINT-33)
   Net 'level4_q[19]' is connected to pins 'B[20]', 'B[19]''.
Warning: In design 'stage1_path_engine_5', the same net is connected to more than one pin on submodule 'add_x_194'. (LINT-33)
   Net 'n[1]' is connected to pins 'B[27]', 'B[26]'', 'B[25]', 'B[24]', 'B[23]', 'B[22]', 'B[21]', 'B[20]'.
Warning: In design 'stage1_path_engine_5', the same net is connected to more than one pin on submodule 'add_x_33'. (LINT-33)
   Net 'level4_q[39]' is connected to pins 'A[20]', 'A[19]''.
Warning: In design 'stage1_path_engine_5', the same net is connected to more than one pin on submodule 'add_x_33'. (LINT-33)
   Net 'level4_q[19]' is connected to pins 'B[20]', 'B[19]''.
Warning: In design 'stage1_path_engine_6', the same net is connected to more than one pin on submodule 'add_x_194'. (LINT-33)
   Net 'n[1]' is connected to pins 'B[27]', 'B[26]'', 'B[25]', 'B[24]', 'B[23]', 'B[22]', 'B[21]', 'B[20]'.
Warning: In design 'stage1_path_engine_6', the same net is connected to more than one pin on submodule 'add_x_33'. (LINT-33)
   Net 'level4_q[39]' is connected to pins 'A[20]', 'A[19]''.
Warning: In design 'stage1_path_engine_6', the same net is connected to more than one pin on submodule 'add_x_33'. (LINT-33)
   Net 'level4_q[19]' is connected to pins 'B[20]', 'B[19]''.
Warning: In design 'stage1_path_engine_7', the same net is connected to more than one pin on submodule 'add_x_194'. (LINT-33)
   Net 'n[1]' is connected to pins 'B[27]', 'B[26]'', 'B[25]', 'B[24]', 'B[23]', 'B[22]', 'B[21]', 'B[20]'.
Warning: In design 'stage1_path_engine_7', the same net is connected to more than one pin on submodule 'add_x_33'. (LINT-33)
   Net 'level4_q[39]' is connected to pins 'A[20]', 'A[19]''.
Warning: In design 'stage1_path_engine_7', the same net is connected to more than one pin on submodule 'add_x_33'. (LINT-33)
   Net 'level4_q[19]' is connected to pins 'B[20]', 'B[19]''.
Warning: In design 'stage1_path_engine_8', the same net is connected to more than one pin on submodule 'add_x_194'. (LINT-33)
   Net 'n[1]' is connected to pins 'B[27]', 'B[26]'', 'B[25]', 'B[24]', 'B[23]', 'B[22]', 'B[21]', 'B[20]'.
Warning: In design 'stage1_path_engine_8', the same net is connected to more than one pin on submodule 'add_x_33'. (LINT-33)
   Net 'level4_q[39]' is connected to pins 'A[20]', 'A[19]''.
Warning: In design 'stage1_path_engine_8', the same net is connected to more than one pin on submodule 'add_x_33'. (LINT-33)
   Net 'level4_q[19]' is connected to pins 'B[20]', 'B[19]''.
Warning: In design 'stage1_path_engine_9', the same net is connected to more than one pin on submodule 'add_x_194'. (LINT-33)
   Net 'n[1]' is connected to pins 'B[27]', 'B[26]'', 'B[25]', 'B[24]', 'B[23]', 'B[22]', 'B[21]', 'B[20]'.
Warning: In design 'stage1_path_engine_9', the same net is connected to more than one pin on submodule 'add_x_33'. (LINT-33)
   Net 'level4_q[39]' is connected to pins 'A[20]', 'A[19]''.
Warning: In design 'stage1_path_engine_9', the same net is connected to more than one pin on submodule 'add_x_33'. (LINT-33)
   Net 'level4_q[19]' is connected to pins 'B[20]', 'B[19]''.
Warning: In design 'stage1_path_engine_10', the same net is connected to more than one pin on submodule 'add_x_194'. (LINT-33)
   Net 'n[1]' is connected to pins 'B[27]', 'B[26]'', 'B[25]', 'B[24]', 'B[23]', 'B[22]', 'B[21]', 'B[20]'.
Warning: In design 'stage1_path_engine_10', the same net is connected to more than one pin on submodule 'add_x_33'. (LINT-33)
   Net 'level4_q[39]' is connected to pins 'A[20]', 'A[19]''.
Warning: In design 'stage1_path_engine_10', the same net is connected to more than one pin on submodule 'add_x_33'. (LINT-33)
   Net 'level4_q[19]' is connected to pins 'B[20]', 'B[19]''.
Warning: In design 'stage1_path_engine_11', the same net is connected to more than one pin on submodule 'add_x_194'. (LINT-33)
   Net 'n[1]' is connected to pins 'B[27]', 'B[26]'', 'B[25]', 'B[24]', 'B[23]', 'B[22]', 'B[21]', 'B[20]'.
Warning: In design 'stage1_path_engine_11', the same net is connected to more than one pin on submodule 'add_x_33'. (LINT-33)
   Net 'level4_q[39]' is connected to pins 'A[20]', 'A[19]''.
Warning: In design 'stage1_path_engine_11', the same net is connected to more than one pin on submodule 'add_x_33'. (LINT-33)
   Net 'level4_q[19]' is connected to pins 'B[20]', 'B[19]''.
Warning: In design 'stage1_path_engine_12', the same net is connected to more than one pin on submodule 'add_x_194'. (LINT-33)
   Net 'n[1]' is connected to pins 'B[27]', 'B[26]'', 'B[25]', 'B[24]', 'B[23]', 'B[22]', 'B[21]', 'B[20]'.
Warning: In design 'stage1_path_engine_12', the same net is connected to more than one pin on submodule 'add_x_33'. (LINT-33)
   Net 'level4_q[39]' is connected to pins 'A[20]', 'A[19]''.
Warning: In design 'stage1_path_engine_12', the same net is connected to more than one pin on submodule 'add_x_33'. (LINT-33)
   Net 'level4_q[19]' is connected to pins 'B[20]', 'B[19]''.
1
