 
****************************************
Report : net fanout
        -threshold 32
Design : stage1_tile
Version: W-2024.09-SP5-5
Date   : Fri Aug 14 17:21:00 2026
****************************************


Operating Conditions: tt_v0p9_25c   Library: scc28nhkcp_hdc35p140_rvt_tt_v0p9_25c_basic
Wire Load Model Mode: top


Attributes:
   dr - drc disabled
    c - annotated capacitance
    d - dont_touch
    i - ideal_net
    I - ideal_network
    p - includes pin load
    r - annotated resistance
    h - high fanout

Net                 Fanout   Attributes   Capacitance   Driver
--------------------------------------------------------------------------------
clk_i                14235   dr, h         1001.00      clk_i
activation_load_en      51                    0.03      U1262/ZN
beta_x_load_data_i[7]
                        61                    0.04      u_config/U61/Z
beta_x_load_data_i[6]
                        61                    0.04      u_config/U59/Z
beta_x_load_data_i[5]
                        61                    0.04      u_config/U57/Z
beta_x_load_data_i[4]
                        61                    0.04      u_config/U55/Z
beta_x_load_data_i[3]
                        61                    0.04      u_config/U53/Z
beta_x_load_data_i[2]
                        61                    0.04      u_config/U51/Z
beta_x_load_data_i[1]
                        61                    0.04      u_config/U49/Z
beta_x_load_data_i[0]
                        61                    0.04      u_config/U47/Z
activation_rdata[255]
                        62                    0.04      u_activation/activation_value_q_reg_255_/Q
activation_rdata[254]
                        49                    0.03      u_activation/activation_value_q_reg_254_/Q
activation_rdata[253]
                        57                    0.03      u_activation/activation_value_q_reg_253_/Q
activation_rdata[252]
                        49                    0.03      u_activation/activation_value_q_reg_252_/Q
activation_rdata[251]
                        57                    0.03      u_activation/activation_value_q_reg_251_/Q
activation_rdata[250]
                        49                    0.03      u_activation/activation_value_q_reg_250_/Q
activation_rdata[249]
                        62                    0.03      u_activation/activation_value_q_reg_249_/Q
activation_rdata[248]
                        59                    0.03      u_activation/activation_value_q_reg_248_/Q
activation_rdata[247]
                        62                    0.04      u_activation/activation_value_q_reg_247_/Q
activation_rdata[246]
                        49                    0.03      u_activation/activation_value_q_reg_246_/Q
activation_rdata[245]
                        57                    0.03      u_activation/activation_value_q_reg_245_/Q
activation_rdata[244]
                        49                    0.03      u_activation/activation_value_q_reg_244_/Q
activation_rdata[243]
                        57                    0.03      u_activation/activation_value_q_reg_243_/Q
activation_rdata[242]
                        49                    0.03      u_activation/activation_value_q_reg_242_/Q
activation_rdata[241]
                        62                    0.03      u_activation/activation_value_q_reg_241_/Q
activation_rdata[240]
                        59                    0.03      u_activation/activation_value_q_reg_240_/Q
activation_rdata[239]
                        62                    0.04      u_activation/activation_value_q_reg_239_/Q
activation_rdata[238]
                        49                    0.03      u_activation/activation_value_q_reg_238_/Q
activation_rdata[237]
                        57                    0.03      u_activation/activation_value_q_reg_237_/Q
activation_rdata[236]
                        49                    0.03      u_activation/activation_value_q_reg_236_/Q
activation_rdata[235]
                        57                    0.03      u_activation/activation_value_q_reg_235_/Q
activation_rdata[234]
                        49                    0.03      u_activation/activation_value_q_reg_234_/Q
activation_rdata[233]
                        62                    0.03      u_activation/activation_value_q_reg_233_/Q
activation_rdata[232]
                        59                    0.03      u_activation/activation_value_q_reg_232_/Q
activation_rdata[231]
                        62                    0.04      u_activation/activation_value_q_reg_231_/Q
activation_rdata[230]
                        49                    0.03      u_activation/activation_value_q_reg_230_/Q
activation_rdata[229]
                        57                    0.03      u_activation/activation_value_q_reg_229_/Q
activation_rdata[228]
                        49                    0.03      u_activation/activation_value_q_reg_228_/Q
activation_rdata[227]
                        57                    0.03      u_activation/activation_value_q_reg_227_/Q
activation_rdata[226]
                        49                    0.03      u_activation/activation_value_q_reg_226_/Q
activation_rdata[225]
                        62                    0.03      u_activation/activation_value_q_reg_225_/Q
activation_rdata[224]
                        59                    0.03      u_activation/activation_value_q_reg_224_/Q
activation_rdata[223]
                        62                    0.04      u_activation/activation_value_q_reg_223_/Q
activation_rdata[222]
                        49                    0.03      u_activation/activation_value_q_reg_222_/Q
activation_rdata[221]
                        57                    0.03      u_activation/activation_value_q_reg_221_/Q
activation_rdata[220]
                        49                    0.03      u_activation/activation_value_q_reg_220_/Q
activation_rdata[219]
                        57                    0.03      u_activation/activation_value_q_reg_219_/Q
activation_rdata[218]
                        49                    0.03      u_activation/activation_value_q_reg_218_/Q
activation_rdata[217]
                        62                    0.03      u_activation/activation_value_q_reg_217_/Q
activation_rdata[216]
                        59                    0.03      u_activation/activation_value_q_reg_216_/Q
activation_rdata[215]
                        62                    0.04      u_activation/activation_value_q_reg_215_/Q
activation_rdata[214]
                        49                    0.03      u_activation/activation_value_q_reg_214_/Q
activation_rdata[213]
                        57                    0.03      u_activation/activation_value_q_reg_213_/Q
activation_rdata[212]
                        49                    0.03      u_activation/activation_value_q_reg_212_/Q
activation_rdata[211]
                        57                    0.03      u_activation/activation_value_q_reg_211_/Q
activation_rdata[210]
                        49                    0.03      u_activation/activation_value_q_reg_210_/Q
activation_rdata[209]
                        62                    0.03      u_activation/activation_value_q_reg_209_/Q
activation_rdata[208]
                        59                    0.03      u_activation/activation_value_q_reg_208_/Q
activation_rdata[207]
                        62                    0.04      u_activation/activation_value_q_reg_207_/Q
activation_rdata[206]
                        49                    0.03      u_activation/activation_value_q_reg_206_/Q
activation_rdata[205]
                        57                    0.03      u_activation/activation_value_q_reg_205_/Q
activation_rdata[204]
                        49                    0.03      u_activation/activation_value_q_reg_204_/Q
activation_rdata[203]
                        57                    0.03      u_activation/activation_value_q_reg_203_/Q
activation_rdata[202]
                        49                    0.03      u_activation/activation_value_q_reg_202_/Q
activation_rdata[201]
                        62                    0.03      u_activation/activation_value_q_reg_201_/Q
activation_rdata[200]
                        59                    0.03      u_activation/activation_value_q_reg_200_/Q
activation_rdata[199]
                        62                    0.04      u_activation/activation_value_q_reg_199_/Q
activation_rdata[198]
                        49                    0.03      u_activation/activation_value_q_reg_198_/Q
activation_rdata[197]
                        57                    0.03      u_activation/activation_value_q_reg_197_/Q
activation_rdata[196]
                        49                    0.03      u_activation/activation_value_q_reg_196_/Q
activation_rdata[195]
                        57                    0.03      u_activation/activation_value_q_reg_195_/Q
activation_rdata[194]
                        49                    0.03      u_activation/activation_value_q_reg_194_/Q
activation_rdata[193]
                        62                    0.03      u_activation/activation_value_q_reg_193_/Q
activation_rdata[192]
                        59                    0.03      u_activation/activation_value_q_reg_192_/Q
activation_rdata[191]
                        62                    0.04      u_activation/activation_value_q_reg_191_/Q
activation_rdata[190]
                        49                    0.03      u_activation/activation_value_q_reg_190_/Q
activation_rdata[189]
                        57                    0.03      u_activation/activation_value_q_reg_189_/Q
activation_rdata[188]
                        49                    0.03      u_activation/activation_value_q_reg_188_/Q
activation_rdata[187]
                        57                    0.03      u_activation/activation_value_q_reg_187_/Q
activation_rdata[186]
                        49                    0.03      u_activation/activation_value_q_reg_186_/Q
activation_rdata[185]
                        62                    0.03      u_activation/activation_value_q_reg_185_/Q
activation_rdata[184]
                        59                    0.03      u_activation/activation_value_q_reg_184_/Q
activation_rdata[183]
                        62                    0.04      u_activation/activation_value_q_reg_183_/Q
activation_rdata[182]
                        49                    0.03      u_activation/activation_value_q_reg_182_/Q
activation_rdata[181]
                        57                    0.03      u_activation/activation_value_q_reg_181_/Q
activation_rdata[180]
                        49                    0.03      u_activation/activation_value_q_reg_180_/Q
activation_rdata[179]
                        57                    0.03      u_activation/activation_value_q_reg_179_/Q
activation_rdata[178]
                        49                    0.03      u_activation/activation_value_q_reg_178_/Q
activation_rdata[177]
                        62                    0.03      u_activation/activation_value_q_reg_177_/Q
activation_rdata[176]
                        59                    0.03      u_activation/activation_value_q_reg_176_/Q
activation_rdata[175]
                        62                    0.04      u_activation/activation_value_q_reg_175_/Q
activation_rdata[174]
                        49                    0.03      u_activation/activation_value_q_reg_174_/Q
activation_rdata[173]
                        57                    0.03      u_activation/activation_value_q_reg_173_/Q
activation_rdata[172]
                        49                    0.03      u_activation/activation_value_q_reg_172_/Q
activation_rdata[171]
                        57                    0.03      u_activation/activation_value_q_reg_171_/Q
activation_rdata[170]
                        49                    0.03      u_activation/activation_value_q_reg_170_/Q
activation_rdata[169]
                        62                    0.03      u_activation/activation_value_q_reg_169_/Q
activation_rdata[168]
                        59                    0.03      u_activation/activation_value_q_reg_168_/Q
activation_rdata[167]
                        62                    0.04      u_activation/activation_value_q_reg_167_/Q
activation_rdata[166]
                        49                    0.03      u_activation/activation_value_q_reg_166_/Q
activation_rdata[165]
                        57                    0.03      u_activation/activation_value_q_reg_165_/Q
activation_rdata[164]
                        49                    0.03      u_activation/activation_value_q_reg_164_/Q
activation_rdata[163]
                        57                    0.03      u_activation/activation_value_q_reg_163_/Q
activation_rdata[162]
                        49                    0.03      u_activation/activation_value_q_reg_162_/Q
activation_rdata[161]
                        62                    0.03      u_activation/activation_value_q_reg_161_/Q
activation_rdata[160]
                        59                    0.03      u_activation/activation_value_q_reg_160_/Q
activation_rdata[159]
                        62                    0.04      u_activation/activation_value_q_reg_159_/Q
activation_rdata[158]
                        49                    0.03      u_activation/activation_value_q_reg_158_/Q
activation_rdata[157]
                        57                    0.03      u_activation/activation_value_q_reg_157_/Q
activation_rdata[156]
                        49                    0.03      u_activation/activation_value_q_reg_156_/Q
activation_rdata[155]
                        57                    0.03      u_activation/activation_value_q_reg_155_/Q
activation_rdata[154]
                        49                    0.03      u_activation/activation_value_q_reg_154_/Q
activation_rdata[153]
                        62                    0.03      u_activation/activation_value_q_reg_153_/Q
activation_rdata[152]
                        59                    0.03      u_activation/activation_value_q_reg_152_/Q
activation_rdata[151]
                        62                    0.04      u_activation/activation_value_q_reg_151_/Q
activation_rdata[150]
                        49                    0.03      u_activation/activation_value_q_reg_150_/Q
activation_rdata[149]
                        57                    0.03      u_activation/activation_value_q_reg_149_/Q
activation_rdata[148]
                        49                    0.03      u_activation/activation_value_q_reg_148_/Q
activation_rdata[147]
                        57                    0.03      u_activation/activation_value_q_reg_147_/Q
activation_rdata[146]
                        49                    0.03      u_activation/activation_value_q_reg_146_/Q
activation_rdata[145]
                        43                    0.02      u_activation/activation_value_q_reg_145_/Q
activation_rdata[144]
                        59                    0.03      u_activation/activation_value_q_reg_144_/Q
activation_rdata[143]
                        62                    0.04      u_activation/activation_value_q_reg_143_/Q
activation_rdata[142]
                        49                    0.03      u_activation/activation_value_q_reg_142_/Q
activation_rdata[141]
                        57                    0.03      u_activation/activation_value_q_reg_141_/Q
activation_rdata[140]
                        49                    0.03      u_activation/activation_value_q_reg_140_/Q
activation_rdata[139]
                        57                    0.03      u_activation/activation_value_q_reg_139_/Q
activation_rdata[138]
                        49                    0.03      u_activation/activation_value_q_reg_138_/Q
activation_rdata[137]
                        62                    0.03      u_activation/activation_value_q_reg_137_/Q
activation_rdata[136]
                        59                    0.03      u_activation/activation_value_q_reg_136_/Q
activation_rdata[135]
                        62                    0.04      u_activation/activation_value_q_reg_135_/Q
activation_rdata[134]
                        49                    0.03      u_activation/activation_value_q_reg_134_/Q
activation_rdata[133]
                        57                    0.03      u_activation/activation_value_q_reg_133_/Q
activation_rdata[132]
                        49                    0.03      u_activation/activation_value_q_reg_132_/Q
activation_rdata[131]
                        57                    0.03      u_activation/activation_value_q_reg_131_/Q
activation_rdata[130]
                        49                    0.03      u_activation/activation_value_q_reg_130_/Q
activation_rdata[129]
                        62                    0.03      u_activation/activation_value_q_reg_129_/Q
activation_rdata[128]
                        59                    0.03      u_activation/activation_value_q_reg_128_/Q
activation_rdata[127]
                        62                    0.04      u_activation/activation_value_q_reg_127_/Q
activation_rdata[126]
                        49                    0.03      u_activation/activation_value_q_reg_126_/Q
activation_rdata[125]
                        57                    0.03      u_activation/activation_value_q_reg_125_/Q
activation_rdata[124]
                        49                    0.03      u_activation/activation_value_q_reg_124_/Q
activation_rdata[123]
                        57                    0.03      u_activation/activation_value_q_reg_123_/Q
activation_rdata[122]
                        49                    0.03      u_activation/activation_value_q_reg_122_/Q
activation_rdata[121]
                        62                    0.03      u_activation/activation_value_q_reg_121_/Q
activation_rdata[120]
                        59                    0.03      u_activation/activation_value_q_reg_120_/Q
activation_rdata[119]
                        62                    0.04      u_activation/activation_value_q_reg_119_/Q
activation_rdata[118]
                        49                    0.03      u_activation/activation_value_q_reg_118_/Q
activation_rdata[117]
                        57                    0.03      u_activation/activation_value_q_reg_117_/Q
activation_rdata[116]
                        49                    0.03      u_activation/activation_value_q_reg_116_/Q
activation_rdata[115]
                        57                    0.03      u_activation/activation_value_q_reg_115_/Q
activation_rdata[114]
                        49                    0.03      u_activation/activation_value_q_reg_114_/Q
activation_rdata[113]
                        62                    0.03      u_activation/activation_value_q_reg_113_/Q
activation_rdata[112]
                        59                    0.03      u_activation/activation_value_q_reg_112_/Q
activation_rdata[111]
                        62                    0.04      u_activation/activation_value_q_reg_111_/Q
activation_rdata[110]
                        49                    0.03      u_activation/activation_value_q_reg_110_/Q
activation_rdata[109]
                        57                    0.03      u_activation/activation_value_q_reg_109_/Q
activation_rdata[108]
                        49                    0.03      u_activation/activation_value_q_reg_108_/Q
activation_rdata[107]
                        57                    0.03      u_activation/activation_value_q_reg_107_/Q
activation_rdata[106]
                        49                    0.03      u_activation/activation_value_q_reg_106_/Q
activation_rdata[105]
                        62                    0.03      u_activation/activation_value_q_reg_105_/Q
activation_rdata[104]
                        59                    0.03      u_activation/activation_value_q_reg_104_/Q
activation_rdata[103]
                        62                    0.04      u_activation/activation_value_q_reg_103_/Q
activation_rdata[102]
                        49                    0.03      u_activation/activation_value_q_reg_102_/Q
activation_rdata[101]
                        57                    0.03      u_activation/activation_value_q_reg_101_/Q
activation_rdata[100]
                        49                    0.03      u_activation/activation_value_q_reg_100_/Q
activation_rdata[99]
                        57                    0.03      u_activation/activation_value_q_reg_99_/Q
activation_rdata[98]
                        49                    0.03      u_activation/activation_value_q_reg_98_/Q
activation_rdata[97]
                        62                    0.03      u_activation/activation_value_q_reg_97_/Q
activation_rdata[96]
                        59                    0.03      u_activation/activation_value_q_reg_96_/Q
activation_rdata[95]
                        62                    0.04      u_activation/activation_value_q_reg_95_/Q
activation_rdata[94]
                        49                    0.03      u_activation/activation_value_q_reg_94_/Q
activation_rdata[93]
                        57                    0.03      u_activation/activation_value_q_reg_93_/Q
activation_rdata[92]
                        49                    0.03      u_activation/activation_value_q_reg_92_/Q
activation_rdata[91]
                        57                    0.03      u_activation/activation_value_q_reg_91_/Q
activation_rdata[90]
                        49                    0.03      u_activation/activation_value_q_reg_90_/Q
activation_rdata[89]
                        62                    0.03      u_activation/activation_value_q_reg_89_/Q
activation_rdata[88]
                        59                    0.03      u_activation/activation_value_q_reg_88_/Q
activation_rdata[87]
                        62                    0.04      u_activation/activation_value_q_reg_87_/Q
activation_rdata[86]
                        49                    0.03      u_activation/activation_value_q_reg_86_/Q
activation_rdata[85]
                        57                    0.03      u_activation/activation_value_q_reg_85_/Q
activation_rdata[84]
                        49                    0.03      u_activation/activation_value_q_reg_84_/Q
activation_rdata[83]
                        57                    0.03      u_activation/activation_value_q_reg_83_/Q
activation_rdata[82]
                        49                    0.03      u_activation/activation_value_q_reg_82_/Q
activation_rdata[81]
                        62                    0.03      u_activation/activation_value_q_reg_81_/Q
activation_rdata[80]
                        59                    0.03      u_activation/activation_value_q_reg_80_/Q
activation_rdata[79]
                        62                    0.04      u_activation/activation_value_q_reg_79_/Q
activation_rdata[78]
                        49                    0.03      u_activation/activation_value_q_reg_78_/Q
activation_rdata[77]
                        57                    0.03      u_activation/activation_value_q_reg_77_/Q
activation_rdata[76]
                        49                    0.03      u_activation/activation_value_q_reg_76_/Q
activation_rdata[75]
                        57                    0.03      u_activation/activation_value_q_reg_75_/Q
activation_rdata[74]
                        49                    0.03      u_activation/activation_value_q_reg_74_/Q
activation_rdata[73]
                        62                    0.03      u_activation/activation_value_q_reg_73_/Q
activation_rdata[72]
                        59                    0.03      u_activation/activation_value_q_reg_72_/Q
activation_rdata[71]
                        62                    0.04      u_activation/activation_value_q_reg_71_/Q
activation_rdata[70]
                        49                    0.03      u_activation/activation_value_q_reg_70_/Q
activation_rdata[69]
                        57                    0.03      u_activation/activation_value_q_reg_69_/Q
activation_rdata[68]
                        49                    0.03      u_activation/activation_value_q_reg_68_/Q
activation_rdata[67]
                        57                    0.03      u_activation/activation_value_q_reg_67_/Q
activation_rdata[66]
                        49                    0.03      u_activation/activation_value_q_reg_66_/Q
activation_rdata[65]
                        62                    0.03      u_activation/activation_value_q_reg_65_/Q
activation_rdata[64]
                        59                    0.03      u_activation/activation_value_q_reg_64_/Q
activation_rdata[63]
                        62                    0.04      u_activation/activation_value_q_reg_63_/Q
activation_rdata[62]
                        49                    0.03      u_activation/activation_value_q_reg_62_/Q
activation_rdata[61]
                        57                    0.03      u_activation/activation_value_q_reg_61_/Q
activation_rdata[60]
                        49                    0.03      u_activation/activation_value_q_reg_60_/Q
activation_rdata[59]
                        57                    0.03      u_activation/activation_value_q_reg_59_/Q
activation_rdata[58]
                        49                    0.03      u_activation/activation_value_q_reg_58_/Q
activation_rdata[57]
                        62                    0.03      u_activation/activation_value_q_reg_57_/Q
activation_rdata[56]
                        59                    0.03      u_activation/activation_value_q_reg_56_/Q
activation_rdata[55]
                        62                    0.04      u_activation/activation_value_q_reg_55_/Q
activation_rdata[54]
                        49                    0.03      u_activation/activation_value_q_reg_54_/Q
activation_rdata[53]
                        57                    0.03      u_activation/activation_value_q_reg_53_/Q
activation_rdata[52]
                        49                    0.03      u_activation/activation_value_q_reg_52_/Q
activation_rdata[51]
                        57                    0.03      u_activation/activation_value_q_reg_51_/Q
activation_rdata[50]
                        49                    0.03      u_activation/activation_value_q_reg_50_/Q
activation_rdata[49]
                        62                    0.03      u_activation/activation_value_q_reg_49_/Q
activation_rdata[48]
                        59                    0.03      u_activation/activation_value_q_reg_48_/Q
activation_rdata[47]
                        62                    0.04      u_activation/activation_value_q_reg_47_/Q
activation_rdata[46]
                        49                    0.03      u_activation/activation_value_q_reg_46_/Q
activation_rdata[45]
                        57                    0.03      u_activation/activation_value_q_reg_45_/Q
activation_rdata[44]
                        49                    0.03      u_activation/activation_value_q_reg_44_/Q
activation_rdata[43]
                        57                    0.03      u_activation/activation_value_q_reg_43_/Q
activation_rdata[42]
                        49                    0.03      u_activation/activation_value_q_reg_42_/Q
activation_rdata[41]
                        62                    0.03      u_activation/activation_value_q_reg_41_/Q
activation_rdata[40]
                        59                    0.03      u_activation/activation_value_q_reg_40_/Q
activation_rdata[39]
                        62                    0.04      u_activation/activation_value_q_reg_39_/Q
activation_rdata[38]
                        49                    0.03      u_activation/activation_value_q_reg_38_/Q
activation_rdata[37]
                        57                    0.03      u_activation/activation_value_q_reg_37_/Q
activation_rdata[36]
                        49                    0.03      u_activation/activation_value_q_reg_36_/Q
activation_rdata[35]
                        57                    0.03      u_activation/activation_value_q_reg_35_/Q
activation_rdata[34]
                        49                    0.03      u_activation/activation_value_q_reg_34_/Q
activation_rdata[33]
                        62                    0.03      u_activation/activation_value_q_reg_33_/Q
activation_rdata[32]
                        59                    0.03      u_activation/activation_value_q_reg_32_/Q
activation_rdata[31]
                        62                    0.04      u_activation/activation_value_q_reg_31_/Q
activation_rdata[30]
                        49                    0.03      u_activation/activation_value_q_reg_30_/Q
activation_rdata[29]
                        57                    0.03      u_activation/activation_value_q_reg_29_/Q
activation_rdata[28]
                        49                    0.03      u_activation/activation_value_q_reg_28_/Q
activation_rdata[27]
                        57                    0.03      u_activation/activation_value_q_reg_27_/Q
activation_rdata[26]
                        49                    0.03      u_activation/activation_value_q_reg_26_/Q
activation_rdata[25]
                        62                    0.03      u_activation/activation_value_q_reg_25_/Q
activation_rdata[24]
                        59                    0.03      u_activation/activation_value_q_reg_24_/Q
activation_rdata[23]
                        62                    0.04      u_activation/activation_value_q_reg_23_/Q
activation_rdata[22]
                        49                    0.03      u_activation/activation_value_q_reg_22_/Q
activation_rdata[21]
                        57                    0.03      u_activation/activation_value_q_reg_21_/Q
activation_rdata[20]
                        49                    0.03      u_activation/activation_value_q_reg_20_/Q
activation_rdata[19]
                        57                    0.03      u_activation/activation_value_q_reg_19_/Q
activation_rdata[18]
                        49                    0.03      u_activation/activation_value_q_reg_18_/Q
activation_rdata[17]
                        62                    0.03      u_activation/activation_value_q_reg_17_/Q
activation_rdata[16]
                        59                    0.03      u_activation/activation_value_q_reg_16_/Q
activation_rdata[15]
                        62                    0.04      u_activation/activation_value_q_reg_15_/Q
activation_rdata[14]
                        49                    0.03      u_activation/activation_value_q_reg_14_/Q
activation_rdata[13]
                        57                    0.03      u_activation/activation_value_q_reg_13_/Q
activation_rdata[12]
                        49                    0.03      u_activation/activation_value_q_reg_12_/Q
activation_rdata[11]
                        57                    0.03      u_activation/activation_value_q_reg_11_/Q
activation_rdata[10]
                        49                    0.03      u_activation/activation_value_q_reg_10_/Q
activation_rdata[9]     62                    0.03      u_activation/activation_value_q_reg_9_/Q
activation_rdata[8]     59                    0.03      u_activation/activation_value_q_reg_8_/Q
activation_rdata[7]     62                    0.04      u_activation/activation_value_q_reg_7_/Q
activation_rdata[6]     49                    0.03      u_activation/activation_value_q_reg_6_/Q
activation_rdata[5]     57                    0.03      u_activation/activation_value_q_reg_5_/Q
activation_rdata[4]     49                    0.03      u_activation/activation_value_q_reg_4_/Q
activation_rdata[3]     57                    0.03      u_activation/activation_value_q_reg_3_/Q
activation_rdata[2]     49                    0.03      u_activation/activation_value_q_reg_2_/Q
activation_rdata[1]     62                    0.03      u_activation/activation_value_q_reg_1_/Q
activation_rdata[0]     59                    0.03      u_activation/activation_value_q_reg_0_/Q
fine_rdata[127]         57                    0.04      u_activation/activation_fine_q_reg_127_/Q
fine_rdata[125]         49                    0.03      u_activation/activation_fine_q_reg_125_/Q
fine_rdata[124]         61                    0.03      u_activation/activation_fine_q_reg_124_/Q
fine_rdata[123]         57                    0.04      u_activation/activation_fine_q_reg_123_/Q
fine_rdata[121]         49                    0.03      u_activation/activation_fine_q_reg_121_/Q
fine_rdata[120]         61                    0.03      u_activation/activation_fine_q_reg_120_/Q
fine_rdata[119]         57                    0.04      u_activation/activation_fine_q_reg_119_/Q
fine_rdata[117]         49                    0.03      u_activation/activation_fine_q_reg_117_/Q
fine_rdata[116]         61                    0.03      u_activation/activation_fine_q_reg_116_/Q
fine_rdata[115]         57                    0.04      u_activation/activation_fine_q_reg_115_/Q
fine_rdata[113]         49                    0.03      u_activation/activation_fine_q_reg_113_/Q
fine_rdata[112]         61                    0.03      u_activation/activation_fine_q_reg_112_/Q
fine_rdata[111]         57                    0.04      u_activation/activation_fine_q_reg_111_/Q
fine_rdata[109]         49                    0.03      u_activation/activation_fine_q_reg_109_/Q
fine_rdata[108]         61                    0.03      u_activation/activation_fine_q_reg_108_/Q
fine_rdata[107]         57                    0.04      u_activation/activation_fine_q_reg_107_/Q
fine_rdata[105]         49                    0.03      u_activation/activation_fine_q_reg_105_/Q
fine_rdata[104]         61                    0.03      u_activation/activation_fine_q_reg_104_/Q
fine_rdata[103]         57                    0.04      u_activation/activation_fine_q_reg_103_/Q
fine_rdata[101]         49                    0.03      u_activation/activation_fine_q_reg_101_/Q
fine_rdata[100]         61                    0.03      u_activation/activation_fine_q_reg_100_/Q
fine_rdata[99]          57                    0.04      u_activation/activation_fine_q_reg_99_/Q
fine_rdata[97]          49                    0.03      u_activation/activation_fine_q_reg_97_/Q
fine_rdata[96]          61                    0.03      u_activation/activation_fine_q_reg_96_/Q
fine_rdata[95]          57                    0.04      u_activation/activation_fine_q_reg_95_/Q
fine_rdata[93]          49                    0.03      u_activation/activation_fine_q_reg_93_/Q
fine_rdata[92]          61                    0.03      u_activation/activation_fine_q_reg_92_/Q
fine_rdata[91]          57                    0.04      u_activation/activation_fine_q_reg_91_/Q
fine_rdata[89]          49                    0.03      u_activation/activation_fine_q_reg_89_/Q
fine_rdata[88]          61                    0.03      u_activation/activation_fine_q_reg_88_/Q
fine_rdata[87]          57                    0.04      u_activation/activation_fine_q_reg_87_/Q
fine_rdata[85]          49                    0.03      u_activation/activation_fine_q_reg_85_/Q
fine_rdata[84]          61                    0.03      u_activation/activation_fine_q_reg_84_/Q
fine_rdata[83]          57                    0.04      u_activation/activation_fine_q_reg_83_/Q
fine_rdata[81]          49                    0.03      u_activation/activation_fine_q_reg_81_/Q
fine_rdata[80]          61                    0.03      u_activation/activation_fine_q_reg_80_/Q
fine_rdata[79]          57                    0.04      u_activation/activation_fine_q_reg_79_/Q
fine_rdata[77]          49                    0.03      u_activation/activation_fine_q_reg_77_/Q
fine_rdata[76]          61                    0.03      u_activation/activation_fine_q_reg_76_/Q
fine_rdata[75]          57                    0.04      u_activation/activation_fine_q_reg_75_/Q
fine_rdata[73]          49                    0.03      u_activation/activation_fine_q_reg_73_/Q
fine_rdata[72]          61                    0.03      u_activation/activation_fine_q_reg_72_/Q
fine_rdata[71]          57                    0.04      u_activation/activation_fine_q_reg_71_/Q
fine_rdata[69]          49                    0.03      u_activation/activation_fine_q_reg_69_/Q
fine_rdata[68]          61                    0.03      u_activation/activation_fine_q_reg_68_/Q
fine_rdata[67]          57                    0.04      u_activation/activation_fine_q_reg_67_/Q
fine_rdata[65]          49                    0.03      u_activation/activation_fine_q_reg_65_/Q
fine_rdata[64]          61                    0.03      u_activation/activation_fine_q_reg_64_/Q
fine_rdata[63]          57                    0.04      u_activation/activation_fine_q_reg_63_/Q
fine_rdata[61]          49                    0.03      u_activation/activation_fine_q_reg_61_/Q
fine_rdata[60]          61                    0.03      u_activation/activation_fine_q_reg_60_/Q
fine_rdata[59]          57                    0.04      u_activation/activation_fine_q_reg_59_/Q
fine_rdata[57]          49                    0.03      u_activation/activation_fine_q_reg_57_/Q
fine_rdata[56]          61                    0.03      u_activation/activation_fine_q_reg_56_/Q
fine_rdata[55]          57                    0.04      u_activation/activation_fine_q_reg_55_/Q
fine_rdata[53]          49                    0.03      u_activation/activation_fine_q_reg_53_/Q
fine_rdata[52]          61                    0.03      u_activation/activation_fine_q_reg_52_/Q
fine_rdata[51]          57                    0.04      u_activation/activation_fine_q_reg_51_/Q
fine_rdata[49]          49                    0.03      u_activation/activation_fine_q_reg_49_/Q
fine_rdata[48]          61                    0.03      u_activation/activation_fine_q_reg_48_/Q
fine_rdata[47]          57                    0.04      u_activation/activation_fine_q_reg_47_/Q
fine_rdata[45]          49                    0.03      u_activation/activation_fine_q_reg_45_/Q
fine_rdata[44]          61                    0.03      u_activation/activation_fine_q_reg_44_/Q
fine_rdata[43]          57                    0.04      u_activation/activation_fine_q_reg_43_/Q
fine_rdata[41]          49                    0.03      u_activation/activation_fine_q_reg_41_/Q
fine_rdata[40]          61                    0.03      u_activation/activation_fine_q_reg_40_/Q
fine_rdata[39]          57                    0.04      u_activation/activation_fine_q_reg_39_/Q
fine_rdata[37]          49                    0.03      u_activation/activation_fine_q_reg_37_/Q
fine_rdata[36]          61                    0.03      u_activation/activation_fine_q_reg_36_/Q
fine_rdata[35]          57                    0.04      u_activation/activation_fine_q_reg_35_/Q
fine_rdata[33]          49                    0.03      u_activation/activation_fine_q_reg_33_/Q
fine_rdata[32]          61                    0.03      u_activation/activation_fine_q_reg_32_/Q
fine_rdata[31]          57                    0.04      u_activation/activation_fine_q_reg_31_/Q
fine_rdata[29]          49                    0.03      u_activation/activation_fine_q_reg_29_/Q
fine_rdata[28]          61                    0.03      u_activation/activation_fine_q_reg_28_/Q
fine_rdata[27]          57                    0.04      u_activation/activation_fine_q_reg_27_/Q
fine_rdata[25]          49                    0.03      u_activation/activation_fine_q_reg_25_/Q
fine_rdata[24]          61                    0.03      u_activation/activation_fine_q_reg_24_/Q
fine_rdata[23]          57                    0.04      u_activation/activation_fine_q_reg_23_/Q
fine_rdata[21]          49                    0.03      u_activation/activation_fine_q_reg_21_/Q
fine_rdata[20]          61                    0.03      u_activation/activation_fine_q_reg_20_/Q
fine_rdata[19]          57                    0.04      u_activation/activation_fine_q_reg_19_/Q
fine_rdata[17]          49                    0.03      u_activation/activation_fine_q_reg_17_/Q
fine_rdata[16]          61                    0.03      u_activation/activation_fine_q_reg_16_/Q
fine_rdata[15]          57                    0.04      u_activation/activation_fine_q_reg_15_/Q
fine_rdata[13]          49                    0.03      u_activation/activation_fine_q_reg_13_/Q
fine_rdata[12]          61                    0.03      u_activation/activation_fine_q_reg_12_/Q
fine_rdata[11]          57                    0.04      u_activation/activation_fine_q_reg_11_/Q
fine_rdata[9]           49                    0.03      u_activation/activation_fine_q_reg_9_/Q
fine_rdata[8]           61                    0.03      u_activation/activation_fine_q_reg_8_/Q
fine_rdata[7]           57                    0.04      u_activation/activation_fine_q_reg_7_/Q
fine_rdata[5]           49                    0.03      u_activation/activation_fine_q_reg_5_/Q
fine_rdata[4]           61                    0.03      u_activation/activation_fine_q_reg_4_/Q
fine_rdata[3]           57                    0.04      u_activation/activation_fine_q_reg_3_/Q
fine_rdata[1]           49                    0.03      u_activation/activation_fine_q_reg_1_/Q
fine_rdata[0]           61                    0.03      u_activation/activation_fine_q_reg_0_/Q
horizon_q[127]          33                    0.02      horizon_q_reg_0__7_/Q
horizon_q[126]          33                    0.03      horizon_q_reg_0__6_/Q
horizon_q[125]          33                    0.03      horizon_q_reg_0__5_/Q
horizon_q[124]          33                    0.03      horizon_q_reg_0__4_/Q
horizon_q[123]          33                    0.03      horizon_q_reg_0__3_/Q
horizon_q[122]          33                    0.03      horizon_q_reg_0__2_/Q
horizon_q[121]          33                    0.02      horizon_q_reg_0__1_/Q
horizon_q[120]          33                    0.02      horizon_q_reg_0__0_/Q
horizon_q[119]          33                    0.02      horizon_q_reg_1__7_/Q
horizon_q[118]          33                    0.03      horizon_q_reg_1__6_/Q
horizon_q[117]          33                    0.03      horizon_q_reg_1__5_/Q
horizon_q[116]          33                    0.03      horizon_q_reg_1__4_/Q
horizon_q[115]          33                    0.03      horizon_q_reg_1__3_/Q
horizon_q[114]          33                    0.03      horizon_q_reg_1__2_/Q
horizon_q[113]          33                    0.02      horizon_q_reg_1__1_/Q
horizon_q[112]          33                    0.02      horizon_q_reg_1__0_/Q
horizon_q[111]          33                    0.02      horizon_q_reg_2__7_/Q
horizon_q[110]          33                    0.03      horizon_q_reg_2__6_/Q
horizon_q[109]          33                    0.03      horizon_q_reg_2__5_/Q
horizon_q[108]          33                    0.03      horizon_q_reg_2__4_/Q
horizon_q[107]          33                    0.03      horizon_q_reg_2__3_/Q
horizon_q[106]          33                    0.03      horizon_q_reg_2__2_/Q
horizon_q[105]          33                    0.02      horizon_q_reg_2__1_/Q
horizon_q[104]          33                    0.02      horizon_q_reg_2__0_/Q
horizon_q[103]          33                    0.02      horizon_q_reg_3__7_/Q
horizon_q[102]          33                    0.03      horizon_q_reg_3__6_/Q
horizon_q[101]          33                    0.03      horizon_q_reg_3__5_/Q
horizon_q[100]          33                    0.03      horizon_q_reg_3__4_/Q
horizon_q[99]           33                    0.03      horizon_q_reg_3__3_/Q
horizon_q[98]           33                    0.03      horizon_q_reg_3__2_/Q
horizon_q[97]           33                    0.02      horizon_q_reg_3__1_/Q
horizon_q[96]           33                    0.02      horizon_q_reg_3__0_/Q
horizon_q[95]           33                    0.02      horizon_q_reg_4__7_/Q
horizon_q[94]           33                    0.03      horizon_q_reg_4__6_/Q
horizon_q[93]           33                    0.03      horizon_q_reg_4__5_/Q
horizon_q[92]           33                    0.03      horizon_q_reg_4__4_/Q
horizon_q[91]           33                    0.03      horizon_q_reg_4__3_/Q
horizon_q[90]           33                    0.03      horizon_q_reg_4__2_/Q
horizon_q[89]           33                    0.02      horizon_q_reg_4__1_/Q
horizon_q[88]           33                    0.02      horizon_q_reg_4__0_/Q
horizon_q[87]           33                    0.02      horizon_q_reg_5__7_/Q
horizon_q[86]           33                    0.03      horizon_q_reg_5__6_/Q
horizon_q[85]           33                    0.03      horizon_q_reg_5__5_/Q
horizon_q[84]           33                    0.03      horizon_q_reg_5__4_/Q
horizon_q[83]           33                    0.03      horizon_q_reg_5__3_/Q
horizon_q[82]           33                    0.03      horizon_q_reg_5__2_/Q
horizon_q[81]           33                    0.02      horizon_q_reg_5__1_/Q
horizon_q[80]           33                    0.02      horizon_q_reg_5__0_/Q
horizon_q[79]           33                    0.02      horizon_q_reg_6__7_/Q
horizon_q[78]           33                    0.03      horizon_q_reg_6__6_/Q
horizon_q[77]           33                    0.03      horizon_q_reg_6__5_/Q
horizon_q[76]           33                    0.03      horizon_q_reg_6__4_/Q
horizon_q[75]           33                    0.03      horizon_q_reg_6__3_/Q
horizon_q[74]           33                    0.03      horizon_q_reg_6__2_/Q
horizon_q[73]           33                    0.02      horizon_q_reg_6__1_/Q
horizon_q[72]           33                    0.02      horizon_q_reg_6__0_/Q
horizon_q[71]           33                    0.02      horizon_q_reg_7__7_/Q
horizon_q[70]           33                    0.03      horizon_q_reg_7__6_/Q
horizon_q[69]           33                    0.03      horizon_q_reg_7__5_/Q
horizon_q[68]           33                    0.03      horizon_q_reg_7__4_/Q
horizon_q[67]           33                    0.03      horizon_q_reg_7__3_/Q
horizon_q[66]           33                    0.03      horizon_q_reg_7__2_/Q
horizon_q[65]           33                    0.02      horizon_q_reg_7__1_/Q
horizon_q[64]           33                    0.02      horizon_q_reg_7__0_/Q
horizon_q[63]           33                    0.02      horizon_q_reg_8__7_/Q
horizon_q[62]           33                    0.03      horizon_q_reg_8__6_/Q
horizon_q[61]           33                    0.03      horizon_q_reg_8__5_/Q
horizon_q[60]           33                    0.03      horizon_q_reg_8__4_/Q
horizon_q[59]           33                    0.03      horizon_q_reg_8__3_/Q
horizon_q[58]           33                    0.03      horizon_q_reg_8__2_/Q
horizon_q[57]           33                    0.02      horizon_q_reg_8__1_/Q
horizon_q[56]           33                    0.02      horizon_q_reg_8__0_/Q
horizon_q[55]           33                    0.02      horizon_q_reg_9__7_/Q
horizon_q[54]           33                    0.03      horizon_q_reg_9__6_/Q
horizon_q[53]           33                    0.03      horizon_q_reg_9__5_/Q
horizon_q[52]           33                    0.03      horizon_q_reg_9__4_/Q
horizon_q[51]           33                    0.03      horizon_q_reg_9__3_/Q
horizon_q[50]           33                    0.03      horizon_q_reg_9__2_/Q
horizon_q[49]           33                    0.02      horizon_q_reg_9__1_/Q
horizon_q[48]           33                    0.02      horizon_q_reg_9__0_/Q
horizon_q[47]           33                    0.02      horizon_q_reg_10__7_/Q
horizon_q[46]           33                    0.03      horizon_q_reg_10__6_/Q
horizon_q[45]           33                    0.03      horizon_q_reg_10__5_/Q
horizon_q[44]           33                    0.03      horizon_q_reg_10__4_/Q
horizon_q[43]           33                    0.03      horizon_q_reg_10__3_/Q
horizon_q[42]           33                    0.03      horizon_q_reg_10__2_/Q
horizon_q[41]           33                    0.02      horizon_q_reg_10__1_/Q
horizon_q[40]           33                    0.02      horizon_q_reg_10__0_/Q
horizon_q[39]           33                    0.02      horizon_q_reg_11__7_/Q
horizon_q[38]           33                    0.03      horizon_q_reg_11__6_/Q
horizon_q[37]           33                    0.03      horizon_q_reg_11__5_/Q
horizon_q[36]           33                    0.03      horizon_q_reg_11__4_/Q
horizon_q[35]           33                    0.03      horizon_q_reg_11__3_/Q
horizon_q[34]           33                    0.03      horizon_q_reg_11__2_/Q
horizon_q[33]           33                    0.02      horizon_q_reg_11__1_/Q
horizon_q[32]           33                    0.02      horizon_q_reg_11__0_/Q
horizon_q[31]           33                    0.02      horizon_q_reg_12__7_/Q
horizon_q[30]           33                    0.03      horizon_q_reg_12__6_/Q
horizon_q[29]           33                    0.03      horizon_q_reg_12__5_/Q
horizon_q[28]           33                    0.03      horizon_q_reg_12__4_/Q
horizon_q[27]           33                    0.03      horizon_q_reg_12__3_/Q
horizon_q[26]           33                    0.03      horizon_q_reg_12__2_/Q
horizon_q[25]           33                    0.02      horizon_q_reg_12__1_/Q
horizon_q[24]           33                    0.02      horizon_q_reg_12__0_/Q
horizon_q[23]           33                    0.02      horizon_q_reg_13__7_/Q
horizon_q[22]           33                    0.03      horizon_q_reg_13__6_/Q
horizon_q[21]           33                    0.03      horizon_q_reg_13__5_/Q
horizon_q[20]           33                    0.03      horizon_q_reg_13__4_/Q
horizon_q[19]           33                    0.03      horizon_q_reg_13__3_/Q
horizon_q[18]           33                    0.03      horizon_q_reg_13__2_/Q
horizon_q[17]           33                    0.02      horizon_q_reg_13__1_/Q
horizon_q[16]           33                    0.02      horizon_q_reg_13__0_/Q
horizon_q[15]           33                    0.02      horizon_q_reg_14__7_/Q
horizon_q[14]           33                    0.03      horizon_q_reg_14__6_/Q
horizon_q[13]           33                    0.03      horizon_q_reg_14__5_/Q
horizon_q[12]           33                    0.03      horizon_q_reg_14__4_/Q
horizon_q[11]           33                    0.03      horizon_q_reg_14__3_/Q
horizon_q[10]           33                    0.03      horizon_q_reg_14__2_/Q
horizon_q[9]            33                    0.02      horizon_q_reg_14__1_/Q
horizon_q[8]            33                    0.02      horizon_q_reg_14__0_/Q
horizon_q[7]            33                    0.02      horizon_q_reg_15__7_/Q
horizon_q[6]            33                    0.03      horizon_q_reg_15__6_/Q
horizon_q[5]            33                    0.03      horizon_q_reg_15__5_/Q
horizon_q[4]            33                    0.03      horizon_q_reg_15__4_/Q
horizon_q[3]            33                    0.03      horizon_q_reg_15__3_/Q
horizon_q[2]            33                    0.03      horizon_q_reg_15__2_/Q
horizon_q[1]            33                    0.02      horizon_q_reg_15__1_/Q
horizon_q[0]            33                    0.02      horizon_q_reg_15__0_/Q
n726                    33                    0.02      U1502/ZN
n912                    36                    0.02      U1273/ZN
n962                    38                    0.02      U1267/ZN
n974                    64                    0.03      U1497/Z
n975                    64                    0.03      U1496/Z
n976                    64                    0.03      U1495/Z
n977                    64                    0.03      U1490/Z
n978                    64                    0.03      U1488/Z
n979                    64                    0.03      U1489/Z
n980                    64                    0.03      U1482/Z
n981                    64                    0.03      U1480/Z
n982                    64                    0.03      U1479/Z
n983                    64                    0.03      U1477/Z
n984                    64                    0.03      U1481/Z
n985                    64                    0.03      U1478/Z
n986                    64                    0.03      U1475/Z
n987                    64                    0.03      U1474/Z
n988                    64                    0.03      U1487/Z
n989                    64                    0.03      U1483/Z
n990                    64                    0.03      U1484/Z
n991                    64                    0.03      U1485/Z
n992                    64                    0.03      U1486/Z
n993                    64                    0.03      U1471/Z
n994                    64                    0.03      U1472/Z
n995                    64                    0.03      U1473/Z
n996                    64                    0.03      U1476/Z
n997                    64                    0.03      U1470/Z
n998                    64                    0.03      U1499/Z
n999                    64                    0.03      U1498/Z
n1000                   64                    0.03      U1492/Z
n1001                   64                    0.03      U1494/Z
n1002                   64                    0.03      U1493/Z
n1003                   64                    0.03      U1469/Z
n1004                   64                    0.03      U1491/Z
n1005                   64                    0.03      U1500/Z
n1230                   60                    0.03      U1501/ZN
n1231                   41                    0.02      U1271/ZN
n1232                   60                    0.03      U1250/Z
n1233                   60                    0.03      U1251/Z
u_config/n29            64                    0.03      u_config/U43/Z
u_config/n31            64                    0.03      u_config/U305/Z
u_config/n32            64                    0.03      u_config/U338/Z
u_config/n35            64                    0.03      u_config/U373/Z
u_config/n38            64                    0.03      u_config/U406/Z
u_config/n39            33                    0.02      u_config/U204/ZN
u_config/n42            64                    0.03      u_config/U3/ZN
u_config/n49            34                    0.02      u_config/U238/ZN
u_config/n104           64                    0.03      u_config/U528/Z
u_config/n139           64                    0.03      u_config/U561/Z
u_config/n204           35                    0.02      u_config/U42/ZN
u_activation/n296       52                    0.03      u_activation/U24/Z
u_activation/n1715      52                    0.03      u_activation/U39/Z
u_activation/n1719      52                    0.03      u_activation/U49/Z
u_activation/n1722      52                    0.03      u_activation/U59/Z
u_activation/n1724      50                    0.03      u_activation/U112/Z
u_activation/n1725      50                    0.03      u_activation/U116/Z
u_activation/n1726      50                    0.03      u_activation/U29/Z
u_activation/n1728      50                    0.03      u_activation/U121/Z
u_activation/n2481      64                    0.04      u_activation/U2/ZN
u_activation/n2483      64                    0.04      u_activation/U12/Z
u_activation/n2484      54                    0.03      u_activation/U2307/Z
u_activation/n2485      64                    0.04      u_activation/U10/ZN
u_activation/n2486      64                    0.04      u_activation/U2160/ZN
u_activation/n2487      64                    0.04      u_activation/U2166/ZN
u_activation/n2488      64                    0.04      u_activation/U2157/ZN
u_activation/n2489      63                    0.04      u_activation/U11/ZN
u_activation/n2490      64                    0.04      u_activation/U2364/Z
u_activation/n2491      54                    0.03      u_activation/U8/Z
u_activation/n2492      64                    0.04      u_activation/U9/ZN
g_pair_0__u_pair/n1     64                    0.03      g_pair_0__u_pair/U5/Z
g_pair_0__u_pair/n2     64                    0.03      g_pair_0__u_pair/U13/Z
g_pair_0__u_pair/n3     64                    0.03      g_pair_0__u_pair/U21/Z
g_pair_0__u_pair/n4     64                    0.03      g_pair_0__u_pair/U27/Z
g_pair_0__u_pair/n5     64                    0.03      g_pair_0__u_pair/U9/Z
g_pair_0__u_pair/n6     64                    0.03      g_pair_0__u_pair/U17/Z
g_pair_0__u_pair/n7     64                    0.03      g_pair_0__u_pair/U25/Z
g_pair_0__u_pair/n8     64                    0.03      g_pair_0__u_pair/U33/Z
g_pair_0__u_pair/n9     64                    0.04      g_pair_0__u_pair/U2/Z
g_pair_0__u_pair/n10
                        64                    0.04      g_pair_0__u_pair/U10/Z
g_pair_0__u_pair/n11
                        64                    0.04      g_pair_0__u_pair/U18/Z
g_pair_0__u_pair/n12
                        64                    0.04      g_pair_0__u_pair/U26/Z
g_pair_0__u_pair/n13
                        64                    0.04      g_pair_0__u_pair/U6/Z
g_pair_0__u_pair/n14
                        64                    0.04      g_pair_0__u_pair/U14/Z
g_pair_0__u_pair/n15
                        64                    0.04      g_pair_0__u_pair/U22/Z
g_pair_0__u_pair/n16
                        64                    0.04      g_pair_0__u_pair/U30/Z
g_pair_0__u_pair/n17
                        64                    0.04      g_pair_0__u_pair/U4/Z
g_pair_0__u_pair/n18
                        64                    0.04      g_pair_0__u_pair/U12/Z
g_pair_0__u_pair/n19
                        64                    0.04      g_pair_0__u_pair/U20/Z
g_pair_0__u_pair/n20
                        64                    0.03      g_pair_0__u_pair/U28/Z
g_pair_0__u_pair/n21
                        64                    0.04      g_pair_0__u_pair/U8/Z
g_pair_0__u_pair/n22
                        64                    0.04      g_pair_0__u_pair/U16/Z
g_pair_0__u_pair/n23
                        64                    0.04      g_pair_0__u_pair/U24/Z
g_pair_0__u_pair/n24
                        64                    0.04      g_pair_0__u_pair/U32/Z
g_pair_0__u_pair/n25
                        64                    0.03      g_pair_0__u_pair/U3/Z
g_pair_0__u_pair/n26
                        64                    0.03      g_pair_0__u_pair/U11/Z
g_pair_0__u_pair/n27
                        64                    0.03      g_pair_0__u_pair/U19/Z
g_pair_0__u_pair/n28
                        64                    0.04      g_pair_0__u_pair/U29/Z
g_pair_0__u_pair/n29
                        64                    0.03      g_pair_0__u_pair/U7/Z
g_pair_0__u_pair/n30
                        64                    0.03      g_pair_0__u_pair/U15/Z
g_pair_0__u_pair/n31
                        64                    0.03      g_pair_0__u_pair/U23/Z
g_pair_0__u_pair/n32
                        64                    0.03      g_pair_0__u_pair/U31/Z
g_pair_1__u_pair/n1     64                    0.03      g_pair_1__u_pair/U4/Z
g_pair_1__u_pair/n2     64                    0.03      g_pair_1__u_pair/U12/Z
g_pair_1__u_pair/n3     64                    0.03      g_pair_1__u_pair/U20/Z
g_pair_1__u_pair/n4     64                    0.03      g_pair_1__u_pair/U26/Z
g_pair_1__u_pair/n5     64                    0.03      g_pair_1__u_pair/U8/Z
g_pair_1__u_pair/n6     64                    0.03      g_pair_1__u_pair/U16/Z
g_pair_1__u_pair/n7     64                    0.03      g_pair_1__u_pair/U24/Z
g_pair_1__u_pair/n8     64                    0.03      g_pair_1__u_pair/U32/Z
g_pair_1__u_pair/n9     64                    0.04      g_pair_1__u_pair/U1/Z
g_pair_1__u_pair/n10
                        64                    0.04      g_pair_1__u_pair/U9/Z
g_pair_1__u_pair/n11
                        64                    0.04      g_pair_1__u_pair/U17/Z
g_pair_1__u_pair/n12
                        64                    0.04      g_pair_1__u_pair/U25/Z
g_pair_1__u_pair/n13
                        64                    0.04      g_pair_1__u_pair/U5/Z
g_pair_1__u_pair/n14
                        64                    0.04      g_pair_1__u_pair/U13/Z
g_pair_1__u_pair/n15
                        64                    0.04      g_pair_1__u_pair/U21/Z
g_pair_1__u_pair/n16
                        64                    0.04      g_pair_1__u_pair/U29/Z
g_pair_1__u_pair/n17
                        64                    0.04      g_pair_1__u_pair/U3/Z
g_pair_1__u_pair/n18
                        64                    0.04      g_pair_1__u_pair/U11/Z
g_pair_1__u_pair/n19
                        64                    0.04      g_pair_1__u_pair/U19/Z
g_pair_1__u_pair/n20
                        64                    0.03      g_pair_1__u_pair/U28/Z
g_pair_1__u_pair/n21
                        64                    0.04      g_pair_1__u_pair/U7/Z
g_pair_1__u_pair/n22
                        64                    0.04      g_pair_1__u_pair/U15/Z
g_pair_1__u_pair/n23
                        64                    0.04      g_pair_1__u_pair/U23/Z
g_pair_1__u_pair/n24
                        64                    0.04      g_pair_1__u_pair/U31/Z
g_pair_1__u_pair/n25
                        64                    0.03      g_pair_1__u_pair/U2/Z
g_pair_1__u_pair/n26
                        64                    0.03      g_pair_1__u_pair/U10/Z
g_pair_1__u_pair/n27
                        64                    0.03      g_pair_1__u_pair/U18/Z
g_pair_1__u_pair/n28
                        64                    0.04      g_pair_1__u_pair/U27/Z
g_pair_1__u_pair/n29
                        64                    0.03      g_pair_1__u_pair/U6/Z
g_pair_1__u_pair/n30
                        64                    0.03      g_pair_1__u_pair/U14/Z
g_pair_1__u_pair/n31
                        64                    0.03      g_pair_1__u_pair/U22/Z
g_pair_1__u_pair/n32
                        64                    0.03      g_pair_1__u_pair/U30/Z
g_pair_0__u_pair/u_gate/N3170
                        64                    0.04      g_pair_0__u_pair/u_gate/U47/Z
g_pair_0__u_pair/u_gate/N3171
                        41                    0.02      g_pair_0__u_pair/u_gate/U51/Z
g_pair_0__u_pair/u_gate/n23
                        59                    0.03      g_pair_0__u_pair/u_gate/U4/Z
g_pair_0__u_pair/u_gate/n24
                        59                    0.03      g_pair_0__u_pair/u_gate/U5/Z
g_pair_0__u_pair/u_gate/n26
                        59                    0.03      g_pair_0__u_pair/u_gate/U9/Z
g_pair_0__u_pair/u_gate/n29
                        59                    0.03      g_pair_0__u_pair/u_gate/U6/Z
g_pair_0__u_pair/u_gate/n34
                        59                    0.03      g_pair_0__u_pair/u_gate/U3/Z
g_pair_0__u_pair/u_gate/n35
                        59                    0.03      g_pair_0__u_pair/u_gate/U10/Z
g_pair_0__u_pair/u_gate/n38
                        58                    0.03      g_pair_0__u_pair/u_gate/U8/Z
g_pair_0__u_pair/u_gate/n45
                        60                    0.04      g_pair_0__u_pair/u_gate/U7/Z
g_pair_0__u_pair/u_gate/n2748
                        40                    0.02      g_pair_0__u_pair/u_gate/U45/ZN
g_pair_0__u_pair/u_gate/n2749
                        40                    0.02      g_pair_0__u_pair/u_gate/U14/Z
g_pair_0__u_pair/u_gate/n2750
                        42                    0.02      g_pair_0__u_pair/u_gate/U15/Z
g_pair_0__u_pair/u_gate/n2751
                        64                    0.04      g_pair_0__u_pair/u_gate/U16/ZN
g_pair_0__u_pair/u_gate/n2753
                        61                    0.04      g_pair_0__u_pair/u_gate/U422/Z
g_pair_0__u_pair/u_gate/n2767
                        48                    0.03      g_pair_0__u_pair/u_gate/U37/ZN
g_pair_1__u_pair/u_gate/N3170
                        64                    0.04      g_pair_1__u_pair/u_gate/U45/Z
g_pair_1__u_pair/u_gate/N3171
                        41                    0.02      g_pair_1__u_pair/u_gate/U47/Z
g_pair_1__u_pair/u_gate/n23
                        57                    0.03      g_pair_1__u_pair/u_gate/U5/Z
g_pair_1__u_pair/u_gate/n25
                        57                    0.03      g_pair_1__u_pair/u_gate/U9/Z
g_pair_1__u_pair/u_gate/n26
                        57                    0.03      g_pair_1__u_pair/u_gate/U4/Z
g_pair_1__u_pair/u_gate/n29
                        57                    0.03      g_pair_1__u_pair/u_gate/U10/Z
g_pair_1__u_pair/u_gate/n30
                        57                    0.03      g_pair_1__u_pair/u_gate/U7/Z
g_pair_1__u_pair/u_gate/n33
                        57                    0.03      g_pair_1__u_pair/u_gate/U11/Z
g_pair_1__u_pair/u_gate/n36
                        57                    0.03      g_pair_1__u_pair/u_gate/U3/Z
g_pair_1__u_pair/u_gate/n37
                        57                    0.03      g_pair_1__u_pair/u_gate/U8/Z
g_pair_1__u_pair/u_gate/n2748
                        40                    0.02      g_pair_1__u_pair/u_gate/U43/ZN
g_pair_1__u_pair/u_gate/n2749
                        40                    0.02      g_pair_1__u_pair/u_gate/U17/Z
g_pair_1__u_pair/u_gate/n2750
                        64                    0.04      g_pair_1__u_pair/u_gate/U18/ZN
g_pair_1__u_pair/u_gate/n2752
                        61                    0.04      g_pair_1__u_pair/u_gate/U420/Z
g_pair_1__u_pair/u_gate/n2753
                        42                    0.02      g_pair_1__u_pair/u_gate/U16/Z
g_pair_1__u_pair/u_gate/n2767
                        64                    0.04      g_pair_1__u_pair/u_gate/U6/ZN
g_pair_0__u_pair/u_up/N3170
                        64                    0.04      g_pair_0__u_pair/u_up/U46/Z
g_pair_0__u_pair/u_up/N3171
                        41                    0.02      g_pair_0__u_pair/u_up/U51/Z
g_pair_0__u_pair/u_up/n25
                        57                    0.03      g_pair_0__u_pair/u_up/U5/Z
g_pair_0__u_pair/u_up/n27
                        57                    0.03      g_pair_0__u_pair/u_up/U6/Z
g_pair_0__u_pair/u_up/n29
                        57                    0.03      g_pair_0__u_pair/u_up/U8/Z
g_pair_0__u_pair/u_up/n31
                        57                    0.03      g_pair_0__u_pair/u_up/U9/Z
g_pair_0__u_pair/u_up/n34
                        57                    0.03      g_pair_0__u_pair/u_up/U10/Z
g_pair_0__u_pair/u_up/n35
                        57                    0.03      g_pair_0__u_pair/u_up/U4/Z
g_pair_0__u_pair/u_up/n36
                        57                    0.03      g_pair_0__u_pair/u_up/U7/Z
g_pair_0__u_pair/u_up/n39
                        57                    0.03      g_pair_0__u_pair/u_up/U3/Z
g_pair_0__u_pair/u_up/n2748
                        40                    0.02      g_pair_0__u_pair/u_up/U44/ZN
g_pair_0__u_pair/u_up/n2749
                        40                    0.02      g_pair_0__u_pair/u_up/U14/Z
g_pair_0__u_pair/u_up/n2751
                        64                    0.04      g_pair_0__u_pair/u_up/U15/ZN
g_pair_0__u_pair/u_up/n2752
                        63                    0.04      g_pair_0__u_pair/u_up/U426/Z
g_pair_0__u_pair/u_up/n2753
                        42                    0.02      g_pair_0__u_pair/u_up/U13/Z
g_pair_0__u_pair/u_up/n2767
                        64                    0.04      g_pair_0__u_pair/u_up/U37/ZN
g_pair_7__u_pair/n1     64                    0.03      g_pair_7__u_pair/U4/Z
g_pair_7__u_pair/n2     64                    0.03      g_pair_7__u_pair/U12/Z
g_pair_7__u_pair/n3     64                    0.03      g_pair_7__u_pair/U20/Z
g_pair_7__u_pair/n4     64                    0.03      g_pair_7__u_pair/U26/Z
g_pair_7__u_pair/n5     64                    0.03      g_pair_7__u_pair/U8/Z
g_pair_7__u_pair/n6     64                    0.03      g_pair_7__u_pair/U16/Z
g_pair_7__u_pair/n7     64                    0.03      g_pair_7__u_pair/U24/Z
g_pair_7__u_pair/n8     64                    0.03      g_pair_7__u_pair/U32/Z
g_pair_7__u_pair/n9     64                    0.04      g_pair_7__u_pair/U1/Z
g_pair_7__u_pair/n10
                        64                    0.04      g_pair_7__u_pair/U9/Z
g_pair_7__u_pair/n11
                        64                    0.04      g_pair_7__u_pair/U17/Z
g_pair_7__u_pair/n12
                        64                    0.04      g_pair_7__u_pair/U25/Z
g_pair_7__u_pair/n13
                        64                    0.04      g_pair_7__u_pair/U5/Z
g_pair_7__u_pair/n14
                        64                    0.04      g_pair_7__u_pair/U13/Z
g_pair_7__u_pair/n15
                        64                    0.04      g_pair_7__u_pair/U21/Z
g_pair_7__u_pair/n16
                        64                    0.04      g_pair_7__u_pair/U29/Z
g_pair_7__u_pair/n17
                        64                    0.04      g_pair_7__u_pair/U3/Z
g_pair_7__u_pair/n18
                        64                    0.04      g_pair_7__u_pair/U11/Z
g_pair_7__u_pair/n19
                        64                    0.04      g_pair_7__u_pair/U19/Z
g_pair_7__u_pair/n20
                        64                    0.03      g_pair_7__u_pair/U27/Z
g_pair_7__u_pair/n21
                        64                    0.04      g_pair_7__u_pair/U7/Z
g_pair_7__u_pair/n22
                        64                    0.04      g_pair_7__u_pair/U15/Z
g_pair_7__u_pair/n23
                        64                    0.04      g_pair_7__u_pair/U23/Z
g_pair_7__u_pair/n24
                        64                    0.04      g_pair_7__u_pair/U31/Z
g_pair_7__u_pair/n25
                        64                    0.03      g_pair_7__u_pair/U2/Z
g_pair_7__u_pair/n26
                        64                    0.03      g_pair_7__u_pair/U10/Z
g_pair_7__u_pair/n27
                        64                    0.03      g_pair_7__u_pair/U18/Z
g_pair_7__u_pair/n28
                        64                    0.04      g_pair_7__u_pair/U28/Z
g_pair_7__u_pair/n29
                        64                    0.03      g_pair_7__u_pair/U6/Z
g_pair_7__u_pair/n30
                        64                    0.03      g_pair_7__u_pair/U14/Z
g_pair_7__u_pair/n31
                        64                    0.03      g_pair_7__u_pair/U22/Z
g_pair_7__u_pair/n32
                        64                    0.03      g_pair_7__u_pair/U30/Z
g_pair_6__u_pair/n1     64                    0.03      g_pair_6__u_pair/U4/Z
g_pair_6__u_pair/n2     64                    0.03      g_pair_6__u_pair/U12/Z
g_pair_6__u_pair/n3     64                    0.03      g_pair_6__u_pair/U20/Z
g_pair_6__u_pair/n4     64                    0.03      g_pair_6__u_pair/U26/Z
g_pair_6__u_pair/n5     64                    0.03      g_pair_6__u_pair/U8/Z
g_pair_6__u_pair/n6     64                    0.03      g_pair_6__u_pair/U16/Z
g_pair_6__u_pair/n7     64                    0.03      g_pair_6__u_pair/U24/Z
g_pair_6__u_pair/n8     64                    0.03      g_pair_6__u_pair/U32/Z
g_pair_6__u_pair/n9     64                    0.04      g_pair_6__u_pair/U1/Z
g_pair_6__u_pair/n10
                        64                    0.04      g_pair_6__u_pair/U9/Z
g_pair_6__u_pair/n11
                        64                    0.04      g_pair_6__u_pair/U17/Z
g_pair_6__u_pair/n12
                        64                    0.04      g_pair_6__u_pair/U25/Z
g_pair_6__u_pair/n13
                        64                    0.04      g_pair_6__u_pair/U5/Z
g_pair_6__u_pair/n14
                        64                    0.04      g_pair_6__u_pair/U13/Z
g_pair_6__u_pair/n15
                        64                    0.04      g_pair_6__u_pair/U21/Z
g_pair_6__u_pair/n16
                        64                    0.04      g_pair_6__u_pair/U29/Z
g_pair_6__u_pair/n17
                        64                    0.04      g_pair_6__u_pair/U3/Z
g_pair_6__u_pair/n18
                        64                    0.04      g_pair_6__u_pair/U11/Z
g_pair_6__u_pair/n19
                        64                    0.04      g_pair_6__u_pair/U19/Z
g_pair_6__u_pair/n20
                        64                    0.03      g_pair_6__u_pair/U28/Z
g_pair_6__u_pair/n21
                        64                    0.04      g_pair_6__u_pair/U7/Z
g_pair_6__u_pair/n22
                        64                    0.04      g_pair_6__u_pair/U15/Z
g_pair_6__u_pair/n23
                        64                    0.04      g_pair_6__u_pair/U23/Z
g_pair_6__u_pair/n24
                        64                    0.04      g_pair_6__u_pair/U31/Z
g_pair_6__u_pair/n25
                        64                    0.03      g_pair_6__u_pair/U2/Z
g_pair_6__u_pair/n26
                        64                    0.03      g_pair_6__u_pair/U10/Z
g_pair_6__u_pair/n27
                        64                    0.03      g_pair_6__u_pair/U18/Z
g_pair_6__u_pair/n28
                        64                    0.04      g_pair_6__u_pair/U27/Z
g_pair_6__u_pair/n29
                        64                    0.03      g_pair_6__u_pair/U6/Z
g_pair_6__u_pair/n30
                        64                    0.03      g_pair_6__u_pair/U14/Z
g_pair_6__u_pair/n31
                        64                    0.03      g_pair_6__u_pair/U22/Z
g_pair_6__u_pair/n32
                        64                    0.03      g_pair_6__u_pair/U30/Z
g_pair_5__u_pair/n1     64                    0.03      g_pair_5__u_pair/U4/Z
g_pair_5__u_pair/n2     64                    0.03      g_pair_5__u_pair/U12/Z
g_pair_5__u_pair/n3     64                    0.03      g_pair_5__u_pair/U20/Z
g_pair_5__u_pair/n4     64                    0.03      g_pair_5__u_pair/U26/Z
g_pair_5__u_pair/n5     64                    0.03      g_pair_5__u_pair/U8/Z
g_pair_5__u_pair/n6     64                    0.03      g_pair_5__u_pair/U16/Z
g_pair_5__u_pair/n7     64                    0.03      g_pair_5__u_pair/U24/Z
g_pair_5__u_pair/n8     64                    0.03      g_pair_5__u_pair/U32/Z
g_pair_5__u_pair/n9     64                    0.04      g_pair_5__u_pair/U1/Z
g_pair_5__u_pair/n10
                        64                    0.04      g_pair_5__u_pair/U9/Z
g_pair_5__u_pair/n11
                        64                    0.04      g_pair_5__u_pair/U17/Z
g_pair_5__u_pair/n12
                        64                    0.04      g_pair_5__u_pair/U25/Z
g_pair_5__u_pair/n13
                        64                    0.04      g_pair_5__u_pair/U5/Z
g_pair_5__u_pair/n14
                        64                    0.04      g_pair_5__u_pair/U13/Z
g_pair_5__u_pair/n15
                        64                    0.04      g_pair_5__u_pair/U21/Z
g_pair_5__u_pair/n16
                        64                    0.04      g_pair_5__u_pair/U29/Z
g_pair_5__u_pair/n17
                        64                    0.04      g_pair_5__u_pair/U3/Z
g_pair_5__u_pair/n18
                        64                    0.04      g_pair_5__u_pair/U11/Z
g_pair_5__u_pair/n19
                        64                    0.04      g_pair_5__u_pair/U19/Z
g_pair_5__u_pair/n20
                        64                    0.03      g_pair_5__u_pair/U27/Z
g_pair_5__u_pair/n21
                        64                    0.04      g_pair_5__u_pair/U7/Z
g_pair_5__u_pair/n22
                        64                    0.04      g_pair_5__u_pair/U15/Z
g_pair_5__u_pair/n23
                        64                    0.04      g_pair_5__u_pair/U23/Z
g_pair_5__u_pair/n24
                        64                    0.04      g_pair_5__u_pair/U31/Z
g_pair_5__u_pair/n25
                        64                    0.03      g_pair_5__u_pair/U2/Z
g_pair_5__u_pair/n26
                        64                    0.03      g_pair_5__u_pair/U10/Z
g_pair_5__u_pair/n27
                        64                    0.03      g_pair_5__u_pair/U18/Z
g_pair_5__u_pair/n28
                        64                    0.04      g_pair_5__u_pair/U28/Z
g_pair_5__u_pair/n29
                        64                    0.03      g_pair_5__u_pair/U6/Z
g_pair_5__u_pair/n30
                        64                    0.03      g_pair_5__u_pair/U14/Z
g_pair_5__u_pair/n31
                        64                    0.03      g_pair_5__u_pair/U22/Z
g_pair_5__u_pair/n32
                        64                    0.03      g_pair_5__u_pair/U30/Z
g_pair_4__u_pair/n1     64                    0.03      g_pair_4__u_pair/U4/Z
g_pair_4__u_pair/n2     64                    0.03      g_pair_4__u_pair/U12/Z
g_pair_4__u_pair/n3     64                    0.03      g_pair_4__u_pair/U20/Z
g_pair_4__u_pair/n4     64                    0.03      g_pair_4__u_pair/U26/Z
g_pair_4__u_pair/n5     64                    0.03      g_pair_4__u_pair/U8/Z
g_pair_4__u_pair/n6     64                    0.03      g_pair_4__u_pair/U16/Z
g_pair_4__u_pair/n7     64                    0.03      g_pair_4__u_pair/U24/Z
g_pair_4__u_pair/n8     64                    0.03      g_pair_4__u_pair/U32/Z
g_pair_4__u_pair/n9     64                    0.04      g_pair_4__u_pair/U1/Z
g_pair_4__u_pair/n10
                        64                    0.04      g_pair_4__u_pair/U9/Z
g_pair_4__u_pair/n11
                        64                    0.04      g_pair_4__u_pair/U17/Z
g_pair_4__u_pair/n12
                        64                    0.04      g_pair_4__u_pair/U25/Z
g_pair_4__u_pair/n13
                        64                    0.04      g_pair_4__u_pair/U5/Z
g_pair_4__u_pair/n14
                        64                    0.04      g_pair_4__u_pair/U13/Z
g_pair_4__u_pair/n15
                        64                    0.04      g_pair_4__u_pair/U21/Z
g_pair_4__u_pair/n16
                        64                    0.04      g_pair_4__u_pair/U29/Z
g_pair_4__u_pair/n17
                        64                    0.04      g_pair_4__u_pair/U3/Z
g_pair_4__u_pair/n18
                        64                    0.04      g_pair_4__u_pair/U11/Z
g_pair_4__u_pair/n19
                        64                    0.04      g_pair_4__u_pair/U19/Z
g_pair_4__u_pair/n20
                        64                    0.03      g_pair_4__u_pair/U27/Z
g_pair_4__u_pair/n21
                        64                    0.04      g_pair_4__u_pair/U7/Z
g_pair_4__u_pair/n22
                        64                    0.04      g_pair_4__u_pair/U15/Z
g_pair_4__u_pair/n23
                        64                    0.04      g_pair_4__u_pair/U23/Z
g_pair_4__u_pair/n24
                        64                    0.04      g_pair_4__u_pair/U31/Z
g_pair_4__u_pair/n25
                        64                    0.03      g_pair_4__u_pair/U2/Z
g_pair_4__u_pair/n26
                        64                    0.03      g_pair_4__u_pair/U10/Z
g_pair_4__u_pair/n27
                        64                    0.03      g_pair_4__u_pair/U18/Z
g_pair_4__u_pair/n28
                        64                    0.04      g_pair_4__u_pair/U28/Z
g_pair_4__u_pair/n29
                        64                    0.03      g_pair_4__u_pair/U6/Z
g_pair_4__u_pair/n30
                        64                    0.03      g_pair_4__u_pair/U14/Z
g_pair_4__u_pair/n31
                        64                    0.03      g_pair_4__u_pair/U22/Z
g_pair_4__u_pair/n32
                        64                    0.03      g_pair_4__u_pair/U30/Z
g_pair_3__u_pair/n1     64                    0.03      g_pair_3__u_pair/U4/Z
g_pair_3__u_pair/n2     64                    0.03      g_pair_3__u_pair/U12/Z
g_pair_3__u_pair/n3     64                    0.03      g_pair_3__u_pair/U20/Z
g_pair_3__u_pair/n4     64                    0.03      g_pair_3__u_pair/U26/Z
g_pair_3__u_pair/n5     64                    0.03      g_pair_3__u_pair/U8/Z
g_pair_3__u_pair/n6     64                    0.03      g_pair_3__u_pair/U16/Z
g_pair_3__u_pair/n7     64                    0.03      g_pair_3__u_pair/U24/Z
g_pair_3__u_pair/n8     64                    0.03      g_pair_3__u_pair/U32/Z
g_pair_3__u_pair/n9     64                    0.04      g_pair_3__u_pair/U1/Z
g_pair_3__u_pair/n10
                        64                    0.04      g_pair_3__u_pair/U9/Z
g_pair_3__u_pair/n11
                        64                    0.04      g_pair_3__u_pair/U17/Z
g_pair_3__u_pair/n12
                        64                    0.04      g_pair_3__u_pair/U25/Z
g_pair_3__u_pair/n13
                        64                    0.04      g_pair_3__u_pair/U5/Z
g_pair_3__u_pair/n14
                        64                    0.04      g_pair_3__u_pair/U13/Z
g_pair_3__u_pair/n15
                        64                    0.04      g_pair_3__u_pair/U21/Z
g_pair_3__u_pair/n16
                        64                    0.04      g_pair_3__u_pair/U29/Z
g_pair_3__u_pair/n17
                        64                    0.04      g_pair_3__u_pair/U3/Z
g_pair_3__u_pair/n18
                        64                    0.04      g_pair_3__u_pair/U11/Z
g_pair_3__u_pair/n19
                        64                    0.04      g_pair_3__u_pair/U19/Z
g_pair_3__u_pair/n20
                        64                    0.03      g_pair_3__u_pair/U27/Z
g_pair_3__u_pair/n21
                        64                    0.04      g_pair_3__u_pair/U7/Z
g_pair_3__u_pair/n22
                        64                    0.04      g_pair_3__u_pair/U15/Z
g_pair_3__u_pair/n23
                        64                    0.04      g_pair_3__u_pair/U23/Z
g_pair_3__u_pair/n24
                        64                    0.04      g_pair_3__u_pair/U31/Z
g_pair_3__u_pair/n25
                        64                    0.03      g_pair_3__u_pair/U2/Z
g_pair_3__u_pair/n26
                        64                    0.03      g_pair_3__u_pair/U10/Z
g_pair_3__u_pair/n27
                        64                    0.03      g_pair_3__u_pair/U18/Z
g_pair_3__u_pair/n28
                        64                    0.04      g_pair_3__u_pair/U28/Z
g_pair_3__u_pair/n29
                        64                    0.03      g_pair_3__u_pair/U6/Z
g_pair_3__u_pair/n30
                        64                    0.03      g_pair_3__u_pair/U14/Z
g_pair_3__u_pair/n31
                        64                    0.03      g_pair_3__u_pair/U22/Z
g_pair_3__u_pair/n32
                        64                    0.03      g_pair_3__u_pair/U30/Z
g_pair_2__u_pair/n1     64                    0.03      g_pair_2__u_pair/U4/Z
g_pair_2__u_pair/n2     64                    0.03      g_pair_2__u_pair/U12/Z
g_pair_2__u_pair/n3     64                    0.03      g_pair_2__u_pair/U20/Z
g_pair_2__u_pair/n4     64                    0.03      g_pair_2__u_pair/U26/Z
g_pair_2__u_pair/n5     64                    0.03      g_pair_2__u_pair/U8/Z
g_pair_2__u_pair/n6     64                    0.03      g_pair_2__u_pair/U16/Z
g_pair_2__u_pair/n7     64                    0.03      g_pair_2__u_pair/U24/Z
g_pair_2__u_pair/n8     64                    0.03      g_pair_2__u_pair/U32/Z
g_pair_2__u_pair/n9     64                    0.04      g_pair_2__u_pair/U1/Z
g_pair_2__u_pair/n10
                        64                    0.04      g_pair_2__u_pair/U9/Z
g_pair_2__u_pair/n11
                        64                    0.04      g_pair_2__u_pair/U17/Z
g_pair_2__u_pair/n12
                        64                    0.04      g_pair_2__u_pair/U25/Z
g_pair_2__u_pair/n13
                        64                    0.04      g_pair_2__u_pair/U5/Z
g_pair_2__u_pair/n14
                        64                    0.04      g_pair_2__u_pair/U13/Z
g_pair_2__u_pair/n15
                        64                    0.04      g_pair_2__u_pair/U21/Z
g_pair_2__u_pair/n16
                        64                    0.04      g_pair_2__u_pair/U29/Z
g_pair_2__u_pair/n17
                        64                    0.04      g_pair_2__u_pair/U3/Z
g_pair_2__u_pair/n18
                        64                    0.04      g_pair_2__u_pair/U11/Z
g_pair_2__u_pair/n19
                        64                    0.04      g_pair_2__u_pair/U19/Z
g_pair_2__u_pair/n20
                        64                    0.03      g_pair_2__u_pair/U27/Z
g_pair_2__u_pair/n21
                        64                    0.04      g_pair_2__u_pair/U7/Z
g_pair_2__u_pair/n22
                        64                    0.04      g_pair_2__u_pair/U15/Z
g_pair_2__u_pair/n23
                        64                    0.04      g_pair_2__u_pair/U23/Z
g_pair_2__u_pair/n24
                        64                    0.04      g_pair_2__u_pair/U31/Z
g_pair_2__u_pair/n25
                        64                    0.03      g_pair_2__u_pair/U2/Z
g_pair_2__u_pair/n26
                        64                    0.03      g_pair_2__u_pair/U10/Z
g_pair_2__u_pair/n27
                        64                    0.03      g_pair_2__u_pair/U18/Z
g_pair_2__u_pair/n28
                        64                    0.04      g_pair_2__u_pair/U28/Z
g_pair_2__u_pair/n29
                        64                    0.03      g_pair_2__u_pair/U6/Z
g_pair_2__u_pair/n30
                        64                    0.03      g_pair_2__u_pair/U14/Z
g_pair_2__u_pair/n31
                        64                    0.03      g_pair_2__u_pair/U22/Z
g_pair_2__u_pair/n32
                        64                    0.03      g_pair_2__u_pair/U30/Z
g_pair_7__u_pair/u_up/N3170
                        64                    0.04      g_pair_7__u_pair/u_up/U46/Z
g_pair_7__u_pair/u_up/N3171
                        41                    0.02      g_pair_7__u_pair/u_up/U48/Z
g_pair_7__u_pair/u_up/n23
                        57                    0.03      g_pair_7__u_pair/u_up/U6/Z
g_pair_7__u_pair/u_up/n24
                        57                    0.03      g_pair_7__u_pair/u_up/U7/Z
g_pair_7__u_pair/u_up/n27
                        57                    0.03      g_pair_7__u_pair/u_up/U10/Z
g_pair_7__u_pair/u_up/n28
                        57                    0.03      g_pair_7__u_pair/u_up/U11/Z
g_pair_7__u_pair/u_up/n34
                        57                    0.03      g_pair_7__u_pair/u_up/U9/Z
g_pair_7__u_pair/u_up/n35
                        57                    0.03      g_pair_7__u_pair/u_up/U4/Z
g_pair_7__u_pair/u_up/n36
                        57                    0.03      g_pair_7__u_pair/u_up/U8/Z
g_pair_7__u_pair/u_up/n39
                        57                    0.03      g_pair_7__u_pair/u_up/U3/Z
g_pair_7__u_pair/u_up/n2716
                        40                    0.02      g_pair_7__u_pair/u_up/U44/ZN
g_pair_7__u_pair/u_up/n2717
                        40                    0.02      g_pair_7__u_pair/u_up/U16/Z
g_pair_7__u_pair/u_up/n2719
                        64                    0.04      g_pair_7__u_pair/u_up/U17/ZN
g_pair_7__u_pair/u_up/n2720
                        63                    0.04      g_pair_7__u_pair/u_up/U424/Z
g_pair_7__u_pair/u_up/n2721
                        42                    0.02      g_pair_7__u_pair/u_up/U15/Z
g_pair_7__u_pair/u_up/n2735
                        64                    0.04      g_pair_7__u_pair/u_up/U5/ZN
g_pair_7__u_pair/u_gate/N3170
                        64                    0.04      g_pair_7__u_pair/u_gate/U42/Z
g_pair_7__u_pair/u_gate/N3171
                        41                    0.02      g_pair_7__u_pair/u_gate/U44/Z
g_pair_7__u_pair/u_gate/n22
                        57                    0.03      g_pair_7__u_pair/u_gate/U3/Z
g_pair_7__u_pair/u_gate/n24
                        57                    0.03      g_pair_7__u_pair/u_gate/U7/Z
g_pair_7__u_pair/u_gate/n29
                        57                    0.03      g_pair_7__u_pair/u_gate/U6/Z
g_pair_7__u_pair/u_gate/n30
                        57                    0.03      g_pair_7__u_pair/u_gate/U4/Z
g_pair_7__u_pair/u_gate/n32
                        57                    0.03      g_pair_7__u_pair/u_gate/U10/Z
g_pair_7__u_pair/u_gate/n33
                        57                    0.03      g_pair_7__u_pair/u_gate/U8/Z
g_pair_7__u_pair/u_gate/n36
                        57                    0.03      g_pair_7__u_pair/u_gate/U9/Z
g_pair_7__u_pair/u_gate/n37
                        57                    0.03      g_pair_7__u_pair/u_gate/U5/Z
g_pair_7__u_pair/u_gate/n2716
                        40                    0.02      g_pair_7__u_pair/u_gate/U40/ZN
g_pair_7__u_pair/u_gate/n2717
                        40                    0.02      g_pair_7__u_pair/u_gate/U15/Z
g_pair_7__u_pair/u_gate/n2719
                        64                    0.04      g_pair_7__u_pair/u_gate/U16/ZN
g_pair_7__u_pair/u_gate/n2720
                        63                    0.04      g_pair_7__u_pair/u_gate/U424/Z
g_pair_7__u_pair/u_gate/n2721
                        42                    0.02      g_pair_7__u_pair/u_gate/U14/Z
g_pair_7__u_pair/u_gate/n2735
                        64                    0.04      g_pair_7__u_pair/u_gate/U32/ZN
g_pair_6__u_pair/u_up/N3170
                        64                    0.04      g_pair_6__u_pair/u_up/U47/Z
g_pair_6__u_pair/u_up/N3171
                        41                    0.02      g_pair_6__u_pair/u_up/U49/Z
g_pair_6__u_pair/u_up/n23
                        57                    0.03      g_pair_6__u_pair/u_up/U7/Z
g_pair_6__u_pair/u_up/n24
                        57                    0.03      g_pair_6__u_pair/u_up/U8/Z
g_pair_6__u_pair/u_up/n26
                        57                    0.03      g_pair_6__u_pair/u_up/U10/Z
g_pair_6__u_pair/u_up/n28
                        57                    0.03      g_pair_6__u_pair/u_up/U3/Z
g_pair_6__u_pair/u_up/n31
                        57                    0.03      g_pair_6__u_pair/u_up/U4/Z
g_pair_6__u_pair/u_up/n35
                        57                    0.03      g_pair_6__u_pair/u_up/U9/Z
g_pair_6__u_pair/u_up/n36
                        57                    0.03      g_pair_6__u_pair/u_up/U5/Z
g_pair_6__u_pair/u_up/n39
                        57                    0.03      g_pair_6__u_pair/u_up/U6/Z
g_pair_6__u_pair/u_up/n2716
                        40                    0.02      g_pair_6__u_pair/u_up/U45/ZN
g_pair_6__u_pair/u_up/n2717
                        40                    0.02      g_pair_6__u_pair/u_up/U15/Z
g_pair_6__u_pair/u_up/n2719
                        64                    0.04      g_pair_6__u_pair/u_up/U16/ZN
g_pair_6__u_pair/u_up/n2720
                        63                    0.04      g_pair_6__u_pair/u_up/U424/Z
g_pair_6__u_pair/u_up/n2721
                        42                    0.02      g_pair_6__u_pair/u_up/U14/Z
g_pair_6__u_pair/u_up/n2735
                        64                    0.04      g_pair_6__u_pair/u_up/U38/ZN
g_pair_6__u_pair/u_gate/N3170
                        64                    0.04      g_pair_6__u_pair/u_gate/U46/Z
g_pair_6__u_pair/u_gate/N3171
                        41                    0.02      g_pair_6__u_pair/u_gate/U48/Z
g_pair_6__u_pair/u_gate/n23
                        57                    0.03      g_pair_6__u_pair/u_gate/U5/Z
g_pair_6__u_pair/u_gate/n29
                        57                    0.03      g_pair_6__u_pair/u_gate/U8/Z
g_pair_6__u_pair/u_gate/n30
                        57                    0.03      g_pair_6__u_pair/u_gate/U9/Z
g_pair_6__u_pair/u_gate/n33
                        57                    0.03      g_pair_6__u_pair/u_gate/U11/Z
g_pair_6__u_pair/u_gate/n34
                        57                    0.03      g_pair_6__u_pair/u_gate/U4/Z
g_pair_6__u_pair/u_gate/n35
                        57                    0.03      g_pair_6__u_pair/u_gate/U10/Z
g_pair_6__u_pair/u_gate/n36
                        57                    0.03      g_pair_6__u_pair/u_gate/U7/Z
g_pair_6__u_pair/u_gate/n39
                        57                    0.03      g_pair_6__u_pair/u_gate/U3/Z
g_pair_6__u_pair/u_gate/n2716
                        40                    0.02      g_pair_6__u_pair/u_gate/U44/ZN
g_pair_6__u_pair/u_gate/n2717
                        40                    0.02      g_pair_6__u_pair/u_gate/U16/Z
g_pair_6__u_pair/u_gate/n2719
                        64                    0.04      g_pair_6__u_pair/u_gate/U17/ZN
g_pair_6__u_pair/u_gate/n2720
                        63                    0.04      g_pair_6__u_pair/u_gate/U424/Z
g_pair_6__u_pair/u_gate/n2721
                        42                    0.02      g_pair_6__u_pair/u_gate/U15/Z
g_pair_6__u_pair/u_gate/n2735
                        64                    0.04      g_pair_6__u_pair/u_gate/U6/ZN
g_pair_5__u_pair/u_up/N3170
                        64                    0.04      g_pair_5__u_pair/u_up/U42/Z
g_pair_5__u_pair/u_up/N3171
                        41                    0.02      g_pair_5__u_pair/u_up/U44/Z
g_pair_5__u_pair/u_up/n25
                        57                    0.03      g_pair_5__u_pair/u_up/U5/Z
g_pair_5__u_pair/u_up/n28
                        57                    0.03      g_pair_5__u_pair/u_up/U10/Z
g_pair_5__u_pair/u_up/n30
                        57                    0.03      g_pair_5__u_pair/u_up/U7/Z
g_pair_5__u_pair/u_up/n33
                        57                    0.03      g_pair_5__u_pair/u_up/U6/Z
g_pair_5__u_pair/u_up/n34
                        57                    0.03      g_pair_5__u_pair/u_up/U8/Z
g_pair_5__u_pair/u_up/n35
                        57                    0.03      g_pair_5__u_pair/u_up/U4/Z
g_pair_5__u_pair/u_up/n36
                        57                    0.03      g_pair_5__u_pair/u_up/U3/Z
g_pair_5__u_pair/u_up/n37
                        57                    0.03      g_pair_5__u_pair/u_up/U9/Z
g_pair_5__u_pair/u_up/n2716
                        40                    0.02      g_pair_5__u_pair/u_up/U40/ZN
g_pair_5__u_pair/u_up/n2717
                        40                    0.02      g_pair_5__u_pair/u_up/U15/Z
g_pair_5__u_pair/u_up/n2719
                        64                    0.04      g_pair_5__u_pair/u_up/U16/ZN
g_pair_5__u_pair/u_up/n2720
                        63                    0.04      g_pair_5__u_pair/u_up/U424/Z
g_pair_5__u_pair/u_up/n2721
                        42                    0.02      g_pair_5__u_pair/u_up/U14/Z
g_pair_5__u_pair/u_up/n2735
                        64                    0.04      g_pair_5__u_pair/u_up/U32/ZN
g_pair_5__u_pair/u_gate/N3170
                        64                    0.04      g_pair_5__u_pair/u_gate/U47/Z
g_pair_5__u_pair/u_gate/N3171
                        41                    0.02      g_pair_5__u_pair/u_gate/U49/Z
g_pair_5__u_pair/u_gate/n24
                        57                    0.03      g_pair_5__u_pair/u_gate/U3/Z
g_pair_5__u_pair/u_gate/n26
                        57                    0.03      g_pair_5__u_pair/u_gate/U4/Z
g_pair_5__u_pair/u_gate/n27
                        57                    0.03      g_pair_5__u_pair/u_gate/U7/Z
g_pair_5__u_pair/u_gate/n28
                        57                    0.03      g_pair_5__u_pair/u_gate/U9/Z
g_pair_5__u_pair/u_gate/n30
                        57                    0.03      g_pair_5__u_pair/u_gate/U5/Z
g_pair_5__u_pair/u_gate/n32
                        57                    0.03      g_pair_5__u_pair/u_gate/U6/Z
g_pair_5__u_pair/u_gate/n36
                        57                    0.03      g_pair_5__u_pair/u_gate/U8/Z
g_pair_5__u_pair/u_gate/n37
                        57                    0.03      g_pair_5__u_pair/u_gate/U10/Z
g_pair_5__u_pair/u_gate/n2748
                        40                    0.02      g_pair_5__u_pair/u_gate/U45/ZN
g_pair_5__u_pair/u_gate/n2749
                        40                    0.02      g_pair_5__u_pair/u_gate/U15/Z
g_pair_5__u_pair/u_gate/n2751
                        64                    0.04      g_pair_5__u_pair/u_gate/U16/ZN
g_pair_5__u_pair/u_gate/n2752
                        63                    0.04      g_pair_5__u_pair/u_gate/U424/Z
g_pair_5__u_pair/u_gate/n2753
                        42                    0.02      g_pair_5__u_pair/u_gate/U14/Z
g_pair_5__u_pair/u_gate/n2767
                        64                    0.04      g_pair_5__u_pair/u_gate/U38/ZN
g_pair_4__u_pair/u_up/N3170
                        64                    0.04      g_pair_4__u_pair/u_up/U47/Z
g_pair_4__u_pair/u_up/N3171
                        41                    0.02      g_pair_4__u_pair/u_up/U46/Z
g_pair_4__u_pair/u_up/n23
                        57                    0.03      g_pair_4__u_pair/u_up/U6/Z
g_pair_4__u_pair/u_up/n24
                        57                    0.03      g_pair_4__u_pair/u_up/U7/Z
g_pair_4__u_pair/u_up/n26
                        57                    0.03      g_pair_4__u_pair/u_up/U9/Z
g_pair_4__u_pair/u_up/n28
                        57                    0.03      g_pair_4__u_pair/u_up/U10/Z
g_pair_4__u_pair/u_up/n29
                        57                    0.03      g_pair_4__u_pair/u_up/U11/Z
g_pair_4__u_pair/u_up/n34
                        57                    0.03      g_pair_4__u_pair/u_up/U5/Z
g_pair_4__u_pair/u_up/n36
                        57                    0.03      g_pair_4__u_pair/u_up/U8/Z
g_pair_4__u_pair/u_up/n39
                        57                    0.03      g_pair_4__u_pair/u_up/U3/Z
g_pair_4__u_pair/u_up/n2748
                        40                    0.02      g_pair_4__u_pair/u_up/U44/ZN
g_pair_4__u_pair/u_up/n2749
                        40                    0.02      g_pair_4__u_pair/u_up/U16/Z
g_pair_4__u_pair/u_up/n2751
                        64                    0.04      g_pair_4__u_pair/u_up/U17/ZN
g_pair_4__u_pair/u_up/n2752
                        63                    0.04      g_pair_4__u_pair/u_up/U424/Z
g_pair_4__u_pair/u_up/n2753
                        42                    0.02      g_pair_4__u_pair/u_up/U15/Z
g_pair_4__u_pair/u_up/n2767
                        64                    0.04      g_pair_4__u_pair/u_up/U4/ZN
g_pair_4__u_pair/u_gate/N3170
                        64                    0.04      g_pair_4__u_pair/u_gate/U42/Z
g_pair_4__u_pair/u_gate/N3171
                        41                    0.02      g_pair_4__u_pair/u_gate/U44/Z
g_pair_4__u_pair/u_gate/n29
                        57                    0.03      g_pair_4__u_pair/u_gate/U5/Z
g_pair_4__u_pair/u_gate/n30
                        57                    0.03      g_pair_4__u_pair/u_gate/U6/Z
g_pair_4__u_pair/u_gate/n31
                        57                    0.03      g_pair_4__u_pair/u_gate/U3/Z
g_pair_4__u_pair/u_gate/n32
                        57                    0.03      g_pair_4__u_pair/u_gate/U10/Z
g_pair_4__u_pair/u_gate/n33
                        57                    0.03      g_pair_4__u_pair/u_gate/U7/Z
g_pair_4__u_pair/u_gate/n35
                        57                    0.03      g_pair_4__u_pair/u_gate/U4/Z
g_pair_4__u_pair/u_gate/n36
                        57                    0.03      g_pair_4__u_pair/u_gate/U8/Z
g_pair_4__u_pair/u_gate/n37
                        57                    0.03      g_pair_4__u_pair/u_gate/U9/Z
g_pair_4__u_pair/u_gate/n2780
                        40                    0.02      g_pair_4__u_pair/u_gate/U40/ZN
g_pair_4__u_pair/u_gate/n2781
                        40                    0.02      g_pair_4__u_pair/u_gate/U15/Z
g_pair_4__u_pair/u_gate/n2783
                        64                    0.04      g_pair_4__u_pair/u_gate/U16/ZN
g_pair_4__u_pair/u_gate/n2784
                        63                    0.04      g_pair_4__u_pair/u_gate/U415/Z
g_pair_4__u_pair/u_gate/n2785
                        42                    0.02      g_pair_4__u_pair/u_gate/U14/Z
g_pair_4__u_pair/u_gate/n2799
                        64                    0.04      g_pair_4__u_pair/u_gate/U32/ZN
g_pair_3__u_pair/u_up/N3170
                        64                    0.04      g_pair_3__u_pair/u_up/U46/Z
g_pair_3__u_pair/u_up/N3171
                        41                    0.02      g_pair_3__u_pair/u_up/U48/Z
g_pair_3__u_pair/u_up/n24
                        57                    0.03      g_pair_3__u_pair/u_up/U6/Z
g_pair_3__u_pair/u_up/n25
                        57                    0.03      g_pair_3__u_pair/u_up/U8/Z
g_pair_3__u_pair/u_up/n27
                        57                    0.03      g_pair_3__u_pair/u_up/U9/Z
g_pair_3__u_pair/u_up/n29
                        57                    0.03      g_pair_3__u_pair/u_up/U10/Z
g_pair_3__u_pair/u_up/n31
                        57                    0.03      g_pair_3__u_pair/u_up/U4/Z
g_pair_3__u_pair/u_up/n33
                        57                    0.03      g_pair_3__u_pair/u_up/U7/Z
g_pair_3__u_pair/u_up/n34
                        57                    0.03      g_pair_3__u_pair/u_up/U3/Z
g_pair_3__u_pair/u_up/n45
                        57                    0.03      g_pair_3__u_pair/u_up/U5/Z
g_pair_3__u_pair/u_up/n2789
                        40                    0.02      g_pair_3__u_pair/u_up/U44/ZN
g_pair_3__u_pair/u_up/n2790
                        40                    0.02      g_pair_3__u_pair/u_up/U15/Z
g_pair_3__u_pair/u_up/n2791
                        64                    0.04      g_pair_3__u_pair/u_up/U16/ZN
g_pair_3__u_pair/u_up/n2793
                        61                    0.04      g_pair_3__u_pair/u_up/U513/Z
g_pair_3__u_pair/u_up/n2794
                        42                    0.02      g_pair_3__u_pair/u_up/U14/Z
g_pair_3__u_pair/u_up/n2795
                        64                    0.04      g_pair_3__u_pair/u_up/U37/ZN
g_pair_3__u_pair/u_gate/N3170
                        64                    0.04      g_pair_3__u_pair/u_gate/U45/Z
g_pair_3__u_pair/u_gate/N3171
                        41                    0.02      g_pair_3__u_pair/u_gate/U48/Z
g_pair_3__u_pair/u_gate/n23
                        57                    0.03      g_pair_3__u_pair/u_gate/U6/Z
g_pair_3__u_pair/u_gate/n25
                        57                    0.03      g_pair_3__u_pair/u_gate/U3/Z
g_pair_3__u_pair/u_gate/n27
                        57                    0.03      g_pair_3__u_pair/u_gate/U9/Z
g_pair_3__u_pair/u_gate/n28
                        57                    0.03      g_pair_3__u_pair/u_gate/U8/Z
g_pair_3__u_pair/u_gate/n32
                        57                    0.03      g_pair_3__u_pair/u_gate/U10/Z
g_pair_3__u_pair/u_gate/n34
                        57                    0.03      g_pair_3__u_pair/u_gate/U11/Z
g_pair_3__u_pair/u_gate/n37
                        57                    0.03      g_pair_3__u_pair/u_gate/U7/Z
g_pair_3__u_pair/u_gate/n38
                        57                    0.03      g_pair_3__u_pair/u_gate/U4/Z
g_pair_3__u_pair/u_gate/n2788
                        40                    0.02      g_pair_3__u_pair/u_gate/U43/ZN
g_pair_3__u_pair/u_gate/n2789
                        40                    0.02      g_pair_3__u_pair/u_gate/U16/Z
g_pair_3__u_pair/u_gate/n2790
                        64                    0.04      g_pair_3__u_pair/u_gate/U17/ZN
g_pair_3__u_pair/u_gate/n2792
                        61                    0.04      g_pair_3__u_pair/u_gate/U513/Z
g_pair_3__u_pair/u_gate/n2793
                        42                    0.02      g_pair_3__u_pair/u_gate/U15/Z
g_pair_3__u_pair/u_gate/n2794
                        64                    0.04      g_pair_3__u_pair/u_gate/U5/ZN
g_pair_2__u_pair/u_up/N3170
                        64                    0.04      g_pair_2__u_pair/u_up/U42/Z
g_pair_2__u_pair/u_up/N3171
                        41                    0.02      g_pair_2__u_pair/u_up/U44/Z
g_pair_2__u_pair/u_up/n23
                        59                    0.03      g_pair_2__u_pair/u_up/U8/Z
g_pair_2__u_pair/u_up/n26
                        59                    0.03      g_pair_2__u_pair/u_up/U3/Z
g_pair_2__u_pair/u_up/n27
                        59                    0.03      g_pair_2__u_pair/u_up/U9/Z
g_pair_2__u_pair/u_up/n28
                        59                    0.03      g_pair_2__u_pair/u_up/U4/Z
g_pair_2__u_pair/u_up/n35
                        59                    0.03      g_pair_2__u_pair/u_up/U10/Z
g_pair_2__u_pair/u_up/n36
                        59                    0.03      g_pair_2__u_pair/u_up/U5/Z
g_pair_2__u_pair/u_up/n37
                        59                    0.03      g_pair_2__u_pair/u_up/U6/Z
g_pair_2__u_pair/u_up/n57
                        59                    0.03      g_pair_2__u_pair/u_up/U7/Z
g_pair_2__u_pair/u_up/n2788
                        40                    0.02      g_pair_2__u_pair/u_up/U40/ZN
g_pair_2__u_pair/u_up/n2789
                        40                    0.02      g_pair_2__u_pair/u_up/U15/Z
g_pair_2__u_pair/u_up/n2790
                        64                    0.04      g_pair_2__u_pair/u_up/U16/ZN
g_pair_2__u_pair/u_up/n2792
                        61                    0.04      g_pair_2__u_pair/u_up/U513/Z
g_pair_2__u_pair/u_up/n2793
                        42                    0.02      g_pair_2__u_pair/u_up/U14/Z
g_pair_2__u_pair/u_up/n2794
                        48                    0.03      g_pair_2__u_pair/u_up/U32/ZN
g_pair_2__u_pair/u_gate/N3170
                        64                    0.04      g_pair_2__u_pair/u_gate/U45/Z
g_pair_2__u_pair/u_gate/N3171
                        41                    0.02      g_pair_2__u_pair/u_gate/U47/Z
g_pair_2__u_pair/u_gate/n23
                        57                    0.03      g_pair_2__u_pair/u_gate/U6/Z
g_pair_2__u_pair/u_gate/n24
                        57                    0.03      g_pair_2__u_pair/u_gate/U3/Z
g_pair_2__u_pair/u_gate/n25
                        57                    0.03      g_pair_2__u_pair/u_gate/U4/Z
g_pair_2__u_pair/u_gate/n27
                        57                    0.03      g_pair_2__u_pair/u_gate/U5/Z
g_pair_2__u_pair/u_gate/n29
                        57                    0.03      g_pair_2__u_pair/u_gate/U7/Z
g_pair_2__u_pair/u_gate/n34
                        57                    0.03      g_pair_2__u_pair/u_gate/U9/Z
g_pair_2__u_pair/u_gate/n35
                        57                    0.03      g_pair_2__u_pair/u_gate/U10/Z
g_pair_2__u_pair/u_gate/n38
                        57                    0.03      g_pair_2__u_pair/u_gate/U8/Z
g_pair_2__u_pair/u_gate/n2788
                        40                    0.02      g_pair_2__u_pair/u_gate/U43/ZN
g_pair_2__u_pair/u_gate/n2789
                        41                    0.02      g_pair_2__u_pair/u_gate/U14/Z
g_pair_2__u_pair/u_gate/n2790
                        41                    0.02      g_pair_2__u_pair/u_gate/U2825/Z
g_pair_2__u_pair/u_gate/n2791
                        64                    0.04      g_pair_2__u_pair/u_gate/U15/ZN
g_pair_2__u_pair/u_gate/n2793
                        61                    0.04      g_pair_2__u_pair/u_gate/U512/Z
g_pair_2__u_pair/u_gate/n2794
                        64                    0.04      g_pair_2__u_pair/u_gate/U36/ZN
g_pair_1__u_pair/u_up/N3170
                        64                    0.04      g_pair_1__u_pair/u_up/U45/Z
g_pair_1__u_pair/u_up/N3171
                        41                    0.02      g_pair_1__u_pair/u_up/U47/Z
g_pair_1__u_pair/u_up/n22
                        57                    0.03      g_pair_1__u_pair/u_up/U5/Z
g_pair_1__u_pair/u_up/n26
                        57                    0.03      g_pair_1__u_pair/u_up/U9/Z
g_pair_1__u_pair/u_up/n28
                        57                    0.03      g_pair_1__u_pair/u_up/U10/Z
g_pair_1__u_pair/u_up/n31
                        57                    0.03      g_pair_1__u_pair/u_up/U3/Z
g_pair_1__u_pair/u_up/n32
                        57                    0.03      g_pair_1__u_pair/u_up/U8/Z
g_pair_1__u_pair/u_up/n34
                        57                    0.03      g_pair_1__u_pair/u_up/U11/Z
g_pair_1__u_pair/u_up/n36
                        57                    0.03      g_pair_1__u_pair/u_up/U6/Z
g_pair_1__u_pair/u_up/n37
                        57                    0.03      g_pair_1__u_pair/u_up/U7/Z
g_pair_1__u_pair/u_up/n2748
                        40                    0.02      g_pair_1__u_pair/u_up/U43/ZN
g_pair_1__u_pair/u_up/n2749
                        40                    0.02      g_pair_1__u_pair/u_up/U16/Z
g_pair_1__u_pair/u_up/n2751
                        64                    0.04      g_pair_1__u_pair/u_up/U17/ZN
g_pair_1__u_pair/u_up/n2752
                        63                    0.04      g_pair_1__u_pair/u_up/U411/Z
g_pair_1__u_pair/u_up/n2753
                        42                    0.02      g_pair_1__u_pair/u_up/U15/Z
g_pair_1__u_pair/u_up/n2767
                        64                    0.04      g_pair_1__u_pair/u_up/U4/ZN
1
