 
****************************************
Report : port
        -verbose
Design : stage1_tile
Version: W-2024.09-SP5-5
Date   : Fri Aug 14 17:21:00 2026
****************************************


                       Pin      Wire     Max     Max     Connection
Port           Dir     Load     Load     Trans   Cap     Class      Attrs
--------------------------------------------------------------------------------
act_block_idx_i[0]
               in      0.0000   0.0000    0.59    0.18   --         
act_block_idx_i[1]
               in      0.0000   0.0000    0.59    0.18   --         
act_block_idx_i[2]
               in      0.0000   0.0000    0.59    0.18   --         
act_block_idx_i[3]
               in      0.0000   0.0000    0.59    0.18   --         
act_block_idx_i[4]
               in      0.0000   0.0000    0.59    0.18   --         
act_block_idx_i[5]
               in      0.0000   0.0000    0.59    0.18   --         
act_block_idx_i[6]
               in      0.0000   0.0000    0.59    0.18   --         
act_fine_i[0]  in      0.0000   0.0000    0.59    0.18   --         
act_fine_i[1]  in      0.0000   0.0000    0.59    0.18   --         
act_fine_i[2]  in      0.0000   0.0000    0.59    0.18   --         
act_fine_i[3]  in      0.0000   0.0000    0.59    0.18   --         
act_fine_i[4]  in      0.0000   0.0000    0.59    0.18   --         
act_fine_i[5]  in      0.0000   0.0000    0.59    0.18   --         
act_fine_i[6]  in      0.0000   0.0000    0.59    0.18   --         
act_fine_i[7]  in      0.0000   0.0000    0.59    0.18   --         
act_fine_i[8]  in      0.0000   0.0000    0.59    0.18   --         
act_fine_i[9]  in      0.0000   0.0000    0.59    0.18   --         
act_fine_i[10] in      0.0000   0.0000    0.59    0.18   --         
act_fine_i[11] in      0.0000   0.0000    0.59    0.18   --         
act_fine_i[12] in      0.0000   0.0000    0.59    0.18   --         
act_fine_i[13] in      0.0000   0.0000    0.59    0.18   --         
act_fine_i[14] in      0.0000   0.0000    0.59    0.18   --         
act_fine_i[15] in      0.0000   0.0000    0.59    0.18   --         
act_fine_i[16] in      0.0000   0.0000    0.59    0.18   --         
act_fine_i[17] in      0.0000   0.0000    0.59    0.18   --         
act_fine_i[18] in      0.0000   0.0000    0.59    0.18   --         
act_fine_i[19] in      0.0000   0.0000    0.59    0.18   --         
act_fine_i[20] in      0.0000   0.0000    0.59    0.18   --         
act_fine_i[21] in      0.0000   0.0000    0.59    0.18   --         
act_fine_i[22] in      0.0000   0.0000    0.59    0.18   --         
act_fine_i[23] in      0.0000   0.0000    0.59    0.18   --         
act_fine_i[24] in      0.0000   0.0000    0.59    0.18   --         
act_fine_i[25] in      0.0000   0.0000    0.59    0.18   --         
act_fine_i[26] in      0.0000   0.0000    0.59    0.18   --         
act_fine_i[27] in      0.0000   0.0000    0.59    0.18   --         
act_fine_i[28] in      0.0000   0.0000    0.59    0.18   --         
act_fine_i[29] in      0.0000   0.0000    0.59    0.18   --         
act_fine_i[30] in      0.0000   0.0000    0.59    0.18   --         
act_fine_i[31] in      0.0000   0.0000    0.59    0.18   --         
act_fine_i[32] in      0.0000   0.0000    0.59    0.18   --         
act_fine_i[33] in      0.0000   0.0000    0.59    0.18   --         
act_fine_i[34] in      0.0000   0.0000    0.59    0.18   --         
act_fine_i[35] in      0.0000   0.0000    0.59    0.18   --         
act_fine_i[36] in      0.0000   0.0000    0.59    0.18   --         
act_fine_i[37] in      0.0000   0.0000    0.59    0.18   --         
act_fine_i[38] in      0.0000   0.0000    0.59    0.18   --         
act_fine_i[39] in      0.0000   0.0000    0.59    0.18   --         
act_fine_i[40] in      0.0000   0.0000    0.59    0.18   --         
act_fine_i[41] in      0.0000   0.0000    0.59    0.18   --         
act_fine_i[42] in      0.0000   0.0000    0.59    0.18   --         
act_fine_i[43] in      0.0000   0.0000    0.59    0.18   --         
act_fine_i[44] in      0.0000   0.0000    0.59    0.18   --         
act_fine_i[45] in      0.0000   0.0000    0.59    0.18   --         
act_fine_i[46] in      0.0000   0.0000    0.59    0.18   --         
act_fine_i[47] in      0.0000   0.0000    0.59    0.18   --         
act_fine_i[48] in      0.0000   0.0000    0.59    0.18   --         
act_fine_i[49] in      0.0000   0.0000    0.59    0.18   --         
act_fine_i[50] in      0.0000   0.0000    0.59    0.18   --         
act_fine_i[51] in      0.0000   0.0000    0.59    0.18   --         
act_fine_i[52] in      0.0000   0.0000    0.59    0.18   --         
act_fine_i[53] in      0.0000   0.0000    0.59    0.18   --         
act_fine_i[54] in      0.0000   0.0000    0.59    0.18   --         
act_fine_i[55] in      0.0000   0.0000    0.59    0.18   --         
act_fine_i[56] in      0.0000   0.0000    0.59    0.18   --         
act_fine_i[57] in      0.0000   0.0000    0.59    0.18   --         
act_fine_i[58] in      0.0000   0.0000    0.59    0.18   --         
act_fine_i[59] in      0.0000   0.0000    0.59    0.18   --         
act_fine_i[60] in      0.0000   0.0000    0.59    0.18   --         
act_fine_i[61] in      0.0000   0.0000    0.59    0.18   --         
act_fine_i[62] in      0.0000   0.0000    0.59    0.18   --         
act_fine_i[63] in      0.0000   0.0000    0.59    0.18   --         
act_fine_i[64] in      0.0000   0.0000    0.59    0.18   --         
act_fine_i[65] in      0.0000   0.0000    0.59    0.18   --         
act_fine_i[66] in      0.0000   0.0000    0.59    0.18   --         
act_fine_i[67] in      0.0000   0.0000    0.59    0.18   --         
act_fine_i[68] in      0.0000   0.0000    0.59    0.18   --         
act_fine_i[69] in      0.0000   0.0000    0.59    0.18   --         
act_fine_i[70] in      0.0000   0.0000    0.59    0.18   --         
act_fine_i[71] in      0.0000   0.0000    0.59    0.18   --         
act_fine_i[72] in      0.0000   0.0000    0.59    0.18   --         
act_fine_i[73] in      0.0000   0.0000    0.59    0.18   --         
act_fine_i[74] in      0.0000   0.0000    0.59    0.18   --         
act_fine_i[75] in      0.0000   0.0000    0.59    0.18   --         
act_fine_i[76] in      0.0000   0.0000    0.59    0.18   --         
act_fine_i[77] in      0.0000   0.0000    0.59    0.18   --         
act_fine_i[78] in      0.0000   0.0000    0.59    0.18   --         
act_fine_i[79] in      0.0000   0.0000    0.59    0.18   --         
act_fine_i[80] in      0.0000   0.0000    0.59    0.18   --         
act_fine_i[81] in      0.0000   0.0000    0.59    0.18   --         
act_fine_i[82] in      0.0000   0.0000    0.59    0.18   --         
act_fine_i[83] in      0.0000   0.0000    0.59    0.18   --         
act_fine_i[84] in      0.0000   0.0000    0.59    0.18   --         
act_fine_i[85] in      0.0000   0.0000    0.59    0.18   --         
act_fine_i[86] in      0.0000   0.0000    0.59    0.18   --         
act_fine_i[87] in      0.0000   0.0000    0.59    0.18   --         
act_fine_i[88] in      0.0000   0.0000    0.59    0.18   --         
act_fine_i[89] in      0.0000   0.0000    0.59    0.18   --         
act_fine_i[90] in      0.0000   0.0000    0.59    0.18   --         
act_fine_i[91] in      0.0000   0.0000    0.59    0.18   --         
act_fine_i[92] in      0.0000   0.0000    0.59    0.18   --         
act_fine_i[93] in      0.0000   0.0000    0.59    0.18   --         
act_fine_i[94] in      0.0000   0.0000    0.59    0.18   --         
act_fine_i[95] in      0.0000   0.0000    0.59    0.18   --         
act_fine_i[96] in      0.0000   0.0000    0.59    0.18   --         
act_fine_i[97] in      0.0000   0.0000    0.59    0.18   --         
act_fine_i[98] in      0.0000   0.0000    0.59    0.18   --         
act_fine_i[99] in      0.0000   0.0000    0.59    0.18   --         
act_fine_i[100]
               in      0.0000   0.0000    0.59    0.18   --         
act_fine_i[101]
               in      0.0000   0.0000    0.59    0.18   --         
act_fine_i[102]
               in      0.0000   0.0000    0.59    0.18   --         
act_fine_i[103]
               in      0.0000   0.0000    0.59    0.18   --         
act_fine_i[104]
               in      0.0000   0.0000    0.59    0.18   --         
act_fine_i[105]
               in      0.0000   0.0000    0.59    0.18   --         
act_fine_i[106]
               in      0.0000   0.0000    0.59    0.18   --         
act_fine_i[107]
               in      0.0000   0.0000    0.59    0.18   --         
act_fine_i[108]
               in      0.0000   0.0000    0.59    0.18   --         
act_fine_i[109]
               in      0.0000   0.0000    0.59    0.18   --         
act_fine_i[110]
               in      0.0000   0.0000    0.59    0.18   --         
act_fine_i[111]
               in      0.0000   0.0000    0.59    0.18   --         
act_fine_i[112]
               in      0.0000   0.0000    0.59    0.18   --         
act_fine_i[113]
               in      0.0000   0.0000    0.59    0.18   --         
act_fine_i[114]
               in      0.0000   0.0000    0.59    0.18   --         
act_fine_i[115]
               in      0.0000   0.0000    0.59    0.18   --         
act_fine_i[116]
               in      0.0000   0.0000    0.59    0.18   --         
act_fine_i[117]
               in      0.0000   0.0000    0.59    0.18   --         
act_fine_i[118]
               in      0.0000   0.0000    0.59    0.18   --         
act_fine_i[119]
               in      0.0000   0.0000    0.59    0.18   --         
act_fine_i[120]
               in      0.0000   0.0000    0.59    0.18   --         
act_fine_i[121]
               in      0.0000   0.0000    0.59    0.18   --         
act_fine_i[122]
               in      0.0000   0.0000    0.59    0.18   --         
act_fine_i[123]
               in      0.0000   0.0000    0.59    0.18   --         
act_fine_i[124]
               in      0.0000   0.0000    0.59    0.18   --         
act_fine_i[125]
               in      0.0000   0.0000    0.59    0.18   --         
act_fine_i[126]
               in      0.0000   0.0000    0.59    0.18   --         
act_fine_i[127]
               in      0.0000   0.0000    0.59    0.18   --         
act_valid_i    in      0.0000   0.0000    0.59    0.18   --         
act_value_i[0] in      0.0000   0.0000    0.59    0.18   --         
act_value_i[1] in      0.0000   0.0000    0.59    0.18   --         
act_value_i[2] in      0.0000   0.0000    0.59    0.18   --         
act_value_i[3] in      0.0000   0.0000    0.59    0.18   --         
act_value_i[4] in      0.0000   0.0000    0.59    0.18   --         
act_value_i[5] in      0.0000   0.0000    0.59    0.18   --         
act_value_i[6] in      0.0000   0.0000    0.59    0.18   --         
act_value_i[7] in      0.0000   0.0000    0.59    0.18   --         
act_value_i[8] in      0.0000   0.0000    0.59    0.18   --         
act_value_i[9] in      0.0000   0.0000    0.59    0.18   --         
act_value_i[10]
               in      0.0000   0.0000    0.59    0.18   --         
act_value_i[11]
               in      0.0000   0.0000    0.59    0.18   --         
act_value_i[12]
               in      0.0000   0.0000    0.59    0.18   --         
act_value_i[13]
               in      0.0000   0.0000    0.59    0.18   --         
act_value_i[14]
               in      0.0000   0.0000    0.59    0.18   --         
act_value_i[15]
               in      0.0000   0.0000    0.59    0.18   --         
act_value_i[16]
               in      0.0000   0.0000    0.59    0.18   --         
act_value_i[17]
               in      0.0000   0.0000    0.59    0.18   --         
act_value_i[18]
               in      0.0000   0.0000    0.59    0.18   --         
act_value_i[19]
               in      0.0000   0.0000    0.59    0.18   --         
act_value_i[20]
               in      0.0000   0.0000    0.59    0.18   --         
act_value_i[21]
               in      0.0000   0.0000    0.59    0.18   --         
act_value_i[22]
               in      0.0000   0.0000    0.59    0.18   --         
act_value_i[23]
               in      0.0000   0.0000    0.59    0.18   --         
act_value_i[24]
               in      0.0000   0.0000    0.59    0.18   --         
act_value_i[25]
               in      0.0000   0.0000    0.59    0.18   --         
act_value_i[26]
               in      0.0000   0.0000    0.59    0.18   --         
act_value_i[27]
               in      0.0000   0.0000    0.59    0.18   --         
act_value_i[28]
               in      0.0000   0.0000    0.59    0.18   --         
act_value_i[29]
               in      0.0000   0.0000    0.59    0.18   --         
act_value_i[30]
               in      0.0000   0.0000    0.59    0.18   --         
act_value_i[31]
               in      0.0000   0.0000    0.59    0.18   --         
act_value_i[32]
               in      0.0000   0.0000    0.59    0.18   --         
act_value_i[33]
               in      0.0000   0.0000    0.59    0.18   --         
act_value_i[34]
               in      0.0000   0.0000    0.59    0.18   --         
act_value_i[35]
               in      0.0000   0.0000    0.59    0.18   --         
act_value_i[36]
               in      0.0000   0.0000    0.59    0.18   --         
act_value_i[37]
               in      0.0000   0.0000    0.59    0.18   --         
act_value_i[38]
               in      0.0000   0.0000    0.59    0.18   --         
act_value_i[39]
               in      0.0000   0.0000    0.59    0.18   --         
act_value_i[40]
               in      0.0000   0.0000    0.59    0.18   --         
act_value_i[41]
               in      0.0000   0.0000    0.59    0.18   --         
act_value_i[42]
               in      0.0000   0.0000    0.59    0.18   --         
act_value_i[43]
               in      0.0000   0.0000    0.59    0.18   --         
act_value_i[44]
               in      0.0000   0.0000    0.59    0.18   --         
act_value_i[45]
               in      0.0000   0.0000    0.59    0.18   --         
act_value_i[46]
               in      0.0000   0.0000    0.59    0.18   --         
act_value_i[47]
               in      0.0000   0.0000    0.59    0.18   --         
act_value_i[48]
               in      0.0000   0.0000    0.59    0.18   --         
act_value_i[49]
               in      0.0000   0.0000    0.59    0.18   --         
act_value_i[50]
               in      0.0000   0.0000    0.59    0.18   --         
act_value_i[51]
               in      0.0000   0.0000    0.59    0.18   --         
act_value_i[52]
               in      0.0000   0.0000    0.59    0.18   --         
act_value_i[53]
               in      0.0000   0.0000    0.59    0.18   --         
act_value_i[54]
               in      0.0000   0.0000    0.59    0.18   --         
act_value_i[55]
               in      0.0000   0.0000    0.59    0.18   --         
act_value_i[56]
               in      0.0000   0.0000    0.59    0.18   --         
act_value_i[57]
               in      0.0000   0.0000    0.59    0.18   --         
act_value_i[58]
               in      0.0000   0.0000    0.59    0.18   --         
act_value_i[59]
               in      0.0000   0.0000    0.59    0.18   --         
act_value_i[60]
               in      0.0000   0.0000    0.59    0.18   --         
act_value_i[61]
               in      0.0000   0.0000    0.59    0.18   --         
act_value_i[62]
               in      0.0000   0.0000    0.59    0.18   --         
act_value_i[63]
               in      0.0000   0.0000    0.59    0.18   --         
act_value_i[64]
               in      0.0000   0.0000    0.59    0.18   --         
act_value_i[65]
               in      0.0000   0.0000    0.59    0.18   --         
act_value_i[66]
               in      0.0000   0.0000    0.59    0.18   --         
act_value_i[67]
               in      0.0000   0.0000    0.59    0.18   --         
act_value_i[68]
               in      0.0000   0.0000    0.59    0.18   --         
act_value_i[69]
               in      0.0000   0.0000    0.59    0.18   --         
act_value_i[70]
               in      0.0000   0.0000    0.59    0.18   --         
act_value_i[71]
               in      0.0000   0.0000    0.59    0.18   --         
act_value_i[72]
               in      0.0000   0.0000    0.59    0.18   --         
act_value_i[73]
               in      0.0000   0.0000    0.59    0.18   --         
act_value_i[74]
               in      0.0000   0.0000    0.59    0.18   --         
act_value_i[75]
               in      0.0000   0.0000    0.59    0.18   --         
act_value_i[76]
               in      0.0000   0.0000    0.59    0.18   --         
act_value_i[77]
               in      0.0000   0.0000    0.59    0.18   --         
act_value_i[78]
               in      0.0000   0.0000    0.59    0.18   --         
act_value_i[79]
               in      0.0000   0.0000    0.59    0.18   --         
act_value_i[80]
               in      0.0000   0.0000    0.59    0.18   --         
act_value_i[81]
               in      0.0000   0.0000    0.59    0.18   --         
act_value_i[82]
               in      0.0000   0.0000    0.59    0.18   --         
act_value_i[83]
               in      0.0000   0.0000    0.59    0.18   --         
act_value_i[84]
               in      0.0000   0.0000    0.59    0.18   --         
act_value_i[85]
               in      0.0000   0.0000    0.59    0.18   --         
act_value_i[86]
               in      0.0000   0.0000    0.59    0.18   --         
act_value_i[87]
               in      0.0000   0.0000    0.59    0.18   --         
act_value_i[88]
               in      0.0000   0.0000    0.59    0.18   --         
act_value_i[89]
               in      0.0000   0.0000    0.59    0.18   --         
act_value_i[90]
               in      0.0000   0.0000    0.59    0.18   --         
act_value_i[91]
               in      0.0000   0.0000    0.59    0.18   --         
act_value_i[92]
               in      0.0000   0.0000    0.59    0.18   --         
act_value_i[93]
               in      0.0000   0.0000    0.59    0.18   --         
act_value_i[94]
               in      0.0000   0.0000    0.59    0.18   --         
act_value_i[95]
               in      0.0000   0.0000    0.59    0.18   --         
act_value_i[96]
               in      0.0000   0.0000    0.59    0.18   --         
act_value_i[97]
               in      0.0000   0.0000    0.59    0.18   --         
act_value_i[98]
               in      0.0000   0.0000    0.59    0.18   --         
act_value_i[99]
               in      0.0000   0.0000    0.59    0.18   --         
act_value_i[100]
               in      0.0000   0.0000    0.59    0.18   --         
act_value_i[101]
               in      0.0000   0.0000    0.59    0.18   --         
act_value_i[102]
               in      0.0000   0.0000    0.59    0.18   --         
act_value_i[103]
               in      0.0000   0.0000    0.59    0.18   --         
act_value_i[104]
               in      0.0000   0.0000    0.59    0.18   --         
act_value_i[105]
               in      0.0000   0.0000    0.59    0.18   --         
act_value_i[106]
               in      0.0000   0.0000    0.59    0.18   --         
act_value_i[107]
               in      0.0000   0.0000    0.59    0.18   --         
act_value_i[108]
               in      0.0000   0.0000    0.59    0.18   --         
act_value_i[109]
               in      0.0000   0.0000    0.59    0.18   --         
act_value_i[110]
               in      0.0000   0.0000    0.59    0.18   --         
act_value_i[111]
               in      0.0000   0.0000    0.59    0.18   --         
act_value_i[112]
               in      0.0000   0.0000    0.59    0.18   --         
act_value_i[113]
               in      0.0000   0.0000    0.59    0.18   --         
act_value_i[114]
               in      0.0000   0.0000    0.59    0.18   --         
act_value_i[115]
               in      0.0000   0.0000    0.59    0.18   --         
act_value_i[116]
               in      0.0000   0.0000    0.59    0.18   --         
act_value_i[117]
               in      0.0000   0.0000    0.59    0.18   --         
act_value_i[118]
               in      0.0000   0.0000    0.59    0.18   --         
act_value_i[119]
               in      0.0000   0.0000    0.59    0.18   --         
act_value_i[120]
               in      0.0000   0.0000    0.59    0.18   --         
act_value_i[121]
               in      0.0000   0.0000    0.59    0.18   --         
act_value_i[122]
               in      0.0000   0.0000    0.59    0.18   --         
act_value_i[123]
               in      0.0000   0.0000    0.59    0.18   --         
act_value_i[124]
               in      0.0000   0.0000    0.59    0.18   --         
act_value_i[125]
               in      0.0000   0.0000    0.59    0.18   --         
act_value_i[126]
               in      0.0000   0.0000    0.59    0.18   --         
act_value_i[127]
               in      0.0000   0.0000    0.59    0.18   --         
act_value_i[128]
               in      0.0000   0.0000    0.59    0.18   --         
act_value_i[129]
               in      0.0000   0.0000    0.59    0.18   --         
act_value_i[130]
               in      0.0000   0.0000    0.59    0.18   --         
act_value_i[131]
               in      0.0000   0.0000    0.59    0.18   --         
act_value_i[132]
               in      0.0000   0.0000    0.59    0.18   --         
act_value_i[133]
               in      0.0000   0.0000    0.59    0.18   --         
act_value_i[134]
               in      0.0000   0.0000    0.59    0.18   --         
act_value_i[135]
               in      0.0000   0.0000    0.59    0.18   --         
act_value_i[136]
               in      0.0000   0.0000    0.59    0.18   --         
act_value_i[137]
               in      0.0000   0.0000    0.59    0.18   --         
act_value_i[138]
               in      0.0000   0.0000    0.59    0.18   --         
act_value_i[139]
               in      0.0000   0.0000    0.59    0.18   --         
act_value_i[140]
               in      0.0000   0.0000    0.59    0.18   --         
act_value_i[141]
               in      0.0000   0.0000    0.59    0.18   --         
act_value_i[142]
               in      0.0000   0.0000    0.59    0.18   --         
act_value_i[143]
               in      0.0000   0.0000    0.59    0.18   --         
act_value_i[144]
               in      0.0000   0.0000    0.59    0.18   --         
act_value_i[145]
               in      0.0000   0.0000    0.59    0.18   --         
act_value_i[146]
               in      0.0000   0.0000    0.59    0.18   --         
act_value_i[147]
               in      0.0000   0.0000    0.59    0.18   --         
act_value_i[148]
               in      0.0000   0.0000    0.59    0.18   --         
act_value_i[149]
               in      0.0000   0.0000    0.59    0.18   --         
act_value_i[150]
               in      0.0000   0.0000    0.59    0.18   --         
act_value_i[151]
               in      0.0000   0.0000    0.59    0.18   --         
act_value_i[152]
               in      0.0000   0.0000    0.59    0.18   --         
act_value_i[153]
               in      0.0000   0.0000    0.59    0.18   --         
act_value_i[154]
               in      0.0000   0.0000    0.59    0.18   --         
act_value_i[155]
               in      0.0000   0.0000    0.59    0.18   --         
act_value_i[156]
               in      0.0000   0.0000    0.59    0.18   --         
act_value_i[157]
               in      0.0000   0.0000    0.59    0.18   --         
act_value_i[158]
               in      0.0000   0.0000    0.59    0.18   --         
act_value_i[159]
               in      0.0000   0.0000    0.59    0.18   --         
act_value_i[160]
               in      0.0000   0.0000    0.59    0.18   --         
act_value_i[161]
               in      0.0000   0.0000    0.59    0.18   --         
act_value_i[162]
               in      0.0000   0.0000    0.59    0.18   --         
act_value_i[163]
               in      0.0000   0.0000    0.59    0.18   --         
act_value_i[164]
               in      0.0000   0.0000    0.59    0.18   --         
act_value_i[165]
               in      0.0000   0.0000    0.59    0.18   --         
act_value_i[166]
               in      0.0000   0.0000    0.59    0.18   --         
act_value_i[167]
               in      0.0000   0.0000    0.59    0.18   --         
act_value_i[168]
               in      0.0000   0.0000    0.59    0.18   --         
act_value_i[169]
               in      0.0000   0.0000    0.59    0.18   --         
act_value_i[170]
               in      0.0000   0.0000    0.59    0.18   --         
act_value_i[171]
               in      0.0000   0.0000    0.59    0.18   --         
act_value_i[172]
               in      0.0000   0.0000    0.59    0.18   --         
act_value_i[173]
               in      0.0000   0.0000    0.59    0.18   --         
act_value_i[174]
               in      0.0000   0.0000    0.59    0.18   --         
act_value_i[175]
               in      0.0000   0.0000    0.59    0.18   --         
act_value_i[176]
               in      0.0000   0.0000    0.59    0.18   --         
act_value_i[177]
               in      0.0000   0.0000    0.59    0.18   --         
act_value_i[178]
               in      0.0000   0.0000    0.59    0.18   --         
act_value_i[179]
               in      0.0000   0.0000    0.59    0.18   --         
act_value_i[180]
               in      0.0000   0.0000    0.59    0.18   --         
act_value_i[181]
               in      0.0000   0.0000    0.59    0.18   --         
act_value_i[182]
               in      0.0000   0.0000    0.59    0.18   --         
act_value_i[183]
               in      0.0000   0.0000    0.59    0.18   --         
act_value_i[184]
               in      0.0000   0.0000    0.59    0.18   --         
act_value_i[185]
               in      0.0000   0.0000    0.59    0.18   --         
act_value_i[186]
               in      0.0000   0.0000    0.59    0.18   --         
act_value_i[187]
               in      0.0000   0.0000    0.59    0.18   --         
act_value_i[188]
               in      0.0000   0.0000    0.59    0.18   --         
act_value_i[189]
               in      0.0000   0.0000    0.59    0.18   --         
act_value_i[190]
               in      0.0000   0.0000    0.59    0.18   --         
act_value_i[191]
               in      0.0000   0.0000    0.59    0.18   --         
act_value_i[192]
               in      0.0000   0.0000    0.59    0.18   --         
act_value_i[193]
               in      0.0000   0.0000    0.59    0.18   --         
act_value_i[194]
               in      0.0000   0.0000    0.59    0.18   --         
act_value_i[195]
               in      0.0000   0.0000    0.59    0.18   --         
act_value_i[196]
               in      0.0000   0.0000    0.59    0.18   --         
act_value_i[197]
               in      0.0000   0.0000    0.59    0.18   --         
act_value_i[198]
               in      0.0000   0.0000    0.59    0.18   --         
act_value_i[199]
               in      0.0000   0.0000    0.59    0.18   --         
act_value_i[200]
               in      0.0000   0.0000    0.59    0.18   --         
act_value_i[201]
               in      0.0000   0.0000    0.59    0.18   --         
act_value_i[202]
               in      0.0000   0.0000    0.59    0.18   --         
act_value_i[203]
               in      0.0000   0.0000    0.59    0.18   --         
act_value_i[204]
               in      0.0000   0.0000    0.59    0.18   --         
act_value_i[205]
               in      0.0000   0.0000    0.59    0.18   --         
act_value_i[206]
               in      0.0000   0.0000    0.59    0.18   --         
act_value_i[207]
               in      0.0000   0.0000    0.59    0.18   --         
act_value_i[208]
               in      0.0000   0.0000    0.59    0.18   --         
act_value_i[209]
               in      0.0000   0.0000    0.59    0.18   --         
act_value_i[210]
               in      0.0000   0.0000    0.59    0.18   --         
act_value_i[211]
               in      0.0000   0.0000    0.59    0.18   --         
act_value_i[212]
               in      0.0000   0.0000    0.59    0.18   --         
act_value_i[213]
               in      0.0000   0.0000    0.59    0.18   --         
act_value_i[214]
               in      0.0000   0.0000    0.59    0.18   --         
act_value_i[215]
               in      0.0000   0.0000    0.59    0.18   --         
act_value_i[216]
               in      0.0000   0.0000    0.59    0.18   --         
act_value_i[217]
               in      0.0000   0.0000    0.59    0.18   --         
act_value_i[218]
               in      0.0000   0.0000    0.59    0.18   --         
act_value_i[219]
               in      0.0000   0.0000    0.59    0.18   --         
act_value_i[220]
               in      0.0000   0.0000    0.59    0.18   --         
act_value_i[221]
               in      0.0000   0.0000    0.59    0.18   --         
act_value_i[222]
               in      0.0000   0.0000    0.59    0.18   --         
act_value_i[223]
               in      0.0000   0.0000    0.59    0.18   --         
act_value_i[224]
               in      0.0000   0.0000    0.59    0.18   --         
act_value_i[225]
               in      0.0000   0.0000    0.59    0.18   --         
act_value_i[226]
               in      0.0000   0.0000    0.59    0.18   --         
act_value_i[227]
               in      0.0000   0.0000    0.59    0.18   --         
act_value_i[228]
               in      0.0000   0.0000    0.59    0.18   --         
act_value_i[229]
               in      0.0000   0.0000    0.59    0.18   --         
act_value_i[230]
               in      0.0000   0.0000    0.59    0.18   --         
act_value_i[231]
               in      0.0000   0.0000    0.59    0.18   --         
act_value_i[232]
               in      0.0000   0.0000    0.59    0.18   --         
act_value_i[233]
               in      0.0000   0.0000    0.59    0.18   --         
act_value_i[234]
               in      0.0000   0.0000    0.59    0.18   --         
act_value_i[235]
               in      0.0000   0.0000    0.59    0.18   --         
act_value_i[236]
               in      0.0000   0.0000    0.59    0.18   --         
act_value_i[237]
               in      0.0000   0.0000    0.59    0.18   --         
act_value_i[238]
               in      0.0000   0.0000    0.59    0.18   --         
act_value_i[239]
               in      0.0000   0.0000    0.59    0.18   --         
act_value_i[240]
               in      0.0000   0.0000    0.59    0.18   --         
act_value_i[241]
               in      0.0000   0.0000    0.59    0.18   --         
act_value_i[242]
               in      0.0000   0.0000    0.59    0.18   --         
act_value_i[243]
               in      0.0000   0.0000    0.59    0.18   --         
act_value_i[244]
               in      0.0000   0.0000    0.59    0.18   --         
act_value_i[245]
               in      0.0000   0.0000    0.59    0.18   --         
act_value_i[246]
               in      0.0000   0.0000    0.59    0.18   --         
act_value_i[247]
               in      0.0000   0.0000    0.59    0.18   --         
act_value_i[248]
               in      0.0000   0.0000    0.59    0.18   --         
act_value_i[249]
               in      0.0000   0.0000    0.59    0.18   --         
act_value_i[250]
               in      0.0000   0.0000    0.59    0.18   --         
act_value_i[251]
               in      0.0000   0.0000    0.59    0.18   --         
act_value_i[252]
               in      0.0000   0.0000    0.59    0.18   --         
act_value_i[253]
               in      0.0000   0.0000    0.59    0.18   --         
act_value_i[254]
               in      0.0000   0.0000    0.59    0.18   --         
act_value_i[255]
               in      0.0000   0.0000    0.59    0.18   --         
active_lane_mask_i[0]
               in      0.0000   0.0000    0.59    0.18   --         
active_lane_mask_i[1]
               in      0.0000   0.0000    0.59    0.18   --         
active_lane_mask_i[2]
               in      0.0000   0.0000    0.59    0.18   --         
active_lane_mask_i[3]
               in      0.0000   0.0000    0.59    0.18   --         
active_lane_mask_i[4]
               in      0.0000   0.0000    0.59    0.18   --         
active_lane_mask_i[5]
               in      0.0000   0.0000    0.59    0.18   --         
active_lane_mask_i[6]
               in      0.0000   0.0000    0.59    0.18   --         
active_lane_mask_i[7]
               in      0.0000   0.0000    0.59    0.18   --         
cfg_addr_i[0]  in      0.0000   0.0000    0.59    0.18   --         
cfg_addr_i[1]  in      0.0000   0.0000    0.59    0.18   --         
cfg_addr_i[2]  in      0.0000   0.0000    0.59    0.18   --         
cfg_addr_i[3]  in      0.0000   0.0000    0.59    0.18   --         
cfg_addr_i[4]  in      0.0000   0.0000    0.59    0.18   --         
cfg_addr_i[5]  in      0.0000   0.0000    0.59    0.18   --         
cfg_addr_i[6]  in      0.0000   0.0000    0.59    0.18   --         
cfg_bank_i     in      0.0000   0.0000    0.59    0.18   --         
cfg_path_i[0]  in      0.0000   0.0000    0.59    0.18   --         
cfg_path_i[1]  in      0.0000   0.0000    0.59    0.18   --         
cfg_path_i[2]  in      0.0000   0.0000    0.59    0.18   --         
cfg_path_i[3]  in      0.0000   0.0000    0.59    0.18   --         
cfg_target_i[0]
               in      0.0000   0.0000    0.59    0.18   --         
cfg_target_i[1]
               in      0.0000   0.0000    0.59    0.18   --         
cfg_target_i[2]
               in      0.0000   0.0000    0.59    0.18   --         
cfg_valid_i    in      0.0000   0.0000    0.59    0.18   --         
cfg_wdata_i[0] in      0.0000   0.0000    0.59    0.18   --         
cfg_wdata_i[1] in      0.0000   0.0000    0.59    0.18   --         
cfg_wdata_i[2] in      0.0000   0.0000    0.59    0.18   --         
cfg_wdata_i[3] in      0.0000   0.0000    0.59    0.18   --         
cfg_wdata_i[4] in      0.0000   0.0000    0.59    0.18   --         
cfg_wdata_i[5] in      0.0000   0.0000    0.59    0.18   --         
cfg_wdata_i[6] in      0.0000   0.0000    0.59    0.18   --         
cfg_wdata_i[7] in      0.0000   0.0000    0.59    0.18   --         
cfg_wdata_i[8] in      0.0000   0.0000    0.59    0.18   --         
cfg_wdata_i[9] in      0.0000   0.0000    0.59    0.18   --         
cfg_wdata_i[10]
               in      0.0000   0.0000    0.59    0.18   --         
cfg_wdata_i[11]
               in      0.0000   0.0000    0.59    0.18   --         
cfg_wdata_i[12]
               in      0.0000   0.0000    0.59    0.18   --         
cfg_wdata_i[13]
               in      0.0000   0.0000    0.59    0.18   --         
cfg_wdata_i[14]
               in      0.0000   0.0000    0.59    0.18   --         
cfg_wdata_i[15]
               in      0.0000   0.0000    0.59    0.18   --         
cfg_wdata_i[16]
               in      0.0000   0.0000    0.59    0.18   --         
cfg_wdata_i[17]
               in      0.0000   0.0000    0.59    0.18   --         
cfg_wdata_i[18]
               in      0.0000   0.0000    0.59    0.18   --         
cfg_wdata_i[19]
               in      0.0000   0.0000    0.59    0.18   --         
cfg_wdata_i[20]
               in      0.0000   0.0000    0.59    0.18   --         
cfg_wdata_i[21]
               in      0.0000   0.0000    0.59    0.18   --         
cfg_wdata_i[22]
               in      0.0000   0.0000    0.59    0.18   --         
cfg_wdata_i[23]
               in      0.0000   0.0000    0.59    0.18   --         
cfg_wdata_i[24]
               in      0.0000   0.0000    0.59    0.18   --         
cfg_wdata_i[25]
               in      0.0000   0.0000    0.59    0.18   --         
cfg_wdata_i[26]
               in      0.0000   0.0000    0.59    0.18   --         
cfg_wdata_i[27]
               in      0.0000   0.0000    0.59    0.18   --         
cfg_wdata_i[28]
               in      0.0000   0.0000    0.59    0.18   --         
cfg_wdata_i[29]
               in      0.0000   0.0000    0.59    0.18   --         
cfg_wdata_i[30]
               in      0.0000   0.0000    0.59    0.18   --         
cfg_wdata_i[31]
               in      0.0000   0.0000    0.59    0.18   --         
cfg_word_i[0]  in      0.0000   0.0000    0.59    0.18   --         
cfg_word_i[1]  in      0.0000   0.0000    0.59    0.18   --         
cfg_word_i[2]  in      0.0000   0.0000    0.59    0.18   --         
cfg_word_i[3]  in      0.0000   0.0000    0.59    0.18   --         
clk_i          in      0.0000   0.0000   --      --      --         
rst_ni         in      0.0000   0.0000    0.59    0.18   --         
start_i        in      0.0000   0.0000    0.59    0.18   --         
act_ready_o    out     0.0200   0.0000   --      --      --         
busy_o         out     0.0200   0.0000   --      --      --         
cfg_error_o    out     0.0200   0.0000   --      --      --         
cfg_ready_o    out     0.0200   0.0000   --      --      --         
delay_saturation_o
               out     0.0200   0.0000   --      --      --         
done_o         out     0.0200   0.0000   --      --      --         
gate_acc_o[0]  out     0.0200   0.0000   --      --      --         
gate_acc_o[1]  out     0.0200   0.0000   --      --      --         
gate_acc_o[2]  out     0.0200   0.0000   --      --      --         
gate_acc_o[3]  out     0.0200   0.0000   --      --      --         
gate_acc_o[4]  out     0.0200   0.0000   --      --      --         
gate_acc_o[5]  out     0.0200   0.0000   --      --      --         
gate_acc_o[6]  out     0.0200   0.0000   --      --      --         
gate_acc_o[7]  out     0.0200   0.0000   --      --      --         
gate_acc_o[8]  out     0.0200   0.0000   --      --      --         
gate_acc_o[9]  out     0.0200   0.0000   --      --      --         
gate_acc_o[10] out     0.0200   0.0000   --      --      --         
gate_acc_o[11] out     0.0200   0.0000   --      --      --         
gate_acc_o[12] out     0.0200   0.0000   --      --      --         
gate_acc_o[13] out     0.0200   0.0000   --      --      --         
gate_acc_o[14] out     0.0200   0.0000   --      --      --         
gate_acc_o[15] out     0.0200   0.0000   --      --      --         
gate_acc_o[16] out     0.0200   0.0000   --      --      --         
gate_acc_o[17] out     0.0200   0.0000   --      --      --         
gate_acc_o[18] out     0.0200   0.0000   --      --      --         
gate_acc_o[19] out     0.0200   0.0000   --      --      --         
gate_acc_o[20] out     0.0200   0.0000   --      --      --         
gate_acc_o[21] out     0.0200   0.0000   --      --      --         
gate_acc_o[22] out     0.0200   0.0000   --      --      --         
gate_acc_o[23] out     0.0200   0.0000   --      --      --         
gate_acc_o[24] out     0.0200   0.0000   --      --      --         
gate_acc_o[25] out     0.0200   0.0000   --      --      --         
gate_acc_o[26] out     0.0200   0.0000   --      --      --         
gate_acc_o[27] out     0.0200   0.0000   --      --      --         
gate_acc_o[28] out     0.0200   0.0000   --      --      --         
gate_acc_o[29] out     0.0200   0.0000   --      --      --         
gate_acc_o[30] out     0.0200   0.0000   --      --      --         
gate_acc_o[31] out     0.0200   0.0000   --      --      --         
gate_acc_o[32] out     0.0200   0.0000   --      --      --         
gate_acc_o[33] out     0.0200   0.0000   --      --      --         
gate_acc_o[34] out     0.0200   0.0000   --      --      --         
gate_acc_o[35] out     0.0200   0.0000   --      --      --         
gate_acc_o[36] out     0.0200   0.0000   --      --      --         
gate_acc_o[37] out     0.0200   0.0000   --      --      --         
gate_acc_o[38] out     0.0200   0.0000   --      --      --         
gate_acc_o[39] out     0.0200   0.0000   --      --      --         
gate_acc_o[40] out     0.0200   0.0000   --      --      --         
gate_acc_o[41] out     0.0200   0.0000   --      --      --         
gate_acc_o[42] out     0.0200   0.0000   --      --      --         
gate_acc_o[43] out     0.0200   0.0000   --      --      --         
gate_acc_o[44] out     0.0200   0.0000   --      --      --         
gate_acc_o[45] out     0.0200   0.0000   --      --      --         
gate_acc_o[46] out     0.0200   0.0000   --      --      --         
gate_acc_o[47] out     0.0200   0.0000   --      --      --         
gate_acc_o[48] out     0.0200   0.0000   --      --      --         
gate_acc_o[49] out     0.0200   0.0000   --      --      --         
gate_acc_o[50] out     0.0200   0.0000   --      --      --         
gate_acc_o[51] out     0.0200   0.0000   --      --      --         
gate_acc_o[52] out     0.0200   0.0000   --      --      --         
gate_acc_o[53] out     0.0200   0.0000   --      --      --         
gate_acc_o[54] out     0.0200   0.0000   --      --      --         
gate_acc_o[55] out     0.0200   0.0000   --      --      --         
gate_acc_o[56] out     0.0200   0.0000   --      --      --         
gate_acc_o[57] out     0.0200   0.0000   --      --      --         
gate_acc_o[58] out     0.0200   0.0000   --      --      --         
gate_acc_o[59] out     0.0200   0.0000   --      --      --         
gate_acc_o[60] out     0.0200   0.0000   --      --      --         
gate_acc_o[61] out     0.0200   0.0000   --      --      --         
gate_acc_o[62] out     0.0200   0.0000   --      --      --         
gate_acc_o[63] out     0.0200   0.0000   --      --      --         
gate_acc_o[64] out     0.0200   0.0000   --      --      --         
gate_acc_o[65] out     0.0200   0.0000   --      --      --         
gate_acc_o[66] out     0.0200   0.0000   --      --      --         
gate_acc_o[67] out     0.0200   0.0000   --      --      --         
gate_acc_o[68] out     0.0200   0.0000   --      --      --         
gate_acc_o[69] out     0.0200   0.0000   --      --      --         
gate_acc_o[70] out     0.0200   0.0000   --      --      --         
gate_acc_o[71] out     0.0200   0.0000   --      --      --         
gate_acc_o[72] out     0.0200   0.0000   --      --      --         
gate_acc_o[73] out     0.0200   0.0000   --      --      --         
gate_acc_o[74] out     0.0200   0.0000   --      --      --         
gate_acc_o[75] out     0.0200   0.0000   --      --      --         
gate_acc_o[76] out     0.0200   0.0000   --      --      --         
gate_acc_o[77] out     0.0200   0.0000   --      --      --         
gate_acc_o[78] out     0.0200   0.0000   --      --      --         
gate_acc_o[79] out     0.0200   0.0000   --      --      --         
gate_acc_o[80] out     0.0200   0.0000   --      --      --         
gate_acc_o[81] out     0.0200   0.0000   --      --      --         
gate_acc_o[82] out     0.0200   0.0000   --      --      --         
gate_acc_o[83] out     0.0200   0.0000   --      --      --         
gate_acc_o[84] out     0.0200   0.0000   --      --      --         
gate_acc_o[85] out     0.0200   0.0000   --      --      --         
gate_acc_o[86] out     0.0200   0.0000   --      --      --         
gate_acc_o[87] out     0.0200   0.0000   --      --      --         
gate_acc_o[88] out     0.0200   0.0000   --      --      --         
gate_acc_o[89] out     0.0200   0.0000   --      --      --         
gate_acc_o[90] out     0.0200   0.0000   --      --      --         
gate_acc_o[91] out     0.0200   0.0000   --      --      --         
gate_acc_o[92] out     0.0200   0.0000   --      --      --         
gate_acc_o[93] out     0.0200   0.0000   --      --      --         
gate_acc_o[94] out     0.0200   0.0000   --      --      --         
gate_acc_o[95] out     0.0200   0.0000   --      --      --         
gate_acc_o[96] out     0.0200   0.0000   --      --      --         
gate_acc_o[97] out     0.0200   0.0000   --      --      --         
gate_acc_o[98] out     0.0200   0.0000   --      --      --         
gate_acc_o[99] out     0.0200   0.0000   --      --      --         
gate_acc_o[100]
               out     0.0200   0.0000   --      --      --         
gate_acc_o[101]
               out     0.0200   0.0000   --      --      --         
gate_acc_o[102]
               out     0.0200   0.0000   --      --      --         
gate_acc_o[103]
               out     0.0200   0.0000   --      --      --         
gate_acc_o[104]
               out     0.0200   0.0000   --      --      --         
gate_acc_o[105]
               out     0.0200   0.0000   --      --      --         
gate_acc_o[106]
               out     0.0200   0.0000   --      --      --         
gate_acc_o[107]
               out     0.0200   0.0000   --      --      --         
gate_acc_o[108]
               out     0.0200   0.0000   --      --      --         
gate_acc_o[109]
               out     0.0200   0.0000   --      --      --         
gate_acc_o[110]
               out     0.0200   0.0000   --      --      --         
gate_acc_o[111]
               out     0.0200   0.0000   --      --      --         
gate_acc_o[112]
               out     0.0200   0.0000   --      --      --         
gate_acc_o[113]
               out     0.0200   0.0000   --      --      --         
gate_acc_o[114]
               out     0.0200   0.0000   --      --      --         
gate_acc_o[115]
               out     0.0200   0.0000   --      --      --         
gate_acc_o[116]
               out     0.0200   0.0000   --      --      --         
gate_acc_o[117]
               out     0.0200   0.0000   --      --      --         
gate_acc_o[118]
               out     0.0200   0.0000   --      --      --         
gate_acc_o[119]
               out     0.0200   0.0000   --      --      --         
gate_acc_o[120]
               out     0.0200   0.0000   --      --      --         
gate_acc_o[121]
               out     0.0200   0.0000   --      --      --         
gate_acc_o[122]
               out     0.0200   0.0000   --      --      --         
gate_acc_o[123]
               out     0.0200   0.0000   --      --      --         
gate_acc_o[124]
               out     0.0200   0.0000   --      --      --         
gate_acc_o[125]
               out     0.0200   0.0000   --      --      --         
gate_acc_o[126]
               out     0.0200   0.0000   --      --      --         
gate_acc_o[127]
               out     0.0200   0.0000   --      --      --         
gate_acc_o[128]
               out     0.0200   0.0000   --      --      --         
gate_acc_o[129]
               out     0.0200   0.0000   --      --      --         
gate_acc_o[130]
               out     0.0200   0.0000   --      --      --         
gate_acc_o[131]
               out     0.0200   0.0000   --      --      --         
gate_acc_o[132]
               out     0.0200   0.0000   --      --      --         
gate_acc_o[133]
               out     0.0200   0.0000   --      --      --         
gate_acc_o[134]
               out     0.0200   0.0000   --      --      --         
gate_acc_o[135]
               out     0.0200   0.0000   --      --      --         
gate_acc_o[136]
               out     0.0200   0.0000   --      --      --         
gate_acc_o[137]
               out     0.0200   0.0000   --      --      --         
gate_acc_o[138]
               out     0.0200   0.0000   --      --      --         
gate_acc_o[139]
               out     0.0200   0.0000   --      --      --         
gate_acc_o[140]
               out     0.0200   0.0000   --      --      --         
gate_acc_o[141]
               out     0.0200   0.0000   --      --      --         
gate_acc_o[142]
               out     0.0200   0.0000   --      --      --         
gate_acc_o[143]
               out     0.0200   0.0000   --      --      --         
gate_acc_o[144]
               out     0.0200   0.0000   --      --      --         
gate_acc_o[145]
               out     0.0200   0.0000   --      --      --         
gate_acc_o[146]
               out     0.0200   0.0000   --      --      --         
gate_acc_o[147]
               out     0.0200   0.0000   --      --      --         
gate_acc_o[148]
               out     0.0200   0.0000   --      --      --         
gate_acc_o[149]
               out     0.0200   0.0000   --      --      --         
gate_acc_o[150]
               out     0.0200   0.0000   --      --      --         
gate_acc_o[151]
               out     0.0200   0.0000   --      --      --         
gate_acc_o[152]
               out     0.0200   0.0000   --      --      --         
gate_acc_o[153]
               out     0.0200   0.0000   --      --      --         
gate_acc_o[154]
               out     0.0200   0.0000   --      --      --         
gate_acc_o[155]
               out     0.0200   0.0000   --      --      --         
gate_acc_o[156]
               out     0.0200   0.0000   --      --      --         
gate_acc_o[157]
               out     0.0200   0.0000   --      --      --         
gate_acc_o[158]
               out     0.0200   0.0000   --      --      --         
gate_acc_o[159]
               out     0.0200   0.0000   --      --      --         
gate_acc_o[160]
               out     0.0200   0.0000   --      --      --         
gate_acc_o[161]
               out     0.0200   0.0000   --      --      --         
gate_acc_o[162]
               out     0.0200   0.0000   --      --      --         
gate_acc_o[163]
               out     0.0200   0.0000   --      --      --         
gate_acc_o[164]
               out     0.0200   0.0000   --      --      --         
gate_acc_o[165]
               out     0.0200   0.0000   --      --      --         
gate_acc_o[166]
               out     0.0200   0.0000   --      --      --         
gate_acc_o[167]
               out     0.0200   0.0000   --      --      --         
gate_acc_o[168]
               out     0.0200   0.0000   --      --      --         
gate_acc_o[169]
               out     0.0200   0.0000   --      --      --         
gate_acc_o[170]
               out     0.0200   0.0000   --      --      --         
gate_acc_o[171]
               out     0.0200   0.0000   --      --      --         
gate_acc_o[172]
               out     0.0200   0.0000   --      --      --         
gate_acc_o[173]
               out     0.0200   0.0000   --      --      --         
gate_acc_o[174]
               out     0.0200   0.0000   --      --      --         
gate_acc_o[175]
               out     0.0200   0.0000   --      --      --         
gate_acc_o[176]
               out     0.0200   0.0000   --      --      --         
gate_acc_o[177]
               out     0.0200   0.0000   --      --      --         
gate_acc_o[178]
               out     0.0200   0.0000   --      --      --         
gate_acc_o[179]
               out     0.0200   0.0000   --      --      --         
gate_acc_o[180]
               out     0.0200   0.0000   --      --      --         
gate_acc_o[181]
               out     0.0200   0.0000   --      --      --         
gate_acc_o[182]
               out     0.0200   0.0000   --      --      --         
gate_acc_o[183]
               out     0.0200   0.0000   --      --      --         
gate_acc_o[184]
               out     0.0200   0.0000   --      --      --         
gate_acc_o[185]
               out     0.0200   0.0000   --      --      --         
gate_acc_o[186]
               out     0.0200   0.0000   --      --      --         
gate_acc_o[187]
               out     0.0200   0.0000   --      --      --         
gate_acc_o[188]
               out     0.0200   0.0000   --      --      --         
gate_acc_o[189]
               out     0.0200   0.0000   --      --      --         
gate_acc_o[190]
               out     0.0200   0.0000   --      --      --         
gate_acc_o[191]
               out     0.0200   0.0000   --      --      --         
gate_acc_o[192]
               out     0.0200   0.0000   --      --      --         
gate_acc_o[193]
               out     0.0200   0.0000   --      --      --         
gate_acc_o[194]
               out     0.0200   0.0000   --      --      --         
gate_acc_o[195]
               out     0.0200   0.0000   --      --      --         
gate_acc_o[196]
               out     0.0200   0.0000   --      --      --         
gate_acc_o[197]
               out     0.0200   0.0000   --      --      --         
gate_acc_o[198]
               out     0.0200   0.0000   --      --      --         
gate_acc_o[199]
               out     0.0200   0.0000   --      --      --         
gate_acc_o[200]
               out     0.0200   0.0000   --      --      --         
gate_acc_o[201]
               out     0.0200   0.0000   --      --      --         
gate_acc_o[202]
               out     0.0200   0.0000   --      --      --         
gate_acc_o[203]
               out     0.0200   0.0000   --      --      --         
gate_acc_o[204]
               out     0.0200   0.0000   --      --      --         
gate_acc_o[205]
               out     0.0200   0.0000   --      --      --         
gate_acc_o[206]
               out     0.0200   0.0000   --      --      --         
gate_acc_o[207]
               out     0.0200   0.0000   --      --      --         
gate_acc_o[208]
               out     0.0200   0.0000   --      --      --         
gate_acc_o[209]
               out     0.0200   0.0000   --      --      --         
gate_acc_o[210]
               out     0.0200   0.0000   --      --      --         
gate_acc_o[211]
               out     0.0200   0.0000   --      --      --         
gate_acc_o[212]
               out     0.0200   0.0000   --      --      --         
gate_acc_o[213]
               out     0.0200   0.0000   --      --      --         
gate_acc_o[214]
               out     0.0200   0.0000   --      --      --         
gate_acc_o[215]
               out     0.0200   0.0000   --      --      --         
gate_acc_o[216]
               out     0.0200   0.0000   --      --      --         
gate_acc_o[217]
               out     0.0200   0.0000   --      --      --         
gate_acc_o[218]
               out     0.0200   0.0000   --      --      --         
gate_acc_o[219]
               out     0.0200   0.0000   --      --      --         
gate_acc_o[220]
               out     0.0200   0.0000   --      --      --         
gate_acc_o[221]
               out     0.0200   0.0000   --      --      --         
gate_acc_o[222]
               out     0.0200   0.0000   --      --      --         
gate_acc_o[223]
               out     0.0200   0.0000   --      --      --         
up_acc_o[0]    out     0.0200   0.0000   --      --      --         
up_acc_o[1]    out     0.0200   0.0000   --      --      --         
up_acc_o[2]    out     0.0200   0.0000   --      --      --         
up_acc_o[3]    out     0.0200   0.0000   --      --      --         
up_acc_o[4]    out     0.0200   0.0000   --      --      --         
up_acc_o[5]    out     0.0200   0.0000   --      --      --         
up_acc_o[6]    out     0.0200   0.0000   --      --      --         
up_acc_o[7]    out     0.0200   0.0000   --      --      --         
up_acc_o[8]    out     0.0200   0.0000   --      --      --         
up_acc_o[9]    out     0.0200   0.0000   --      --      --         
up_acc_o[10]   out     0.0200   0.0000   --      --      --         
up_acc_o[11]   out     0.0200   0.0000   --      --      --         
up_acc_o[12]   out     0.0200   0.0000   --      --      --         
up_acc_o[13]   out     0.0200   0.0000   --      --      --         
up_acc_o[14]   out     0.0200   0.0000   --      --      --         
up_acc_o[15]   out     0.0200   0.0000   --      --      --         
up_acc_o[16]   out     0.0200   0.0000   --      --      --         
up_acc_o[17]   out     0.0200   0.0000   --      --      --         
up_acc_o[18]   out     0.0200   0.0000   --      --      --         
up_acc_o[19]   out     0.0200   0.0000   --      --      --         
up_acc_o[20]   out     0.0200   0.0000   --      --      --         
up_acc_o[21]   out     0.0200   0.0000   --      --      --         
up_acc_o[22]   out     0.0200   0.0000   --      --      --         
up_acc_o[23]   out     0.0200   0.0000   --      --      --         
up_acc_o[24]   out     0.0200   0.0000   --      --      --         
up_acc_o[25]   out     0.0200   0.0000   --      --      --         
up_acc_o[26]   out     0.0200   0.0000   --      --      --         
up_acc_o[27]   out     0.0200   0.0000   --      --      --         
up_acc_o[28]   out     0.0200   0.0000   --      --      --         
up_acc_o[29]   out     0.0200   0.0000   --      --      --         
up_acc_o[30]   out     0.0200   0.0000   --      --      --         
up_acc_o[31]   out     0.0200   0.0000   --      --      --         
up_acc_o[32]   out     0.0200   0.0000   --      --      --         
up_acc_o[33]   out     0.0200   0.0000   --      --      --         
up_acc_o[34]   out     0.0200   0.0000   --      --      --         
up_acc_o[35]   out     0.0200   0.0000   --      --      --         
up_acc_o[36]   out     0.0200   0.0000   --      --      --         
up_acc_o[37]   out     0.0200   0.0000   --      --      --         
up_acc_o[38]   out     0.0200   0.0000   --      --      --         
up_acc_o[39]   out     0.0200   0.0000   --      --      --         
up_acc_o[40]   out     0.0200   0.0000   --      --      --         
up_acc_o[41]   out     0.0200   0.0000   --      --      --         
up_acc_o[42]   out     0.0200   0.0000   --      --      --         
up_acc_o[43]   out     0.0200   0.0000   --      --      --         
up_acc_o[44]   out     0.0200   0.0000   --      --      --         
up_acc_o[45]   out     0.0200   0.0000   --      --      --         
up_acc_o[46]   out     0.0200   0.0000   --      --      --         
up_acc_o[47]   out     0.0200   0.0000   --      --      --         
up_acc_o[48]   out     0.0200   0.0000   --      --      --         
up_acc_o[49]   out     0.0200   0.0000   --      --      --         
up_acc_o[50]   out     0.0200   0.0000   --      --      --         
up_acc_o[51]   out     0.0200   0.0000   --      --      --         
up_acc_o[52]   out     0.0200   0.0000   --      --      --         
up_acc_o[53]   out     0.0200   0.0000   --      --      --         
up_acc_o[54]   out     0.0200   0.0000   --      --      --         
up_acc_o[55]   out     0.0200   0.0000   --      --      --         
up_acc_o[56]   out     0.0200   0.0000   --      --      --         
up_acc_o[57]   out     0.0200   0.0000   --      --      --         
up_acc_o[58]   out     0.0200   0.0000   --      --      --         
up_acc_o[59]   out     0.0200   0.0000   --      --      --         
up_acc_o[60]   out     0.0200   0.0000   --      --      --         
up_acc_o[61]   out     0.0200   0.0000   --      --      --         
up_acc_o[62]   out     0.0200   0.0000   --      --      --         
up_acc_o[63]   out     0.0200   0.0000   --      --      --         
up_acc_o[64]   out     0.0200   0.0000   --      --      --         
up_acc_o[65]   out     0.0200   0.0000   --      --      --         
up_acc_o[66]   out     0.0200   0.0000   --      --      --         
up_acc_o[67]   out     0.0200   0.0000   --      --      --         
up_acc_o[68]   out     0.0200   0.0000   --      --      --         
up_acc_o[69]   out     0.0200   0.0000   --      --      --         
up_acc_o[70]   out     0.0200   0.0000   --      --      --         
up_acc_o[71]   out     0.0200   0.0000   --      --      --         
up_acc_o[72]   out     0.0200   0.0000   --      --      --         
up_acc_o[73]   out     0.0200   0.0000   --      --      --         
up_acc_o[74]   out     0.0200   0.0000   --      --      --         
up_acc_o[75]   out     0.0200   0.0000   --      --      --         
up_acc_o[76]   out     0.0200   0.0000   --      --      --         
up_acc_o[77]   out     0.0200   0.0000   --      --      --         
up_acc_o[78]   out     0.0200   0.0000   --      --      --         
up_acc_o[79]   out     0.0200   0.0000   --      --      --         
up_acc_o[80]   out     0.0200   0.0000   --      --      --         
up_acc_o[81]   out     0.0200   0.0000   --      --      --         
up_acc_o[82]   out     0.0200   0.0000   --      --      --         
up_acc_o[83]   out     0.0200   0.0000   --      --      --         
up_acc_o[84]   out     0.0200   0.0000   --      --      --         
up_acc_o[85]   out     0.0200   0.0000   --      --      --         
up_acc_o[86]   out     0.0200   0.0000   --      --      --         
up_acc_o[87]   out     0.0200   0.0000   --      --      --         
up_acc_o[88]   out     0.0200   0.0000   --      --      --         
up_acc_o[89]   out     0.0200   0.0000   --      --      --         
up_acc_o[90]   out     0.0200   0.0000   --      --      --         
up_acc_o[91]   out     0.0200   0.0000   --      --      --         
up_acc_o[92]   out     0.0200   0.0000   --      --      --         
up_acc_o[93]   out     0.0200   0.0000   --      --      --         
up_acc_o[94]   out     0.0200   0.0000   --      --      --         
up_acc_o[95]   out     0.0200   0.0000   --      --      --         
up_acc_o[96]   out     0.0200   0.0000   --      --      --         
up_acc_o[97]   out     0.0200   0.0000   --      --      --         
up_acc_o[98]   out     0.0200   0.0000   --      --      --         
up_acc_o[99]   out     0.0200   0.0000   --      --      --         
up_acc_o[100]  out     0.0200   0.0000   --      --      --         
up_acc_o[101]  out     0.0200   0.0000   --      --      --         
up_acc_o[102]  out     0.0200   0.0000   --      --      --         
up_acc_o[103]  out     0.0200   0.0000   --      --      --         
up_acc_o[104]  out     0.0200   0.0000   --      --      --         
up_acc_o[105]  out     0.0200   0.0000   --      --      --         
up_acc_o[106]  out     0.0200   0.0000   --      --      --         
up_acc_o[107]  out     0.0200   0.0000   --      --      --         
up_acc_o[108]  out     0.0200   0.0000   --      --      --         
up_acc_o[109]  out     0.0200   0.0000   --      --      --         
up_acc_o[110]  out     0.0200   0.0000   --      --      --         
up_acc_o[111]  out     0.0200   0.0000   --      --      --         
up_acc_o[112]  out     0.0200   0.0000   --      --      --         
up_acc_o[113]  out     0.0200   0.0000   --      --      --         
up_acc_o[114]  out     0.0200   0.0000   --      --      --         
up_acc_o[115]  out     0.0200   0.0000   --      --      --         
up_acc_o[116]  out     0.0200   0.0000   --      --      --         
up_acc_o[117]  out     0.0200   0.0000   --      --      --         
up_acc_o[118]  out     0.0200   0.0000   --      --      --         
up_acc_o[119]  out     0.0200   0.0000   --      --      --         
up_acc_o[120]  out     0.0200   0.0000   --      --      --         
up_acc_o[121]  out     0.0200   0.0000   --      --      --         
up_acc_o[122]  out     0.0200   0.0000   --      --      --         
up_acc_o[123]  out     0.0200   0.0000   --      --      --         
up_acc_o[124]  out     0.0200   0.0000   --      --      --         
up_acc_o[125]  out     0.0200   0.0000   --      --      --         
up_acc_o[126]  out     0.0200   0.0000   --      --      --         
up_acc_o[127]  out     0.0200   0.0000   --      --      --         
up_acc_o[128]  out     0.0200   0.0000   --      --      --         
up_acc_o[129]  out     0.0200   0.0000   --      --      --         
up_acc_o[130]  out     0.0200   0.0000   --      --      --         
up_acc_o[131]  out     0.0200   0.0000   --      --      --         
up_acc_o[132]  out     0.0200   0.0000   --      --      --         
up_acc_o[133]  out     0.0200   0.0000   --      --      --         
up_acc_o[134]  out     0.0200   0.0000   --      --      --         
up_acc_o[135]  out     0.0200   0.0000   --      --      --         
up_acc_o[136]  out     0.0200   0.0000   --      --      --         
up_acc_o[137]  out     0.0200   0.0000   --      --      --         
up_acc_o[138]  out     0.0200   0.0000   --      --      --         
up_acc_o[139]  out     0.0200   0.0000   --      --      --         
up_acc_o[140]  out     0.0200   0.0000   --      --      --         
up_acc_o[141]  out     0.0200   0.0000   --      --      --         
up_acc_o[142]  out     0.0200   0.0000   --      --      --         
up_acc_o[143]  out     0.0200   0.0000   --      --      --         
up_acc_o[144]  out     0.0200   0.0000   --      --      --         
up_acc_o[145]  out     0.0200   0.0000   --      --      --         
up_acc_o[146]  out     0.0200   0.0000   --      --      --         
up_acc_o[147]  out     0.0200   0.0000   --      --      --         
up_acc_o[148]  out     0.0200   0.0000   --      --      --         
up_acc_o[149]  out     0.0200   0.0000   --      --      --         
up_acc_o[150]  out     0.0200   0.0000   --      --      --         
up_acc_o[151]  out     0.0200   0.0000   --      --      --         
up_acc_o[152]  out     0.0200   0.0000   --      --      --         
up_acc_o[153]  out     0.0200   0.0000   --      --      --         
up_acc_o[154]  out     0.0200   0.0000   --      --      --         
up_acc_o[155]  out     0.0200   0.0000   --      --      --         
up_acc_o[156]  out     0.0200   0.0000   --      --      --         
up_acc_o[157]  out     0.0200   0.0000   --      --      --         
up_acc_o[158]  out     0.0200   0.0000   --      --      --         
up_acc_o[159]  out     0.0200   0.0000   --      --      --         
up_acc_o[160]  out     0.0200   0.0000   --      --      --         
up_acc_o[161]  out     0.0200   0.0000   --      --      --         
up_acc_o[162]  out     0.0200   0.0000   --      --      --         
up_acc_o[163]  out     0.0200   0.0000   --      --      --         
up_acc_o[164]  out     0.0200   0.0000   --      --      --         
up_acc_o[165]  out     0.0200   0.0000   --      --      --         
up_acc_o[166]  out     0.0200   0.0000   --      --      --         
up_acc_o[167]  out     0.0200   0.0000   --      --      --         
up_acc_o[168]  out     0.0200   0.0000   --      --      --         
up_acc_o[169]  out     0.0200   0.0000   --      --      --         
up_acc_o[170]  out     0.0200   0.0000   --      --      --         
up_acc_o[171]  out     0.0200   0.0000   --      --      --         
up_acc_o[172]  out     0.0200   0.0000   --      --      --         
up_acc_o[173]  out     0.0200   0.0000   --      --      --         
up_acc_o[174]  out     0.0200   0.0000   --      --      --         
up_acc_o[175]  out     0.0200   0.0000   --      --      --         
up_acc_o[176]  out     0.0200   0.0000   --      --      --         
up_acc_o[177]  out     0.0200   0.0000   --      --      --         
up_acc_o[178]  out     0.0200   0.0000   --      --      --         
up_acc_o[179]  out     0.0200   0.0000   --      --      --         
up_acc_o[180]  out     0.0200   0.0000   --      --      --         
up_acc_o[181]  out     0.0200   0.0000   --      --      --         
up_acc_o[182]  out     0.0200   0.0000   --      --      --         
up_acc_o[183]  out     0.0200   0.0000   --      --      --         
up_acc_o[184]  out     0.0200   0.0000   --      --      --         
up_acc_o[185]  out     0.0200   0.0000   --      --      --         
up_acc_o[186]  out     0.0200   0.0000   --      --      --         
up_acc_o[187]  out     0.0200   0.0000   --      --      --         
up_acc_o[188]  out     0.0200   0.0000   --      --      --         
up_acc_o[189]  out     0.0200   0.0000   --      --      --         
up_acc_o[190]  out     0.0200   0.0000   --      --      --         
up_acc_o[191]  out     0.0200   0.0000   --      --      --         
up_acc_o[192]  out     0.0200   0.0000   --      --      --         
up_acc_o[193]  out     0.0200   0.0000   --      --      --         
up_acc_o[194]  out     0.0200   0.0000   --      --      --         
up_acc_o[195]  out     0.0200   0.0000   --      --      --         
up_acc_o[196]  out     0.0200   0.0000   --      --      --         
up_acc_o[197]  out     0.0200   0.0000   --      --      --         
up_acc_o[198]  out     0.0200   0.0000   --      --      --         
up_acc_o[199]  out     0.0200   0.0000   --      --      --         
up_acc_o[200]  out     0.0200   0.0000   --      --      --         
up_acc_o[201]  out     0.0200   0.0000   --      --      --         
up_acc_o[202]  out     0.0200   0.0000   --      --      --         
up_acc_o[203]  out     0.0200   0.0000   --      --      --         
up_acc_o[204]  out     0.0200   0.0000   --      --      --         
up_acc_o[205]  out     0.0200   0.0000   --      --      --         
up_acc_o[206]  out     0.0200   0.0000   --      --      --         
up_acc_o[207]  out     0.0200   0.0000   --      --      --         
up_acc_o[208]  out     0.0200   0.0000   --      --      --         
up_acc_o[209]  out     0.0200   0.0000   --      --      --         
up_acc_o[210]  out     0.0200   0.0000   --      --      --         
up_acc_o[211]  out     0.0200   0.0000   --      --      --         
up_acc_o[212]  out     0.0200   0.0000   --      --      --         
up_acc_o[213]  out     0.0200   0.0000   --      --      --         
up_acc_o[214]  out     0.0200   0.0000   --      --      --         
up_acc_o[215]  out     0.0200   0.0000   --      --      --         
up_acc_o[216]  out     0.0200   0.0000   --      --      --         
up_acc_o[217]  out     0.0200   0.0000   --      --      --         
up_acc_o[218]  out     0.0200   0.0000   --      --      --         
up_acc_o[219]  out     0.0200   0.0000   --      --      --         
up_acc_o[220]  out     0.0200   0.0000   --      --      --         
up_acc_o[221]  out     0.0200   0.0000   --      --      --         
up_acc_o[222]  out     0.0200   0.0000   --      --      --         
up_acc_o[223]  out     0.0200   0.0000   --      --      --         


              External  Max             Min                Min       Min
              Number    Wireload        Wireload           Pin       Wire
Port          Points    Model           Model              Load      Load
--------------------------------------------------------------------------------
act_block_idx_i[0]
                   1      --              --              --        -- 
act_block_idx_i[1]
                   1      --              --              --        -- 
act_block_idx_i[2]
                   1      --              --              --        -- 
act_block_idx_i[3]
                   1      --              --              --        -- 
act_block_idx_i[4]
                   1      --              --              --        -- 
act_block_idx_i[5]
                   1      --              --              --        -- 
act_block_idx_i[6]
                   1      --              --              --        -- 
act_fine_i[0]      1      --              --              --        -- 
act_fine_i[1]      1      --              --              --        -- 
act_fine_i[2]      1      --              --              --        -- 
act_fine_i[3]      1      --              --              --        -- 
act_fine_i[4]      1      --              --              --        -- 
act_fine_i[5]      1      --              --              --        -- 
act_fine_i[6]      1      --              --              --        -- 
act_fine_i[7]      1      --              --              --        -- 
act_fine_i[8]      1      --              --              --        -- 
act_fine_i[9]      1      --              --              --        -- 
act_fine_i[10]
                   1      --              --              --        -- 
act_fine_i[11]
                   1      --              --              --        -- 
act_fine_i[12]
                   1      --              --              --        -- 
act_fine_i[13]
                   1      --              --              --        -- 
act_fine_i[14]
                   1      --              --              --        -- 
act_fine_i[15]
                   1      --              --              --        -- 
act_fine_i[16]
                   1      --              --              --        -- 
act_fine_i[17]
                   1      --              --              --        -- 
act_fine_i[18]
                   1      --              --              --        -- 
act_fine_i[19]
                   1      --              --              --        -- 
act_fine_i[20]
                   1      --              --              --        -- 
act_fine_i[21]
                   1      --              --              --        -- 
act_fine_i[22]
                   1      --              --              --        -- 
act_fine_i[23]
                   1      --              --              --        -- 
act_fine_i[24]
                   1      --              --              --        -- 
act_fine_i[25]
                   1      --              --              --        -- 
act_fine_i[26]
                   1      --              --              --        -- 
act_fine_i[27]
                   1      --              --              --        -- 
act_fine_i[28]
                   1      --              --              --        -- 
act_fine_i[29]
                   1      --              --              --        -- 
act_fine_i[30]
                   1      --              --              --        -- 
act_fine_i[31]
                   1      --              --              --        -- 
act_fine_i[32]
                   1      --              --              --        -- 
act_fine_i[33]
                   1      --              --              --        -- 
act_fine_i[34]
                   1      --              --              --        -- 
act_fine_i[35]
                   1      --              --              --        -- 
act_fine_i[36]
                   1      --              --              --        -- 
act_fine_i[37]
                   1      --              --              --        -- 
act_fine_i[38]
                   1      --              --              --        -- 
act_fine_i[39]
                   1      --              --              --        -- 
act_fine_i[40]
                   1      --              --              --        -- 
act_fine_i[41]
                   1      --              --              --        -- 
act_fine_i[42]
                   1      --              --              --        -- 
act_fine_i[43]
                   1      --              --              --        -- 
act_fine_i[44]
                   1      --              --              --        -- 
act_fine_i[45]
                   1      --              --              --        -- 
act_fine_i[46]
                   1      --              --              --        -- 
act_fine_i[47]
                   1      --              --              --        -- 
act_fine_i[48]
                   1      --              --              --        -- 
act_fine_i[49]
                   1      --              --              --        -- 
act_fine_i[50]
                   1      --              --              --        -- 
act_fine_i[51]
                   1      --              --              --        -- 
act_fine_i[52]
                   1      --              --              --        -- 
act_fine_i[53]
                   1      --              --              --        -- 
act_fine_i[54]
                   1      --              --              --        -- 
act_fine_i[55]
                   1      --              --              --        -- 
act_fine_i[56]
                   1      --              --              --        -- 
act_fine_i[57]
                   1      --              --              --        -- 
act_fine_i[58]
                   1      --              --              --        -- 
act_fine_i[59]
                   1      --              --              --        -- 
act_fine_i[60]
                   1      --              --              --        -- 
act_fine_i[61]
                   1      --              --              --        -- 
act_fine_i[62]
                   1      --              --              --        -- 
act_fine_i[63]
                   1      --              --              --        -- 
act_fine_i[64]
                   1      --              --              --        -- 
act_fine_i[65]
                   1      --              --              --        -- 
act_fine_i[66]
                   1      --              --              --        -- 
act_fine_i[67]
                   1      --              --              --        -- 
act_fine_i[68]
                   1      --              --              --        -- 
act_fine_i[69]
                   1      --              --              --        -- 
act_fine_i[70]
                   1      --              --              --        -- 
act_fine_i[71]
                   1      --              --              --        -- 
act_fine_i[72]
                   1      --              --              --        -- 
act_fine_i[73]
                   1      --              --              --        -- 
act_fine_i[74]
                   1      --              --              --        -- 
act_fine_i[75]
                   1      --              --              --        -- 
act_fine_i[76]
                   1      --              --              --        -- 
act_fine_i[77]
                   1      --              --              --        -- 
act_fine_i[78]
                   1      --              --              --        -- 
act_fine_i[79]
                   1      --              --              --        -- 
act_fine_i[80]
                   1      --              --              --        -- 
act_fine_i[81]
                   1      --              --              --        -- 
act_fine_i[82]
                   1      --              --              --        -- 
act_fine_i[83]
                   1      --              --              --        -- 
act_fine_i[84]
                   1      --              --              --        -- 
act_fine_i[85]
                   1      --              --              --        -- 
act_fine_i[86]
                   1      --              --              --        -- 
act_fine_i[87]
                   1      --              --              --        -- 
act_fine_i[88]
                   1      --              --              --        -- 
act_fine_i[89]
                   1      --              --              --        -- 
act_fine_i[90]
                   1      --              --              --        -- 
act_fine_i[91]
                   1      --              --              --        -- 
act_fine_i[92]
                   1      --              --              --        -- 
act_fine_i[93]
                   1      --              --              --        -- 
act_fine_i[94]
                   1      --              --              --        -- 
act_fine_i[95]
                   1      --              --              --        -- 
act_fine_i[96]
                   1      --              --              --        -- 
act_fine_i[97]
                   1      --              --              --        -- 
act_fine_i[98]
                   1      --              --              --        -- 
act_fine_i[99]
                   1      --              --              --        -- 
act_fine_i[100]
                   1      --              --              --        -- 
act_fine_i[101]
                   1      --              --              --        -- 
act_fine_i[102]
                   1      --              --              --        -- 
act_fine_i[103]
                   1      --              --              --        -- 
act_fine_i[104]
                   1      --              --              --        -- 
act_fine_i[105]
                   1      --              --              --        -- 
act_fine_i[106]
                   1      --              --              --        -- 
act_fine_i[107]
                   1      --              --              --        -- 
act_fine_i[108]
                   1      --              --              --        -- 
act_fine_i[109]
                   1      --              --              --        -- 
act_fine_i[110]
                   1      --              --              --        -- 
act_fine_i[111]
                   1      --              --              --        -- 
act_fine_i[112]
                   1      --              --              --        -- 
act_fine_i[113]
                   1      --              --              --        -- 
act_fine_i[114]
                   1      --              --              --        -- 
act_fine_i[115]
                   1      --              --              --        -- 
act_fine_i[116]
                   1      --              --              --        -- 
act_fine_i[117]
                   1      --              --              --        -- 
act_fine_i[118]
                   1      --              --              --        -- 
act_fine_i[119]
                   1      --              --              --        -- 
act_fine_i[120]
                   1      --              --              --        -- 
act_fine_i[121]
                   1      --              --              --        -- 
act_fine_i[122]
                   1      --              --              --        -- 
act_fine_i[123]
                   1      --              --              --        -- 
act_fine_i[124]
                   1      --              --              --        -- 
act_fine_i[125]
                   1      --              --              --        -- 
act_fine_i[126]
                   1      --              --              --        -- 
act_fine_i[127]
                   1      --              --              --        -- 
act_valid_i        1      --              --              --        -- 
act_value_i[0]
                   1      --              --              --        -- 
act_value_i[1]
                   1      --              --              --        -- 
act_value_i[2]
                   1      --              --              --        -- 
act_value_i[3]
                   1      --              --              --        -- 
act_value_i[4]
                   1      --              --              --        -- 
act_value_i[5]
                   1      --              --              --        -- 
act_value_i[6]
                   1      --              --              --        -- 
act_value_i[7]
                   1      --              --              --        -- 
act_value_i[8]
                   1      --              --              --        -- 
act_value_i[9]
                   1      --              --              --        -- 
act_value_i[10]
                   1      --              --              --        -- 
act_value_i[11]
                   1      --              --              --        -- 
act_value_i[12]
                   1      --              --              --        -- 
act_value_i[13]
                   1      --              --              --        -- 
act_value_i[14]
                   1      --              --              --        -- 
act_value_i[15]
                   1      --              --              --        -- 
act_value_i[16]
                   1      --              --              --        -- 
act_value_i[17]
                   1      --              --              --        -- 
act_value_i[18]
                   1      --              --              --        -- 
act_value_i[19]
                   1      --              --              --        -- 
act_value_i[20]
                   1      --              --              --        -- 
act_value_i[21]
                   1      --              --              --        -- 
act_value_i[22]
                   1      --              --              --        -- 
act_value_i[23]
                   1      --              --              --        -- 
act_value_i[24]
                   1      --              --              --        -- 
act_value_i[25]
                   1      --              --              --        -- 
act_value_i[26]
                   1      --              --              --        -- 
act_value_i[27]
                   1      --              --              --        -- 
act_value_i[28]
                   1      --              --              --        -- 
act_value_i[29]
                   1      --              --              --        -- 
act_value_i[30]
                   1      --              --              --        -- 
act_value_i[31]
                   1      --              --              --        -- 
act_value_i[32]
                   1      --              --              --        -- 
act_value_i[33]
                   1      --              --              --        -- 
act_value_i[34]
                   1      --              --              --        -- 
act_value_i[35]
                   1      --              --              --        -- 
act_value_i[36]
                   1      --              --              --        -- 
act_value_i[37]
                   1      --              --              --        -- 
act_value_i[38]
                   1      --              --              --        -- 
act_value_i[39]
                   1      --              --              --        -- 
act_value_i[40]
                   1      --              --              --        -- 
act_value_i[41]
                   1      --              --              --        -- 
act_value_i[42]
                   1      --              --              --        -- 
act_value_i[43]
                   1      --              --              --        -- 
act_value_i[44]
                   1      --              --              --        -- 
act_value_i[45]
                   1      --              --              --        -- 
act_value_i[46]
                   1      --              --              --        -- 
act_value_i[47]
                   1      --              --              --        -- 
act_value_i[48]
                   1      --              --              --        -- 
act_value_i[49]
                   1      --              --              --        -- 
act_value_i[50]
                   1      --              --              --        -- 
act_value_i[51]
                   1      --              --              --        -- 
act_value_i[52]
                   1      --              --              --        -- 
act_value_i[53]
                   1      --              --              --        -- 
act_value_i[54]
                   1      --              --              --        -- 
act_value_i[55]
                   1      --              --              --        -- 
act_value_i[56]
                   1      --              --              --        -- 
act_value_i[57]
                   1      --              --              --        -- 
act_value_i[58]
                   1      --              --              --        -- 
act_value_i[59]
                   1      --              --              --        -- 
act_value_i[60]
                   1      --              --              --        -- 
act_value_i[61]
                   1      --              --              --        -- 
act_value_i[62]
                   1      --              --              --        -- 
act_value_i[63]
                   1      --              --              --        -- 
act_value_i[64]
                   1      --              --              --        -- 
act_value_i[65]
                   1      --              --              --        -- 
act_value_i[66]
                   1      --              --              --        -- 
act_value_i[67]
                   1      --              --              --        -- 
act_value_i[68]
                   1      --              --              --        -- 
act_value_i[69]
                   1      --              --              --        -- 
act_value_i[70]
                   1      --              --              --        -- 
act_value_i[71]
                   1      --              --              --        -- 
act_value_i[72]
                   1      --              --              --        -- 
act_value_i[73]
                   1      --              --              --        -- 
act_value_i[74]
                   1      --              --              --        -- 
act_value_i[75]
                   1      --              --              --        -- 
act_value_i[76]
                   1      --              --              --        -- 
act_value_i[77]
                   1      --              --              --        -- 
act_value_i[78]
                   1      --              --              --        -- 
act_value_i[79]
                   1      --              --              --        -- 
act_value_i[80]
                   1      --              --              --        -- 
act_value_i[81]
                   1      --              --              --        -- 
act_value_i[82]
                   1      --              --              --        -- 
act_value_i[83]
                   1      --              --              --        -- 
act_value_i[84]
                   1      --              --              --        -- 
act_value_i[85]
                   1      --              --              --        -- 
act_value_i[86]
                   1      --              --              --        -- 
act_value_i[87]
                   1      --              --              --        -- 
act_value_i[88]
                   1      --              --              --        -- 
act_value_i[89]
                   1      --              --              --        -- 
act_value_i[90]
                   1      --              --              --        -- 
act_value_i[91]
                   1      --              --              --        -- 
act_value_i[92]
                   1      --              --              --        -- 
act_value_i[93]
                   1      --              --              --        -- 
act_value_i[94]
                   1      --              --              --        -- 
act_value_i[95]
                   1      --              --              --        -- 
act_value_i[96]
                   1      --              --              --        -- 
act_value_i[97]
                   1      --              --              --        -- 
act_value_i[98]
                   1      --              --              --        -- 
act_value_i[99]
                   1      --              --              --        -- 
act_value_i[100]
                   1      --              --              --        -- 
act_value_i[101]
                   1      --              --              --        -- 
act_value_i[102]
                   1      --              --              --        -- 
act_value_i[103]
                   1      --              --              --        -- 
act_value_i[104]
                   1      --              --              --        -- 
act_value_i[105]
                   1      --              --              --        -- 
act_value_i[106]
                   1      --              --              --        -- 
act_value_i[107]
                   1      --              --              --        -- 
act_value_i[108]
                   1      --              --              --        -- 
act_value_i[109]
                   1      --              --              --        -- 
act_value_i[110]
                   1      --              --              --        -- 
act_value_i[111]
                   1      --              --              --        -- 
act_value_i[112]
                   1      --              --              --        -- 
act_value_i[113]
                   1      --              --              --        -- 
act_value_i[114]
                   1      --              --              --        -- 
act_value_i[115]
                   1      --              --              --        -- 
act_value_i[116]
                   1      --              --              --        -- 
act_value_i[117]
                   1      --              --              --        -- 
act_value_i[118]
                   1      --              --              --        -- 
act_value_i[119]
                   1      --              --              --        -- 
act_value_i[120]
                   1      --              --              --        -- 
act_value_i[121]
                   1      --              --              --        -- 
act_value_i[122]
                   1      --              --              --        -- 
act_value_i[123]
                   1      --              --              --        -- 
act_value_i[124]
                   1      --              --              --        -- 
act_value_i[125]
                   1      --              --              --        -- 
act_value_i[126]
                   1      --              --              --        -- 
act_value_i[127]
                   1      --              --              --        -- 
act_value_i[128]
                   1      --              --              --        -- 
act_value_i[129]
                   1      --              --              --        -- 
act_value_i[130]
                   1      --              --              --        -- 
act_value_i[131]
                   1      --              --              --        -- 
act_value_i[132]
                   1      --              --              --        -- 
act_value_i[133]
                   1      --              --              --        -- 
act_value_i[134]
                   1      --              --              --        -- 
act_value_i[135]
                   1      --              --              --        -- 
act_value_i[136]
                   1      --              --              --        -- 
act_value_i[137]
                   1      --              --              --        -- 
act_value_i[138]
                   1      --              --              --        -- 
act_value_i[139]
                   1      --              --              --        -- 
act_value_i[140]
                   1      --              --              --        -- 
act_value_i[141]
                   1      --              --              --        -- 
act_value_i[142]
                   1      --              --              --        -- 
act_value_i[143]
                   1      --              --              --        -- 
act_value_i[144]
                   1      --              --              --        -- 
act_value_i[145]
                   1      --              --              --        -- 
act_value_i[146]
                   1      --              --              --        -- 
act_value_i[147]
                   1      --              --              --        -- 
act_value_i[148]
                   1      --              --              --        -- 
act_value_i[149]
                   1      --              --              --        -- 
act_value_i[150]
                   1      --              --              --        -- 
act_value_i[151]
                   1      --              --              --        -- 
act_value_i[152]
                   1      --              --              --        -- 
act_value_i[153]
                   1      --              --              --        -- 
act_value_i[154]
                   1      --              --              --        -- 
act_value_i[155]
                   1      --              --              --        -- 
act_value_i[156]
                   1      --              --              --        -- 
act_value_i[157]
                   1      --              --              --        -- 
act_value_i[158]
                   1      --              --              --        -- 
act_value_i[159]
                   1      --              --              --        -- 
act_value_i[160]
                   1      --              --              --        -- 
act_value_i[161]
                   1      --              --              --        -- 
act_value_i[162]
                   1      --              --              --        -- 
act_value_i[163]
                   1      --              --              --        -- 
act_value_i[164]
                   1      --              --              --        -- 
act_value_i[165]
                   1      --              --              --        -- 
act_value_i[166]
                   1      --              --              --        -- 
act_value_i[167]
                   1      --              --              --        -- 
act_value_i[168]
                   1      --              --              --        -- 
act_value_i[169]
                   1      --              --              --        -- 
act_value_i[170]
                   1      --              --              --        -- 
act_value_i[171]
                   1      --              --              --        -- 
act_value_i[172]
                   1      --              --              --        -- 
act_value_i[173]
                   1      --              --              --        -- 
act_value_i[174]
                   1      --              --              --        -- 
act_value_i[175]
                   1      --              --              --        -- 
act_value_i[176]
                   1      --              --              --        -- 
act_value_i[177]
                   1      --              --              --        -- 
act_value_i[178]
                   1      --              --              --        -- 
act_value_i[179]
                   1      --              --              --        -- 
act_value_i[180]
                   1      --              --              --        -- 
act_value_i[181]
                   1      --              --              --        -- 
act_value_i[182]
                   1      --              --              --        -- 
act_value_i[183]
                   1      --              --              --        -- 
act_value_i[184]
                   1      --              --              --        -- 
act_value_i[185]
                   1      --              --              --        -- 
act_value_i[186]
                   1      --              --              --        -- 
act_value_i[187]
                   1      --              --              --        -- 
act_value_i[188]
                   1      --              --              --        -- 
act_value_i[189]
                   1      --              --              --        -- 
act_value_i[190]
                   1      --              --              --        -- 
act_value_i[191]
                   1      --              --              --        -- 
act_value_i[192]
                   1      --              --              --        -- 
act_value_i[193]
                   1      --              --              --        -- 
act_value_i[194]
                   1      --              --              --        -- 
act_value_i[195]
                   1      --              --              --        -- 
act_value_i[196]
                   1      --              --              --        -- 
act_value_i[197]
                   1      --              --              --        -- 
act_value_i[198]
                   1      --              --              --        -- 
act_value_i[199]
                   1      --              --              --        -- 
act_value_i[200]
                   1      --              --              --        -- 
act_value_i[201]
                   1      --              --              --        -- 
act_value_i[202]
                   1      --              --              --        -- 
act_value_i[203]
                   1      --              --              --        -- 
act_value_i[204]
                   1      --              --              --        -- 
act_value_i[205]
                   1      --              --              --        -- 
act_value_i[206]
                   1      --              --              --        -- 
act_value_i[207]
                   1      --              --              --        -- 
act_value_i[208]
                   1      --              --              --        -- 
act_value_i[209]
                   1      --              --              --        -- 
act_value_i[210]
                   1      --              --              --        -- 
act_value_i[211]
                   1      --              --              --        -- 
act_value_i[212]
                   1      --              --              --        -- 
act_value_i[213]
                   1      --              --              --        -- 
act_value_i[214]
                   1      --              --              --        -- 
act_value_i[215]
                   1      --              --              --        -- 
act_value_i[216]
                   1      --              --              --        -- 
act_value_i[217]
                   1      --              --              --        -- 
act_value_i[218]
                   1      --              --              --        -- 
act_value_i[219]
                   1      --              --              --        -- 
act_value_i[220]
                   1      --              --              --        -- 
act_value_i[221]
                   1      --              --              --        -- 
act_value_i[222]
                   1      --              --              --        -- 
act_value_i[223]
                   1      --              --              --        -- 
act_value_i[224]
                   1      --              --              --        -- 
act_value_i[225]
                   1      --              --              --        -- 
act_value_i[226]
                   1      --              --              --        -- 
act_value_i[227]
                   1      --              --              --        -- 
act_value_i[228]
                   1      --              --              --        -- 
act_value_i[229]
                   1      --              --              --        -- 
act_value_i[230]
                   1      --              --              --        -- 
act_value_i[231]
                   1      --              --              --        -- 
act_value_i[232]
                   1      --              --              --        -- 
act_value_i[233]
                   1      --              --              --        -- 
act_value_i[234]
                   1      --              --              --        -- 
act_value_i[235]
                   1      --              --              --        -- 
act_value_i[236]
                   1      --              --              --        -- 
act_value_i[237]
                   1      --              --              --        -- 
act_value_i[238]
                   1      --              --              --        -- 
act_value_i[239]
                   1      --              --              --        -- 
act_value_i[240]
                   1      --              --              --        -- 
act_value_i[241]
                   1      --              --              --        -- 
act_value_i[242]
                   1      --              --              --        -- 
act_value_i[243]
                   1      --              --              --        -- 
act_value_i[244]
                   1      --              --              --        -- 
act_value_i[245]
                   1      --              --              --        -- 
act_value_i[246]
                   1      --              --              --        -- 
act_value_i[247]
                   1      --              --              --        -- 
act_value_i[248]
                   1      --              --              --        -- 
act_value_i[249]
                   1      --              --              --        -- 
act_value_i[250]
                   1      --              --              --        -- 
act_value_i[251]
                   1      --              --              --        -- 
act_value_i[252]
                   1      --              --              --        -- 
act_value_i[253]
                   1      --              --              --        -- 
act_value_i[254]
                   1      --              --              --        -- 
act_value_i[255]
                   1      --              --              --        -- 
active_lane_mask_i[0]
                   1      --              --              --        -- 
active_lane_mask_i[1]
                   1      --              --              --        -- 
active_lane_mask_i[2]
                   1      --              --              --        -- 
active_lane_mask_i[3]
                   1      --              --              --        -- 
active_lane_mask_i[4]
                   1      --              --              --        -- 
active_lane_mask_i[5]
                   1      --              --              --        -- 
active_lane_mask_i[6]
                   1      --              --              --        -- 
active_lane_mask_i[7]
                   1      --              --              --        -- 
cfg_addr_i[0]      1      --              --              --        -- 
cfg_addr_i[1]      1      --              --              --        -- 
cfg_addr_i[2]      1      --              --              --        -- 
cfg_addr_i[3]      1      --              --              --        -- 
cfg_addr_i[4]      1      --              --              --        -- 
cfg_addr_i[5]      1      --              --              --        -- 
cfg_addr_i[6]      1      --              --              --        -- 
cfg_bank_i         1      --              --              --        -- 
cfg_path_i[0]      1      --              --              --        -- 
cfg_path_i[1]      1      --              --              --        -- 
cfg_path_i[2]      1      --              --              --        -- 
cfg_path_i[3]      1      --              --              --        -- 
cfg_target_i[0]
                   1      --              --              --        -- 
cfg_target_i[1]
                   1      --              --              --        -- 
cfg_target_i[2]
                   1      --              --              --        -- 
cfg_valid_i        1      --              --              --        -- 
cfg_wdata_i[0]
                   1      --              --              --        -- 
cfg_wdata_i[1]
                   1      --              --              --        -- 
cfg_wdata_i[2]
                   1      --              --              --        -- 
cfg_wdata_i[3]
                   1      --              --              --        -- 
cfg_wdata_i[4]
                   1      --              --              --        -- 
cfg_wdata_i[5]
                   1      --              --              --        -- 
cfg_wdata_i[6]
                   1      --              --              --        -- 
cfg_wdata_i[7]
                   1      --              --              --        -- 
cfg_wdata_i[8]
                   1      --              --              --        -- 
cfg_wdata_i[9]
                   1      --              --              --        -- 
cfg_wdata_i[10]
                   1      --              --              --        -- 
cfg_wdata_i[11]
                   1      --              --              --        -- 
cfg_wdata_i[12]
                   1      --              --              --        -- 
cfg_wdata_i[13]
                   1      --              --              --        -- 
cfg_wdata_i[14]
                   1      --              --              --        -- 
cfg_wdata_i[15]
                   1      --              --              --        -- 
cfg_wdata_i[16]
                   1      --              --              --        -- 
cfg_wdata_i[17]
                   1      --              --              --        -- 
cfg_wdata_i[18]
                   1      --              --              --        -- 
cfg_wdata_i[19]
                   1      --              --              --        -- 
cfg_wdata_i[20]
                   1      --              --              --        -- 
cfg_wdata_i[21]
                   1      --              --              --        -- 
cfg_wdata_i[22]
                   1      --              --              --        -- 
cfg_wdata_i[23]
                   1      --              --              --        -- 
cfg_wdata_i[24]
                   1      --              --              --        -- 
cfg_wdata_i[25]
                   1      --              --              --        -- 
cfg_wdata_i[26]
                   1      --              --              --        -- 
cfg_wdata_i[27]
                   1      --              --              --        -- 
cfg_wdata_i[28]
                   1      --              --              --        -- 
cfg_wdata_i[29]
                   1      --              --              --        -- 
cfg_wdata_i[30]
                   1      --              --              --        -- 
cfg_wdata_i[31]
                   1      --              --              --        -- 
cfg_word_i[0]      1      --              --              --        -- 
cfg_word_i[1]      1      --              --              --        -- 
cfg_word_i[2]      1      --              --              --        -- 
cfg_word_i[3]      1      --              --              --        -- 
clk_i              1      --              --              --        -- 
rst_ni             1      --              --              --        -- 
start_i            1      --              --              --        -- 
act_ready_o        1      --              --              --        -- 
busy_o             1      --              --              --        -- 
cfg_error_o        1      --              --              --        -- 
cfg_ready_o        1      --              --              --        -- 
delay_saturation_o
                   1      --              --              --        -- 
done_o             1      --              --              --        -- 
gate_acc_o[0]      1      --              --              --        -- 
gate_acc_o[1]      1      --              --              --        -- 
gate_acc_o[2]      1      --              --              --        -- 
gate_acc_o[3]      1      --              --              --        -- 
gate_acc_o[4]      1      --              --              --        -- 
gate_acc_o[5]      1      --              --              --        -- 
gate_acc_o[6]      1      --              --              --        -- 
gate_acc_o[7]      1      --              --              --        -- 
gate_acc_o[8]      1      --              --              --        -- 
gate_acc_o[9]      1      --              --              --        -- 
gate_acc_o[10]
                   1      --              --              --        -- 
gate_acc_o[11]
                   1      --              --              --        -- 
gate_acc_o[12]
                   1      --              --              --        -- 
gate_acc_o[13]
                   1      --              --              --        -- 
gate_acc_o[14]
                   1      --              --              --        -- 
gate_acc_o[15]
                   1      --              --              --        -- 
gate_acc_o[16]
                   1      --              --              --        -- 
gate_acc_o[17]
                   1      --              --              --        -- 
gate_acc_o[18]
                   1      --              --              --        -- 
gate_acc_o[19]
                   1      --              --              --        -- 
gate_acc_o[20]
                   1      --              --              --        -- 
gate_acc_o[21]
                   1      --              --              --        -- 
gate_acc_o[22]
                   1      --              --              --        -- 
gate_acc_o[23]
                   1      --              --              --        -- 
gate_acc_o[24]
                   1      --              --              --        -- 
gate_acc_o[25]
                   1      --              --              --        -- 
gate_acc_o[26]
                   1      --              --              --        -- 
gate_acc_o[27]
                   1      --              --              --        -- 
gate_acc_o[28]
                   1      --              --              --        -- 
gate_acc_o[29]
                   1      --              --              --        -- 
gate_acc_o[30]
                   1      --              --              --        -- 
gate_acc_o[31]
                   1      --              --              --        -- 
gate_acc_o[32]
                   1      --              --              --        -- 
gate_acc_o[33]
                   1      --              --              --        -- 
gate_acc_o[34]
                   1      --              --              --        -- 
gate_acc_o[35]
                   1      --              --              --        -- 
gate_acc_o[36]
                   1      --              --              --        -- 
gate_acc_o[37]
                   1      --              --              --        -- 
gate_acc_o[38]
                   1      --              --              --        -- 
gate_acc_o[39]
                   1      --              --              --        -- 
gate_acc_o[40]
                   1      --              --              --        -- 
gate_acc_o[41]
                   1      --              --              --        -- 
gate_acc_o[42]
                   1      --              --              --        -- 
gate_acc_o[43]
                   1      --              --              --        -- 
gate_acc_o[44]
                   1      --              --              --        -- 
gate_acc_o[45]
                   1      --              --              --        -- 
gate_acc_o[46]
                   1      --              --              --        -- 
gate_acc_o[47]
                   1      --              --              --        -- 
gate_acc_o[48]
                   1      --              --              --        -- 
gate_acc_o[49]
                   1      --              --              --        -- 
gate_acc_o[50]
                   1      --              --              --        -- 
gate_acc_o[51]
                   1      --              --              --        -- 
gate_acc_o[52]
                   1      --              --              --        -- 
gate_acc_o[53]
                   1      --              --              --        -- 
gate_acc_o[54]
                   1      --              --              --        -- 
gate_acc_o[55]
                   1      --              --              --        -- 
gate_acc_o[56]
                   1      --              --              --        -- 
gate_acc_o[57]
                   1      --              --              --        -- 
gate_acc_o[58]
                   1      --              --              --        -- 
gate_acc_o[59]
                   1      --              --              --        -- 
gate_acc_o[60]
                   1      --              --              --        -- 
gate_acc_o[61]
                   1      --              --              --        -- 
gate_acc_o[62]
                   1      --              --              --        -- 
gate_acc_o[63]
                   1      --              --              --        -- 
gate_acc_o[64]
                   1      --              --              --        -- 
gate_acc_o[65]
                   1      --              --              --        -- 
gate_acc_o[66]
                   1      --              --              --        -- 
gate_acc_o[67]
                   1      --              --              --        -- 
gate_acc_o[68]
                   1      --              --              --        -- 
gate_acc_o[69]
                   1      --              --              --        -- 
gate_acc_o[70]
                   1      --              --              --        -- 
gate_acc_o[71]
                   1      --              --              --        -- 
gate_acc_o[72]
                   1      --              --              --        -- 
gate_acc_o[73]
                   1      --              --              --        -- 
gate_acc_o[74]
                   1      --              --              --        -- 
gate_acc_o[75]
                   1      --              --              --        -- 
gate_acc_o[76]
                   1      --              --              --        -- 
gate_acc_o[77]
                   1      --              --              --        -- 
gate_acc_o[78]
                   1      --              --              --        -- 
gate_acc_o[79]
                   1      --              --              --        -- 
gate_acc_o[80]
                   1      --              --              --        -- 
gate_acc_o[81]
                   1      --              --              --        -- 
gate_acc_o[82]
                   1      --              --              --        -- 
gate_acc_o[83]
                   1      --              --              --        -- 
gate_acc_o[84]
                   1      --              --              --        -- 
gate_acc_o[85]
                   1      --              --              --        -- 
gate_acc_o[86]
                   1      --              --              --        -- 
gate_acc_o[87]
                   1      --              --              --        -- 
gate_acc_o[88]
                   1      --              --              --        -- 
gate_acc_o[89]
                   1      --              --              --        -- 
gate_acc_o[90]
                   1      --              --              --        -- 
gate_acc_o[91]
                   1      --              --              --        -- 
gate_acc_o[92]
                   1      --              --              --        -- 
gate_acc_o[93]
                   1      --              --              --        -- 
gate_acc_o[94]
                   1      --              --              --        -- 
gate_acc_o[95]
                   1      --              --              --        -- 
gate_acc_o[96]
                   1      --              --              --        -- 
gate_acc_o[97]
                   1      --              --              --        -- 
gate_acc_o[98]
                   1      --              --              --        -- 
gate_acc_o[99]
                   1      --              --              --        -- 
gate_acc_o[100]
                   1      --              --              --        -- 
gate_acc_o[101]
                   1      --              --              --        -- 
gate_acc_o[102]
                   1      --              --              --        -- 
gate_acc_o[103]
                   1      --              --              --        -- 
gate_acc_o[104]
                   1      --              --              --        -- 
gate_acc_o[105]
                   1      --              --              --        -- 
gate_acc_o[106]
                   1      --              --              --        -- 
gate_acc_o[107]
                   1      --              --              --        -- 
gate_acc_o[108]
                   1      --              --              --        -- 
gate_acc_o[109]
                   1      --              --              --        -- 
gate_acc_o[110]
                   1      --              --              --        -- 
gate_acc_o[111]
                   1      --              --              --        -- 
gate_acc_o[112]
                   1      --              --              --        -- 
gate_acc_o[113]
                   1      --              --              --        -- 
gate_acc_o[114]
                   1      --              --              --        -- 
gate_acc_o[115]
                   1      --              --              --        -- 
gate_acc_o[116]
                   1      --              --              --        -- 
gate_acc_o[117]
                   1      --              --              --        -- 
gate_acc_o[118]
                   1      --              --              --        -- 
gate_acc_o[119]
                   1      --              --              --        -- 
gate_acc_o[120]
                   1      --              --              --        -- 
gate_acc_o[121]
                   1      --              --              --        -- 
gate_acc_o[122]
                   1      --              --              --        -- 
gate_acc_o[123]
                   1      --              --              --        -- 
gate_acc_o[124]
                   1      --              --              --        -- 
gate_acc_o[125]
                   1      --              --              --        -- 
gate_acc_o[126]
                   1      --              --              --        -- 
gate_acc_o[127]
                   1      --              --              --        -- 
gate_acc_o[128]
                   1      --              --              --        -- 
gate_acc_o[129]
                   1      --              --              --        -- 
gate_acc_o[130]
                   1      --              --              --        -- 
gate_acc_o[131]
                   1      --              --              --        -- 
gate_acc_o[132]
                   1      --              --              --        -- 
gate_acc_o[133]
                   1      --              --              --        -- 
gate_acc_o[134]
                   1      --              --              --        -- 
gate_acc_o[135]
                   1      --              --              --        -- 
gate_acc_o[136]
                   1      --              --              --        -- 
gate_acc_o[137]
                   1      --              --              --        -- 
gate_acc_o[138]
                   1      --              --              --        -- 
gate_acc_o[139]
                   1      --              --              --        -- 
gate_acc_o[140]
                   1      --              --              --        -- 
gate_acc_o[141]
                   1      --              --              --        -- 
gate_acc_o[142]
                   1      --              --              --        -- 
gate_acc_o[143]
                   1      --              --              --        -- 
gate_acc_o[144]
                   1      --              --              --        -- 
gate_acc_o[145]
                   1      --              --              --        -- 
gate_acc_o[146]
                   1      --              --              --        -- 
gate_acc_o[147]
                   1      --              --              --        -- 
gate_acc_o[148]
                   1      --              --              --        -- 
gate_acc_o[149]
                   1      --              --              --        -- 
gate_acc_o[150]
                   1      --              --              --        -- 
gate_acc_o[151]
                   1      --              --              --        -- 
gate_acc_o[152]
                   1      --              --              --        -- 
gate_acc_o[153]
                   1      --              --              --        -- 
gate_acc_o[154]
                   1      --              --              --        -- 
gate_acc_o[155]
                   1      --              --              --        -- 
gate_acc_o[156]
                   1      --              --              --        -- 
gate_acc_o[157]
                   1      --              --              --        -- 
gate_acc_o[158]
                   1      --              --              --        -- 
gate_acc_o[159]
                   1      --              --              --        -- 
gate_acc_o[160]
                   1      --              --              --        -- 
gate_acc_o[161]
                   1      --              --              --        -- 
gate_acc_o[162]
                   1      --              --              --        -- 
gate_acc_o[163]
                   1      --              --              --        -- 
gate_acc_o[164]
                   1      --              --              --        -- 
gate_acc_o[165]
                   1      --              --              --        -- 
gate_acc_o[166]
                   1      --              --              --        -- 
gate_acc_o[167]
                   1      --              --              --        -- 
gate_acc_o[168]
                   1      --              --              --        -- 
gate_acc_o[169]
                   1      --              --              --        -- 
gate_acc_o[170]
                   1      --              --              --        -- 
gate_acc_o[171]
                   1      --              --              --        -- 
gate_acc_o[172]
                   1      --              --              --        -- 
gate_acc_o[173]
                   1      --              --              --        -- 
gate_acc_o[174]
                   1      --              --              --        -- 
gate_acc_o[175]
                   1      --              --              --        -- 
gate_acc_o[176]
                   1      --              --              --        -- 
gate_acc_o[177]
                   1      --              --              --        -- 
gate_acc_o[178]
                   1      --              --              --        -- 
gate_acc_o[179]
                   1      --              --              --        -- 
gate_acc_o[180]
                   1      --              --              --        -- 
gate_acc_o[181]
                   1      --              --              --        -- 
gate_acc_o[182]
                   1      --              --              --        -- 
gate_acc_o[183]
                   1      --              --              --        -- 
gate_acc_o[184]
                   1      --              --              --        -- 
gate_acc_o[185]
                   1      --              --              --        -- 
gate_acc_o[186]
                   1      --              --              --        -- 
gate_acc_o[187]
                   1      --              --              --        -- 
gate_acc_o[188]
                   1      --              --              --        -- 
gate_acc_o[189]
                   1      --              --              --        -- 
gate_acc_o[190]
                   1      --              --              --        -- 
gate_acc_o[191]
                   1      --              --              --        -- 
gate_acc_o[192]
                   1      --              --              --        -- 
gate_acc_o[193]
                   1      --              --              --        -- 
gate_acc_o[194]
                   1      --              --              --        -- 
gate_acc_o[195]
                   1      --              --              --        -- 
gate_acc_o[196]
                   1      --              --              --        -- 
gate_acc_o[197]
                   1      --              --              --        -- 
gate_acc_o[198]
                   1      --              --              --        -- 
gate_acc_o[199]
                   1      --              --              --        -- 
gate_acc_o[200]
                   1      --              --              --        -- 
gate_acc_o[201]
                   1      --              --              --        -- 
gate_acc_o[202]
                   1      --              --              --        -- 
gate_acc_o[203]
                   1      --              --              --        -- 
gate_acc_o[204]
                   1      --              --              --        -- 
gate_acc_o[205]
                   1      --              --              --        -- 
gate_acc_o[206]
                   1      --              --              --        -- 
gate_acc_o[207]
                   1      --              --              --        -- 
gate_acc_o[208]
                   1      --              --              --        -- 
gate_acc_o[209]
                   1      --              --              --        -- 
gate_acc_o[210]
                   1      --              --              --        -- 
gate_acc_o[211]
                   1      --              --              --        -- 
gate_acc_o[212]
                   1      --              --              --        -- 
gate_acc_o[213]
                   1      --              --              --        -- 
gate_acc_o[214]
                   1      --              --              --        -- 
gate_acc_o[215]
                   1      --              --              --        -- 
gate_acc_o[216]
                   1      --              --              --        -- 
gate_acc_o[217]
                   1      --              --              --        -- 
gate_acc_o[218]
                   1      --              --              --        -- 
gate_acc_o[219]
                   1      --              --              --        -- 
gate_acc_o[220]
                   1      --              --              --        -- 
gate_acc_o[221]
                   1      --              --              --        -- 
gate_acc_o[222]
                   1      --              --              --        -- 
gate_acc_o[223]
                   1      --              --              --        -- 
up_acc_o[0]        1      --              --              --        -- 
up_acc_o[1]        1      --              --              --        -- 
up_acc_o[2]        1      --              --              --        -- 
up_acc_o[3]        1      --              --              --        -- 
up_acc_o[4]        1      --              --              --        -- 
up_acc_o[5]        1      --              --              --        -- 
up_acc_o[6]        1      --              --              --        -- 
up_acc_o[7]        1      --              --              --        -- 
up_acc_o[8]        1      --              --              --        -- 
up_acc_o[9]        1      --              --              --        -- 
up_acc_o[10]       1      --              --              --        -- 
up_acc_o[11]       1      --              --              --        -- 
up_acc_o[12]       1      --              --              --        -- 
up_acc_o[13]       1      --              --              --        -- 
up_acc_o[14]       1      --              --              --        -- 
up_acc_o[15]       1      --              --              --        -- 
up_acc_o[16]       1      --              --              --        -- 
up_acc_o[17]       1      --              --              --        -- 
up_acc_o[18]       1      --              --              --        -- 
up_acc_o[19]       1      --              --              --        -- 
up_acc_o[20]       1      --              --              --        -- 
up_acc_o[21]       1      --              --              --        -- 
up_acc_o[22]       1      --              --              --        -- 
up_acc_o[23]       1      --              --              --        -- 
up_acc_o[24]       1      --              --              --        -- 
up_acc_o[25]       1      --              --              --        -- 
up_acc_o[26]       1      --              --              --        -- 
up_acc_o[27]       1      --              --              --        -- 
up_acc_o[28]       1      --              --              --        -- 
up_acc_o[29]       1      --              --              --        -- 
up_acc_o[30]       1      --              --              --        -- 
up_acc_o[31]       1      --              --              --        -- 
up_acc_o[32]       1      --              --              --        -- 
up_acc_o[33]       1      --              --              --        -- 
up_acc_o[34]       1      --              --              --        -- 
up_acc_o[35]       1      --              --              --        -- 
up_acc_o[36]       1      --              --              --        -- 
up_acc_o[37]       1      --              --              --        -- 
up_acc_o[38]       1      --              --              --        -- 
up_acc_o[39]       1      --              --              --        -- 
up_acc_o[40]       1      --              --              --        -- 
up_acc_o[41]       1      --              --              --        -- 
up_acc_o[42]       1      --              --              --        -- 
up_acc_o[43]       1      --              --              --        -- 
up_acc_o[44]       1      --              --              --        -- 
up_acc_o[45]       1      --              --              --        -- 
up_acc_o[46]       1      --              --              --        -- 
up_acc_o[47]       1      --              --              --        -- 
up_acc_o[48]       1      --              --              --        -- 
up_acc_o[49]       1      --              --              --        -- 
up_acc_o[50]       1      --              --              --        -- 
up_acc_o[51]       1      --              --              --        -- 
up_acc_o[52]       1      --              --              --        -- 
up_acc_o[53]       1      --              --              --        -- 
up_acc_o[54]       1      --              --              --        -- 
up_acc_o[55]       1      --              --              --        -- 
up_acc_o[56]       1      --              --              --        -- 
up_acc_o[57]       1      --              --              --        -- 
up_acc_o[58]       1      --              --              --        -- 
up_acc_o[59]       1      --              --              --        -- 
up_acc_o[60]       1      --              --              --        -- 
up_acc_o[61]       1      --              --              --        -- 
up_acc_o[62]       1      --              --              --        -- 
up_acc_o[63]       1      --              --              --        -- 
up_acc_o[64]       1      --              --              --        -- 
up_acc_o[65]       1      --              --              --        -- 
up_acc_o[66]       1      --              --              --        -- 
up_acc_o[67]       1      --              --              --        -- 
up_acc_o[68]       1      --              --              --        -- 
up_acc_o[69]       1      --              --              --        -- 
up_acc_o[70]       1      --              --              --        -- 
up_acc_o[71]       1      --              --              --        -- 
up_acc_o[72]       1      --              --              --        -- 
up_acc_o[73]       1      --              --              --        -- 
up_acc_o[74]       1      --              --              --        -- 
up_acc_o[75]       1      --              --              --        -- 
up_acc_o[76]       1      --              --              --        -- 
up_acc_o[77]       1      --              --              --        -- 
up_acc_o[78]       1      --              --              --        -- 
up_acc_o[79]       1      --              --              --        -- 
up_acc_o[80]       1      --              --              --        -- 
up_acc_o[81]       1      --              --              --        -- 
up_acc_o[82]       1      --              --              --        -- 
up_acc_o[83]       1      --              --              --        -- 
up_acc_o[84]       1      --              --              --        -- 
up_acc_o[85]       1      --              --              --        -- 
up_acc_o[86]       1      --              --              --        -- 
up_acc_o[87]       1      --              --              --        -- 
up_acc_o[88]       1      --              --              --        -- 
up_acc_o[89]       1      --              --              --        -- 
up_acc_o[90]       1      --              --              --        -- 
up_acc_o[91]       1      --              --              --        -- 
up_acc_o[92]       1      --              --              --        -- 
up_acc_o[93]       1      --              --              --        -- 
up_acc_o[94]       1      --              --              --        -- 
up_acc_o[95]       1      --              --              --        -- 
up_acc_o[96]       1      --              --              --        -- 
up_acc_o[97]       1      --              --              --        -- 
up_acc_o[98]       1      --              --              --        -- 
up_acc_o[99]       1      --              --              --        -- 
up_acc_o[100]      1      --              --              --        -- 
up_acc_o[101]      1      --              --              --        -- 
up_acc_o[102]      1      --              --              --        -- 
up_acc_o[103]      1      --              --              --        -- 
up_acc_o[104]      1      --              --              --        -- 
up_acc_o[105]      1      --              --              --        -- 
up_acc_o[106]      1      --              --              --        -- 
up_acc_o[107]      1      --              --              --        -- 
up_acc_o[108]      1      --              --              --        -- 
up_acc_o[109]      1      --              --              --        -- 
up_acc_o[110]      1      --              --              --        -- 
up_acc_o[111]      1      --              --              --        -- 
up_acc_o[112]      1      --              --              --        -- 
up_acc_o[113]      1      --              --              --        -- 
up_acc_o[114]      1      --              --              --        -- 
up_acc_o[115]      1      --              --              --        -- 
up_acc_o[116]      1      --              --              --        -- 
up_acc_o[117]      1      --              --              --        -- 
up_acc_o[118]      1      --              --              --        -- 
up_acc_o[119]      1      --              --              --        -- 
up_acc_o[120]      1      --              --              --        -- 
up_acc_o[121]      1      --              --              --        -- 
up_acc_o[122]      1      --              --              --        -- 
up_acc_o[123]      1      --              --              --        -- 
up_acc_o[124]      1      --              --              --        -- 
up_acc_o[125]      1      --              --              --        -- 
up_acc_o[126]      1      --              --              --        -- 
up_acc_o[127]      1      --              --              --        -- 
up_acc_o[128]      1      --              --              --        -- 
up_acc_o[129]      1      --              --              --        -- 
up_acc_o[130]      1      --              --              --        -- 
up_acc_o[131]      1      --              --              --        -- 
up_acc_o[132]      1      --              --              --        -- 
up_acc_o[133]      1      --              --              --        -- 
up_acc_o[134]      1      --              --              --        -- 
up_acc_o[135]      1      --              --              --        -- 
up_acc_o[136]      1      --              --              --        -- 
up_acc_o[137]      1      --              --              --        -- 
up_acc_o[138]      1      --              --              --        -- 
up_acc_o[139]      1      --              --              --        -- 
up_acc_o[140]      1      --              --              --        -- 
up_acc_o[141]      1      --              --              --        -- 
up_acc_o[142]      1      --              --              --        -- 
up_acc_o[143]      1      --              --              --        -- 
up_acc_o[144]      1      --              --              --        -- 
up_acc_o[145]      1      --              --              --        -- 
up_acc_o[146]      1      --              --              --        -- 
up_acc_o[147]      1      --              --              --        -- 
up_acc_o[148]      1      --              --              --        -- 
up_acc_o[149]      1      --              --              --        -- 
up_acc_o[150]      1      --              --              --        -- 
up_acc_o[151]      1      --              --              --        -- 
up_acc_o[152]      1      --              --              --        -- 
up_acc_o[153]      1      --              --              --        -- 
up_acc_o[154]      1      --              --              --        -- 
up_acc_o[155]      1      --              --              --        -- 
up_acc_o[156]      1      --              --              --        -- 
up_acc_o[157]      1      --              --              --        -- 
up_acc_o[158]      1      --              --              --        -- 
up_acc_o[159]      1      --              --              --        -- 
up_acc_o[160]      1      --              --              --        -- 
up_acc_o[161]      1      --              --              --        -- 
up_acc_o[162]      1      --              --              --        -- 
up_acc_o[163]      1      --              --              --        -- 
up_acc_o[164]      1      --              --              --        -- 
up_acc_o[165]      1      --              --              --        -- 
up_acc_o[166]      1      --              --              --        -- 
up_acc_o[167]      1      --              --              --        -- 
up_acc_o[168]      1      --              --              --        -- 
up_acc_o[169]      1      --              --              --        -- 
up_acc_o[170]      1      --              --              --        -- 
up_acc_o[171]      1      --              --              --        -- 
up_acc_o[172]      1      --              --              --        -- 
up_acc_o[173]      1      --              --              --        -- 
up_acc_o[174]      1      --              --              --        -- 
up_acc_o[175]      1      --              --              --        -- 
up_acc_o[176]      1      --              --              --        -- 
up_acc_o[177]      1      --              --              --        -- 
up_acc_o[178]      1      --              --              --        -- 
up_acc_o[179]      1      --              --              --        -- 
up_acc_o[180]      1      --              --              --        -- 
up_acc_o[181]      1      --              --              --        -- 
up_acc_o[182]      1      --              --              --        -- 
up_acc_o[183]      1      --              --              --        -- 
up_acc_o[184]      1      --              --              --        -- 
up_acc_o[185]      1      --              --              --        -- 
up_acc_o[186]      1      --              --              --        -- 
up_acc_o[187]      1      --              --              --        -- 
up_acc_o[188]      1      --              --              --        -- 
up_acc_o[189]      1      --              --              --        -- 
up_acc_o[190]      1      --              --              --        -- 
up_acc_o[191]      1      --              --              --        -- 
up_acc_o[192]      1      --              --              --        -- 
up_acc_o[193]      1      --              --              --        -- 
up_acc_o[194]      1      --              --              --        -- 
up_acc_o[195]      1      --              --              --        -- 
up_acc_o[196]      1      --              --              --        -- 
up_acc_o[197]      1      --              --              --        -- 
up_acc_o[198]      1      --              --              --        -- 
up_acc_o[199]      1      --              --              --        -- 
up_acc_o[200]      1      --              --              --        -- 
up_acc_o[201]      1      --              --              --        -- 
up_acc_o[202]      1      --              --              --        -- 
up_acc_o[203]      1      --              --              --        -- 
up_acc_o[204]      1      --              --              --        -- 
up_acc_o[205]      1      --              --              --        -- 
up_acc_o[206]      1      --              --              --        -- 
up_acc_o[207]      1      --              --              --        -- 
up_acc_o[208]      1      --              --              --        -- 
up_acc_o[209]      1      --              --              --        -- 
up_acc_o[210]      1      --              --              --        -- 
up_acc_o[211]      1      --              --              --        -- 
up_acc_o[212]      1      --              --              --        -- 
up_acc_o[213]      1      --              --              --        -- 
up_acc_o[214]      1      --              --              --        -- 
up_acc_o[215]      1      --              --              --        -- 
up_acc_o[216]      1      --              --              --        -- 
up_acc_o[217]      1      --              --              --        -- 
up_acc_o[218]      1      --              --              --        -- 
up_acc_o[219]      1      --              --              --        -- 
up_acc_o[220]      1      --              --              --        -- 
up_acc_o[221]      1      --              --              --        -- 
up_acc_o[222]      1      --              --              --        -- 
up_acc_o[223]      1      --              --              --        -- 

                    Input Delay
                  Min             Max       Related   Max
Input Port    Rise    Fall    Rise    Fall   Clock  Fanout
--------------------------------------------------------------------------------
act_block_idx_i[0]
              0.50    0.50    0.50    0.50  clk       --    
act_block_idx_i[1]
              0.50    0.50    0.50    0.50  clk       --    
act_block_idx_i[2]
              0.50    0.50    0.50    0.50  clk       --    
act_block_idx_i[3]
              0.50    0.50    0.50    0.50  clk       --    
act_block_idx_i[4]
              0.50    0.50    0.50    0.50  clk       --    
act_block_idx_i[5]
              0.50    0.50    0.50    0.50  clk       --    
act_block_idx_i[6]
              0.50    0.50    0.50    0.50  clk       --    
act_fine_i[0]
              0.50    0.50    0.50    0.50  clk       --    
act_fine_i[1]
              0.50    0.50    0.50    0.50  clk       --    
act_fine_i[2]
              0.50    0.50    0.50    0.50  clk       --    
act_fine_i[3]
              0.50    0.50    0.50    0.50  clk       --    
act_fine_i[4]
              0.50    0.50    0.50    0.50  clk       --    
act_fine_i[5]
              0.50    0.50    0.50    0.50  clk       --    
act_fine_i[6]
              0.50    0.50    0.50    0.50  clk       --    
act_fine_i[7]
              0.50    0.50    0.50    0.50  clk       --    
act_fine_i[8]
              0.50    0.50    0.50    0.50  clk       --    
act_fine_i[9]
              0.50    0.50    0.50    0.50  clk       --    
act_fine_i[10]
              0.50    0.50    0.50    0.50  clk       --    
act_fine_i[11]
              0.50    0.50    0.50    0.50  clk       --    
act_fine_i[12]
              0.50    0.50    0.50    0.50  clk       --    
act_fine_i[13]
              0.50    0.50    0.50    0.50  clk       --    
act_fine_i[14]
              0.50    0.50    0.50    0.50  clk       --    
act_fine_i[15]
              0.50    0.50    0.50    0.50  clk       --    
act_fine_i[16]
              0.50    0.50    0.50    0.50  clk       --    
act_fine_i[17]
              0.50    0.50    0.50    0.50  clk       --    
act_fine_i[18]
              0.50    0.50    0.50    0.50  clk       --    
act_fine_i[19]
              0.50    0.50    0.50    0.50  clk       --    
act_fine_i[20]
              0.50    0.50    0.50    0.50  clk       --    
act_fine_i[21]
              0.50    0.50    0.50    0.50  clk       --    
act_fine_i[22]
              0.50    0.50    0.50    0.50  clk       --    
act_fine_i[23]
              0.50    0.50    0.50    0.50  clk       --    
act_fine_i[24]
              0.50    0.50    0.50    0.50  clk       --    
act_fine_i[25]
              0.50    0.50    0.50    0.50  clk       --    
act_fine_i[26]
              0.50    0.50    0.50    0.50  clk       --    
act_fine_i[27]
              0.50    0.50    0.50    0.50  clk       --    
act_fine_i[28]
              0.50    0.50    0.50    0.50  clk       --    
act_fine_i[29]
              0.50    0.50    0.50    0.50  clk       --    
act_fine_i[30]
              0.50    0.50    0.50    0.50  clk       --    
act_fine_i[31]
              0.50    0.50    0.50    0.50  clk       --    
act_fine_i[32]
              0.50    0.50    0.50    0.50  clk       --    
act_fine_i[33]
              0.50    0.50    0.50    0.50  clk       --    
act_fine_i[34]
              0.50    0.50    0.50    0.50  clk       --    
act_fine_i[35]
              0.50    0.50    0.50    0.50  clk       --    
act_fine_i[36]
              0.50    0.50    0.50    0.50  clk       --    
act_fine_i[37]
              0.50    0.50    0.50    0.50  clk       --    
act_fine_i[38]
              0.50    0.50    0.50    0.50  clk       --    
act_fine_i[39]
              0.50    0.50    0.50    0.50  clk       --    
act_fine_i[40]
              0.50    0.50    0.50    0.50  clk       --    
act_fine_i[41]
              0.50    0.50    0.50    0.50  clk       --    
act_fine_i[42]
              0.50    0.50    0.50    0.50  clk       --    
act_fine_i[43]
              0.50    0.50    0.50    0.50  clk       --    
act_fine_i[44]
              0.50    0.50    0.50    0.50  clk       --    
act_fine_i[45]
              0.50    0.50    0.50    0.50  clk       --    
act_fine_i[46]
              0.50    0.50    0.50    0.50  clk       --    
act_fine_i[47]
              0.50    0.50    0.50    0.50  clk       --    
act_fine_i[48]
              0.50    0.50    0.50    0.50  clk       --    
act_fine_i[49]
              0.50    0.50    0.50    0.50  clk       --    
act_fine_i[50]
              0.50    0.50    0.50    0.50  clk       --    
act_fine_i[51]
              0.50    0.50    0.50    0.50  clk       --    
act_fine_i[52]
              0.50    0.50    0.50    0.50  clk       --    
act_fine_i[53]
              0.50    0.50    0.50    0.50  clk       --    
act_fine_i[54]
              0.50    0.50    0.50    0.50  clk       --    
act_fine_i[55]
              0.50    0.50    0.50    0.50  clk       --    
act_fine_i[56]
              0.50    0.50    0.50    0.50  clk       --    
act_fine_i[57]
              0.50    0.50    0.50    0.50  clk       --    
act_fine_i[58]
              0.50    0.50    0.50    0.50  clk       --    
act_fine_i[59]
              0.50    0.50    0.50    0.50  clk       --    
act_fine_i[60]
              0.50    0.50    0.50    0.50  clk       --    
act_fine_i[61]
              0.50    0.50    0.50    0.50  clk       --    
act_fine_i[62]
              0.50    0.50    0.50    0.50  clk       --    
act_fine_i[63]
              0.50    0.50    0.50    0.50  clk       --    
act_fine_i[64]
              0.50    0.50    0.50    0.50  clk       --    
act_fine_i[65]
              0.50    0.50    0.50    0.50  clk       --    
act_fine_i[66]
              0.50    0.50    0.50    0.50  clk       --    
act_fine_i[67]
              0.50    0.50    0.50    0.50  clk       --    
act_fine_i[68]
              0.50    0.50    0.50    0.50  clk       --    
act_fine_i[69]
              0.50    0.50    0.50    0.50  clk       --    
act_fine_i[70]
              0.50    0.50    0.50    0.50  clk       --    
act_fine_i[71]
              0.50    0.50    0.50    0.50  clk       --    
act_fine_i[72]
              0.50    0.50    0.50    0.50  clk       --    
act_fine_i[73]
              0.50    0.50    0.50    0.50  clk       --    
act_fine_i[74]
              0.50    0.50    0.50    0.50  clk       --    
act_fine_i[75]
              0.50    0.50    0.50    0.50  clk       --    
act_fine_i[76]
              0.50    0.50    0.50    0.50  clk       --    
act_fine_i[77]
              0.50    0.50    0.50    0.50  clk       --    
act_fine_i[78]
              0.50    0.50    0.50    0.50  clk       --    
act_fine_i[79]
              0.50    0.50    0.50    0.50  clk       --    
act_fine_i[80]
              0.50    0.50    0.50    0.50  clk       --    
act_fine_i[81]
              0.50    0.50    0.50    0.50  clk       --    
act_fine_i[82]
              0.50    0.50    0.50    0.50  clk       --    
act_fine_i[83]
              0.50    0.50    0.50    0.50  clk       --    
act_fine_i[84]
              0.50    0.50    0.50    0.50  clk       --    
act_fine_i[85]
              0.50    0.50    0.50    0.50  clk       --    
act_fine_i[86]
              0.50    0.50    0.50    0.50  clk       --    
act_fine_i[87]
              0.50    0.50    0.50    0.50  clk       --    
act_fine_i[88]
              0.50    0.50    0.50    0.50  clk       --    
act_fine_i[89]
              0.50    0.50    0.50    0.50  clk       --    
act_fine_i[90]
              0.50    0.50    0.50    0.50  clk       --    
act_fine_i[91]
              0.50    0.50    0.50    0.50  clk       --    
act_fine_i[92]
              0.50    0.50    0.50    0.50  clk       --    
act_fine_i[93]
              0.50    0.50    0.50    0.50  clk       --    
act_fine_i[94]
              0.50    0.50    0.50    0.50  clk       --    
act_fine_i[95]
              0.50    0.50    0.50    0.50  clk       --    
act_fine_i[96]
              0.50    0.50    0.50    0.50  clk       --    
act_fine_i[97]
              0.50    0.50    0.50    0.50  clk       --    
act_fine_i[98]
              0.50    0.50    0.50    0.50  clk       --    
act_fine_i[99]
              0.50    0.50    0.50    0.50  clk       --    
act_fine_i[100]
              0.50    0.50    0.50    0.50  clk       --    
act_fine_i[101]
              0.50    0.50    0.50    0.50  clk       --    
act_fine_i[102]
              0.50    0.50    0.50    0.50  clk       --    
act_fine_i[103]
              0.50    0.50    0.50    0.50  clk       --    
act_fine_i[104]
              0.50    0.50    0.50    0.50  clk       --    
act_fine_i[105]
              0.50    0.50    0.50    0.50  clk       --    
act_fine_i[106]
              0.50    0.50    0.50    0.50  clk       --    
act_fine_i[107]
              0.50    0.50    0.50    0.50  clk       --    
act_fine_i[108]
              0.50    0.50    0.50    0.50  clk       --    
act_fine_i[109]
              0.50    0.50    0.50    0.50  clk       --    
act_fine_i[110]
              0.50    0.50    0.50    0.50  clk       --    
act_fine_i[111]
              0.50    0.50    0.50    0.50  clk       --    
act_fine_i[112]
              0.50    0.50    0.50    0.50  clk       --    
act_fine_i[113]
              0.50    0.50    0.50    0.50  clk       --    
act_fine_i[114]
              0.50    0.50    0.50    0.50  clk       --    
act_fine_i[115]
              0.50    0.50    0.50    0.50  clk       --    
act_fine_i[116]
              0.50    0.50    0.50    0.50  clk       --    
act_fine_i[117]
              0.50    0.50    0.50    0.50  clk       --    
act_fine_i[118]
              0.50    0.50    0.50    0.50  clk       --    
act_fine_i[119]
              0.50    0.50    0.50    0.50  clk       --    
act_fine_i[120]
              0.50    0.50    0.50    0.50  clk       --    
act_fine_i[121]
              0.50    0.50    0.50    0.50  clk       --    
act_fine_i[122]
              0.50    0.50    0.50    0.50  clk       --    
act_fine_i[123]
              0.50    0.50    0.50    0.50  clk       --    
act_fine_i[124]
              0.50    0.50    0.50    0.50  clk       --    
act_fine_i[125]
              0.50    0.50    0.50    0.50  clk       --    
act_fine_i[126]
              0.50    0.50    0.50    0.50  clk       --    
act_fine_i[127]
              0.50    0.50    0.50    0.50  clk       --    
act_valid_i   0.50    0.50    0.50    0.50  clk       --    
act_value_i[0]
              0.50    0.50    0.50    0.50  clk       --    
act_value_i[1]
              0.50    0.50    0.50    0.50  clk       --    
act_value_i[2]
              0.50    0.50    0.50    0.50  clk       --    
act_value_i[3]
              0.50    0.50    0.50    0.50  clk       --    
act_value_i[4]
              0.50    0.50    0.50    0.50  clk       --    
act_value_i[5]
              0.50    0.50    0.50    0.50  clk       --    
act_value_i[6]
              0.50    0.50    0.50    0.50  clk       --    
act_value_i[7]
              0.50    0.50    0.50    0.50  clk       --    
act_value_i[8]
              0.50    0.50    0.50    0.50  clk       --    
act_value_i[9]
              0.50    0.50    0.50    0.50  clk       --    
act_value_i[10]
              0.50    0.50    0.50    0.50  clk       --    
act_value_i[11]
              0.50    0.50    0.50    0.50  clk       --    
act_value_i[12]
              0.50    0.50    0.50    0.50  clk       --    
act_value_i[13]
              0.50    0.50    0.50    0.50  clk       --    
act_value_i[14]
              0.50    0.50    0.50    0.50  clk       --    
act_value_i[15]
              0.50    0.50    0.50    0.50  clk       --    
act_value_i[16]
              0.50    0.50    0.50    0.50  clk       --    
act_value_i[17]
              0.50    0.50    0.50    0.50  clk       --    
act_value_i[18]
              0.50    0.50    0.50    0.50  clk       --    
act_value_i[19]
              0.50    0.50    0.50    0.50  clk       --    
act_value_i[20]
              0.50    0.50    0.50    0.50  clk       --    
act_value_i[21]
              0.50    0.50    0.50    0.50  clk       --    
act_value_i[22]
              0.50    0.50    0.50    0.50  clk       --    
act_value_i[23]
              0.50    0.50    0.50    0.50  clk       --    
act_value_i[24]
              0.50    0.50    0.50    0.50  clk       --    
act_value_i[25]
              0.50    0.50    0.50    0.50  clk       --    
act_value_i[26]
              0.50    0.50    0.50    0.50  clk       --    
act_value_i[27]
              0.50    0.50    0.50    0.50  clk       --    
act_value_i[28]
              0.50    0.50    0.50    0.50  clk       --    
act_value_i[29]
              0.50    0.50    0.50    0.50  clk       --    
act_value_i[30]
              0.50    0.50    0.50    0.50  clk       --    
act_value_i[31]
              0.50    0.50    0.50    0.50  clk       --    
act_value_i[32]
              0.50    0.50    0.50    0.50  clk       --    
act_value_i[33]
              0.50    0.50    0.50    0.50  clk       --    
act_value_i[34]
              0.50    0.50    0.50    0.50  clk       --    
act_value_i[35]
              0.50    0.50    0.50    0.50  clk       --    
act_value_i[36]
              0.50    0.50    0.50    0.50  clk       --    
act_value_i[37]
              0.50    0.50    0.50    0.50  clk       --    
act_value_i[38]
              0.50    0.50    0.50    0.50  clk       --    
act_value_i[39]
              0.50    0.50    0.50    0.50  clk       --    
act_value_i[40]
              0.50    0.50    0.50    0.50  clk       --    
act_value_i[41]
              0.50    0.50    0.50    0.50  clk       --    
act_value_i[42]
              0.50    0.50    0.50    0.50  clk       --    
act_value_i[43]
              0.50    0.50    0.50    0.50  clk       --    
act_value_i[44]
              0.50    0.50    0.50    0.50  clk       --    
act_value_i[45]
              0.50    0.50    0.50    0.50  clk       --    
act_value_i[46]
              0.50    0.50    0.50    0.50  clk       --    
act_value_i[47]
              0.50    0.50    0.50    0.50  clk       --    
act_value_i[48]
              0.50    0.50    0.50    0.50  clk       --    
act_value_i[49]
              0.50    0.50    0.50    0.50  clk       --    
act_value_i[50]
              0.50    0.50    0.50    0.50  clk       --    
act_value_i[51]
              0.50    0.50    0.50    0.50  clk       --    
act_value_i[52]
              0.50    0.50    0.50    0.50  clk       --    
act_value_i[53]
              0.50    0.50    0.50    0.50  clk       --    
act_value_i[54]
              0.50    0.50    0.50    0.50  clk       --    
act_value_i[55]
              0.50    0.50    0.50    0.50  clk       --    
act_value_i[56]
              0.50    0.50    0.50    0.50  clk       --    
act_value_i[57]
              0.50    0.50    0.50    0.50  clk       --    
act_value_i[58]
              0.50    0.50    0.50    0.50  clk       --    
act_value_i[59]
              0.50    0.50    0.50    0.50  clk       --    
act_value_i[60]
              0.50    0.50    0.50    0.50  clk       --    
act_value_i[61]
              0.50    0.50    0.50    0.50  clk       --    
act_value_i[62]
              0.50    0.50    0.50    0.50  clk       --    
act_value_i[63]
              0.50    0.50    0.50    0.50  clk       --    
act_value_i[64]
              0.50    0.50    0.50    0.50  clk       --    
act_value_i[65]
              0.50    0.50    0.50    0.50  clk       --    
act_value_i[66]
              0.50    0.50    0.50    0.50  clk       --    
act_value_i[67]
              0.50    0.50    0.50    0.50  clk       --    
act_value_i[68]
              0.50    0.50    0.50    0.50  clk       --    
act_value_i[69]
              0.50    0.50    0.50    0.50  clk       --    
act_value_i[70]
              0.50    0.50    0.50    0.50  clk       --    
act_value_i[71]
              0.50    0.50    0.50    0.50  clk       --    
act_value_i[72]
              0.50    0.50    0.50    0.50  clk       --    
act_value_i[73]
              0.50    0.50    0.50    0.50  clk       --    
act_value_i[74]
              0.50    0.50    0.50    0.50  clk       --    
act_value_i[75]
              0.50    0.50    0.50    0.50  clk       --    
act_value_i[76]
              0.50    0.50    0.50    0.50  clk       --    
act_value_i[77]
              0.50    0.50    0.50    0.50  clk       --    
act_value_i[78]
              0.50    0.50    0.50    0.50  clk       --    
act_value_i[79]
              0.50    0.50    0.50    0.50  clk       --    
act_value_i[80]
              0.50    0.50    0.50    0.50  clk       --    
act_value_i[81]
              0.50    0.50    0.50    0.50  clk       --    
act_value_i[82]
              0.50    0.50    0.50    0.50  clk       --    
act_value_i[83]
              0.50    0.50    0.50    0.50  clk       --    
act_value_i[84]
              0.50    0.50    0.50    0.50  clk       --    
act_value_i[85]
              0.50    0.50    0.50    0.50  clk       --    
act_value_i[86]
              0.50    0.50    0.50    0.50  clk       --    
act_value_i[87]
              0.50    0.50    0.50    0.50  clk       --    
act_value_i[88]
              0.50    0.50    0.50    0.50  clk       --    
act_value_i[89]
              0.50    0.50    0.50    0.50  clk       --    
act_value_i[90]
              0.50    0.50    0.50    0.50  clk       --    
act_value_i[91]
              0.50    0.50    0.50    0.50  clk       --    
act_value_i[92]
              0.50    0.50    0.50    0.50  clk       --    
act_value_i[93]
              0.50    0.50    0.50    0.50  clk       --    
act_value_i[94]
              0.50    0.50    0.50    0.50  clk       --    
act_value_i[95]
              0.50    0.50    0.50    0.50  clk       --    
act_value_i[96]
              0.50    0.50    0.50    0.50  clk       --    
act_value_i[97]
              0.50    0.50    0.50    0.50  clk       --    
act_value_i[98]
              0.50    0.50    0.50    0.50  clk       --    
act_value_i[99]
              0.50    0.50    0.50    0.50  clk       --    
act_value_i[100]
              0.50    0.50    0.50    0.50  clk       --    
act_value_i[101]
              0.50    0.50    0.50    0.50  clk       --    
act_value_i[102]
              0.50    0.50    0.50    0.50  clk       --    
act_value_i[103]
              0.50    0.50    0.50    0.50  clk       --    
act_value_i[104]
              0.50    0.50    0.50    0.50  clk       --    
act_value_i[105]
              0.50    0.50    0.50    0.50  clk       --    
act_value_i[106]
              0.50    0.50    0.50    0.50  clk       --    
act_value_i[107]
              0.50    0.50    0.50    0.50  clk       --    
act_value_i[108]
              0.50    0.50    0.50    0.50  clk       --    
act_value_i[109]
              0.50    0.50    0.50    0.50  clk       --    
act_value_i[110]
              0.50    0.50    0.50    0.50  clk       --    
act_value_i[111]
              0.50    0.50    0.50    0.50  clk       --    
act_value_i[112]
              0.50    0.50    0.50    0.50  clk       --    
act_value_i[113]
              0.50    0.50    0.50    0.50  clk       --    
act_value_i[114]
              0.50    0.50    0.50    0.50  clk       --    
act_value_i[115]
              0.50    0.50    0.50    0.50  clk       --    
act_value_i[116]
              0.50    0.50    0.50    0.50  clk       --    
act_value_i[117]
              0.50    0.50    0.50    0.50  clk       --    
act_value_i[118]
              0.50    0.50    0.50    0.50  clk       --    
act_value_i[119]
              0.50    0.50    0.50    0.50  clk       --    
act_value_i[120]
              0.50    0.50    0.50    0.50  clk       --    
act_value_i[121]
              0.50    0.50    0.50    0.50  clk       --    
act_value_i[122]
              0.50    0.50    0.50    0.50  clk       --    
act_value_i[123]
              0.50    0.50    0.50    0.50  clk       --    
act_value_i[124]
              0.50    0.50    0.50    0.50  clk       --    
act_value_i[125]
              0.50    0.50    0.50    0.50  clk       --    
act_value_i[126]
              0.50    0.50    0.50    0.50  clk       --    
act_value_i[127]
              0.50    0.50    0.50    0.50  clk       --    
act_value_i[128]
              0.50    0.50    0.50    0.50  clk       --    
act_value_i[129]
              0.50    0.50    0.50    0.50  clk       --    
act_value_i[130]
              0.50    0.50    0.50    0.50  clk       --    
act_value_i[131]
              0.50    0.50    0.50    0.50  clk       --    
act_value_i[132]
              0.50    0.50    0.50    0.50  clk       --    
act_value_i[133]
              0.50    0.50    0.50    0.50  clk       --    
act_value_i[134]
              0.50    0.50    0.50    0.50  clk       --    
act_value_i[135]
              0.50    0.50    0.50    0.50  clk       --    
act_value_i[136]
              0.50    0.50    0.50    0.50  clk       --    
act_value_i[137]
              0.50    0.50    0.50    0.50  clk       --    
act_value_i[138]
              0.50    0.50    0.50    0.50  clk       --    
act_value_i[139]
              0.50    0.50    0.50    0.50  clk       --    
act_value_i[140]
              0.50    0.50    0.50    0.50  clk       --    
act_value_i[141]
              0.50    0.50    0.50    0.50  clk       --    
act_value_i[142]
              0.50    0.50    0.50    0.50  clk       --    
act_value_i[143]
              0.50    0.50    0.50    0.50  clk       --    
act_value_i[144]
              0.50    0.50    0.50    0.50  clk       --    
act_value_i[145]
              0.50    0.50    0.50    0.50  clk       --    
act_value_i[146]
              0.50    0.50    0.50    0.50  clk       --    
act_value_i[147]
              0.50    0.50    0.50    0.50  clk       --    
act_value_i[148]
              0.50    0.50    0.50    0.50  clk       --    
act_value_i[149]
              0.50    0.50    0.50    0.50  clk       --    
act_value_i[150]
              0.50    0.50    0.50    0.50  clk       --    
act_value_i[151]
              0.50    0.50    0.50    0.50  clk       --    
act_value_i[152]
              0.50    0.50    0.50    0.50  clk       --    
act_value_i[153]
              0.50    0.50    0.50    0.50  clk       --    
act_value_i[154]
              0.50    0.50    0.50    0.50  clk       --    
act_value_i[155]
              0.50    0.50    0.50    0.50  clk       --    
act_value_i[156]
              0.50    0.50    0.50    0.50  clk       --    
act_value_i[157]
              0.50    0.50    0.50    0.50  clk       --    
act_value_i[158]
              0.50    0.50    0.50    0.50  clk       --    
act_value_i[159]
              0.50    0.50    0.50    0.50  clk       --    
act_value_i[160]
              0.50    0.50    0.50    0.50  clk       --    
act_value_i[161]
              0.50    0.50    0.50    0.50  clk       --    
act_value_i[162]
              0.50    0.50    0.50    0.50  clk       --    
act_value_i[163]
              0.50    0.50    0.50    0.50  clk       --    
act_value_i[164]
              0.50    0.50    0.50    0.50  clk       --    
act_value_i[165]
              0.50    0.50    0.50    0.50  clk       --    
act_value_i[166]
              0.50    0.50    0.50    0.50  clk       --    
act_value_i[167]
              0.50    0.50    0.50    0.50  clk       --    
act_value_i[168]
              0.50    0.50    0.50    0.50  clk       --    
act_value_i[169]
              0.50    0.50    0.50    0.50  clk       --    
act_value_i[170]
              0.50    0.50    0.50    0.50  clk       --    
act_value_i[171]
              0.50    0.50    0.50    0.50  clk       --    
act_value_i[172]
              0.50    0.50    0.50    0.50  clk       --    
act_value_i[173]
              0.50    0.50    0.50    0.50  clk       --    
act_value_i[174]
              0.50    0.50    0.50    0.50  clk       --    
act_value_i[175]
              0.50    0.50    0.50    0.50  clk       --    
act_value_i[176]
              0.50    0.50    0.50    0.50  clk       --    
act_value_i[177]
              0.50    0.50    0.50    0.50  clk       --    
act_value_i[178]
              0.50    0.50    0.50    0.50  clk       --    
act_value_i[179]
              0.50    0.50    0.50    0.50  clk       --    
act_value_i[180]
              0.50    0.50    0.50    0.50  clk       --    
act_value_i[181]
              0.50    0.50    0.50    0.50  clk       --    
act_value_i[182]
              0.50    0.50    0.50    0.50  clk       --    
act_value_i[183]
              0.50    0.50    0.50    0.50  clk       --    
act_value_i[184]
              0.50    0.50    0.50    0.50  clk       --    
act_value_i[185]
              0.50    0.50    0.50    0.50  clk       --    
act_value_i[186]
              0.50    0.50    0.50    0.50  clk       --    
act_value_i[187]
              0.50    0.50    0.50    0.50  clk       --    
act_value_i[188]
              0.50    0.50    0.50    0.50  clk       --    
act_value_i[189]
              0.50    0.50    0.50    0.50  clk       --    
act_value_i[190]
              0.50    0.50    0.50    0.50  clk       --    
act_value_i[191]
              0.50    0.50    0.50    0.50  clk       --    
act_value_i[192]
              0.50    0.50    0.50    0.50  clk       --    
act_value_i[193]
              0.50    0.50    0.50    0.50  clk       --    
act_value_i[194]
              0.50    0.50    0.50    0.50  clk       --    
act_value_i[195]
              0.50    0.50    0.50    0.50  clk       --    
act_value_i[196]
              0.50    0.50    0.50    0.50  clk       --    
act_value_i[197]
              0.50    0.50    0.50    0.50  clk       --    
act_value_i[198]
              0.50    0.50    0.50    0.50  clk       --    
act_value_i[199]
              0.50    0.50    0.50    0.50  clk       --    
act_value_i[200]
              0.50    0.50    0.50    0.50  clk       --    
act_value_i[201]
              0.50    0.50    0.50    0.50  clk       --    
act_value_i[202]
              0.50    0.50    0.50    0.50  clk       --    
act_value_i[203]
              0.50    0.50    0.50    0.50  clk       --    
act_value_i[204]
              0.50    0.50    0.50    0.50  clk       --    
act_value_i[205]
              0.50    0.50    0.50    0.50  clk       --    
act_value_i[206]
              0.50    0.50    0.50    0.50  clk       --    
act_value_i[207]
              0.50    0.50    0.50    0.50  clk       --    
act_value_i[208]
              0.50    0.50    0.50    0.50  clk       --    
act_value_i[209]
              0.50    0.50    0.50    0.50  clk       --    
act_value_i[210]
              0.50    0.50    0.50    0.50  clk       --    
act_value_i[211]
              0.50    0.50    0.50    0.50  clk       --    
act_value_i[212]
              0.50    0.50    0.50    0.50  clk       --    
act_value_i[213]
              0.50    0.50    0.50    0.50  clk       --    
act_value_i[214]
              0.50    0.50    0.50    0.50  clk       --    
act_value_i[215]
              0.50    0.50    0.50    0.50  clk       --    
act_value_i[216]
              0.50    0.50    0.50    0.50  clk       --    
act_value_i[217]
              0.50    0.50    0.50    0.50  clk       --    
act_value_i[218]
              0.50    0.50    0.50    0.50  clk       --    
act_value_i[219]
              0.50    0.50    0.50    0.50  clk       --    
act_value_i[220]
              0.50    0.50    0.50    0.50  clk       --    
act_value_i[221]
              0.50    0.50    0.50    0.50  clk       --    
act_value_i[222]
              0.50    0.50    0.50    0.50  clk       --    
act_value_i[223]
              0.50    0.50    0.50    0.50  clk       --    
act_value_i[224]
              0.50    0.50    0.50    0.50  clk       --    
act_value_i[225]
              0.50    0.50    0.50    0.50  clk       --    
act_value_i[226]
              0.50    0.50    0.50    0.50  clk       --    
act_value_i[227]
              0.50    0.50    0.50    0.50  clk       --    
act_value_i[228]
              0.50    0.50    0.50    0.50  clk       --    
act_value_i[229]
              0.50    0.50    0.50    0.50  clk       --    
act_value_i[230]
              0.50    0.50    0.50    0.50  clk       --    
act_value_i[231]
              0.50    0.50    0.50    0.50  clk       --    
act_value_i[232]
              0.50    0.50    0.50    0.50  clk       --    
act_value_i[233]
              0.50    0.50    0.50    0.50  clk       --    
act_value_i[234]
              0.50    0.50    0.50    0.50  clk       --    
act_value_i[235]
              0.50    0.50    0.50    0.50  clk       --    
act_value_i[236]
              0.50    0.50    0.50    0.50  clk       --    
act_value_i[237]
              0.50    0.50    0.50    0.50  clk       --    
act_value_i[238]
              0.50    0.50    0.50    0.50  clk       --    
act_value_i[239]
              0.50    0.50    0.50    0.50  clk       --    
act_value_i[240]
              0.50    0.50    0.50    0.50  clk       --    
act_value_i[241]
              0.50    0.50    0.50    0.50  clk       --    
act_value_i[242]
              0.50    0.50    0.50    0.50  clk       --    
act_value_i[243]
              0.50    0.50    0.50    0.50  clk       --    
act_value_i[244]
              0.50    0.50    0.50    0.50  clk       --    
act_value_i[245]
              0.50    0.50    0.50    0.50  clk       --    
act_value_i[246]
              0.50    0.50    0.50    0.50  clk       --    
act_value_i[247]
              0.50    0.50    0.50    0.50  clk       --    
act_value_i[248]
              0.50    0.50    0.50    0.50  clk       --    
act_value_i[249]
              0.50    0.50    0.50    0.50  clk       --    
act_value_i[250]
              0.50    0.50    0.50    0.50  clk       --    
act_value_i[251]
              0.50    0.50    0.50    0.50  clk       --    
act_value_i[252]
              0.50    0.50    0.50    0.50  clk       --    
act_value_i[253]
              0.50    0.50    0.50    0.50  clk       --    
act_value_i[254]
              0.50    0.50    0.50    0.50  clk       --    
act_value_i[255]
              0.50    0.50    0.50    0.50  clk       --    
active_lane_mask_i[0]
              0.50    0.50    0.50    0.50  clk       --    
active_lane_mask_i[1]
              0.50    0.50    0.50    0.50  clk       --    
active_lane_mask_i[2]
              0.50    0.50    0.50    0.50  clk       --    
active_lane_mask_i[3]
              0.50    0.50    0.50    0.50  clk       --    
active_lane_mask_i[4]
              0.50    0.50    0.50    0.50  clk       --    
active_lane_mask_i[5]
              0.50    0.50    0.50    0.50  clk       --    
active_lane_mask_i[6]
              0.50    0.50    0.50    0.50  clk       --    
active_lane_mask_i[7]
              0.50    0.50    0.50    0.50  clk       --    
cfg_addr_i[0]
              0.50    0.50    0.50    0.50  clk       --    
cfg_addr_i[1]
              0.50    0.50    0.50    0.50  clk       --    
cfg_addr_i[2]
              0.50    0.50    0.50    0.50  clk       --    
cfg_addr_i[3]
              0.50    0.50    0.50    0.50  clk       --    
cfg_addr_i[4]
              0.50    0.50    0.50    0.50  clk       --    
cfg_addr_i[5]
              0.50    0.50    0.50    0.50  clk       --    
cfg_addr_i[6]
              0.50    0.50    0.50    0.50  clk       --    
cfg_bank_i    0.50    0.50    0.50    0.50  clk       --    
cfg_path_i[0]
              0.50    0.50    0.50    0.50  clk       --    
cfg_path_i[1]
              0.50    0.50    0.50    0.50  clk       --    
cfg_path_i[2]
              0.50    0.50    0.50    0.50  clk       --    
cfg_path_i[3]
              0.50    0.50    0.50    0.50  clk       --    
cfg_target_i[0]
              0.50    0.50    0.50    0.50  clk       --    
cfg_target_i[1]
              0.50    0.50    0.50    0.50  clk       --    
cfg_target_i[2]
              0.50    0.50    0.50    0.50  clk       --    
cfg_valid_i   0.50    0.50    0.50    0.50  clk       --    
cfg_wdata_i[0]
              0.50    0.50    0.50    0.50  clk       --    
cfg_wdata_i[1]
              0.50    0.50    0.50    0.50  clk       --    
cfg_wdata_i[2]
              0.50    0.50    0.50    0.50  clk       --    
cfg_wdata_i[3]
              0.50    0.50    0.50    0.50  clk       --    
cfg_wdata_i[4]
              0.50    0.50    0.50    0.50  clk       --    
cfg_wdata_i[5]
              0.50    0.50    0.50    0.50  clk       --    
cfg_wdata_i[6]
              0.50    0.50    0.50    0.50  clk       --    
cfg_wdata_i[7]
              0.50    0.50    0.50    0.50  clk       --    
cfg_wdata_i[8]
              0.50    0.50    0.50    0.50  clk       --    
cfg_wdata_i[9]
              0.50    0.50    0.50    0.50  clk       --    
cfg_wdata_i[10]
              0.50    0.50    0.50    0.50  clk       --    
cfg_wdata_i[11]
              0.50    0.50    0.50    0.50  clk       --    
cfg_wdata_i[12]
              0.50    0.50    0.50    0.50  clk       --    
cfg_wdata_i[13]
              0.50    0.50    0.50    0.50  clk       --    
cfg_wdata_i[14]
              0.50    0.50    0.50    0.50  clk       --    
cfg_wdata_i[15]
              0.50    0.50    0.50    0.50  clk       --    
cfg_wdata_i[16]
              0.50    0.50    0.50    0.50  clk       --    
cfg_wdata_i[17]
              0.50    0.50    0.50    0.50  clk       --    
cfg_wdata_i[18]
              0.50    0.50    0.50    0.50  clk       --    
cfg_wdata_i[19]
              0.50    0.50    0.50    0.50  clk       --    
cfg_wdata_i[20]
              0.50    0.50    0.50    0.50  clk       --    
cfg_wdata_i[21]
              0.50    0.50    0.50    0.50  clk       --    
cfg_wdata_i[22]
              0.50    0.50    0.50    0.50  clk       --    
cfg_wdata_i[23]
              0.50    0.50    0.50    0.50  clk       --    
cfg_wdata_i[24]
              0.50    0.50    0.50    0.50  clk       --    
cfg_wdata_i[25]
              0.50    0.50    0.50    0.50  clk       --    
cfg_wdata_i[26]
              0.50    0.50    0.50    0.50  clk       --    
cfg_wdata_i[27]
              0.50    0.50    0.50    0.50  clk       --    
cfg_wdata_i[28]
              0.50    0.50    0.50    0.50  clk       --    
cfg_wdata_i[29]
              0.50    0.50    0.50    0.50  clk       --    
cfg_wdata_i[30]
              0.50    0.50    0.50    0.50  clk       --    
cfg_wdata_i[31]
              0.50    0.50    0.50    0.50  clk       --    
cfg_word_i[0]
              0.50    0.50    0.50    0.50  clk       --    
cfg_word_i[1]
              0.50    0.50    0.50    0.50  clk       --    
cfg_word_i[2]
              0.50    0.50    0.50    0.50  clk       --    
cfg_word_i[3]
              0.50    0.50    0.50    0.50  clk       --    
clk_i         --      --      --      --      --      -- 
rst_ni        0.50    0.50    0.50    0.50  clk       --    
start_i       0.50    0.50    0.50    0.50  clk       --    


                    Driving Cell
Input Port   Rise(min/max)      Fall(min/max)      Mult(min/max)  Attrs(min/max)
--------------------------------------------------------------------------------
act_block_idx_i[0]
             BUFV4_140P7T35R    BUFV4_140P7T35R      -- /  --     
act_block_idx_i[1]
             BUFV4_140P7T35R    BUFV4_140P7T35R      -- /  --     
act_block_idx_i[2]
             BUFV4_140P7T35R    BUFV4_140P7T35R      -- /  --     
act_block_idx_i[3]
             BUFV4_140P7T35R    BUFV4_140P7T35R      -- /  --     
act_block_idx_i[4]
             BUFV4_140P7T35R    BUFV4_140P7T35R      -- /  --     
act_block_idx_i[5]
             BUFV4_140P7T35R    BUFV4_140P7T35R      -- /  --     
act_block_idx_i[6]
             BUFV4_140P7T35R    BUFV4_140P7T35R      -- /  --     
act_fine_i[0]
             BUFV4_140P7T35R    BUFV4_140P7T35R      -- /  --     
act_fine_i[1]
             BUFV4_140P7T35R    BUFV4_140P7T35R      -- /  --     
act_fine_i[2]
             BUFV4_140P7T35R    BUFV4_140P7T35R      -- /  --     
act_fine_i[3]
             BUFV4_140P7T35R    BUFV4_140P7T35R      -- /  --     
act_fine_i[4]
             BUFV4_140P7T35R    BUFV4_140P7T35R      -- /  --     
act_fine_i[5]
             BUFV4_140P7T35R    BUFV4_140P7T35R      -- /  --     
act_fine_i[6]
             BUFV4_140P7T35R    BUFV4_140P7T35R      -- /  --     
act_fine_i[7]
             BUFV4_140P7T35R    BUFV4_140P7T35R      -- /  --     
act_fine_i[8]
             BUFV4_140P7T35R    BUFV4_140P7T35R      -- /  --     
act_fine_i[9]
             BUFV4_140P7T35R    BUFV4_140P7T35R      -- /  --     
act_fine_i[10]
             BUFV4_140P7T35R    BUFV4_140P7T35R      -- /  --     
act_fine_i[11]
             BUFV4_140P7T35R    BUFV4_140P7T35R      -- /  --     
act_fine_i[12]
             BUFV4_140P7T35R    BUFV4_140P7T35R      -- /  --     
act_fine_i[13]
             BUFV4_140P7T35R    BUFV4_140P7T35R      -- /  --     
act_fine_i[14]
             BUFV4_140P7T35R    BUFV4_140P7T35R      -- /  --     
act_fine_i[15]
             BUFV4_140P7T35R    BUFV4_140P7T35R      -- /  --     
act_fine_i[16]
             BUFV4_140P7T35R    BUFV4_140P7T35R      -- /  --     
act_fine_i[17]
             BUFV4_140P7T35R    BUFV4_140P7T35R      -- /  --     
act_fine_i[18]
             BUFV4_140P7T35R    BUFV4_140P7T35R      -- /  --     
act_fine_i[19]
             BUFV4_140P7T35R    BUFV4_140P7T35R      -- /  --     
act_fine_i[20]
             BUFV4_140P7T35R    BUFV4_140P7T35R      -- /  --     
act_fine_i[21]
             BUFV4_140P7T35R    BUFV4_140P7T35R      -- /  --     
act_fine_i[22]
             BUFV4_140P7T35R    BUFV4_140P7T35R      -- /  --     
act_fine_i[23]
             BUFV4_140P7T35R    BUFV4_140P7T35R      -- /  --     
act_fine_i[24]
             BUFV4_140P7T35R    BUFV4_140P7T35R      -- /  --     
act_fine_i[25]
             BUFV4_140P7T35R    BUFV4_140P7T35R      -- /  --     
act_fine_i[26]
             BUFV4_140P7T35R    BUFV4_140P7T35R      -- /  --     
act_fine_i[27]
             BUFV4_140P7T35R    BUFV4_140P7T35R      -- /  --     
act_fine_i[28]
             BUFV4_140P7T35R    BUFV4_140P7T35R      -- /  --     
act_fine_i[29]
             BUFV4_140P7T35R    BUFV4_140P7T35R      -- /  --     
act_fine_i[30]
             BUFV4_140P7T35R    BUFV4_140P7T35R      -- /  --     
act_fine_i[31]
             BUFV4_140P7T35R    BUFV4_140P7T35R      -- /  --     
act_fine_i[32]
             BUFV4_140P7T35R    BUFV4_140P7T35R      -- /  --     
act_fine_i[33]
             BUFV4_140P7T35R    BUFV4_140P7T35R      -- /  --     
act_fine_i[34]
             BUFV4_140P7T35R    BUFV4_140P7T35R      -- /  --     
act_fine_i[35]
             BUFV4_140P7T35R    BUFV4_140P7T35R      -- /  --     
act_fine_i[36]
             BUFV4_140P7T35R    BUFV4_140P7T35R      -- /  --     
act_fine_i[37]
             BUFV4_140P7T35R    BUFV4_140P7T35R      -- /  --     
act_fine_i[38]
             BUFV4_140P7T35R    BUFV4_140P7T35R      -- /  --     
act_fine_i[39]
             BUFV4_140P7T35R    BUFV4_140P7T35R      -- /  --     
act_fine_i[40]
             BUFV4_140P7T35R    BUFV4_140P7T35R      -- /  --     
act_fine_i[41]
             BUFV4_140P7T35R    BUFV4_140P7T35R      -- /  --     
act_fine_i[42]
             BUFV4_140P7T35R    BUFV4_140P7T35R      -- /  --     
act_fine_i[43]
             BUFV4_140P7T35R    BUFV4_140P7T35R      -- /  --     
act_fine_i[44]
             BUFV4_140P7T35R    BUFV4_140P7T35R      -- /  --     
act_fine_i[45]
             BUFV4_140P7T35R    BUFV4_140P7T35R      -- /  --     
act_fine_i[46]
             BUFV4_140P7T35R    BUFV4_140P7T35R      -- /  --     
act_fine_i[47]
             BUFV4_140P7T35R    BUFV4_140P7T35R      -- /  --     
act_fine_i[48]
             BUFV4_140P7T35R    BUFV4_140P7T35R      -- /  --     
act_fine_i[49]
             BUFV4_140P7T35R    BUFV4_140P7T35R      -- /  --     
act_fine_i[50]
             BUFV4_140P7T35R    BUFV4_140P7T35R      -- /  --     
act_fine_i[51]
             BUFV4_140P7T35R    BUFV4_140P7T35R      -- /  --     
act_fine_i[52]
             BUFV4_140P7T35R    BUFV4_140P7T35R      -- /  --     
act_fine_i[53]
             BUFV4_140P7T35R    BUFV4_140P7T35R      -- /  --     
act_fine_i[54]
             BUFV4_140P7T35R    BUFV4_140P7T35R      -- /  --     
act_fine_i[55]
             BUFV4_140P7T35R    BUFV4_140P7T35R      -- /  --     
act_fine_i[56]
             BUFV4_140P7T35R    BUFV4_140P7T35R      -- /  --     
act_fine_i[57]
             BUFV4_140P7T35R    BUFV4_140P7T35R      -- /  --     
act_fine_i[58]
             BUFV4_140P7T35R    BUFV4_140P7T35R      -- /  --     
act_fine_i[59]
             BUFV4_140P7T35R    BUFV4_140P7T35R      -- /  --     
act_fine_i[60]
             BUFV4_140P7T35R    BUFV4_140P7T35R      -- /  --     
act_fine_i[61]
             BUFV4_140P7T35R    BUFV4_140P7T35R      -- /  --     
act_fine_i[62]
             BUFV4_140P7T35R    BUFV4_140P7T35R      -- /  --     
act_fine_i[63]
             BUFV4_140P7T35R    BUFV4_140P7T35R      -- /  --     
act_fine_i[64]
             BUFV4_140P7T35R    BUFV4_140P7T35R      -- /  --     
act_fine_i[65]
             BUFV4_140P7T35R    BUFV4_140P7T35R      -- /  --     
act_fine_i[66]
             BUFV4_140P7T35R    BUFV4_140P7T35R      -- /  --     
act_fine_i[67]
             BUFV4_140P7T35R    BUFV4_140P7T35R      -- /  --     
act_fine_i[68]
             BUFV4_140P7T35R    BUFV4_140P7T35R      -- /  --     
act_fine_i[69]
             BUFV4_140P7T35R    BUFV4_140P7T35R      -- /  --     
act_fine_i[70]
             BUFV4_140P7T35R    BUFV4_140P7T35R      -- /  --     
act_fine_i[71]
             BUFV4_140P7T35R    BUFV4_140P7T35R      -- /  --     
act_fine_i[72]
             BUFV4_140P7T35R    BUFV4_140P7T35R      -- /  --     
act_fine_i[73]
             BUFV4_140P7T35R    BUFV4_140P7T35R      -- /  --     
act_fine_i[74]
             BUFV4_140P7T35R    BUFV4_140P7T35R      -- /  --     
act_fine_i[75]
             BUFV4_140P7T35R    BUFV4_140P7T35R      -- /  --     
act_fine_i[76]
             BUFV4_140P7T35R    BUFV4_140P7T35R      -- /  --     
act_fine_i[77]
             BUFV4_140P7T35R    BUFV4_140P7T35R      -- /  --     
act_fine_i[78]
             BUFV4_140P7T35R    BUFV4_140P7T35R      -- /  --     
act_fine_i[79]
             BUFV4_140P7T35R    BUFV4_140P7T35R      -- /  --     
act_fine_i[80]
             BUFV4_140P7T35R    BUFV4_140P7T35R      -- /  --     
act_fine_i[81]
             BUFV4_140P7T35R    BUFV4_140P7T35R      -- /  --     
act_fine_i[82]
             BUFV4_140P7T35R    BUFV4_140P7T35R      -- /  --     
act_fine_i[83]
             BUFV4_140P7T35R    BUFV4_140P7T35R      -- /  --     
act_fine_i[84]
             BUFV4_140P7T35R    BUFV4_140P7T35R      -- /  --     
act_fine_i[85]
             BUFV4_140P7T35R    BUFV4_140P7T35R      -- /  --     
act_fine_i[86]
             BUFV4_140P7T35R    BUFV4_140P7T35R      -- /  --     
act_fine_i[87]
             BUFV4_140P7T35R    BUFV4_140P7T35R      -- /  --     
act_fine_i[88]
             BUFV4_140P7T35R    BUFV4_140P7T35R      -- /  --     
act_fine_i[89]
             BUFV4_140P7T35R    BUFV4_140P7T35R      -- /  --     
act_fine_i[90]
             BUFV4_140P7T35R    BUFV4_140P7T35R      -- /  --     
act_fine_i[91]
             BUFV4_140P7T35R    BUFV4_140P7T35R      -- /  --     
act_fine_i[92]
             BUFV4_140P7T35R    BUFV4_140P7T35R      -- /  --     
act_fine_i[93]
             BUFV4_140P7T35R    BUFV4_140P7T35R      -- /  --     
act_fine_i[94]
             BUFV4_140P7T35R    BUFV4_140P7T35R      -- /  --     
act_fine_i[95]
             BUFV4_140P7T35R    BUFV4_140P7T35R      -- /  --     
act_fine_i[96]
             BUFV4_140P7T35R    BUFV4_140P7T35R      -- /  --     
act_fine_i[97]
             BUFV4_140P7T35R    BUFV4_140P7T35R      -- /  --     
act_fine_i[98]
             BUFV4_140P7T35R    BUFV4_140P7T35R      -- /  --     
act_fine_i[99]
             BUFV4_140P7T35R    BUFV4_140P7T35R      -- /  --     
act_fine_i[100]
             BUFV4_140P7T35R    BUFV4_140P7T35R      -- /  --     
act_fine_i[101]
             BUFV4_140P7T35R    BUFV4_140P7T35R      -- /  --     
act_fine_i[102]
             BUFV4_140P7T35R    BUFV4_140P7T35R      -- /  --     
act_fine_i[103]
             BUFV4_140P7T35R    BUFV4_140P7T35R      -- /  --     
act_fine_i[104]
             BUFV4_140P7T35R    BUFV4_140P7T35R      -- /  --     
act_fine_i[105]
             BUFV4_140P7T35R    BUFV4_140P7T35R      -- /  --     
act_fine_i[106]
             BUFV4_140P7T35R    BUFV4_140P7T35R      -- /  --     
act_fine_i[107]
             BUFV4_140P7T35R    BUFV4_140P7T35R      -- /  --     
act_fine_i[108]
             BUFV4_140P7T35R    BUFV4_140P7T35R      -- /  --     
act_fine_i[109]
             BUFV4_140P7T35R    BUFV4_140P7T35R      -- /  --     
act_fine_i[110]
             BUFV4_140P7T35R    BUFV4_140P7T35R      -- /  --     
act_fine_i[111]
             BUFV4_140P7T35R    BUFV4_140P7T35R      -- /  --     
act_fine_i[112]
             BUFV4_140P7T35R    BUFV4_140P7T35R      -- /  --     
act_fine_i[113]
             BUFV4_140P7T35R    BUFV4_140P7T35R      -- /  --     
act_fine_i[114]
             BUFV4_140P7T35R    BUFV4_140P7T35R      -- /  --     
act_fine_i[115]
             BUFV4_140P7T35R    BUFV4_140P7T35R      -- /  --     
act_fine_i[116]
             BUFV4_140P7T35R    BUFV4_140P7T35R      -- /  --     
act_fine_i[117]
             BUFV4_140P7T35R    BUFV4_140P7T35R      -- /  --     
act_fine_i[118]
             BUFV4_140P7T35R    BUFV4_140P7T35R      -- /  --     
act_fine_i[119]
             BUFV4_140P7T35R    BUFV4_140P7T35R      -- /  --     
act_fine_i[120]
             BUFV4_140P7T35R    BUFV4_140P7T35R      -- /  --     
act_fine_i[121]
             BUFV4_140P7T35R    BUFV4_140P7T35R      -- /  --     
act_fine_i[122]
             BUFV4_140P7T35R    BUFV4_140P7T35R      -- /  --     
act_fine_i[123]
             BUFV4_140P7T35R    BUFV4_140P7T35R      -- /  --     
act_fine_i[124]
             BUFV4_140P7T35R    BUFV4_140P7T35R      -- /  --     
act_fine_i[125]
             BUFV4_140P7T35R    BUFV4_140P7T35R      -- /  --     
act_fine_i[126]
             BUFV4_140P7T35R    BUFV4_140P7T35R      -- /  --     
act_fine_i[127]
             BUFV4_140P7T35R    BUFV4_140P7T35R      -- /  --     
act_valid_i  BUFV4_140P7T35R    BUFV4_140P7T35R      -- /  --     
act_value_i[0]
             BUFV4_140P7T35R    BUFV4_140P7T35R      -- /  --     
act_value_i[1]
             BUFV4_140P7T35R    BUFV4_140P7T35R      -- /  --     
act_value_i[2]
             BUFV4_140P7T35R    BUFV4_140P7T35R      -- /  --     
act_value_i[3]
             BUFV4_140P7T35R    BUFV4_140P7T35R      -- /  --     
act_value_i[4]
             BUFV4_140P7T35R    BUFV4_140P7T35R      -- /  --     
act_value_i[5]
             BUFV4_140P7T35R    BUFV4_140P7T35R      -- /  --     
act_value_i[6]
             BUFV4_140P7T35R    BUFV4_140P7T35R      -- /  --     
act_value_i[7]
             BUFV4_140P7T35R    BUFV4_140P7T35R      -- /  --     
act_value_i[8]
             BUFV4_140P7T35R    BUFV4_140P7T35R      -- /  --     
act_value_i[9]
             BUFV4_140P7T35R    BUFV4_140P7T35R      -- /  --     
act_value_i[10]
             BUFV4_140P7T35R    BUFV4_140P7T35R      -- /  --     
act_value_i[11]
             BUFV4_140P7T35R    BUFV4_140P7T35R      -- /  --     
act_value_i[12]
             BUFV4_140P7T35R    BUFV4_140P7T35R      -- /  --     
act_value_i[13]
             BUFV4_140P7T35R    BUFV4_140P7T35R      -- /  --     
act_value_i[14]
             BUFV4_140P7T35R    BUFV4_140P7T35R      -- /  --     
act_value_i[15]
             BUFV4_140P7T35R    BUFV4_140P7T35R      -- /  --     
act_value_i[16]
             BUFV4_140P7T35R    BUFV4_140P7T35R      -- /  --     
act_value_i[17]
             BUFV4_140P7T35R    BUFV4_140P7T35R      -- /  --     
act_value_i[18]
             BUFV4_140P7T35R    BUFV4_140P7T35R      -- /  --     
act_value_i[19]
             BUFV4_140P7T35R    BUFV4_140P7T35R      -- /  --     
act_value_i[20]
             BUFV4_140P7T35R    BUFV4_140P7T35R      -- /  --     
act_value_i[21]
             BUFV4_140P7T35R    BUFV4_140P7T35R      -- /  --     
act_value_i[22]
             BUFV4_140P7T35R    BUFV4_140P7T35R      -- /  --     
act_value_i[23]
             BUFV4_140P7T35R    BUFV4_140P7T35R      -- /  --     
act_value_i[24]
             BUFV4_140P7T35R    BUFV4_140P7T35R      -- /  --     
act_value_i[25]
             BUFV4_140P7T35R    BUFV4_140P7T35R      -- /  --     
act_value_i[26]
             BUFV4_140P7T35R    BUFV4_140P7T35R      -- /  --     
act_value_i[27]
             BUFV4_140P7T35R    BUFV4_140P7T35R      -- /  --     
act_value_i[28]
             BUFV4_140P7T35R    BUFV4_140P7T35R      -- /  --     
act_value_i[29]
             BUFV4_140P7T35R    BUFV4_140P7T35R      -- /  --     
act_value_i[30]
             BUFV4_140P7T35R    BUFV4_140P7T35R      -- /  --     
act_value_i[31]
             BUFV4_140P7T35R    BUFV4_140P7T35R      -- /  --     
act_value_i[32]
             BUFV4_140P7T35R    BUFV4_140P7T35R      -- /  --     
act_value_i[33]
             BUFV4_140P7T35R    BUFV4_140P7T35R      -- /  --     
act_value_i[34]
             BUFV4_140P7T35R    BUFV4_140P7T35R      -- /  --     
act_value_i[35]
             BUFV4_140P7T35R    BUFV4_140P7T35R      -- /  --     
act_value_i[36]
             BUFV4_140P7T35R    BUFV4_140P7T35R      -- /  --     
act_value_i[37]
             BUFV4_140P7T35R    BUFV4_140P7T35R      -- /  --     
act_value_i[38]
             BUFV4_140P7T35R    BUFV4_140P7T35R      -- /  --     
act_value_i[39]
             BUFV4_140P7T35R    BUFV4_140P7T35R      -- /  --     
act_value_i[40]
             BUFV4_140P7T35R    BUFV4_140P7T35R      -- /  --     
act_value_i[41]
             BUFV4_140P7T35R    BUFV4_140P7T35R      -- /  --     
act_value_i[42]
             BUFV4_140P7T35R    BUFV4_140P7T35R      -- /  --     
act_value_i[43]
             BUFV4_140P7T35R    BUFV4_140P7T35R      -- /  --     
act_value_i[44]
             BUFV4_140P7T35R    BUFV4_140P7T35R      -- /  --     
act_value_i[45]
             BUFV4_140P7T35R    BUFV4_140P7T35R      -- /  --     
act_value_i[46]
             BUFV4_140P7T35R    BUFV4_140P7T35R      -- /  --     
act_value_i[47]
             BUFV4_140P7T35R    BUFV4_140P7T35R      -- /  --     
act_value_i[48]
             BUFV4_140P7T35R    BUFV4_140P7T35R      -- /  --     
act_value_i[49]
             BUFV4_140P7T35R    BUFV4_140P7T35R      -- /  --     
act_value_i[50]
             BUFV4_140P7T35R    BUFV4_140P7T35R      -- /  --     
act_value_i[51]
             BUFV4_140P7T35R    BUFV4_140P7T35R      -- /  --     
act_value_i[52]
             BUFV4_140P7T35R    BUFV4_140P7T35R      -- /  --     
act_value_i[53]
             BUFV4_140P7T35R    BUFV4_140P7T35R      -- /  --     
act_value_i[54]
             BUFV4_140P7T35R    BUFV4_140P7T35R      -- /  --     
act_value_i[55]
             BUFV4_140P7T35R    BUFV4_140P7T35R      -- /  --     
act_value_i[56]
             BUFV4_140P7T35R    BUFV4_140P7T35R      -- /  --     
act_value_i[57]
             BUFV4_140P7T35R    BUFV4_140P7T35R      -- /  --     
act_value_i[58]
             BUFV4_140P7T35R    BUFV4_140P7T35R      -- /  --     
act_value_i[59]
             BUFV4_140P7T35R    BUFV4_140P7T35R      -- /  --     
act_value_i[60]
             BUFV4_140P7T35R    BUFV4_140P7T35R      -- /  --     
act_value_i[61]
             BUFV4_140P7T35R    BUFV4_140P7T35R      -- /  --     
act_value_i[62]
             BUFV4_140P7T35R    BUFV4_140P7T35R      -- /  --     
act_value_i[63]
             BUFV4_140P7T35R    BUFV4_140P7T35R      -- /  --     
act_value_i[64]
             BUFV4_140P7T35R    BUFV4_140P7T35R      -- /  --     
act_value_i[65]
             BUFV4_140P7T35R    BUFV4_140P7T35R      -- /  --     
act_value_i[66]
             BUFV4_140P7T35R    BUFV4_140P7T35R      -- /  --     
act_value_i[67]
             BUFV4_140P7T35R    BUFV4_140P7T35R      -- /  --     
act_value_i[68]
             BUFV4_140P7T35R    BUFV4_140P7T35R      -- /  --     
act_value_i[69]
             BUFV4_140P7T35R    BUFV4_140P7T35R      -- /  --     
act_value_i[70]
             BUFV4_140P7T35R    BUFV4_140P7T35R      -- /  --     
act_value_i[71]
             BUFV4_140P7T35R    BUFV4_140P7T35R      -- /  --     
act_value_i[72]
             BUFV4_140P7T35R    BUFV4_140P7T35R      -- /  --     
act_value_i[73]
             BUFV4_140P7T35R    BUFV4_140P7T35R      -- /  --     
act_value_i[74]
             BUFV4_140P7T35R    BUFV4_140P7T35R      -- /  --     
act_value_i[75]
             BUFV4_140P7T35R    BUFV4_140P7T35R      -- /  --     
act_value_i[76]
             BUFV4_140P7T35R    BUFV4_140P7T35R      -- /  --     
act_value_i[77]
             BUFV4_140P7T35R    BUFV4_140P7T35R      -- /  --     
act_value_i[78]
             BUFV4_140P7T35R    BUFV4_140P7T35R      -- /  --     
act_value_i[79]
             BUFV4_140P7T35R    BUFV4_140P7T35R      -- /  --     
act_value_i[80]
             BUFV4_140P7T35R    BUFV4_140P7T35R      -- /  --     
act_value_i[81]
             BUFV4_140P7T35R    BUFV4_140P7T35R      -- /  --     
act_value_i[82]
             BUFV4_140P7T35R    BUFV4_140P7T35R      -- /  --     
act_value_i[83]
             BUFV4_140P7T35R    BUFV4_140P7T35R      -- /  --     
act_value_i[84]
             BUFV4_140P7T35R    BUFV4_140P7T35R      -- /  --     
act_value_i[85]
             BUFV4_140P7T35R    BUFV4_140P7T35R      -- /  --     
act_value_i[86]
             BUFV4_140P7T35R    BUFV4_140P7T35R      -- /  --     
act_value_i[87]
             BUFV4_140P7T35R    BUFV4_140P7T35R      -- /  --     
act_value_i[88]
             BUFV4_140P7T35R    BUFV4_140P7T35R      -- /  --     
act_value_i[89]
             BUFV4_140P7T35R    BUFV4_140P7T35R      -- /  --     
act_value_i[90]
             BUFV4_140P7T35R    BUFV4_140P7T35R      -- /  --     
act_value_i[91]
             BUFV4_140P7T35R    BUFV4_140P7T35R      -- /  --     
act_value_i[92]
             BUFV4_140P7T35R    BUFV4_140P7T35R      -- /  --     
act_value_i[93]
             BUFV4_140P7T35R    BUFV4_140P7T35R      -- /  --     
act_value_i[94]
             BUFV4_140P7T35R    BUFV4_140P7T35R      -- /  --     
act_value_i[95]
             BUFV4_140P7T35R    BUFV4_140P7T35R      -- /  --     
act_value_i[96]
             BUFV4_140P7T35R    BUFV4_140P7T35R      -- /  --     
act_value_i[97]
             BUFV4_140P7T35R    BUFV4_140P7T35R      -- /  --     
act_value_i[98]
             BUFV4_140P7T35R    BUFV4_140P7T35R      -- /  --     
act_value_i[99]
             BUFV4_140P7T35R    BUFV4_140P7T35R      -- /  --     
act_value_i[100]
             BUFV4_140P7T35R    BUFV4_140P7T35R      -- /  --     
act_value_i[101]
             BUFV4_140P7T35R    BUFV4_140P7T35R      -- /  --     
act_value_i[102]
             BUFV4_140P7T35R    BUFV4_140P7T35R      -- /  --     
act_value_i[103]
             BUFV4_140P7T35R    BUFV4_140P7T35R      -- /  --     
act_value_i[104]
             BUFV4_140P7T35R    BUFV4_140P7T35R      -- /  --     
act_value_i[105]
             BUFV4_140P7T35R    BUFV4_140P7T35R      -- /  --     
act_value_i[106]
             BUFV4_140P7T35R    BUFV4_140P7T35R      -- /  --     
act_value_i[107]
             BUFV4_140P7T35R    BUFV4_140P7T35R      -- /  --     
act_value_i[108]
             BUFV4_140P7T35R    BUFV4_140P7T35R      -- /  --     
act_value_i[109]
             BUFV4_140P7T35R    BUFV4_140P7T35R      -- /  --     
act_value_i[110]
             BUFV4_140P7T35R    BUFV4_140P7T35R      -- /  --     
act_value_i[111]
             BUFV4_140P7T35R    BUFV4_140P7T35R      -- /  --     
act_value_i[112]
             BUFV4_140P7T35R    BUFV4_140P7T35R      -- /  --     
act_value_i[113]
             BUFV4_140P7T35R    BUFV4_140P7T35R      -- /  --     
act_value_i[114]
             BUFV4_140P7T35R    BUFV4_140P7T35R      -- /  --     
act_value_i[115]
             BUFV4_140P7T35R    BUFV4_140P7T35R      -- /  --     
act_value_i[116]
             BUFV4_140P7T35R    BUFV4_140P7T35R      -- /  --     
act_value_i[117]
             BUFV4_140P7T35R    BUFV4_140P7T35R      -- /  --     
act_value_i[118]
             BUFV4_140P7T35R    BUFV4_140P7T35R      -- /  --     
act_value_i[119]
             BUFV4_140P7T35R    BUFV4_140P7T35R      -- /  --     
act_value_i[120]
             BUFV4_140P7T35R    BUFV4_140P7T35R      -- /  --     
act_value_i[121]
             BUFV4_140P7T35R    BUFV4_140P7T35R      -- /  --     
act_value_i[122]
             BUFV4_140P7T35R    BUFV4_140P7T35R      -- /  --     
act_value_i[123]
             BUFV4_140P7T35R    BUFV4_140P7T35R      -- /  --     
act_value_i[124]
             BUFV4_140P7T35R    BUFV4_140P7T35R      -- /  --     
act_value_i[125]
             BUFV4_140P7T35R    BUFV4_140P7T35R      -- /  --     
act_value_i[126]
             BUFV4_140P7T35R    BUFV4_140P7T35R      -- /  --     
act_value_i[127]
             BUFV4_140P7T35R    BUFV4_140P7T35R      -- /  --     
act_value_i[128]
             BUFV4_140P7T35R    BUFV4_140P7T35R      -- /  --     
act_value_i[129]
             BUFV4_140P7T35R    BUFV4_140P7T35R      -- /  --     
act_value_i[130]
             BUFV4_140P7T35R    BUFV4_140P7T35R      -- /  --     
act_value_i[131]
             BUFV4_140P7T35R    BUFV4_140P7T35R      -- /  --     
act_value_i[132]
             BUFV4_140P7T35R    BUFV4_140P7T35R      -- /  --     
act_value_i[133]
             BUFV4_140P7T35R    BUFV4_140P7T35R      -- /  --     
act_value_i[134]
             BUFV4_140P7T35R    BUFV4_140P7T35R      -- /  --     
act_value_i[135]
             BUFV4_140P7T35R    BUFV4_140P7T35R      -- /  --     
act_value_i[136]
             BUFV4_140P7T35R    BUFV4_140P7T35R      -- /  --     
act_value_i[137]
             BUFV4_140P7T35R    BUFV4_140P7T35R      -- /  --     
act_value_i[138]
             BUFV4_140P7T35R    BUFV4_140P7T35R      -- /  --     
act_value_i[139]
             BUFV4_140P7T35R    BUFV4_140P7T35R      -- /  --     
act_value_i[140]
             BUFV4_140P7T35R    BUFV4_140P7T35R      -- /  --     
act_value_i[141]
             BUFV4_140P7T35R    BUFV4_140P7T35R      -- /  --     
act_value_i[142]
             BUFV4_140P7T35R    BUFV4_140P7T35R      -- /  --     
act_value_i[143]
             BUFV4_140P7T35R    BUFV4_140P7T35R      -- /  --     
act_value_i[144]
             BUFV4_140P7T35R    BUFV4_140P7T35R      -- /  --     
act_value_i[145]
             BUFV4_140P7T35R    BUFV4_140P7T35R      -- /  --     
act_value_i[146]
             BUFV4_140P7T35R    BUFV4_140P7T35R      -- /  --     
act_value_i[147]
             BUFV4_140P7T35R    BUFV4_140P7T35R      -- /  --     
act_value_i[148]
             BUFV4_140P7T35R    BUFV4_140P7T35R      -- /  --     
act_value_i[149]
             BUFV4_140P7T35R    BUFV4_140P7T35R      -- /  --     
act_value_i[150]
             BUFV4_140P7T35R    BUFV4_140P7T35R      -- /  --     
act_value_i[151]
             BUFV4_140P7T35R    BUFV4_140P7T35R      -- /  --     
act_value_i[152]
             BUFV4_140P7T35R    BUFV4_140P7T35R      -- /  --     
act_value_i[153]
             BUFV4_140P7T35R    BUFV4_140P7T35R      -- /  --     
act_value_i[154]
             BUFV4_140P7T35R    BUFV4_140P7T35R      -- /  --     
act_value_i[155]
             BUFV4_140P7T35R    BUFV4_140P7T35R      -- /  --     
act_value_i[156]
             BUFV4_140P7T35R    BUFV4_140P7T35R      -- /  --     
act_value_i[157]
             BUFV4_140P7T35R    BUFV4_140P7T35R      -- /  --     
act_value_i[158]
             BUFV4_140P7T35R    BUFV4_140P7T35R      -- /  --     
act_value_i[159]
             BUFV4_140P7T35R    BUFV4_140P7T35R      -- /  --     
act_value_i[160]
             BUFV4_140P7T35R    BUFV4_140P7T35R      -- /  --     
act_value_i[161]
             BUFV4_140P7T35R    BUFV4_140P7T35R      -- /  --     
act_value_i[162]
             BUFV4_140P7T35R    BUFV4_140P7T35R      -- /  --     
act_value_i[163]
             BUFV4_140P7T35R    BUFV4_140P7T35R      -- /  --     
act_value_i[164]
             BUFV4_140P7T35R    BUFV4_140P7T35R      -- /  --     
act_value_i[165]
             BUFV4_140P7T35R    BUFV4_140P7T35R      -- /  --     
act_value_i[166]
             BUFV4_140P7T35R    BUFV4_140P7T35R      -- /  --     
act_value_i[167]
             BUFV4_140P7T35R    BUFV4_140P7T35R      -- /  --     
act_value_i[168]
             BUFV4_140P7T35R    BUFV4_140P7T35R      -- /  --     
act_value_i[169]
             BUFV4_140P7T35R    BUFV4_140P7T35R      -- /  --     
act_value_i[170]
             BUFV4_140P7T35R    BUFV4_140P7T35R      -- /  --     
act_value_i[171]
             BUFV4_140P7T35R    BUFV4_140P7T35R      -- /  --     
act_value_i[172]
             BUFV4_140P7T35R    BUFV4_140P7T35R      -- /  --     
act_value_i[173]
             BUFV4_140P7T35R    BUFV4_140P7T35R      -- /  --     
act_value_i[174]
             BUFV4_140P7T35R    BUFV4_140P7T35R      -- /  --     
act_value_i[175]
             BUFV4_140P7T35R    BUFV4_140P7T35R      -- /  --     
act_value_i[176]
             BUFV4_140P7T35R    BUFV4_140P7T35R      -- /  --     
act_value_i[177]
             BUFV4_140P7T35R    BUFV4_140P7T35R      -- /  --     
act_value_i[178]
             BUFV4_140P7T35R    BUFV4_140P7T35R      -- /  --     
act_value_i[179]
             BUFV4_140P7T35R    BUFV4_140P7T35R      -- /  --     
act_value_i[180]
             BUFV4_140P7T35R    BUFV4_140P7T35R      -- /  --     
act_value_i[181]
             BUFV4_140P7T35R    BUFV4_140P7T35R      -- /  --     
act_value_i[182]
             BUFV4_140P7T35R    BUFV4_140P7T35R      -- /  --     
act_value_i[183]
             BUFV4_140P7T35R    BUFV4_140P7T35R      -- /  --     
act_value_i[184]
             BUFV4_140P7T35R    BUFV4_140P7T35R      -- /  --     
act_value_i[185]
             BUFV4_140P7T35R    BUFV4_140P7T35R      -- /  --     
act_value_i[186]
             BUFV4_140P7T35R    BUFV4_140P7T35R      -- /  --     
act_value_i[187]
             BUFV4_140P7T35R    BUFV4_140P7T35R      -- /  --     
act_value_i[188]
             BUFV4_140P7T35R    BUFV4_140P7T35R      -- /  --     
act_value_i[189]
             BUFV4_140P7T35R    BUFV4_140P7T35R      -- /  --     
act_value_i[190]
             BUFV4_140P7T35R    BUFV4_140P7T35R      -- /  --     
act_value_i[191]
             BUFV4_140P7T35R    BUFV4_140P7T35R      -- /  --     
act_value_i[192]
             BUFV4_140P7T35R    BUFV4_140P7T35R      -- /  --     
act_value_i[193]
             BUFV4_140P7T35R    BUFV4_140P7T35R      -- /  --     
act_value_i[194]
             BUFV4_140P7T35R    BUFV4_140P7T35R      -- /  --     
act_value_i[195]
             BUFV4_140P7T35R    BUFV4_140P7T35R      -- /  --     
act_value_i[196]
             BUFV4_140P7T35R    BUFV4_140P7T35R      -- /  --     
act_value_i[197]
             BUFV4_140P7T35R    BUFV4_140P7T35R      -- /  --     
act_value_i[198]
             BUFV4_140P7T35R    BUFV4_140P7T35R      -- /  --     
act_value_i[199]
             BUFV4_140P7T35R    BUFV4_140P7T35R      -- /  --     
act_value_i[200]
             BUFV4_140P7T35R    BUFV4_140P7T35R      -- /  --     
act_value_i[201]
             BUFV4_140P7T35R    BUFV4_140P7T35R      -- /  --     
act_value_i[202]
             BUFV4_140P7T35R    BUFV4_140P7T35R      -- /  --     
act_value_i[203]
             BUFV4_140P7T35R    BUFV4_140P7T35R      -- /  --     
act_value_i[204]
             BUFV4_140P7T35R    BUFV4_140P7T35R      -- /  --     
act_value_i[205]
             BUFV4_140P7T35R    BUFV4_140P7T35R      -- /  --     
act_value_i[206]
             BUFV4_140P7T35R    BUFV4_140P7T35R      -- /  --     
act_value_i[207]
             BUFV4_140P7T35R    BUFV4_140P7T35R      -- /  --     
act_value_i[208]
             BUFV4_140P7T35R    BUFV4_140P7T35R      -- /  --     
act_value_i[209]
             BUFV4_140P7T35R    BUFV4_140P7T35R      -- /  --     
act_value_i[210]
             BUFV4_140P7T35R    BUFV4_140P7T35R      -- /  --     
act_value_i[211]
             BUFV4_140P7T35R    BUFV4_140P7T35R      -- /  --     
act_value_i[212]
             BUFV4_140P7T35R    BUFV4_140P7T35R      -- /  --     
act_value_i[213]
             BUFV4_140P7T35R    BUFV4_140P7T35R      -- /  --     
act_value_i[214]
             BUFV4_140P7T35R    BUFV4_140P7T35R      -- /  --     
act_value_i[215]
             BUFV4_140P7T35R    BUFV4_140P7T35R      -- /  --     
act_value_i[216]
             BUFV4_140P7T35R    BUFV4_140P7T35R      -- /  --     
act_value_i[217]
             BUFV4_140P7T35R    BUFV4_140P7T35R      -- /  --     
act_value_i[218]
             BUFV4_140P7T35R    BUFV4_140P7T35R      -- /  --     
act_value_i[219]
             BUFV4_140P7T35R    BUFV4_140P7T35R      -- /  --     
act_value_i[220]
             BUFV4_140P7T35R    BUFV4_140P7T35R      -- /  --     
act_value_i[221]
             BUFV4_140P7T35R    BUFV4_140P7T35R      -- /  --     
act_value_i[222]
             BUFV4_140P7T35R    BUFV4_140P7T35R      -- /  --     
act_value_i[223]
             BUFV4_140P7T35R    BUFV4_140P7T35R      -- /  --     
act_value_i[224]
             BUFV4_140P7T35R    BUFV4_140P7T35R      -- /  --     
act_value_i[225]
             BUFV4_140P7T35R    BUFV4_140P7T35R      -- /  --     
act_value_i[226]
             BUFV4_140P7T35R    BUFV4_140P7T35R      -- /  --     
act_value_i[227]
             BUFV4_140P7T35R    BUFV4_140P7T35R      -- /  --     
act_value_i[228]
             BUFV4_140P7T35R    BUFV4_140P7T35R      -- /  --     
act_value_i[229]
             BUFV4_140P7T35R    BUFV4_140P7T35R      -- /  --     
act_value_i[230]
             BUFV4_140P7T35R    BUFV4_140P7T35R      -- /  --     
act_value_i[231]
             BUFV4_140P7T35R    BUFV4_140P7T35R      -- /  --     
act_value_i[232]
             BUFV4_140P7T35R    BUFV4_140P7T35R      -- /  --     
act_value_i[233]
             BUFV4_140P7T35R    BUFV4_140P7T35R      -- /  --     
act_value_i[234]
             BUFV4_140P7T35R    BUFV4_140P7T35R      -- /  --     
act_value_i[235]
             BUFV4_140P7T35R    BUFV4_140P7T35R      -- /  --     
act_value_i[236]
             BUFV4_140P7T35R    BUFV4_140P7T35R      -- /  --     
act_value_i[237]
             BUFV4_140P7T35R    BUFV4_140P7T35R      -- /  --     
act_value_i[238]
             BUFV4_140P7T35R    BUFV4_140P7T35R      -- /  --     
act_value_i[239]
             BUFV4_140P7T35R    BUFV4_140P7T35R      -- /  --     
act_value_i[240]
             BUFV4_140P7T35R    BUFV4_140P7T35R      -- /  --     
act_value_i[241]
             BUFV4_140P7T35R    BUFV4_140P7T35R      -- /  --     
act_value_i[242]
             BUFV4_140P7T35R    BUFV4_140P7T35R      -- /  --     
act_value_i[243]
             BUFV4_140P7T35R    BUFV4_140P7T35R      -- /  --     
act_value_i[244]
             BUFV4_140P7T35R    BUFV4_140P7T35R      -- /  --     
act_value_i[245]
             BUFV4_140P7T35R    BUFV4_140P7T35R      -- /  --     
act_value_i[246]
             BUFV4_140P7T35R    BUFV4_140P7T35R      -- /  --     
act_value_i[247]
             BUFV4_140P7T35R    BUFV4_140P7T35R      -- /  --     
act_value_i[248]
             BUFV4_140P7T35R    BUFV4_140P7T35R      -- /  --     
act_value_i[249]
             BUFV4_140P7T35R    BUFV4_140P7T35R      -- /  --     
act_value_i[250]
             BUFV4_140P7T35R    BUFV4_140P7T35R      -- /  --     
act_value_i[251]
             BUFV4_140P7T35R    BUFV4_140P7T35R      -- /  --     
act_value_i[252]
             BUFV4_140P7T35R    BUFV4_140P7T35R      -- /  --     
act_value_i[253]
             BUFV4_140P7T35R    BUFV4_140P7T35R      -- /  --     
act_value_i[254]
             BUFV4_140P7T35R    BUFV4_140P7T35R      -- /  --     
act_value_i[255]
             BUFV4_140P7T35R    BUFV4_140P7T35R      -- /  --     
active_lane_mask_i[0]
             BUFV4_140P7T35R    BUFV4_140P7T35R      -- /  --     
active_lane_mask_i[1]
             BUFV4_140P7T35R    BUFV4_140P7T35R      -- /  --     
active_lane_mask_i[2]
             BUFV4_140P7T35R    BUFV4_140P7T35R      -- /  --     
active_lane_mask_i[3]
             BUFV4_140P7T35R    BUFV4_140P7T35R      -- /  --     
active_lane_mask_i[4]
             BUFV4_140P7T35R    BUFV4_140P7T35R      -- /  --     
active_lane_mask_i[5]
             BUFV4_140P7T35R    BUFV4_140P7T35R      -- /  --     
active_lane_mask_i[6]
             BUFV4_140P7T35R    BUFV4_140P7T35R      -- /  --     
active_lane_mask_i[7]
             BUFV4_140P7T35R    BUFV4_140P7T35R      -- /  --     
cfg_addr_i[0]
             BUFV4_140P7T35R    BUFV4_140P7T35R      -- /  --     
cfg_addr_i[1]
             BUFV4_140P7T35R    BUFV4_140P7T35R      -- /  --     
cfg_addr_i[2]
             BUFV4_140P7T35R    BUFV4_140P7T35R      -- /  --     
cfg_addr_i[3]
             BUFV4_140P7T35R    BUFV4_140P7T35R      -- /  --     
cfg_addr_i[4]
             BUFV4_140P7T35R    BUFV4_140P7T35R      -- /  --     
cfg_addr_i[5]
             BUFV4_140P7T35R    BUFV4_140P7T35R      -- /  --     
cfg_addr_i[6]
             BUFV4_140P7T35R    BUFV4_140P7T35R      -- /  --     
cfg_bank_i   BUFV4_140P7T35R    BUFV4_140P7T35R      -- /  --     
cfg_path_i[0]
             BUFV4_140P7T35R    BUFV4_140P7T35R      -- /  --     
cfg_path_i[1]
             BUFV4_140P7T35R    BUFV4_140P7T35R      -- /  --     
cfg_path_i[2]
             BUFV4_140P7T35R    BUFV4_140P7T35R      -- /  --     
cfg_path_i[3]
             BUFV4_140P7T35R    BUFV4_140P7T35R      -- /  --     
cfg_target_i[0]
             BUFV4_140P7T35R    BUFV4_140P7T35R      -- /  --     
cfg_target_i[1]
             BUFV4_140P7T35R    BUFV4_140P7T35R      -- /  --     
cfg_target_i[2]
             BUFV4_140P7T35R    BUFV4_140P7T35R      -- /  --     
cfg_valid_i  BUFV4_140P7T35R    BUFV4_140P7T35R      -- /  --     
cfg_wdata_i[0]
             BUFV4_140P7T35R    BUFV4_140P7T35R      -- /  --     
cfg_wdata_i[1]
             BUFV4_140P7T35R    BUFV4_140P7T35R      -- /  --     
cfg_wdata_i[2]
             BUFV4_140P7T35R    BUFV4_140P7T35R      -- /  --     
cfg_wdata_i[3]
             BUFV4_140P7T35R    BUFV4_140P7T35R      -- /  --     
cfg_wdata_i[4]
             BUFV4_140P7T35R    BUFV4_140P7T35R      -- /  --     
cfg_wdata_i[5]
             BUFV4_140P7T35R    BUFV4_140P7T35R      -- /  --     
cfg_wdata_i[6]
             BUFV4_140P7T35R    BUFV4_140P7T35R      -- /  --     
cfg_wdata_i[7]
             BUFV4_140P7T35R    BUFV4_140P7T35R      -- /  --     
cfg_wdata_i[8]
             BUFV4_140P7T35R    BUFV4_140P7T35R      -- /  --     
cfg_wdata_i[9]
             BUFV4_140P7T35R    BUFV4_140P7T35R      -- /  --     
cfg_wdata_i[10]
             BUFV4_140P7T35R    BUFV4_140P7T35R      -- /  --     
cfg_wdata_i[11]
             BUFV4_140P7T35R    BUFV4_140P7T35R      -- /  --     
cfg_wdata_i[12]
             BUFV4_140P7T35R    BUFV4_140P7T35R      -- /  --     
cfg_wdata_i[13]
             BUFV4_140P7T35R    BUFV4_140P7T35R      -- /  --     
cfg_wdata_i[14]
             BUFV4_140P7T35R    BUFV4_140P7T35R      -- /  --     
cfg_wdata_i[15]
             BUFV4_140P7T35R    BUFV4_140P7T35R      -- /  --     
cfg_wdata_i[16]
             BUFV4_140P7T35R    BUFV4_140P7T35R      -- /  --     
cfg_wdata_i[17]
             BUFV4_140P7T35R    BUFV4_140P7T35R      -- /  --     
cfg_wdata_i[18]
             BUFV4_140P7T35R    BUFV4_140P7T35R      -- /  --     
cfg_wdata_i[19]
             BUFV4_140P7T35R    BUFV4_140P7T35R      -- /  --     
cfg_wdata_i[20]
             BUFV4_140P7T35R    BUFV4_140P7T35R      -- /  --     
cfg_wdata_i[21]
             BUFV4_140P7T35R    BUFV4_140P7T35R      -- /  --     
cfg_wdata_i[22]
             BUFV4_140P7T35R    BUFV4_140P7T35R      -- /  --     
cfg_wdata_i[23]
             BUFV4_140P7T35R    BUFV4_140P7T35R      -- /  --     
cfg_wdata_i[24]
             BUFV4_140P7T35R    BUFV4_140P7T35R      -- /  --     
cfg_wdata_i[25]
             BUFV4_140P7T35R    BUFV4_140P7T35R      -- /  --     
cfg_wdata_i[26]
             BUFV4_140P7T35R    BUFV4_140P7T35R      -- /  --     
cfg_wdata_i[27]
             BUFV4_140P7T35R    BUFV4_140P7T35R      -- /  --     
cfg_wdata_i[28]
             BUFV4_140P7T35R    BUFV4_140P7T35R      -- /  --     
cfg_wdata_i[29]
             BUFV4_140P7T35R    BUFV4_140P7T35R      -- /  --     
cfg_wdata_i[30]
             BUFV4_140P7T35R    BUFV4_140P7T35R      -- /  --     
cfg_wdata_i[31]
             BUFV4_140P7T35R    BUFV4_140P7T35R      -- /  --     
cfg_word_i[0]
             BUFV4_140P7T35R    BUFV4_140P7T35R      -- /  --     
cfg_word_i[1]
             BUFV4_140P7T35R    BUFV4_140P7T35R      -- /  --     
cfg_word_i[2]
             BUFV4_140P7T35R    BUFV4_140P7T35R      -- /  --     
cfg_word_i[3]
             BUFV4_140P7T35R    BUFV4_140P7T35R      -- /  --     
rst_ni       BUFV4_140P7T35R    BUFV4_140P7T35R      -- /  --     
start_i      BUFV4_140P7T35R    BUFV4_140P7T35R      -- /  --     


               Max Drive      Min Drive      Resistance    Min    Min       Cell
Input Port    Rise    Fall   Rise    Fall   Max     Min    Cap    Fanout    Deg
--------------------------------------------------------------------------------
act_block_idx_i[0]
              --      --     --      --     --      --     --     --        -- 
act_block_idx_i[1]
              --      --     --      --     --      --     --     --        -- 
act_block_idx_i[2]
              --      --     --      --     --      --     --     --        -- 
act_block_idx_i[3]
              --      --     --      --     --      --     --     --        -- 
act_block_idx_i[4]
              --      --     --      --     --      --     --     --        -- 
act_block_idx_i[5]
              --      --     --      --     --      --     --     --        -- 
act_block_idx_i[6]
              --      --     --      --     --      --     --     --        -- 
act_fine_i[0]
              --      --     --      --     --      --     --     --        -- 
act_fine_i[1]
              --      --     --      --     --      --     --     --        -- 
act_fine_i[2]
              --      --     --      --     --      --     --     --        -- 
act_fine_i[3]
              --      --     --      --     --      --     --     --        -- 
act_fine_i[4]
              --      --     --      --     --      --     --     --        -- 
act_fine_i[5]
              --      --     --      --     --      --     --     --        -- 
act_fine_i[6]
              --      --     --      --     --      --     --     --        -- 
act_fine_i[7]
              --      --     --      --     --      --     --     --        -- 
act_fine_i[8]
              --      --     --      --     --      --     --     --        -- 
act_fine_i[9]
              --      --     --      --     --      --     --     --        -- 
act_fine_i[10]
              --      --     --      --     --      --     --     --        -- 
act_fine_i[11]
              --      --     --      --     --      --     --     --        -- 
act_fine_i[12]
              --      --     --      --     --      --     --     --        -- 
act_fine_i[13]
              --      --     --      --     --      --     --     --        -- 
act_fine_i[14]
              --      --     --      --     --      --     --     --        -- 
act_fine_i[15]
              --      --     --      --     --      --     --     --        -- 
act_fine_i[16]
              --      --     --      --     --      --     --     --        -- 
act_fine_i[17]
              --      --     --      --     --      --     --     --        -- 
act_fine_i[18]
              --      --     --      --     --      --     --     --        -- 
act_fine_i[19]
              --      --     --      --     --      --     --     --        -- 
act_fine_i[20]
              --      --     --      --     --      --     --     --        -- 
act_fine_i[21]
              --      --     --      --     --      --     --     --        -- 
act_fine_i[22]
              --      --     --      --     --      --     --     --        -- 
act_fine_i[23]
              --      --     --      --     --      --     --     --        -- 
act_fine_i[24]
              --      --     --      --     --      --     --     --        -- 
act_fine_i[25]
              --      --     --      --     --      --     --     --        -- 
act_fine_i[26]
              --      --     --      --     --      --     --     --        -- 
act_fine_i[27]
              --      --     --      --     --      --     --     --        -- 
act_fine_i[28]
              --      --     --      --     --      --     --     --        -- 
act_fine_i[29]
              --      --     --      --     --      --     --     --        -- 
act_fine_i[30]
              --      --     --      --     --      --     --     --        -- 
act_fine_i[31]
              --      --     --      --     --      --     --     --        -- 
act_fine_i[32]
              --      --     --      --     --      --     --     --        -- 
act_fine_i[33]
              --      --     --      --     --      --     --     --        -- 
act_fine_i[34]
              --      --     --      --     --      --     --     --        -- 
act_fine_i[35]
              --      --     --      --     --      --     --     --        -- 
act_fine_i[36]
              --      --     --      --     --      --     --     --        -- 
act_fine_i[37]
              --      --     --      --     --      --     --     --        -- 
act_fine_i[38]
              --      --     --      --     --      --     --     --        -- 
act_fine_i[39]
              --      --     --      --     --      --     --     --        -- 
act_fine_i[40]
              --      --     --      --     --      --     --     --        -- 
act_fine_i[41]
              --      --     --      --     --      --     --     --        -- 
act_fine_i[42]
              --      --     --      --     --      --     --     --        -- 
act_fine_i[43]
              --      --     --      --     --      --     --     --        -- 
act_fine_i[44]
              --      --     --      --     --      --     --     --        -- 
act_fine_i[45]
              --      --     --      --     --      --     --     --        -- 
act_fine_i[46]
              --      --     --      --     --      --     --     --        -- 
act_fine_i[47]
              --      --     --      --     --      --     --     --        -- 
act_fine_i[48]
              --      --     --      --     --      --     --     --        -- 
act_fine_i[49]
              --      --     --      --     --      --     --     --        -- 
act_fine_i[50]
              --      --     --      --     --      --     --     --        -- 
act_fine_i[51]
              --      --     --      --     --      --     --     --        -- 
act_fine_i[52]
              --      --     --      --     --      --     --     --        -- 
act_fine_i[53]
              --      --     --      --     --      --     --     --        -- 
act_fine_i[54]
              --      --     --      --     --      --     --     --        -- 
act_fine_i[55]
              --      --     --      --     --      --     --     --        -- 
act_fine_i[56]
              --      --     --      --     --      --     --     --        -- 
act_fine_i[57]
              --      --     --      --     --      --     --     --        -- 
act_fine_i[58]
              --      --     --      --     --      --     --     --        -- 
act_fine_i[59]
              --      --     --      --     --      --     --     --        -- 
act_fine_i[60]
              --      --     --      --     --      --     --     --        -- 
act_fine_i[61]
              --      --     --      --     --      --     --     --        -- 
act_fine_i[62]
              --      --     --      --     --      --     --     --        -- 
act_fine_i[63]
              --      --     --      --     --      --     --     --        -- 
act_fine_i[64]
              --      --     --      --     --      --     --     --        -- 
act_fine_i[65]
              --      --     --      --     --      --     --     --        -- 
act_fine_i[66]
              --      --     --      --     --      --     --     --        -- 
act_fine_i[67]
              --      --     --      --     --      --     --     --        -- 
act_fine_i[68]
              --      --     --      --     --      --     --     --        -- 
act_fine_i[69]
              --      --     --      --     --      --     --     --        -- 
act_fine_i[70]
              --      --     --      --     --      --     --     --        -- 
act_fine_i[71]
              --      --     --      --     --      --     --     --        -- 
act_fine_i[72]
              --      --     --      --     --      --     --     --        -- 
act_fine_i[73]
              --      --     --      --     --      --     --     --        -- 
act_fine_i[74]
              --      --     --      --     --      --     --     --        -- 
act_fine_i[75]
              --      --     --      --     --      --     --     --        -- 
act_fine_i[76]
              --      --     --      --     --      --     --     --        -- 
act_fine_i[77]
              --      --     --      --     --      --     --     --        -- 
act_fine_i[78]
              --      --     --      --     --      --     --     --        -- 
act_fine_i[79]
              --      --     --      --     --      --     --     --        -- 
act_fine_i[80]
              --      --     --      --     --      --     --     --        -- 
act_fine_i[81]
              --      --     --      --     --      --     --     --        -- 
act_fine_i[82]
              --      --     --      --     --      --     --     --        -- 
act_fine_i[83]
              --      --     --      --     --      --     --     --        -- 
act_fine_i[84]
              --      --     --      --     --      --     --     --        -- 
act_fine_i[85]
              --      --     --      --     --      --     --     --        -- 
act_fine_i[86]
              --      --     --      --     --      --     --     --        -- 
act_fine_i[87]
              --      --     --      --     --      --     --     --        -- 
act_fine_i[88]
              --      --     --      --     --      --     --     --        -- 
act_fine_i[89]
              --      --     --      --     --      --     --     --        -- 
act_fine_i[90]
              --      --     --      --     --      --     --     --        -- 
act_fine_i[91]
              --      --     --      --     --      --     --     --        -- 
act_fine_i[92]
              --      --     --      --     --      --     --     --        -- 
act_fine_i[93]
              --      --     --      --     --      --     --     --        -- 
act_fine_i[94]
              --      --     --      --     --      --     --     --        -- 
act_fine_i[95]
              --      --     --      --     --      --     --     --        -- 
act_fine_i[96]
              --      --     --      --     --      --     --     --        -- 
act_fine_i[97]
              --      --     --      --     --      --     --     --        -- 
act_fine_i[98]
              --      --     --      --     --      --     --     --        -- 
act_fine_i[99]
              --      --     --      --     --      --     --     --        -- 
act_fine_i[100]
              --      --     --      --     --      --     --     --        -- 
act_fine_i[101]
              --      --     --      --     --      --     --     --        -- 
act_fine_i[102]
              --      --     --      --     --      --     --     --        -- 
act_fine_i[103]
              --      --     --      --     --      --     --     --        -- 
act_fine_i[104]
              --      --     --      --     --      --     --     --        -- 
act_fine_i[105]
              --      --     --      --     --      --     --     --        -- 
act_fine_i[106]
              --      --     --      --     --      --     --     --        -- 
act_fine_i[107]
              --      --     --      --     --      --     --     --        -- 
act_fine_i[108]
              --      --     --      --     --      --     --     --        -- 
act_fine_i[109]
              --      --     --      --     --      --     --     --        -- 
act_fine_i[110]
              --      --     --      --     --      --     --     --        -- 
act_fine_i[111]
              --      --     --      --     --      --     --     --        -- 
act_fine_i[112]
              --      --     --      --     --      --     --     --        -- 
act_fine_i[113]
              --      --     --      --     --      --     --     --        -- 
act_fine_i[114]
              --      --     --      --     --      --     --     --        -- 
act_fine_i[115]
              --      --     --      --     --      --     --     --        -- 
act_fine_i[116]
              --      --     --      --     --      --     --     --        -- 
act_fine_i[117]
              --      --     --      --     --      --     --     --        -- 
act_fine_i[118]
              --      --     --      --     --      --     --     --        -- 
act_fine_i[119]
              --      --     --      --     --      --     --     --        -- 
act_fine_i[120]
              --      --     --      --     --      --     --     --        -- 
act_fine_i[121]
              --      --     --      --     --      --     --     --        -- 
act_fine_i[122]
              --      --     --      --     --      --     --     --        -- 
act_fine_i[123]
              --      --     --      --     --      --     --     --        -- 
act_fine_i[124]
              --      --     --      --     --      --     --     --        -- 
act_fine_i[125]
              --      --     --      --     --      --     --     --        -- 
act_fine_i[126]
              --      --     --      --     --      --     --     --        -- 
act_fine_i[127]
              --      --     --      --     --      --     --     --        -- 
act_valid_i   --      --     --      --     --      --     --     --        -- 
act_value_i[0]
              --      --     --      --     --      --     --     --        -- 
act_value_i[1]
              --      --     --      --     --      --     --     --        -- 
act_value_i[2]
              --      --     --      --     --      --     --     --        -- 
act_value_i[3]
              --      --     --      --     --      --     --     --        -- 
act_value_i[4]
              --      --     --      --     --      --     --     --        -- 
act_value_i[5]
              --      --     --      --     --      --     --     --        -- 
act_value_i[6]
              --      --     --      --     --      --     --     --        -- 
act_value_i[7]
              --      --     --      --     --      --     --     --        -- 
act_value_i[8]
              --      --     --      --     --      --     --     --        -- 
act_value_i[9]
              --      --     --      --     --      --     --     --        -- 
act_value_i[10]
              --      --     --      --     --      --     --     --        -- 
act_value_i[11]
              --      --     --      --     --      --     --     --        -- 
act_value_i[12]
              --      --     --      --     --      --     --     --        -- 
act_value_i[13]
              --      --     --      --     --      --     --     --        -- 
act_value_i[14]
              --      --     --      --     --      --     --     --        -- 
act_value_i[15]
              --      --     --      --     --      --     --     --        -- 
act_value_i[16]
              --      --     --      --     --      --     --     --        -- 
act_value_i[17]
              --      --     --      --     --      --     --     --        -- 
act_value_i[18]
              --      --     --      --     --      --     --     --        -- 
act_value_i[19]
              --      --     --      --     --      --     --     --        -- 
act_value_i[20]
              --      --     --      --     --      --     --     --        -- 
act_value_i[21]
              --      --     --      --     --      --     --     --        -- 
act_value_i[22]
              --      --     --      --     --      --     --     --        -- 
act_value_i[23]
              --      --     --      --     --      --     --     --        -- 
act_value_i[24]
              --      --     --      --     --      --     --     --        -- 
act_value_i[25]
              --      --     --      --     --      --     --     --        -- 
act_value_i[26]
              --      --     --      --     --      --     --     --        -- 
act_value_i[27]
              --      --     --      --     --      --     --     --        -- 
act_value_i[28]
              --      --     --      --     --      --     --     --        -- 
act_value_i[29]
              --      --     --      --     --      --     --     --        -- 
act_value_i[30]
              --      --     --      --     --      --     --     --        -- 
act_value_i[31]
              --      --     --      --     --      --     --     --        -- 
act_value_i[32]
              --      --     --      --     --      --     --     --        -- 
act_value_i[33]
              --      --     --      --     --      --     --     --        -- 
act_value_i[34]
              --      --     --      --     --      --     --     --        -- 
act_value_i[35]
              --      --     --      --     --      --     --     --        -- 
act_value_i[36]
              --      --     --      --     --      --     --     --        -- 
act_value_i[37]
              --      --     --      --     --      --     --     --        -- 
act_value_i[38]
              --      --     --      --     --      --     --     --        -- 
act_value_i[39]
              --      --     --      --     --      --     --     --        -- 
act_value_i[40]
              --      --     --      --     --      --     --     --        -- 
act_value_i[41]
              --      --     --      --     --      --     --     --        -- 
act_value_i[42]
              --      --     --      --     --      --     --     --        -- 
act_value_i[43]
              --      --     --      --     --      --     --     --        -- 
act_value_i[44]
              --      --     --      --     --      --     --     --        -- 
act_value_i[45]
              --      --     --      --     --      --     --     --        -- 
act_value_i[46]
              --      --     --      --     --      --     --     --        -- 
act_value_i[47]
              --      --     --      --     --      --     --     --        -- 
act_value_i[48]
              --      --     --      --     --      --     --     --        -- 
act_value_i[49]
              --      --     --      --     --      --     --     --        -- 
act_value_i[50]
              --      --     --      --     --      --     --     --        -- 
act_value_i[51]
              --      --     --      --     --      --     --     --        -- 
act_value_i[52]
              --      --     --      --     --      --     --     --        -- 
act_value_i[53]
              --      --     --      --     --      --     --     --        -- 
act_value_i[54]
              --      --     --      --     --      --     --     --        -- 
act_value_i[55]
              --      --     --      --     --      --     --     --        -- 
act_value_i[56]
              --      --     --      --     --      --     --     --        -- 
act_value_i[57]
              --      --     --      --     --      --     --     --        -- 
act_value_i[58]
              --      --     --      --     --      --     --     --        -- 
act_value_i[59]
              --      --     --      --     --      --     --     --        -- 
act_value_i[60]
              --      --     --      --     --      --     --     --        -- 
act_value_i[61]
              --      --     --      --     --      --     --     --        -- 
act_value_i[62]
              --      --     --      --     --      --     --     --        -- 
act_value_i[63]
              --      --     --      --     --      --     --     --        -- 
act_value_i[64]
              --      --     --      --     --      --     --     --        -- 
act_value_i[65]
              --      --     --      --     --      --     --     --        -- 
act_value_i[66]
              --      --     --      --     --      --     --     --        -- 
act_value_i[67]
              --      --     --      --     --      --     --     --        -- 
act_value_i[68]
              --      --     --      --     --      --     --     --        -- 
act_value_i[69]
              --      --     --      --     --      --     --     --        -- 
act_value_i[70]
              --      --     --      --     --      --     --     --        -- 
act_value_i[71]
              --      --     --      --     --      --     --     --        -- 
act_value_i[72]
              --      --     --      --     --      --     --     --        -- 
act_value_i[73]
              --      --     --      --     --      --     --     --        -- 
act_value_i[74]
              --      --     --      --     --      --     --     --        -- 
act_value_i[75]
              --      --     --      --     --      --     --     --        -- 
act_value_i[76]
              --      --     --      --     --      --     --     --        -- 
act_value_i[77]
              --      --     --      --     --      --     --     --        -- 
act_value_i[78]
              --      --     --      --     --      --     --     --        -- 
act_value_i[79]
              --      --     --      --     --      --     --     --        -- 
act_value_i[80]
              --      --     --      --     --      --     --     --        -- 
act_value_i[81]
              --      --     --      --     --      --     --     --        -- 
act_value_i[82]
              --      --     --      --     --      --     --     --        -- 
act_value_i[83]
              --      --     --      --     --      --     --     --        -- 
act_value_i[84]
              --      --     --      --     --      --     --     --        -- 
act_value_i[85]
              --      --     --      --     --      --     --     --        -- 
act_value_i[86]
              --      --     --      --     --      --     --     --        -- 
act_value_i[87]
              --      --     --      --     --      --     --     --        -- 
act_value_i[88]
              --      --     --      --     --      --     --     --        -- 
act_value_i[89]
              --      --     --      --     --      --     --     --        -- 
act_value_i[90]
              --      --     --      --     --      --     --     --        -- 
act_value_i[91]
              --      --     --      --     --      --     --     --        -- 
act_value_i[92]
              --      --     --      --     --      --     --     --        -- 
act_value_i[93]
              --      --     --      --     --      --     --     --        -- 
act_value_i[94]
              --      --     --      --     --      --     --     --        -- 
act_value_i[95]
              --      --     --      --     --      --     --     --        -- 
act_value_i[96]
              --      --     --      --     --      --     --     --        -- 
act_value_i[97]
              --      --     --      --     --      --     --     --        -- 
act_value_i[98]
              --      --     --      --     --      --     --     --        -- 
act_value_i[99]
              --      --     --      --     --      --     --     --        -- 
act_value_i[100]
              --      --     --      --     --      --     --     --        -- 
act_value_i[101]
              --      --     --      --     --      --     --     --        -- 
act_value_i[102]
              --      --     --      --     --      --     --     --        -- 
act_value_i[103]
              --      --     --      --     --      --     --     --        -- 
act_value_i[104]
              --      --     --      --     --      --     --     --        -- 
act_value_i[105]
              --      --     --      --     --      --     --     --        -- 
act_value_i[106]
              --      --     --      --     --      --     --     --        -- 
act_value_i[107]
              --      --     --      --     --      --     --     --        -- 
act_value_i[108]
              --      --     --      --     --      --     --     --        -- 
act_value_i[109]
              --      --     --      --     --      --     --     --        -- 
act_value_i[110]
              --      --     --      --     --      --     --     --        -- 
act_value_i[111]
              --      --     --      --     --      --     --     --        -- 
act_value_i[112]
              --      --     --      --     --      --     --     --        -- 
act_value_i[113]
              --      --     --      --     --      --     --     --        -- 
act_value_i[114]
              --      --     --      --     --      --     --     --        -- 
act_value_i[115]
              --      --     --      --     --      --     --     --        -- 
act_value_i[116]
              --      --     --      --     --      --     --     --        -- 
act_value_i[117]
              --      --     --      --     --      --     --     --        -- 
act_value_i[118]
              --      --     --      --     --      --     --     --        -- 
act_value_i[119]
              --      --     --      --     --      --     --     --        -- 
act_value_i[120]
              --      --     --      --     --      --     --     --        -- 
act_value_i[121]
              --      --     --      --     --      --     --     --        -- 
act_value_i[122]
              --      --     --      --     --      --     --     --        -- 
act_value_i[123]
              --      --     --      --     --      --     --     --        -- 
act_value_i[124]
              --      --     --      --     --      --     --     --        -- 
act_value_i[125]
              --      --     --      --     --      --     --     --        -- 
act_value_i[126]
              --      --     --      --     --      --     --     --        -- 
act_value_i[127]
              --      --     --      --     --      --     --     --        -- 
act_value_i[128]
              --      --     --      --     --      --     --     --        -- 
act_value_i[129]
              --      --     --      --     --      --     --     --        -- 
act_value_i[130]
              --      --     --      --     --      --     --     --        -- 
act_value_i[131]
              --      --     --      --     --      --     --     --        -- 
act_value_i[132]
              --      --     --      --     --      --     --     --        -- 
act_value_i[133]
              --      --     --      --     --      --     --     --        -- 
act_value_i[134]
              --      --     --      --     --      --     --     --        -- 
act_value_i[135]
              --      --     --      --     --      --     --     --        -- 
act_value_i[136]
              --      --     --      --     --      --     --     --        -- 
act_value_i[137]
              --      --     --      --     --      --     --     --        -- 
act_value_i[138]
              --      --     --      --     --      --     --     --        -- 
act_value_i[139]
              --      --     --      --     --      --     --     --        -- 
act_value_i[140]
              --      --     --      --     --      --     --     --        -- 
act_value_i[141]
              --      --     --      --     --      --     --     --        -- 
act_value_i[142]
              --      --     --      --     --      --     --     --        -- 
act_value_i[143]
              --      --     --      --     --      --     --     --        -- 
act_value_i[144]
              --      --     --      --     --      --     --     --        -- 
act_value_i[145]
              --      --     --      --     --      --     --     --        -- 
act_value_i[146]
              --      --     --      --     --      --     --     --        -- 
act_value_i[147]
              --      --     --      --     --      --     --     --        -- 
act_value_i[148]
              --      --     --      --     --      --     --     --        -- 
act_value_i[149]
              --      --     --      --     --      --     --     --        -- 
act_value_i[150]
              --      --     --      --     --      --     --     --        -- 
act_value_i[151]
              --      --     --      --     --      --     --     --        -- 
act_value_i[152]
              --      --     --      --     --      --     --     --        -- 
act_value_i[153]
              --      --     --      --     --      --     --     --        -- 
act_value_i[154]
              --      --     --      --     --      --     --     --        -- 
act_value_i[155]
              --      --     --      --     --      --     --     --        -- 
act_value_i[156]
              --      --     --      --     --      --     --     --        -- 
act_value_i[157]
              --      --     --      --     --      --     --     --        -- 
act_value_i[158]
              --      --     --      --     --      --     --     --        -- 
act_value_i[159]
              --      --     --      --     --      --     --     --        -- 
act_value_i[160]
              --      --     --      --     --      --     --     --        -- 
act_value_i[161]
              --      --     --      --     --      --     --     --        -- 
act_value_i[162]
              --      --     --      --     --      --     --     --        -- 
act_value_i[163]
              --      --     --      --     --      --     --     --        -- 
act_value_i[164]
              --      --     --      --     --      --     --     --        -- 
act_value_i[165]
              --      --     --      --     --      --     --     --        -- 
act_value_i[166]
              --      --     --      --     --      --     --     --        -- 
act_value_i[167]
              --      --     --      --     --      --     --     --        -- 
act_value_i[168]
              --      --     --      --     --      --     --     --        -- 
act_value_i[169]
              --      --     --      --     --      --     --     --        -- 
act_value_i[170]
              --      --     --      --     --      --     --     --        -- 
act_value_i[171]
              --      --     --      --     --      --     --     --        -- 
act_value_i[172]
              --      --     --      --     --      --     --     --        -- 
act_value_i[173]
              --      --     --      --     --      --     --     --        -- 
act_value_i[174]
              --      --     --      --     --      --     --     --        -- 
act_value_i[175]
              --      --     --      --     --      --     --     --        -- 
act_value_i[176]
              --      --     --      --     --      --     --     --        -- 
act_value_i[177]
              --      --     --      --     --      --     --     --        -- 
act_value_i[178]
              --      --     --      --     --      --     --     --        -- 
act_value_i[179]
              --      --     --      --     --      --     --     --        -- 
act_value_i[180]
              --      --     --      --     --      --     --     --        -- 
act_value_i[181]
              --      --     --      --     --      --     --     --        -- 
act_value_i[182]
              --      --     --      --     --      --     --     --        -- 
act_value_i[183]
              --      --     --      --     --      --     --     --        -- 
act_value_i[184]
              --      --     --      --     --      --     --     --        -- 
act_value_i[185]
              --      --     --      --     --      --     --     --        -- 
act_value_i[186]
              --      --     --      --     --      --     --     --        -- 
act_value_i[187]
              --      --     --      --     --      --     --     --        -- 
act_value_i[188]
              --      --     --      --     --      --     --     --        -- 
act_value_i[189]
              --      --     --      --     --      --     --     --        -- 
act_value_i[190]
              --      --     --      --     --      --     --     --        -- 
act_value_i[191]
              --      --     --      --     --      --     --     --        -- 
act_value_i[192]
              --      --     --      --     --      --     --     --        -- 
act_value_i[193]
              --      --     --      --     --      --     --     --        -- 
act_value_i[194]
              --      --     --      --     --      --     --     --        -- 
act_value_i[195]
              --      --     --      --     --      --     --     --        -- 
act_value_i[196]
              --      --     --      --     --      --     --     --        -- 
act_value_i[197]
              --      --     --      --     --      --     --     --        -- 
act_value_i[198]
              --      --     --      --     --      --     --     --        -- 
act_value_i[199]
              --      --     --      --     --      --     --     --        -- 
act_value_i[200]
              --      --     --      --     --      --     --     --        -- 
act_value_i[201]
              --      --     --      --     --      --     --     --        -- 
act_value_i[202]
              --      --     --      --     --      --     --     --        -- 
act_value_i[203]
              --      --     --      --     --      --     --     --        -- 
act_value_i[204]
              --      --     --      --     --      --     --     --        -- 
act_value_i[205]
              --      --     --      --     --      --     --     --        -- 
act_value_i[206]
              --      --     --      --     --      --     --     --        -- 
act_value_i[207]
              --      --     --      --     --      --     --     --        -- 
act_value_i[208]
              --      --     --      --     --      --     --     --        -- 
act_value_i[209]
              --      --     --      --     --      --     --     --        -- 
act_value_i[210]
              --      --     --      --     --      --     --     --        -- 
act_value_i[211]
              --      --     --      --     --      --     --     --        -- 
act_value_i[212]
              --      --     --      --     --      --     --     --        -- 
act_value_i[213]
              --      --     --      --     --      --     --     --        -- 
act_value_i[214]
              --      --     --      --     --      --     --     --        -- 
act_value_i[215]
              --      --     --      --     --      --     --     --        -- 
act_value_i[216]
              --      --     --      --     --      --     --     --        -- 
act_value_i[217]
              --      --     --      --     --      --     --     --        -- 
act_value_i[218]
              --      --     --      --     --      --     --     --        -- 
act_value_i[219]
              --      --     --      --     --      --     --     --        -- 
act_value_i[220]
              --      --     --      --     --      --     --     --        -- 
act_value_i[221]
              --      --     --      --     --      --     --     --        -- 
act_value_i[222]
              --      --     --      --     --      --     --     --        -- 
act_value_i[223]
              --      --     --      --     --      --     --     --        -- 
act_value_i[224]
              --      --     --      --     --      --     --     --        -- 
act_value_i[225]
              --      --     --      --     --      --     --     --        -- 
act_value_i[226]
              --      --     --      --     --      --     --     --        -- 
act_value_i[227]
              --      --     --      --     --      --     --     --        -- 
act_value_i[228]
              --      --     --      --     --      --     --     --        -- 
act_value_i[229]
              --      --     --      --     --      --     --     --        -- 
act_value_i[230]
              --      --     --      --     --      --     --     --        -- 
act_value_i[231]
              --      --     --      --     --      --     --     --        -- 
act_value_i[232]
              --      --     --      --     --      --     --     --        -- 
act_value_i[233]
              --      --     --      --     --      --     --     --        -- 
act_value_i[234]
              --      --     --      --     --      --     --     --        -- 
act_value_i[235]
              --      --     --      --     --      --     --     --        -- 
act_value_i[236]
              --      --     --      --     --      --     --     --        -- 
act_value_i[237]
              --      --     --      --     --      --     --     --        -- 
act_value_i[238]
              --      --     --      --     --      --     --     --        -- 
act_value_i[239]
              --      --     --      --     --      --     --     --        -- 
act_value_i[240]
              --      --     --      --     --      --     --     --        -- 
act_value_i[241]
              --      --     --      --     --      --     --     --        -- 
act_value_i[242]
              --      --     --      --     --      --     --     --        -- 
act_value_i[243]
              --      --     --      --     --      --     --     --        -- 
act_value_i[244]
              --      --     --      --     --      --     --     --        -- 
act_value_i[245]
              --      --     --      --     --      --     --     --        -- 
act_value_i[246]
              --      --     --      --     --      --     --     --        -- 
act_value_i[247]
              --      --     --      --     --      --     --     --        -- 
act_value_i[248]
              --      --     --      --     --      --     --     --        -- 
act_value_i[249]
              --      --     --      --     --      --     --     --        -- 
act_value_i[250]
              --      --     --      --     --      --     --     --        -- 
act_value_i[251]
              --      --     --      --     --      --     --     --        -- 
act_value_i[252]
              --      --     --      --     --      --     --     --        -- 
act_value_i[253]
              --      --     --      --     --      --     --     --        -- 
act_value_i[254]
              --      --     --      --     --      --     --     --        -- 
act_value_i[255]
              --      --     --      --     --      --     --     --        -- 
active_lane_mask_i[0]
              --      --     --      --     --      --     --     --        -- 
active_lane_mask_i[1]
              --      --     --      --     --      --     --     --        -- 
active_lane_mask_i[2]
              --      --     --      --     --      --     --     --        -- 
active_lane_mask_i[3]
              --      --     --      --     --      --     --     --        -- 
active_lane_mask_i[4]
              --      --     --      --     --      --     --     --        -- 
active_lane_mask_i[5]
              --      --     --      --     --      --     --     --        -- 
active_lane_mask_i[6]
              --      --     --      --     --      --     --     --        -- 
active_lane_mask_i[7]
              --      --     --      --     --      --     --     --        -- 
cfg_addr_i[0]
              --      --     --      --     --      --     --     --        -- 
cfg_addr_i[1]
              --      --     --      --     --      --     --     --        -- 
cfg_addr_i[2]
              --      --     --      --     --      --     --     --        -- 
cfg_addr_i[3]
              --      --     --      --     --      --     --     --        -- 
cfg_addr_i[4]
              --      --     --      --     --      --     --     --        -- 
cfg_addr_i[5]
              --      --     --      --     --      --     --     --        -- 
cfg_addr_i[6]
              --      --     --      --     --      --     --     --        -- 
cfg_bank_i    --      --     --      --     --      --     --     --        -- 
cfg_path_i[0]
              --      --     --      --     --      --     --     --        -- 
cfg_path_i[1]
              --      --     --      --     --      --     --     --        -- 
cfg_path_i[2]
              --      --     --      --     --      --     --     --        -- 
cfg_path_i[3]
              --      --     --      --     --      --     --     --        -- 
cfg_target_i[0]
              --      --     --      --     --      --     --     --        -- 
cfg_target_i[1]
              --      --     --      --     --      --     --     --        -- 
cfg_target_i[2]
              --      --     --      --     --      --     --     --        -- 
cfg_valid_i   --      --     --      --     --      --     --     --        -- 
cfg_wdata_i[0]
              --      --     --      --     --      --     --     --        -- 
cfg_wdata_i[1]
              --      --     --      --     --      --     --     --        -- 
cfg_wdata_i[2]
              --      --     --      --     --      --     --     --        -- 
cfg_wdata_i[3]
              --      --     --      --     --      --     --     --        -- 
cfg_wdata_i[4]
              --      --     --      --     --      --     --     --        -- 
cfg_wdata_i[5]
              --      --     --      --     --      --     --     --        -- 
cfg_wdata_i[6]
              --      --     --      --     --      --     --     --        -- 
cfg_wdata_i[7]
              --      --     --      --     --      --     --     --        -- 
cfg_wdata_i[8]
              --      --     --      --     --      --     --     --        -- 
cfg_wdata_i[9]
              --      --     --      --     --      --     --     --        -- 
cfg_wdata_i[10]
              --      --     --      --     --      --     --     --        -- 
cfg_wdata_i[11]
              --      --     --      --     --      --     --     --        -- 
cfg_wdata_i[12]
              --      --     --      --     --      --     --     --        -- 
cfg_wdata_i[13]
              --      --     --      --     --      --     --     --        -- 
cfg_wdata_i[14]
              --      --     --      --     --      --     --     --        -- 
cfg_wdata_i[15]
              --      --     --      --     --      --     --     --        -- 
cfg_wdata_i[16]
              --      --     --      --     --      --     --     --        -- 
cfg_wdata_i[17]
              --      --     --      --     --      --     --     --        -- 
cfg_wdata_i[18]
              --      --     --      --     --      --     --     --        -- 
cfg_wdata_i[19]
              --      --     --      --     --      --     --     --        -- 
cfg_wdata_i[20]
              --      --     --      --     --      --     --     --        -- 
cfg_wdata_i[21]
              --      --     --      --     --      --     --     --        -- 
cfg_wdata_i[22]
              --      --     --      --     --      --     --     --        -- 
cfg_wdata_i[23]
              --      --     --      --     --      --     --     --        -- 
cfg_wdata_i[24]
              --      --     --      --     --      --     --     --        -- 
cfg_wdata_i[25]
              --      --     --      --     --      --     --     --        -- 
cfg_wdata_i[26]
              --      --     --      --     --      --     --     --        -- 
cfg_wdata_i[27]
              --      --     --      --     --      --     --     --        -- 
cfg_wdata_i[28]
              --      --     --      --     --      --     --     --        -- 
cfg_wdata_i[29]
              --      --     --      --     --      --     --     --        -- 
cfg_wdata_i[30]
              --      --     --      --     --      --     --     --        -- 
cfg_wdata_i[31]
              --      --     --      --     --      --     --     --        -- 
cfg_word_i[0]
              --      --     --      --     --      --     --     --        -- 
cfg_word_i[1]
              --      --     --      --     --      --     --     --        -- 
cfg_word_i[2]
              --      --     --      --     --      --     --     --        -- 
cfg_word_i[3]
              --      --     --      --     --      --     --     --        -- 
clk_i         --      --     --      --     --      --     --     --        -- 
rst_ni        --      --     --      --     --      --     --     --        -- 
start_i       --      --     --      --     --      --     --     --        -- 


               Max Tran        Min Tran
Input Port    Rise    Fall    Rise    Fall
--------------------------------------------------------------------------------
act_block_idx_i[0]
              --      --      --      -- 
act_block_idx_i[1]
              --      --      --      -- 
act_block_idx_i[2]
              --      --      --      -- 
act_block_idx_i[3]
              --      --      --      -- 
act_block_idx_i[4]
              --      --      --      -- 
act_block_idx_i[5]
              --      --      --      -- 
act_block_idx_i[6]
              --      --      --      -- 
act_fine_i[0]
              --      --      --      -- 
act_fine_i[1]
              --      --      --      -- 
act_fine_i[2]
              --      --      --      -- 
act_fine_i[3]
              --      --      --      -- 
act_fine_i[4]
              --      --      --      -- 
act_fine_i[5]
              --      --      --      -- 
act_fine_i[6]
              --      --      --      -- 
act_fine_i[7]
              --      --      --      -- 
act_fine_i[8]
              --      --      --      -- 
act_fine_i[9]
              --      --      --      -- 
act_fine_i[10]
              --      --      --      -- 
act_fine_i[11]
              --      --      --      -- 
act_fine_i[12]
              --      --      --      -- 
act_fine_i[13]
              --      --      --      -- 
act_fine_i[14]
              --      --      --      -- 
act_fine_i[15]
              --      --      --      -- 
act_fine_i[16]
              --      --      --      -- 
act_fine_i[17]
              --      --      --      -- 
act_fine_i[18]
              --      --      --      -- 
act_fine_i[19]
              --      --      --      -- 
act_fine_i[20]
              --      --      --      -- 
act_fine_i[21]
              --      --      --      -- 
act_fine_i[22]
              --      --      --      -- 
act_fine_i[23]
              --      --      --      -- 
act_fine_i[24]
              --      --      --      -- 
act_fine_i[25]
              --      --      --      -- 
act_fine_i[26]
              --      --      --      -- 
act_fine_i[27]
              --      --      --      -- 
act_fine_i[28]
              --      --      --      -- 
act_fine_i[29]
              --      --      --      -- 
act_fine_i[30]
              --      --      --      -- 
act_fine_i[31]
              --      --      --      -- 
act_fine_i[32]
              --      --      --      -- 
act_fine_i[33]
              --      --      --      -- 
act_fine_i[34]
              --      --      --      -- 
act_fine_i[35]
              --      --      --      -- 
act_fine_i[36]
              --      --      --      -- 
act_fine_i[37]
              --      --      --      -- 
act_fine_i[38]
              --      --      --      -- 
act_fine_i[39]
              --      --      --      -- 
act_fine_i[40]
              --      --      --      -- 
act_fine_i[41]
              --      --      --      -- 
act_fine_i[42]
              --      --      --      -- 
act_fine_i[43]
              --      --      --      -- 
act_fine_i[44]
              --      --      --      -- 
act_fine_i[45]
              --      --      --      -- 
act_fine_i[46]
              --      --      --      -- 
act_fine_i[47]
              --      --      --      -- 
act_fine_i[48]
              --      --      --      -- 
act_fine_i[49]
              --      --      --      -- 
act_fine_i[50]
              --      --      --      -- 
act_fine_i[51]
              --      --      --      -- 
act_fine_i[52]
              --      --      --      -- 
act_fine_i[53]
              --      --      --      -- 
act_fine_i[54]
              --      --      --      -- 
act_fine_i[55]
              --      --      --      -- 
act_fine_i[56]
              --      --      --      -- 
act_fine_i[57]
              --      --      --      -- 
act_fine_i[58]
              --      --      --      -- 
act_fine_i[59]
              --      --      --      -- 
act_fine_i[60]
              --      --      --      -- 
act_fine_i[61]
              --      --      --      -- 
act_fine_i[62]
              --      --      --      -- 
act_fine_i[63]
              --      --      --      -- 
act_fine_i[64]
              --      --      --      -- 
act_fine_i[65]
              --      --      --      -- 
act_fine_i[66]
              --      --      --      -- 
act_fine_i[67]
              --      --      --      -- 
act_fine_i[68]
              --      --      --      -- 
act_fine_i[69]
              --      --      --      -- 
act_fine_i[70]
              --      --      --      -- 
act_fine_i[71]
              --      --      --      -- 
act_fine_i[72]
              --      --      --      -- 
act_fine_i[73]
              --      --      --      -- 
act_fine_i[74]
              --      --      --      -- 
act_fine_i[75]
              --      --      --      -- 
act_fine_i[76]
              --      --      --      -- 
act_fine_i[77]
              --      --      --      -- 
act_fine_i[78]
              --      --      --      -- 
act_fine_i[79]
              --      --      --      -- 
act_fine_i[80]
              --      --      --      -- 
act_fine_i[81]
              --      --      --      -- 
act_fine_i[82]
              --      --      --      -- 
act_fine_i[83]
              --      --      --      -- 
act_fine_i[84]
              --      --      --      -- 
act_fine_i[85]
              --      --      --      -- 
act_fine_i[86]
              --      --      --      -- 
act_fine_i[87]
              --      --      --      -- 
act_fine_i[88]
              --      --      --      -- 
act_fine_i[89]
              --      --      --      -- 
act_fine_i[90]
              --      --      --      -- 
act_fine_i[91]
              --      --      --      -- 
act_fine_i[92]
              --      --      --      -- 
act_fine_i[93]
              --      --      --      -- 
act_fine_i[94]
              --      --      --      -- 
act_fine_i[95]
              --      --      --      -- 
act_fine_i[96]
              --      --      --      -- 
act_fine_i[97]
              --      --      --      -- 
act_fine_i[98]
              --      --      --      -- 
act_fine_i[99]
              --      --      --      -- 
act_fine_i[100]
              --      --      --      -- 
act_fine_i[101]
              --      --      --      -- 
act_fine_i[102]
              --      --      --      -- 
act_fine_i[103]
              --      --      --      -- 
act_fine_i[104]
              --      --      --      -- 
act_fine_i[105]
              --      --      --      -- 
act_fine_i[106]
              --      --      --      -- 
act_fine_i[107]
              --      --      --      -- 
act_fine_i[108]
              --      --      --      -- 
act_fine_i[109]
              --      --      --      -- 
act_fine_i[110]
              --      --      --      -- 
act_fine_i[111]
              --      --      --      -- 
act_fine_i[112]
              --      --      --      -- 
act_fine_i[113]
              --      --      --      -- 
act_fine_i[114]
              --      --      --      -- 
act_fine_i[115]
              --      --      --      -- 
act_fine_i[116]
              --      --      --      -- 
act_fine_i[117]
              --      --      --      -- 
act_fine_i[118]
              --      --      --      -- 
act_fine_i[119]
              --      --      --      -- 
act_fine_i[120]
              --      --      --      -- 
act_fine_i[121]
              --      --      --      -- 
act_fine_i[122]
              --      --      --      -- 
act_fine_i[123]
              --      --      --      -- 
act_fine_i[124]
              --      --      --      -- 
act_fine_i[125]
              --      --      --      -- 
act_fine_i[126]
              --      --      --      -- 
act_fine_i[127]
              --      --      --      -- 
act_valid_i   --      --      --      -- 
act_value_i[0]
              --      --      --      -- 
act_value_i[1]
              --      --      --      -- 
act_value_i[2]
              --      --      --      -- 
act_value_i[3]
              --      --      --      -- 
act_value_i[4]
              --      --      --      -- 
act_value_i[5]
              --      --      --      -- 
act_value_i[6]
              --      --      --      -- 
act_value_i[7]
              --      --      --      -- 
act_value_i[8]
              --      --      --      -- 
act_value_i[9]
              --      --      --      -- 
act_value_i[10]
              --      --      --      -- 
act_value_i[11]
              --      --      --      -- 
act_value_i[12]
              --      --      --      -- 
act_value_i[13]
              --      --      --      -- 
act_value_i[14]
              --      --      --      -- 
act_value_i[15]
              --      --      --      -- 
act_value_i[16]
              --      --      --      -- 
act_value_i[17]
              --      --      --      -- 
act_value_i[18]
              --      --      --      -- 
act_value_i[19]
              --      --      --      -- 
act_value_i[20]
              --      --      --      -- 
act_value_i[21]
              --      --      --      -- 
act_value_i[22]
              --      --      --      -- 
act_value_i[23]
              --      --      --      -- 
act_value_i[24]
              --      --      --      -- 
act_value_i[25]
              --      --      --      -- 
act_value_i[26]
              --      --      --      -- 
act_value_i[27]
              --      --      --      -- 
act_value_i[28]
              --      --      --      -- 
act_value_i[29]
              --      --      --      -- 
act_value_i[30]
              --      --      --      -- 
act_value_i[31]
              --      --      --      -- 
act_value_i[32]
              --      --      --      -- 
act_value_i[33]
              --      --      --      -- 
act_value_i[34]
              --      --      --      -- 
act_value_i[35]
              --      --      --      -- 
act_value_i[36]
              --      --      --      -- 
act_value_i[37]
              --      --      --      -- 
act_value_i[38]
              --      --      --      -- 
act_value_i[39]
              --      --      --      -- 
act_value_i[40]
              --      --      --      -- 
act_value_i[41]
              --      --      --      -- 
act_value_i[42]
              --      --      --      -- 
act_value_i[43]
              --      --      --      -- 
act_value_i[44]
              --      --      --      -- 
act_value_i[45]
              --      --      --      -- 
act_value_i[46]
              --      --      --      -- 
act_value_i[47]
              --      --      --      -- 
act_value_i[48]
              --      --      --      -- 
act_value_i[49]
              --      --      --      -- 
act_value_i[50]
              --      --      --      -- 
act_value_i[51]
              --      --      --      -- 
act_value_i[52]
              --      --      --      -- 
act_value_i[53]
              --      --      --      -- 
act_value_i[54]
              --      --      --      -- 
act_value_i[55]
              --      --      --      -- 
act_value_i[56]
              --      --      --      -- 
act_value_i[57]
              --      --      --      -- 
act_value_i[58]
              --      --      --      -- 
act_value_i[59]
              --      --      --      -- 
act_value_i[60]
              --      --      --      -- 
act_value_i[61]
              --      --      --      -- 
act_value_i[62]
              --      --      --      -- 
act_value_i[63]
              --      --      --      -- 
act_value_i[64]
              --      --      --      -- 
act_value_i[65]
              --      --      --      -- 
act_value_i[66]
              --      --      --      -- 
act_value_i[67]
              --      --      --      -- 
act_value_i[68]
              --      --      --      -- 
act_value_i[69]
              --      --      --      -- 
act_value_i[70]
              --      --      --      -- 
act_value_i[71]
              --      --      --      -- 
act_value_i[72]
              --      --      --      -- 
act_value_i[73]
              --      --      --      -- 
act_value_i[74]
              --      --      --      -- 
act_value_i[75]
              --      --      --      -- 
act_value_i[76]
              --      --      --      -- 
act_value_i[77]
              --      --      --      -- 
act_value_i[78]
              --      --      --      -- 
act_value_i[79]
              --      --      --      -- 
act_value_i[80]
              --      --      --      -- 
act_value_i[81]
              --      --      --      -- 
act_value_i[82]
              --      --      --      -- 
act_value_i[83]
              --      --      --      -- 
act_value_i[84]
              --      --      --      -- 
act_value_i[85]
              --      --      --      -- 
act_value_i[86]
              --      --      --      -- 
act_value_i[87]
              --      --      --      -- 
act_value_i[88]
              --      --      --      -- 
act_value_i[89]
              --      --      --      -- 
act_value_i[90]
              --      --      --      -- 
act_value_i[91]
              --      --      --      -- 
act_value_i[92]
              --      --      --      -- 
act_value_i[93]
              --      --      --      -- 
act_value_i[94]
              --      --      --      -- 
act_value_i[95]
              --      --      --      -- 
act_value_i[96]
              --      --      --      -- 
act_value_i[97]
              --      --      --      -- 
act_value_i[98]
              --      --      --      -- 
act_value_i[99]
              --      --      --      -- 
act_value_i[100]
              --      --      --      -- 
act_value_i[101]
              --      --      --      -- 
act_value_i[102]
              --      --      --      -- 
act_value_i[103]
              --      --      --      -- 
act_value_i[104]
              --      --      --      -- 
act_value_i[105]
              --      --      --      -- 
act_value_i[106]
              --      --      --      -- 
act_value_i[107]
              --      --      --      -- 
act_value_i[108]
              --      --      --      -- 
act_value_i[109]
              --      --      --      -- 
act_value_i[110]
              --      --      --      -- 
act_value_i[111]
              --      --      --      -- 
act_value_i[112]
              --      --      --      -- 
act_value_i[113]
              --      --      --      -- 
act_value_i[114]
              --      --      --      -- 
act_value_i[115]
              --      --      --      -- 
act_value_i[116]
              --      --      --      -- 
act_value_i[117]
              --      --      --      -- 
act_value_i[118]
              --      --      --      -- 
act_value_i[119]
              --      --      --      -- 
act_value_i[120]
              --      --      --      -- 
act_value_i[121]
              --      --      --      -- 
act_value_i[122]
              --      --      --      -- 
act_value_i[123]
              --      --      --      -- 
act_value_i[124]
              --      --      --      -- 
act_value_i[125]
              --      --      --      -- 
act_value_i[126]
              --      --      --      -- 
act_value_i[127]
              --      --      --      -- 
act_value_i[128]
              --      --      --      -- 
act_value_i[129]
              --      --      --      -- 
act_value_i[130]
              --      --      --      -- 
act_value_i[131]
              --      --      --      -- 
act_value_i[132]
              --      --      --      -- 
act_value_i[133]
              --      --      --      -- 
act_value_i[134]
              --      --      --      -- 
act_value_i[135]
              --      --      --      -- 
act_value_i[136]
              --      --      --      -- 
act_value_i[137]
              --      --      --      -- 
act_value_i[138]
              --      --      --      -- 
act_value_i[139]
              --      --      --      -- 
act_value_i[140]
              --      --      --      -- 
act_value_i[141]
              --      --      --      -- 
act_value_i[142]
              --      --      --      -- 
act_value_i[143]
              --      --      --      -- 
act_value_i[144]
              --      --      --      -- 
act_value_i[145]
              --      --      --      -- 
act_value_i[146]
              --      --      --      -- 
act_value_i[147]
              --      --      --      -- 
act_value_i[148]
              --      --      --      -- 
act_value_i[149]
              --      --      --      -- 
act_value_i[150]
              --      --      --      -- 
act_value_i[151]
              --      --      --      -- 
act_value_i[152]
              --      --      --      -- 
act_value_i[153]
              --      --      --      -- 
act_value_i[154]
              --      --      --      -- 
act_value_i[155]
              --      --      --      -- 
act_value_i[156]
              --      --      --      -- 
act_value_i[157]
              --      --      --      -- 
act_value_i[158]
              --      --      --      -- 
act_value_i[159]
              --      --      --      -- 
act_value_i[160]
              --      --      --      -- 
act_value_i[161]
              --      --      --      -- 
act_value_i[162]
              --      --      --      -- 
act_value_i[163]
              --      --      --      -- 
act_value_i[164]
              --      --      --      -- 
act_value_i[165]
              --      --      --      -- 
act_value_i[166]
              --      --      --      -- 
act_value_i[167]
              --      --      --      -- 
act_value_i[168]
              --      --      --      -- 
act_value_i[169]
              --      --      --      -- 
act_value_i[170]
              --      --      --      -- 
act_value_i[171]
              --      --      --      -- 
act_value_i[172]
              --      --      --      -- 
act_value_i[173]
              --      --      --      -- 
act_value_i[174]
              --      --      --      -- 
act_value_i[175]
              --      --      --      -- 
act_value_i[176]
              --      --      --      -- 
act_value_i[177]
              --      --      --      -- 
act_value_i[178]
              --      --      --      -- 
act_value_i[179]
              --      --      --      -- 
act_value_i[180]
              --      --      --      -- 
act_value_i[181]
              --      --      --      -- 
act_value_i[182]
              --      --      --      -- 
act_value_i[183]
              --      --      --      -- 
act_value_i[184]
              --      --      --      -- 
act_value_i[185]
              --      --      --      -- 
act_value_i[186]
              --      --      --      -- 
act_value_i[187]
              --      --      --      -- 
act_value_i[188]
              --      --      --      -- 
act_value_i[189]
              --      --      --      -- 
act_value_i[190]
              --      --      --      -- 
act_value_i[191]
              --      --      --      -- 
act_value_i[192]
              --      --      --      -- 
act_value_i[193]
              --      --      --      -- 
act_value_i[194]
              --      --      --      -- 
act_value_i[195]
              --      --      --      -- 
act_value_i[196]
              --      --      --      -- 
act_value_i[197]
              --      --      --      -- 
act_value_i[198]
              --      --      --      -- 
act_value_i[199]
              --      --      --      -- 
act_value_i[200]
              --      --      --      -- 
act_value_i[201]
              --      --      --      -- 
act_value_i[202]
              --      --      --      -- 
act_value_i[203]
              --      --      --      -- 
act_value_i[204]
              --      --      --      -- 
act_value_i[205]
              --      --      --      -- 
act_value_i[206]
              --      --      --      -- 
act_value_i[207]
              --      --      --      -- 
act_value_i[208]
              --      --      --      -- 
act_value_i[209]
              --      --      --      -- 
act_value_i[210]
              --      --      --      -- 
act_value_i[211]
              --      --      --      -- 
act_value_i[212]
              --      --      --      -- 
act_value_i[213]
              --      --      --      -- 
act_value_i[214]
              --      --      --      -- 
act_value_i[215]
              --      --      --      -- 
act_value_i[216]
              --      --      --      -- 
act_value_i[217]
              --      --      --      -- 
act_value_i[218]
              --      --      --      -- 
act_value_i[219]
              --      --      --      -- 
act_value_i[220]
              --      --      --      -- 
act_value_i[221]
              --      --      --      -- 
act_value_i[222]
              --      --      --      -- 
act_value_i[223]
              --      --      --      -- 
act_value_i[224]
              --      --      --      -- 
act_value_i[225]
              --      --      --      -- 
act_value_i[226]
              --      --      --      -- 
act_value_i[227]
              --      --      --      -- 
act_value_i[228]
              --      --      --      -- 
act_value_i[229]
              --      --      --      -- 
act_value_i[230]
              --      --      --      -- 
act_value_i[231]
              --      --      --      -- 
act_value_i[232]
              --      --      --      -- 
act_value_i[233]
              --      --      --      -- 
act_value_i[234]
              --      --      --      -- 
act_value_i[235]
              --      --      --      -- 
act_value_i[236]
              --      --      --      -- 
act_value_i[237]
              --      --      --      -- 
act_value_i[238]
              --      --      --      -- 
act_value_i[239]
              --      --      --      -- 
act_value_i[240]
              --      --      --      -- 
act_value_i[241]
              --      --      --      -- 
act_value_i[242]
              --      --      --      -- 
act_value_i[243]
              --      --      --      -- 
act_value_i[244]
              --      --      --      -- 
act_value_i[245]
              --      --      --      -- 
act_value_i[246]
              --      --      --      -- 
act_value_i[247]
              --      --      --      -- 
act_value_i[248]
              --      --      --      -- 
act_value_i[249]
              --      --      --      -- 
act_value_i[250]
              --      --      --      -- 
act_value_i[251]
              --      --      --      -- 
act_value_i[252]
              --      --      --      -- 
act_value_i[253]
              --      --      --      -- 
act_value_i[254]
              --      --      --      -- 
act_value_i[255]
              --      --      --      -- 
active_lane_mask_i[0]
              --      --      --      -- 
active_lane_mask_i[1]
              --      --      --      -- 
active_lane_mask_i[2]
              --      --      --      -- 
active_lane_mask_i[3]
              --      --      --      -- 
active_lane_mask_i[4]
              --      --      --      -- 
active_lane_mask_i[5]
              --      --      --      -- 
active_lane_mask_i[6]
              --      --      --      -- 
active_lane_mask_i[7]
              --      --      --      -- 
cfg_addr_i[0]
              --      --      --      -- 
cfg_addr_i[1]
              --      --      --      -- 
cfg_addr_i[2]
              --      --      --      -- 
cfg_addr_i[3]
              --      --      --      -- 
cfg_addr_i[4]
              --      --      --      -- 
cfg_addr_i[5]
              --      --      --      -- 
cfg_addr_i[6]
              --      --      --      -- 
cfg_bank_i    --      --      --      -- 
cfg_path_i[0]
              --      --      --      -- 
cfg_path_i[1]
              --      --      --      -- 
cfg_path_i[2]
              --      --      --      -- 
cfg_path_i[3]
              --      --      --      -- 
cfg_target_i[0]
              --      --      --      -- 
cfg_target_i[1]
              --      --      --      -- 
cfg_target_i[2]
              --      --      --      -- 
cfg_valid_i   --      --      --      -- 
cfg_wdata_i[0]
              --      --      --      -- 
cfg_wdata_i[1]
              --      --      --      -- 
cfg_wdata_i[2]
              --      --      --      -- 
cfg_wdata_i[3]
              --      --      --      -- 
cfg_wdata_i[4]
              --      --      --      -- 
cfg_wdata_i[5]
              --      --      --      -- 
cfg_wdata_i[6]
              --      --      --      -- 
cfg_wdata_i[7]
              --      --      --      -- 
cfg_wdata_i[8]
              --      --      --      -- 
cfg_wdata_i[9]
              --      --      --      -- 
cfg_wdata_i[10]
              --      --      --      -- 
cfg_wdata_i[11]
              --      --      --      -- 
cfg_wdata_i[12]
              --      --      --      -- 
cfg_wdata_i[13]
              --      --      --      -- 
cfg_wdata_i[14]
              --      --      --      -- 
cfg_wdata_i[15]
              --      --      --      -- 
cfg_wdata_i[16]
              --      --      --      -- 
cfg_wdata_i[17]
              --      --      --      -- 
cfg_wdata_i[18]
              --      --      --      -- 
cfg_wdata_i[19]
              --      --      --      -- 
cfg_wdata_i[20]
              --      --      --      -- 
cfg_wdata_i[21]
              --      --      --      -- 
cfg_wdata_i[22]
              --      --      --      -- 
cfg_wdata_i[23]
              --      --      --      -- 
cfg_wdata_i[24]
              --      --      --      -- 
cfg_wdata_i[25]
              --      --      --      -- 
cfg_wdata_i[26]
              --      --      --      -- 
cfg_wdata_i[27]
              --      --      --      -- 
cfg_wdata_i[28]
              --      --      --      -- 
cfg_wdata_i[29]
              --      --      --      -- 
cfg_wdata_i[30]
              --      --      --      -- 
cfg_wdata_i[31]
              --      --      --      -- 
cfg_word_i[0]
              --      --      --      -- 
cfg_word_i[1]
              --      --      --      -- 
cfg_word_i[2]
              --      --      --      -- 
cfg_word_i[3]
              --      --      --      -- 
clk_i         --      --      --      -- 
rst_ni        --      --      --      -- 
start_i       --      --      --      -- 


                    Output Delay
                  Min             Max      Related  Fanout
Output Port   Rise    Fall    Rise    Fall  Clock     Load
--------------------------------------------------------------------------------
act_ready_o   0.50    0.50    0.50    0.50  clk       0.00  
busy_o        0.50    0.50    0.50    0.50  clk       0.00  
cfg_error_o   0.50    0.50    0.50    0.50  clk       0.00  
cfg_ready_o   0.50    0.50    0.50    0.50  clk       0.00  
delay_saturation_o
              0.50    0.50    0.50    0.50  clk       0.00  
done_o        0.50    0.50    0.50    0.50  clk       0.00  
gate_acc_o[0]
              0.50    0.50    0.50    0.50  clk       0.00  
gate_acc_o[1]
              0.50    0.50    0.50    0.50  clk       0.00  
gate_acc_o[2]
              0.50    0.50    0.50    0.50  clk       0.00  
gate_acc_o[3]
              0.50    0.50    0.50    0.50  clk       0.00  
gate_acc_o[4]
              0.50    0.50    0.50    0.50  clk       0.00  
gate_acc_o[5]
              0.50    0.50    0.50    0.50  clk       0.00  
gate_acc_o[6]
              0.50    0.50    0.50    0.50  clk       0.00  
gate_acc_o[7]
              0.50    0.50    0.50    0.50  clk       0.00  
gate_acc_o[8]
              0.50    0.50    0.50    0.50  clk       0.00  
gate_acc_o[9]
              0.50    0.50    0.50    0.50  clk       0.00  
gate_acc_o[10]
              0.50    0.50    0.50    0.50  clk       0.00  
gate_acc_o[11]
              0.50    0.50    0.50    0.50  clk       0.00  
gate_acc_o[12]
              0.50    0.50    0.50    0.50  clk       0.00  
gate_acc_o[13]
              0.50    0.50    0.50    0.50  clk       0.00  
gate_acc_o[14]
              0.50    0.50    0.50    0.50  clk       0.00  
gate_acc_o[15]
              0.50    0.50    0.50    0.50  clk       0.00  
gate_acc_o[16]
              0.50    0.50    0.50    0.50  clk       0.00  
gate_acc_o[17]
              0.50    0.50    0.50    0.50  clk       0.00  
gate_acc_o[18]
              0.50    0.50    0.50    0.50  clk       0.00  
gate_acc_o[19]
              0.50    0.50    0.50    0.50  clk       0.00  
gate_acc_o[20]
              0.50    0.50    0.50    0.50  clk       0.00  
gate_acc_o[21]
              0.50    0.50    0.50    0.50  clk       0.00  
gate_acc_o[22]
              0.50    0.50    0.50    0.50  clk       0.00  
gate_acc_o[23]
              0.50    0.50    0.50    0.50  clk       0.00  
gate_acc_o[24]
              0.50    0.50    0.50    0.50  clk       0.00  
gate_acc_o[25]
              0.50    0.50    0.50    0.50  clk       0.00  
gate_acc_o[26]
              0.50    0.50    0.50    0.50  clk       0.00  
gate_acc_o[27]
              0.50    0.50    0.50    0.50  clk       0.00  
gate_acc_o[28]
              0.50    0.50    0.50    0.50  clk       0.00  
gate_acc_o[29]
              0.50    0.50    0.50    0.50  clk       0.00  
gate_acc_o[30]
              0.50    0.50    0.50    0.50  clk       0.00  
gate_acc_o[31]
              0.50    0.50    0.50    0.50  clk       0.00  
gate_acc_o[32]
              0.50    0.50    0.50    0.50  clk       0.00  
gate_acc_o[33]
              0.50    0.50    0.50    0.50  clk       0.00  
gate_acc_o[34]
              0.50    0.50    0.50    0.50  clk       0.00  
gate_acc_o[35]
              0.50    0.50    0.50    0.50  clk       0.00  
gate_acc_o[36]
              0.50    0.50    0.50    0.50  clk       0.00  
gate_acc_o[37]
              0.50    0.50    0.50    0.50  clk       0.00  
gate_acc_o[38]
              0.50    0.50    0.50    0.50  clk       0.00  
gate_acc_o[39]
              0.50    0.50    0.50    0.50  clk       0.00  
gate_acc_o[40]
              0.50    0.50    0.50    0.50  clk       0.00  
gate_acc_o[41]
              0.50    0.50    0.50    0.50  clk       0.00  
gate_acc_o[42]
              0.50    0.50    0.50    0.50  clk       0.00  
gate_acc_o[43]
              0.50    0.50    0.50    0.50  clk       0.00  
gate_acc_o[44]
              0.50    0.50    0.50    0.50  clk       0.00  
gate_acc_o[45]
              0.50    0.50    0.50    0.50  clk       0.00  
gate_acc_o[46]
              0.50    0.50    0.50    0.50  clk       0.00  
gate_acc_o[47]
              0.50    0.50    0.50    0.50  clk       0.00  
gate_acc_o[48]
              0.50    0.50    0.50    0.50  clk       0.00  
gate_acc_o[49]
              0.50    0.50    0.50    0.50  clk       0.00  
gate_acc_o[50]
              0.50    0.50    0.50    0.50  clk       0.00  
gate_acc_o[51]
              0.50    0.50    0.50    0.50  clk       0.00  
gate_acc_o[52]
              0.50    0.50    0.50    0.50  clk       0.00  
gate_acc_o[53]
              0.50    0.50    0.50    0.50  clk       0.00  
gate_acc_o[54]
              0.50    0.50    0.50    0.50  clk       0.00  
gate_acc_o[55]
              0.50    0.50    0.50    0.50  clk       0.00  
gate_acc_o[56]
              0.50    0.50    0.50    0.50  clk       0.00  
gate_acc_o[57]
              0.50    0.50    0.50    0.50  clk       0.00  
gate_acc_o[58]
              0.50    0.50    0.50    0.50  clk       0.00  
gate_acc_o[59]
              0.50    0.50    0.50    0.50  clk       0.00  
gate_acc_o[60]
              0.50    0.50    0.50    0.50  clk       0.00  
gate_acc_o[61]
              0.50    0.50    0.50    0.50  clk       0.00  
gate_acc_o[62]
              0.50    0.50    0.50    0.50  clk       0.00  
gate_acc_o[63]
              0.50    0.50    0.50    0.50  clk       0.00  
gate_acc_o[64]
              0.50    0.50    0.50    0.50  clk       0.00  
gate_acc_o[65]
              0.50    0.50    0.50    0.50  clk       0.00  
gate_acc_o[66]
              0.50    0.50    0.50    0.50  clk       0.00  
gate_acc_o[67]
              0.50    0.50    0.50    0.50  clk       0.00  
gate_acc_o[68]
              0.50    0.50    0.50    0.50  clk       0.00  
gate_acc_o[69]
              0.50    0.50    0.50    0.50  clk       0.00  
gate_acc_o[70]
              0.50    0.50    0.50    0.50  clk       0.00  
gate_acc_o[71]
              0.50    0.50    0.50    0.50  clk       0.00  
gate_acc_o[72]
              0.50    0.50    0.50    0.50  clk       0.00  
gate_acc_o[73]
              0.50    0.50    0.50    0.50  clk       0.00  
gate_acc_o[74]
              0.50    0.50    0.50    0.50  clk       0.00  
gate_acc_o[75]
              0.50    0.50    0.50    0.50  clk       0.00  
gate_acc_o[76]
              0.50    0.50    0.50    0.50  clk       0.00  
gate_acc_o[77]
              0.50    0.50    0.50    0.50  clk       0.00  
gate_acc_o[78]
              0.50    0.50    0.50    0.50  clk       0.00  
gate_acc_o[79]
              0.50    0.50    0.50    0.50  clk       0.00  
gate_acc_o[80]
              0.50    0.50    0.50    0.50  clk       0.00  
gate_acc_o[81]
              0.50    0.50    0.50    0.50  clk       0.00  
gate_acc_o[82]
              0.50    0.50    0.50    0.50  clk       0.00  
gate_acc_o[83]
              0.50    0.50    0.50    0.50  clk       0.00  
gate_acc_o[84]
              0.50    0.50    0.50    0.50  clk       0.00  
gate_acc_o[85]
              0.50    0.50    0.50    0.50  clk       0.00  
gate_acc_o[86]
              0.50    0.50    0.50    0.50  clk       0.00  
gate_acc_o[87]
              0.50    0.50    0.50    0.50  clk       0.00  
gate_acc_o[88]
              0.50    0.50    0.50    0.50  clk       0.00  
gate_acc_o[89]
              0.50    0.50    0.50    0.50  clk       0.00  
gate_acc_o[90]
              0.50    0.50    0.50    0.50  clk       0.00  
gate_acc_o[91]
              0.50    0.50    0.50    0.50  clk       0.00  
gate_acc_o[92]
              0.50    0.50    0.50    0.50  clk       0.00  
gate_acc_o[93]
              0.50    0.50    0.50    0.50  clk       0.00  
gate_acc_o[94]
              0.50    0.50    0.50    0.50  clk       0.00  
gate_acc_o[95]
              0.50    0.50    0.50    0.50  clk       0.00  
gate_acc_o[96]
              0.50    0.50    0.50    0.50  clk       0.00  
gate_acc_o[97]
              0.50    0.50    0.50    0.50  clk       0.00  
gate_acc_o[98]
              0.50    0.50    0.50    0.50  clk       0.00  
gate_acc_o[99]
              0.50    0.50    0.50    0.50  clk       0.00  
gate_acc_o[100]
              0.50    0.50    0.50    0.50  clk       0.00  
gate_acc_o[101]
              0.50    0.50    0.50    0.50  clk       0.00  
gate_acc_o[102]
              0.50    0.50    0.50    0.50  clk       0.00  
gate_acc_o[103]
              0.50    0.50    0.50    0.50  clk       0.00  
gate_acc_o[104]
              0.50    0.50    0.50    0.50  clk       0.00  
gate_acc_o[105]
              0.50    0.50    0.50    0.50  clk       0.00  
gate_acc_o[106]
              0.50    0.50    0.50    0.50  clk       0.00  
gate_acc_o[107]
              0.50    0.50    0.50    0.50  clk       0.00  
gate_acc_o[108]
              0.50    0.50    0.50    0.50  clk       0.00  
gate_acc_o[109]
              0.50    0.50    0.50    0.50  clk       0.00  
gate_acc_o[110]
              0.50    0.50    0.50    0.50  clk       0.00  
gate_acc_o[111]
              0.50    0.50    0.50    0.50  clk       0.00  
gate_acc_o[112]
              0.50    0.50    0.50    0.50  clk       0.00  
gate_acc_o[113]
              0.50    0.50    0.50    0.50  clk       0.00  
gate_acc_o[114]
              0.50    0.50    0.50    0.50  clk       0.00  
gate_acc_o[115]
              0.50    0.50    0.50    0.50  clk       0.00  
gate_acc_o[116]
              0.50    0.50    0.50    0.50  clk       0.00  
gate_acc_o[117]
              0.50    0.50    0.50    0.50  clk       0.00  
gate_acc_o[118]
              0.50    0.50    0.50    0.50  clk       0.00  
gate_acc_o[119]
              0.50    0.50    0.50    0.50  clk       0.00  
gate_acc_o[120]
              0.50    0.50    0.50    0.50  clk       0.00  
gate_acc_o[121]
              0.50    0.50    0.50    0.50  clk       0.00  
gate_acc_o[122]
              0.50    0.50    0.50    0.50  clk       0.00  
gate_acc_o[123]
              0.50    0.50    0.50    0.50  clk       0.00  
gate_acc_o[124]
              0.50    0.50    0.50    0.50  clk       0.00  
gate_acc_o[125]
              0.50    0.50    0.50    0.50  clk       0.00  
gate_acc_o[126]
              0.50    0.50    0.50    0.50  clk       0.00  
gate_acc_o[127]
              0.50    0.50    0.50    0.50  clk       0.00  
gate_acc_o[128]
              0.50    0.50    0.50    0.50  clk       0.00  
gate_acc_o[129]
              0.50    0.50    0.50    0.50  clk       0.00  
gate_acc_o[130]
              0.50    0.50    0.50    0.50  clk       0.00  
gate_acc_o[131]
              0.50    0.50    0.50    0.50  clk       0.00  
gate_acc_o[132]
              0.50    0.50    0.50    0.50  clk       0.00  
gate_acc_o[133]
              0.50    0.50    0.50    0.50  clk       0.00  
gate_acc_o[134]
              0.50    0.50    0.50    0.50  clk       0.00  
gate_acc_o[135]
              0.50    0.50    0.50    0.50  clk       0.00  
gate_acc_o[136]
              0.50    0.50    0.50    0.50  clk       0.00  
gate_acc_o[137]
              0.50    0.50    0.50    0.50  clk       0.00  
gate_acc_o[138]
              0.50    0.50    0.50    0.50  clk       0.00  
gate_acc_o[139]
              0.50    0.50    0.50    0.50  clk       0.00  
gate_acc_o[140]
              0.50    0.50    0.50    0.50  clk       0.00  
gate_acc_o[141]
              0.50    0.50    0.50    0.50  clk       0.00  
gate_acc_o[142]
              0.50    0.50    0.50    0.50  clk       0.00  
gate_acc_o[143]
              0.50    0.50    0.50    0.50  clk       0.00  
gate_acc_o[144]
              0.50    0.50    0.50    0.50  clk       0.00  
gate_acc_o[145]
              0.50    0.50    0.50    0.50  clk       0.00  
gate_acc_o[146]
              0.50    0.50    0.50    0.50  clk       0.00  
gate_acc_o[147]
              0.50    0.50    0.50    0.50  clk       0.00  
gate_acc_o[148]
              0.50    0.50    0.50    0.50  clk       0.00  
gate_acc_o[149]
              0.50    0.50    0.50    0.50  clk       0.00  
gate_acc_o[150]
              0.50    0.50    0.50    0.50  clk       0.00  
gate_acc_o[151]
              0.50    0.50    0.50    0.50  clk       0.00  
gate_acc_o[152]
              0.50    0.50    0.50    0.50  clk       0.00  
gate_acc_o[153]
              0.50    0.50    0.50    0.50  clk       0.00  
gate_acc_o[154]
              0.50    0.50    0.50    0.50  clk       0.00  
gate_acc_o[155]
              0.50    0.50    0.50    0.50  clk       0.00  
gate_acc_o[156]
              0.50    0.50    0.50    0.50  clk       0.00  
gate_acc_o[157]
              0.50    0.50    0.50    0.50  clk       0.00  
gate_acc_o[158]
              0.50    0.50    0.50    0.50  clk       0.00  
gate_acc_o[159]
              0.50    0.50    0.50    0.50  clk       0.00  
gate_acc_o[160]
              0.50    0.50    0.50    0.50  clk       0.00  
gate_acc_o[161]
              0.50    0.50    0.50    0.50  clk       0.00  
gate_acc_o[162]
              0.50    0.50    0.50    0.50  clk       0.00  
gate_acc_o[163]
              0.50    0.50    0.50    0.50  clk       0.00  
gate_acc_o[164]
              0.50    0.50    0.50    0.50  clk       0.00  
gate_acc_o[165]
              0.50    0.50    0.50    0.50  clk       0.00  
gate_acc_o[166]
              0.50    0.50    0.50    0.50  clk       0.00  
gate_acc_o[167]
              0.50    0.50    0.50    0.50  clk       0.00  
gate_acc_o[168]
              0.50    0.50    0.50    0.50  clk       0.00  
gate_acc_o[169]
              0.50    0.50    0.50    0.50  clk       0.00  
gate_acc_o[170]
              0.50    0.50    0.50    0.50  clk       0.00  
gate_acc_o[171]
              0.50    0.50    0.50    0.50  clk       0.00  
gate_acc_o[172]
              0.50    0.50    0.50    0.50  clk       0.00  
gate_acc_o[173]
              0.50    0.50    0.50    0.50  clk       0.00  
gate_acc_o[174]
              0.50    0.50    0.50    0.50  clk       0.00  
gate_acc_o[175]
              0.50    0.50    0.50    0.50  clk       0.00  
gate_acc_o[176]
              0.50    0.50    0.50    0.50  clk       0.00  
gate_acc_o[177]
              0.50    0.50    0.50    0.50  clk       0.00  
gate_acc_o[178]
              0.50    0.50    0.50    0.50  clk       0.00  
gate_acc_o[179]
              0.50    0.50    0.50    0.50  clk       0.00  
gate_acc_o[180]
              0.50    0.50    0.50    0.50  clk       0.00  
gate_acc_o[181]
              0.50    0.50    0.50    0.50  clk       0.00  
gate_acc_o[182]
              0.50    0.50    0.50    0.50  clk       0.00  
gate_acc_o[183]
              0.50    0.50    0.50    0.50  clk       0.00  
gate_acc_o[184]
              0.50    0.50    0.50    0.50  clk       0.00  
gate_acc_o[185]
              0.50    0.50    0.50    0.50  clk       0.00  
gate_acc_o[186]
              0.50    0.50    0.50    0.50  clk       0.00  
gate_acc_o[187]
              0.50    0.50    0.50    0.50  clk       0.00  
gate_acc_o[188]
              0.50    0.50    0.50    0.50  clk       0.00  
gate_acc_o[189]
              0.50    0.50    0.50    0.50  clk       0.00  
gate_acc_o[190]
              0.50    0.50    0.50    0.50  clk       0.00  
gate_acc_o[191]
              0.50    0.50    0.50    0.50  clk       0.00  
gate_acc_o[192]
              0.50    0.50    0.50    0.50  clk       0.00  
gate_acc_o[193]
              0.50    0.50    0.50    0.50  clk       0.00  
gate_acc_o[194]
              0.50    0.50    0.50    0.50  clk       0.00  
gate_acc_o[195]
              0.50    0.50    0.50    0.50  clk       0.00  
gate_acc_o[196]
              0.50    0.50    0.50    0.50  clk       0.00  
gate_acc_o[197]
              0.50    0.50    0.50    0.50  clk       0.00  
gate_acc_o[198]
              0.50    0.50    0.50    0.50  clk       0.00  
gate_acc_o[199]
              0.50    0.50    0.50    0.50  clk       0.00  
gate_acc_o[200]
              0.50    0.50    0.50    0.50  clk       0.00  
gate_acc_o[201]
              0.50    0.50    0.50    0.50  clk       0.00  
gate_acc_o[202]
              0.50    0.50    0.50    0.50  clk       0.00  
gate_acc_o[203]
              0.50    0.50    0.50    0.50  clk       0.00  
gate_acc_o[204]
              0.50    0.50    0.50    0.50  clk       0.00  
gate_acc_o[205]
              0.50    0.50    0.50    0.50  clk       0.00  
gate_acc_o[206]
              0.50    0.50    0.50    0.50  clk       0.00  
gate_acc_o[207]
              0.50    0.50    0.50    0.50  clk       0.00  
gate_acc_o[208]
              0.50    0.50    0.50    0.50  clk       0.00  
gate_acc_o[209]
              0.50    0.50    0.50    0.50  clk       0.00  
gate_acc_o[210]
              0.50    0.50    0.50    0.50  clk       0.00  
gate_acc_o[211]
              0.50    0.50    0.50    0.50  clk       0.00  
gate_acc_o[212]
              0.50    0.50    0.50    0.50  clk       0.00  
gate_acc_o[213]
              0.50    0.50    0.50    0.50  clk       0.00  
gate_acc_o[214]
              0.50    0.50    0.50    0.50  clk       0.00  
gate_acc_o[215]
              0.50    0.50    0.50    0.50  clk       0.00  
gate_acc_o[216]
              0.50    0.50    0.50    0.50  clk       0.00  
gate_acc_o[217]
              0.50    0.50    0.50    0.50  clk       0.00  
gate_acc_o[218]
              0.50    0.50    0.50    0.50  clk       0.00  
gate_acc_o[219]
              0.50    0.50    0.50    0.50  clk       0.00  
gate_acc_o[220]
              0.50    0.50    0.50    0.50  clk       0.00  
gate_acc_o[221]
              0.50    0.50    0.50    0.50  clk       0.00  
gate_acc_o[222]
              0.50    0.50    0.50    0.50  clk       0.00  
gate_acc_o[223]
              0.50    0.50    0.50    0.50  clk       0.00  
up_acc_o[0]   0.50    0.50    0.50    0.50  clk       0.00  
up_acc_o[1]   0.50    0.50    0.50    0.50  clk       0.00  
up_acc_o[2]   0.50    0.50    0.50    0.50  clk       0.00  
up_acc_o[3]   0.50    0.50    0.50    0.50  clk       0.00  
up_acc_o[4]   0.50    0.50    0.50    0.50  clk       0.00  
up_acc_o[5]   0.50    0.50    0.50    0.50  clk       0.00  
up_acc_o[6]   0.50    0.50    0.50    0.50  clk       0.00  
up_acc_o[7]   0.50    0.50    0.50    0.50  clk       0.00  
up_acc_o[8]   0.50    0.50    0.50    0.50  clk       0.00  
up_acc_o[9]   0.50    0.50    0.50    0.50  clk       0.00  
up_acc_o[10]
              0.50    0.50    0.50    0.50  clk       0.00  
up_acc_o[11]
              0.50    0.50    0.50    0.50  clk       0.00  
up_acc_o[12]
              0.50    0.50    0.50    0.50  clk       0.00  
up_acc_o[13]
              0.50    0.50    0.50    0.50  clk       0.00  
up_acc_o[14]
              0.50    0.50    0.50    0.50  clk       0.00  
up_acc_o[15]
              0.50    0.50    0.50    0.50  clk       0.00  
up_acc_o[16]
              0.50    0.50    0.50    0.50  clk       0.00  
up_acc_o[17]
              0.50    0.50    0.50    0.50  clk       0.00  
up_acc_o[18]
              0.50    0.50    0.50    0.50  clk       0.00  
up_acc_o[19]
              0.50    0.50    0.50    0.50  clk       0.00  
up_acc_o[20]
              0.50    0.50    0.50    0.50  clk       0.00  
up_acc_o[21]
              0.50    0.50    0.50    0.50  clk       0.00  
up_acc_o[22]
              0.50    0.50    0.50    0.50  clk       0.00  
up_acc_o[23]
              0.50    0.50    0.50    0.50  clk       0.00  
up_acc_o[24]
              0.50    0.50    0.50    0.50  clk       0.00  
up_acc_o[25]
              0.50    0.50    0.50    0.50  clk       0.00  
up_acc_o[26]
              0.50    0.50    0.50    0.50  clk       0.00  
up_acc_o[27]
              0.50    0.50    0.50    0.50  clk       0.00  
up_acc_o[28]
              0.50    0.50    0.50    0.50  clk       0.00  
up_acc_o[29]
              0.50    0.50    0.50    0.50  clk       0.00  
up_acc_o[30]
              0.50    0.50    0.50    0.50  clk       0.00  
up_acc_o[31]
              0.50    0.50    0.50    0.50  clk       0.00  
up_acc_o[32]
              0.50    0.50    0.50    0.50  clk       0.00  
up_acc_o[33]
              0.50    0.50    0.50    0.50  clk       0.00  
up_acc_o[34]
              0.50    0.50    0.50    0.50  clk       0.00  
up_acc_o[35]
              0.50    0.50    0.50    0.50  clk       0.00  
up_acc_o[36]
              0.50    0.50    0.50    0.50  clk       0.00  
up_acc_o[37]
              0.50    0.50    0.50    0.50  clk       0.00  
up_acc_o[38]
              0.50    0.50    0.50    0.50  clk       0.00  
up_acc_o[39]
              0.50    0.50    0.50    0.50  clk       0.00  
up_acc_o[40]
              0.50    0.50    0.50    0.50  clk       0.00  
up_acc_o[41]
              0.50    0.50    0.50    0.50  clk       0.00  
up_acc_o[42]
              0.50    0.50    0.50    0.50  clk       0.00  
up_acc_o[43]
              0.50    0.50    0.50    0.50  clk       0.00  
up_acc_o[44]
              0.50    0.50    0.50    0.50  clk       0.00  
up_acc_o[45]
              0.50    0.50    0.50    0.50  clk       0.00  
up_acc_o[46]
              0.50    0.50    0.50    0.50  clk       0.00  
up_acc_o[47]
              0.50    0.50    0.50    0.50  clk       0.00  
up_acc_o[48]
              0.50    0.50    0.50    0.50  clk       0.00  
up_acc_o[49]
              0.50    0.50    0.50    0.50  clk       0.00  
up_acc_o[50]
              0.50    0.50    0.50    0.50  clk       0.00  
up_acc_o[51]
              0.50    0.50    0.50    0.50  clk       0.00  
up_acc_o[52]
              0.50    0.50    0.50    0.50  clk       0.00  
up_acc_o[53]
              0.50    0.50    0.50    0.50  clk       0.00  
up_acc_o[54]
              0.50    0.50    0.50    0.50  clk       0.00  
up_acc_o[55]
              0.50    0.50    0.50    0.50  clk       0.00  
up_acc_o[56]
              0.50    0.50    0.50    0.50  clk       0.00  
up_acc_o[57]
              0.50    0.50    0.50    0.50  clk       0.00  
up_acc_o[58]
              0.50    0.50    0.50    0.50  clk       0.00  
up_acc_o[59]
              0.50    0.50    0.50    0.50  clk       0.00  
up_acc_o[60]
              0.50    0.50    0.50    0.50  clk       0.00  
up_acc_o[61]
              0.50    0.50    0.50    0.50  clk       0.00  
up_acc_o[62]
              0.50    0.50    0.50    0.50  clk       0.00  
up_acc_o[63]
              0.50    0.50    0.50    0.50  clk       0.00  
up_acc_o[64]
              0.50    0.50    0.50    0.50  clk       0.00  
up_acc_o[65]
              0.50    0.50    0.50    0.50  clk       0.00  
up_acc_o[66]
              0.50    0.50    0.50    0.50  clk       0.00  
up_acc_o[67]
              0.50    0.50    0.50    0.50  clk       0.00  
up_acc_o[68]
              0.50    0.50    0.50    0.50  clk       0.00  
up_acc_o[69]
              0.50    0.50    0.50    0.50  clk       0.00  
up_acc_o[70]
              0.50    0.50    0.50    0.50  clk       0.00  
up_acc_o[71]
              0.50    0.50    0.50    0.50  clk       0.00  
up_acc_o[72]
              0.50    0.50    0.50    0.50  clk       0.00  
up_acc_o[73]
              0.50    0.50    0.50    0.50  clk       0.00  
up_acc_o[74]
              0.50    0.50    0.50    0.50  clk       0.00  
up_acc_o[75]
              0.50    0.50    0.50    0.50  clk       0.00  
up_acc_o[76]
              0.50    0.50    0.50    0.50  clk       0.00  
up_acc_o[77]
              0.50    0.50    0.50    0.50  clk       0.00  
up_acc_o[78]
              0.50    0.50    0.50    0.50  clk       0.00  
up_acc_o[79]
              0.50    0.50    0.50    0.50  clk       0.00  
up_acc_o[80]
              0.50    0.50    0.50    0.50  clk       0.00  
up_acc_o[81]
              0.50    0.50    0.50    0.50  clk       0.00  
up_acc_o[82]
              0.50    0.50    0.50    0.50  clk       0.00  
up_acc_o[83]
              0.50    0.50    0.50    0.50  clk       0.00  
up_acc_o[84]
              0.50    0.50    0.50    0.50  clk       0.00  
up_acc_o[85]
              0.50    0.50    0.50    0.50  clk       0.00  
up_acc_o[86]
              0.50    0.50    0.50    0.50  clk       0.00  
up_acc_o[87]
              0.50    0.50    0.50    0.50  clk       0.00  
up_acc_o[88]
              0.50    0.50    0.50    0.50  clk       0.00  
up_acc_o[89]
              0.50    0.50    0.50    0.50  clk       0.00  
up_acc_o[90]
              0.50    0.50    0.50    0.50  clk       0.00  
up_acc_o[91]
              0.50    0.50    0.50    0.50  clk       0.00  
up_acc_o[92]
              0.50    0.50    0.50    0.50  clk       0.00  
up_acc_o[93]
              0.50    0.50    0.50    0.50  clk       0.00  
up_acc_o[94]
              0.50    0.50    0.50    0.50  clk       0.00  
up_acc_o[95]
              0.50    0.50    0.50    0.50  clk       0.00  
up_acc_o[96]
              0.50    0.50    0.50    0.50  clk       0.00  
up_acc_o[97]
              0.50    0.50    0.50    0.50  clk       0.00  
up_acc_o[98]
              0.50    0.50    0.50    0.50  clk       0.00  
up_acc_o[99]
              0.50    0.50    0.50    0.50  clk       0.00  
up_acc_o[100]
              0.50    0.50    0.50    0.50  clk       0.00  
up_acc_o[101]
              0.50    0.50    0.50    0.50  clk       0.00  
up_acc_o[102]
              0.50    0.50    0.50    0.50  clk       0.00  
up_acc_o[103]
              0.50    0.50    0.50    0.50  clk       0.00  
up_acc_o[104]
              0.50    0.50    0.50    0.50  clk       0.00  
up_acc_o[105]
              0.50    0.50    0.50    0.50  clk       0.00  
up_acc_o[106]
              0.50    0.50    0.50    0.50  clk       0.00  
up_acc_o[107]
              0.50    0.50    0.50    0.50  clk       0.00  
up_acc_o[108]
              0.50    0.50    0.50    0.50  clk       0.00  
up_acc_o[109]
              0.50    0.50    0.50    0.50  clk       0.00  
up_acc_o[110]
              0.50    0.50    0.50    0.50  clk       0.00  
up_acc_o[111]
              0.50    0.50    0.50    0.50  clk       0.00  
up_acc_o[112]
              0.50    0.50    0.50    0.50  clk       0.00  
up_acc_o[113]
              0.50    0.50    0.50    0.50  clk       0.00  
up_acc_o[114]
              0.50    0.50    0.50    0.50  clk       0.00  
up_acc_o[115]
              0.50    0.50    0.50    0.50  clk       0.00  
up_acc_o[116]
              0.50    0.50    0.50    0.50  clk       0.00  
up_acc_o[117]
              0.50    0.50    0.50    0.50  clk       0.00  
up_acc_o[118]
              0.50    0.50    0.50    0.50  clk       0.00  
up_acc_o[119]
              0.50    0.50    0.50    0.50  clk       0.00  
up_acc_o[120]
              0.50    0.50    0.50    0.50  clk       0.00  
up_acc_o[121]
              0.50    0.50    0.50    0.50  clk       0.00  
up_acc_o[122]
              0.50    0.50    0.50    0.50  clk       0.00  
up_acc_o[123]
              0.50    0.50    0.50    0.50  clk       0.00  
up_acc_o[124]
              0.50    0.50    0.50    0.50  clk       0.00  
up_acc_o[125]
              0.50    0.50    0.50    0.50  clk       0.00  
up_acc_o[126]
              0.50    0.50    0.50    0.50  clk       0.00  
up_acc_o[127]
              0.50    0.50    0.50    0.50  clk       0.00  
up_acc_o[128]
              0.50    0.50    0.50    0.50  clk       0.00  
up_acc_o[129]
              0.50    0.50    0.50    0.50  clk       0.00  
up_acc_o[130]
              0.50    0.50    0.50    0.50  clk       0.00  
up_acc_o[131]
              0.50    0.50    0.50    0.50  clk       0.00  
up_acc_o[132]
              0.50    0.50    0.50    0.50  clk       0.00  
up_acc_o[133]
              0.50    0.50    0.50    0.50  clk       0.00  
up_acc_o[134]
              0.50    0.50    0.50    0.50  clk       0.00  
up_acc_o[135]
              0.50    0.50    0.50    0.50  clk       0.00  
up_acc_o[136]
              0.50    0.50    0.50    0.50  clk       0.00  
up_acc_o[137]
              0.50    0.50    0.50    0.50  clk       0.00  
up_acc_o[138]
              0.50    0.50    0.50    0.50  clk       0.00  
up_acc_o[139]
              0.50    0.50    0.50    0.50  clk       0.00  
up_acc_o[140]
              0.50    0.50    0.50    0.50  clk       0.00  
up_acc_o[141]
              0.50    0.50    0.50    0.50  clk       0.00  
up_acc_o[142]
              0.50    0.50    0.50    0.50  clk       0.00  
up_acc_o[143]
              0.50    0.50    0.50    0.50  clk       0.00  
up_acc_o[144]
              0.50    0.50    0.50    0.50  clk       0.00  
up_acc_o[145]
              0.50    0.50    0.50    0.50  clk       0.00  
up_acc_o[146]
              0.50    0.50    0.50    0.50  clk       0.00  
up_acc_o[147]
              0.50    0.50    0.50    0.50  clk       0.00  
up_acc_o[148]
              0.50    0.50    0.50    0.50  clk       0.00  
up_acc_o[149]
              0.50    0.50    0.50    0.50  clk       0.00  
up_acc_o[150]
              0.50    0.50    0.50    0.50  clk       0.00  
up_acc_o[151]
              0.50    0.50    0.50    0.50  clk       0.00  
up_acc_o[152]
              0.50    0.50    0.50    0.50  clk       0.00  
up_acc_o[153]
              0.50    0.50    0.50    0.50  clk       0.00  
up_acc_o[154]
              0.50    0.50    0.50    0.50  clk       0.00  
up_acc_o[155]
              0.50    0.50    0.50    0.50  clk       0.00  
up_acc_o[156]
              0.50    0.50    0.50    0.50  clk       0.00  
up_acc_o[157]
              0.50    0.50    0.50    0.50  clk       0.00  
up_acc_o[158]
              0.50    0.50    0.50    0.50  clk       0.00  
up_acc_o[159]
              0.50    0.50    0.50    0.50  clk       0.00  
up_acc_o[160]
              0.50    0.50    0.50    0.50  clk       0.00  
up_acc_o[161]
              0.50    0.50    0.50    0.50  clk       0.00  
up_acc_o[162]
              0.50    0.50    0.50    0.50  clk       0.00  
up_acc_o[163]
              0.50    0.50    0.50    0.50  clk       0.00  
up_acc_o[164]
              0.50    0.50    0.50    0.50  clk       0.00  
up_acc_o[165]
              0.50    0.50    0.50    0.50  clk       0.00  
up_acc_o[166]
              0.50    0.50    0.50    0.50  clk       0.00  
up_acc_o[167]
              0.50    0.50    0.50    0.50  clk       0.00  
up_acc_o[168]
              0.50    0.50    0.50    0.50  clk       0.00  
up_acc_o[169]
              0.50    0.50    0.50    0.50  clk       0.00  
up_acc_o[170]
              0.50    0.50    0.50    0.50  clk       0.00  
up_acc_o[171]
              0.50    0.50    0.50    0.50  clk       0.00  
up_acc_o[172]
              0.50    0.50    0.50    0.50  clk       0.00  
up_acc_o[173]
              0.50    0.50    0.50    0.50  clk       0.00  
up_acc_o[174]
              0.50    0.50    0.50    0.50  clk       0.00  
up_acc_o[175]
              0.50    0.50    0.50    0.50  clk       0.00  
up_acc_o[176]
              0.50    0.50    0.50    0.50  clk       0.00  
up_acc_o[177]
              0.50    0.50    0.50    0.50  clk       0.00  
up_acc_o[178]
              0.50    0.50    0.50    0.50  clk       0.00  
up_acc_o[179]
              0.50    0.50    0.50    0.50  clk       0.00  
up_acc_o[180]
              0.50    0.50    0.50    0.50  clk       0.00  
up_acc_o[181]
              0.50    0.50    0.50    0.50  clk       0.00  
up_acc_o[182]
              0.50    0.50    0.50    0.50  clk       0.00  
up_acc_o[183]
              0.50    0.50    0.50    0.50  clk       0.00  
up_acc_o[184]
              0.50    0.50    0.50    0.50  clk       0.00  
up_acc_o[185]
              0.50    0.50    0.50    0.50  clk       0.00  
up_acc_o[186]
              0.50    0.50    0.50    0.50  clk       0.00  
up_acc_o[187]
              0.50    0.50    0.50    0.50  clk       0.00  
up_acc_o[188]
              0.50    0.50    0.50    0.50  clk       0.00  
up_acc_o[189]
              0.50    0.50    0.50    0.50  clk       0.00  
up_acc_o[190]
              0.50    0.50    0.50    0.50  clk       0.00  
up_acc_o[191]
              0.50    0.50    0.50    0.50  clk       0.00  
up_acc_o[192]
              0.50    0.50    0.50    0.50  clk       0.00  
up_acc_o[193]
              0.50    0.50    0.50    0.50  clk       0.00  
up_acc_o[194]
              0.50    0.50    0.50    0.50  clk       0.00  
up_acc_o[195]
              0.50    0.50    0.50    0.50  clk       0.00  
up_acc_o[196]
              0.50    0.50    0.50    0.50  clk       0.00  
up_acc_o[197]
              0.50    0.50    0.50    0.50  clk       0.00  
up_acc_o[198]
              0.50    0.50    0.50    0.50  clk       0.00  
up_acc_o[199]
              0.50    0.50    0.50    0.50  clk       0.00  
up_acc_o[200]
              0.50    0.50    0.50    0.50  clk       0.00  
up_acc_o[201]
              0.50    0.50    0.50    0.50  clk       0.00  
up_acc_o[202]
              0.50    0.50    0.50    0.50  clk       0.00  
up_acc_o[203]
              0.50    0.50    0.50    0.50  clk       0.00  
up_acc_o[204]
              0.50    0.50    0.50    0.50  clk       0.00  
up_acc_o[205]
              0.50    0.50    0.50    0.50  clk       0.00  
up_acc_o[206]
              0.50    0.50    0.50    0.50  clk       0.00  
up_acc_o[207]
              0.50    0.50    0.50    0.50  clk       0.00  
up_acc_o[208]
              0.50    0.50    0.50    0.50  clk       0.00  
up_acc_o[209]
              0.50    0.50    0.50    0.50  clk       0.00  
up_acc_o[210]
              0.50    0.50    0.50    0.50  clk       0.00  
up_acc_o[211]
              0.50    0.50    0.50    0.50  clk       0.00  
up_acc_o[212]
              0.50    0.50    0.50    0.50  clk       0.00  
up_acc_o[213]
              0.50    0.50    0.50    0.50  clk       0.00  
up_acc_o[214]
              0.50    0.50    0.50    0.50  clk       0.00  
up_acc_o[215]
              0.50    0.50    0.50    0.50  clk       0.00  
up_acc_o[216]
              0.50    0.50    0.50    0.50  clk       0.00  
up_acc_o[217]
              0.50    0.50    0.50    0.50  clk       0.00  
up_acc_o[218]
              0.50    0.50    0.50    0.50  clk       0.00  
up_acc_o[219]
              0.50    0.50    0.50    0.50  clk       0.00  
up_acc_o[220]
              0.50    0.50    0.50    0.50  clk       0.00  
up_acc_o[221]
              0.50    0.50    0.50    0.50  clk       0.00  
up_acc_o[222]
              0.50    0.50    0.50    0.50  clk       0.00  
up_acc_o[223]
              0.50    0.50    0.50    0.50  clk       0.00  

1
