 
****************************************
Report : timing
        -path full
        -delay min
        -nets
        -max_paths 100
        -transition_time
Design : stage1_tile
Version: W-2024.09-SP5-5
Date   : Fri Aug 14 17:21:01 2026
****************************************

 # A fanout number of 1000 was used for high fanout net computations.

Operating Conditions: tt_v0p9_25c   Library: scc28nhkcp_hdc35p140_rvt_tt_v0p9_25c_basic
Wire Load Model Mode: top

  Startpoint: u_config/beta_stage_q_reg_32_
              (rising edge-triggered flip-flop clocked by clk)
  Endpoint: u_beta_w/g_bank_1__u_macro/u_sram
            (rising edge-triggered flip-flop clocked by clk)
  Path Group: clk
  Path Type: min

  Point                                       Fanout     Trans      Incr       Path
  ------------------------------------------------------------------------------------
  clock clk (rise edge)                                             0.00       0.00
  clock network delay (ideal)                                       0.00       0.00
  u_config/beta_stage_q_reg_32_/CK (DQV2_140P7T35R)       0.10      0.00 #     0.00 r
  u_config/beta_stage_q_reg_32_/Q (DQV2_140P7T35R)        0.04      0.08       0.08 r
  u_config/beta_w_load_data_o[32] (net)         2                   0.00       0.08 r
  u_config/beta_w_load_data_o[32] (stage1_config_frontend)          0.00       0.08 r
  beta_w_load_data_i[32] (net)                                      0.00       0.08 r
  u_beta_w/wdata_i[32] (sram_bank_128x128_1)                        0.00       0.08 r
  u_beta_w/wdata_i[32] (net)                                        0.00       0.08 r
  u_beta_w/g_bank_1__u_macro/wdata_i[0] (hs128x32_wrapper_134)      0.00       0.08 r
  u_beta_w/g_bank_1__u_macro/wdata_i[0] (net)                       0.00       0.08 r
  u_beta_w/g_bank_1__u_macro/u_sram/D[0] (HS128X32)       0.04      0.00       0.08 r
  data arrival time                                                            0.08

  clock clk (rise edge)                                             0.00       0.00
  clock network delay (ideal)                                       0.00       0.00
  clock uncertainty                                                 0.15       0.15
  u_beta_w/g_bank_1__u_macro/u_sram/CLK (HS128X32)                  0.00       0.15 r
  library hold time                                                 0.14       0.29
  data required time                                                           0.29
  ------------------------------------------------------------------------------------
  data required time                                                           0.29
  data arrival time                                                           -0.08
  ------------------------------------------------------------------------------------
  slack (VIOLATED)                                                            -0.21


  Startpoint: u_config/beta_stage_q_reg_42_
              (rising edge-triggered flip-flop clocked by clk)
  Endpoint: u_beta_w/g_bank_1__u_macro/u_sram
            (rising edge-triggered flip-flop clocked by clk)
  Path Group: clk
  Path Type: min

  Point                                       Fanout     Trans      Incr       Path
  ------------------------------------------------------------------------------------
  clock clk (rise edge)                                             0.00       0.00
  clock network delay (ideal)                                       0.00       0.00
  u_config/beta_stage_q_reg_42_/CK (DQV2_140P7T35R)       0.10      0.00 #     0.00 r
  u_config/beta_stage_q_reg_42_/Q (DQV2_140P7T35R)        0.04      0.08       0.08 r
  u_config/beta_w_load_data_o[42] (net)         2                   0.00       0.08 r
  u_config/beta_w_load_data_o[42] (stage1_config_frontend)          0.00       0.08 r
  beta_w_load_data_i[42] (net)                                      0.00       0.08 r
  u_beta_w/wdata_i[42] (sram_bank_128x128_1)                        0.00       0.08 r
  u_beta_w/wdata_i[42] (net)                                        0.00       0.08 r
  u_beta_w/g_bank_1__u_macro/wdata_i[10] (hs128x32_wrapper_134)     0.00       0.08 r
  u_beta_w/g_bank_1__u_macro/wdata_i[10] (net)                      0.00       0.08 r
  u_beta_w/g_bank_1__u_macro/u_sram/D[10] (HS128X32)      0.04      0.00       0.08 r
  data arrival time                                                            0.08

  clock clk (rise edge)                                             0.00       0.00
  clock network delay (ideal)                                       0.00       0.00
  clock uncertainty                                                 0.15       0.15
  u_beta_w/g_bank_1__u_macro/u_sram/CLK (HS128X32)                  0.00       0.15 r
  library hold time                                                 0.14       0.29
  data required time                                                           0.29
  ------------------------------------------------------------------------------------
  data required time                                                           0.29
  data arrival time                                                           -0.08
  ------------------------------------------------------------------------------------
  slack (VIOLATED)                                                            -0.21


  Startpoint: u_config/beta_stage_q_reg_43_
              (rising edge-triggered flip-flop clocked by clk)
  Endpoint: u_beta_w/g_bank_1__u_macro/u_sram
            (rising edge-triggered flip-flop clocked by clk)
  Path Group: clk
  Path Type: min

  Point                                       Fanout     Trans      Incr       Path
  ------------------------------------------------------------------------------------
  clock clk (rise edge)                                             0.00       0.00
  clock network delay (ideal)                                       0.00       0.00
  u_config/beta_stage_q_reg_43_/CK (DQV2_140P7T35R)       0.10      0.00 #     0.00 r
  u_config/beta_stage_q_reg_43_/Q (DQV2_140P7T35R)        0.04      0.08       0.08 r
  u_config/beta_w_load_data_o[43] (net)         2                   0.00       0.08 r
  u_config/beta_w_load_data_o[43] (stage1_config_frontend)          0.00       0.08 r
  beta_w_load_data_i[43] (net)                                      0.00       0.08 r
  u_beta_w/wdata_i[43] (sram_bank_128x128_1)                        0.00       0.08 r
  u_beta_w/wdata_i[43] (net)                                        0.00       0.08 r
  u_beta_w/g_bank_1__u_macro/wdata_i[11] (hs128x32_wrapper_134)     0.00       0.08 r
  u_beta_w/g_bank_1__u_macro/wdata_i[11] (net)                      0.00       0.08 r
  u_beta_w/g_bank_1__u_macro/u_sram/D[11] (HS128X32)      0.04      0.00       0.08 r
  data arrival time                                                            0.08

  clock clk (rise edge)                                             0.00       0.00
  clock network delay (ideal)                                       0.00       0.00
  clock uncertainty                                                 0.15       0.15
  u_beta_w/g_bank_1__u_macro/u_sram/CLK (HS128X32)                  0.00       0.15 r
  library hold time                                                 0.14       0.29
  data required time                                                           0.29
  ------------------------------------------------------------------------------------
  data required time                                                           0.29
  data arrival time                                                           -0.08
  ------------------------------------------------------------------------------------
  slack (VIOLATED)                                                            -0.21


  Startpoint: u_config/beta_stage_q_reg_44_
              (rising edge-triggered flip-flop clocked by clk)
  Endpoint: u_beta_w/g_bank_1__u_macro/u_sram
            (rising edge-triggered flip-flop clocked by clk)
  Path Group: clk
  Path Type: min

  Point                                       Fanout     Trans      Incr       Path
  ------------------------------------------------------------------------------------
  clock clk (rise edge)                                             0.00       0.00
  clock network delay (ideal)                                       0.00       0.00
  u_config/beta_stage_q_reg_44_/CK (DQV2_140P7T35R)       0.10      0.00 #     0.00 r
  u_config/beta_stage_q_reg_44_/Q (DQV2_140P7T35R)        0.04      0.08       0.08 r
  u_config/beta_w_load_data_o[44] (net)         2                   0.00       0.08 r
  u_config/beta_w_load_data_o[44] (stage1_config_frontend)          0.00       0.08 r
  beta_w_load_data_i[44] (net)                                      0.00       0.08 r
  u_beta_w/wdata_i[44] (sram_bank_128x128_1)                        0.00       0.08 r
  u_beta_w/wdata_i[44] (net)                                        0.00       0.08 r
  u_beta_w/g_bank_1__u_macro/wdata_i[12] (hs128x32_wrapper_134)     0.00       0.08 r
  u_beta_w/g_bank_1__u_macro/wdata_i[12] (net)                      0.00       0.08 r
  u_beta_w/g_bank_1__u_macro/u_sram/D[12] (HS128X32)      0.04      0.00       0.08 r
  data arrival time                                                            0.08

  clock clk (rise edge)                                             0.00       0.00
  clock network delay (ideal)                                       0.00       0.00
  clock uncertainty                                                 0.15       0.15
  u_beta_w/g_bank_1__u_macro/u_sram/CLK (HS128X32)                  0.00       0.15 r
  library hold time                                                 0.14       0.29
  data required time                                                           0.29
  ------------------------------------------------------------------------------------
  data required time                                                           0.29
  data arrival time                                                           -0.08
  ------------------------------------------------------------------------------------
  slack (VIOLATED)                                                            -0.21


  Startpoint: u_config/beta_stage_q_reg_45_
              (rising edge-triggered flip-flop clocked by clk)
  Endpoint: u_beta_w/g_bank_1__u_macro/u_sram
            (rising edge-triggered flip-flop clocked by clk)
  Path Group: clk
  Path Type: min

  Point                                       Fanout     Trans      Incr       Path
  ------------------------------------------------------------------------------------
  clock clk (rise edge)                                             0.00       0.00
  clock network delay (ideal)                                       0.00       0.00
  u_config/beta_stage_q_reg_45_/CK (DQV2_140P7T35R)       0.10      0.00 #     0.00 r
  u_config/beta_stage_q_reg_45_/Q (DQV2_140P7T35R)        0.04      0.08       0.08 r
  u_config/beta_w_load_data_o[45] (net)         2                   0.00       0.08 r
  u_config/beta_w_load_data_o[45] (stage1_config_frontend)          0.00       0.08 r
  beta_w_load_data_i[45] (net)                                      0.00       0.08 r
  u_beta_w/wdata_i[45] (sram_bank_128x128_1)                        0.00       0.08 r
  u_beta_w/wdata_i[45] (net)                                        0.00       0.08 r
  u_beta_w/g_bank_1__u_macro/wdata_i[13] (hs128x32_wrapper_134)     0.00       0.08 r
  u_beta_w/g_bank_1__u_macro/wdata_i[13] (net)                      0.00       0.08 r
  u_beta_w/g_bank_1__u_macro/u_sram/D[13] (HS128X32)      0.04      0.00       0.08 r
  data arrival time                                                            0.08

  clock clk (rise edge)                                             0.00       0.00
  clock network delay (ideal)                                       0.00       0.00
  clock uncertainty                                                 0.15       0.15
  u_beta_w/g_bank_1__u_macro/u_sram/CLK (HS128X32)                  0.00       0.15 r
  library hold time                                                 0.14       0.29
  data required time                                                           0.29
  ------------------------------------------------------------------------------------
  data required time                                                           0.29
  data arrival time                                                           -0.08
  ------------------------------------------------------------------------------------
  slack (VIOLATED)                                                            -0.21


  Startpoint: u_config/beta_stage_q_reg_46_
              (rising edge-triggered flip-flop clocked by clk)
  Endpoint: u_beta_w/g_bank_1__u_macro/u_sram
            (rising edge-triggered flip-flop clocked by clk)
  Path Group: clk
  Path Type: min

  Point                                       Fanout     Trans      Incr       Path
  ------------------------------------------------------------------------------------
  clock clk (rise edge)                                             0.00       0.00
  clock network delay (ideal)                                       0.00       0.00
  u_config/beta_stage_q_reg_46_/CK (DQV2_140P7T35R)       0.10      0.00 #     0.00 r
  u_config/beta_stage_q_reg_46_/Q (DQV2_140P7T35R)        0.04      0.08       0.08 r
  u_config/beta_w_load_data_o[46] (net)         2                   0.00       0.08 r
  u_config/beta_w_load_data_o[46] (stage1_config_frontend)          0.00       0.08 r
  beta_w_load_data_i[46] (net)                                      0.00       0.08 r
  u_beta_w/wdata_i[46] (sram_bank_128x128_1)                        0.00       0.08 r
  u_beta_w/wdata_i[46] (net)                                        0.00       0.08 r
  u_beta_w/g_bank_1__u_macro/wdata_i[14] (hs128x32_wrapper_134)     0.00       0.08 r
  u_beta_w/g_bank_1__u_macro/wdata_i[14] (net)                      0.00       0.08 r
  u_beta_w/g_bank_1__u_macro/u_sram/D[14] (HS128X32)      0.04      0.00       0.08 r
  data arrival time                                                            0.08

  clock clk (rise edge)                                             0.00       0.00
  clock network delay (ideal)                                       0.00       0.00
  clock uncertainty                                                 0.15       0.15
  u_beta_w/g_bank_1__u_macro/u_sram/CLK (HS128X32)                  0.00       0.15 r
  library hold time                                                 0.14       0.29
  data required time                                                           0.29
  ------------------------------------------------------------------------------------
  data required time                                                           0.29
  data arrival time                                                           -0.08
  ------------------------------------------------------------------------------------
  slack (VIOLATED)                                                            -0.21


  Startpoint: u_config/beta_stage_q_reg_47_
              (rising edge-triggered flip-flop clocked by clk)
  Endpoint: u_beta_w/g_bank_1__u_macro/u_sram
            (rising edge-triggered flip-flop clocked by clk)
  Path Group: clk
  Path Type: min

  Point                                       Fanout     Trans      Incr       Path
  ------------------------------------------------------------------------------------
  clock clk (rise edge)                                             0.00       0.00
  clock network delay (ideal)                                       0.00       0.00
  u_config/beta_stage_q_reg_47_/CK (DQV2_140P7T35R)       0.10      0.00 #     0.00 r
  u_config/beta_stage_q_reg_47_/Q (DQV2_140P7T35R)        0.04      0.08       0.08 r
  u_config/beta_w_load_data_o[47] (net)         2                   0.00       0.08 r
  u_config/beta_w_load_data_o[47] (stage1_config_frontend)          0.00       0.08 r
  beta_w_load_data_i[47] (net)                                      0.00       0.08 r
  u_beta_w/wdata_i[47] (sram_bank_128x128_1)                        0.00       0.08 r
  u_beta_w/wdata_i[47] (net)                                        0.00       0.08 r
  u_beta_w/g_bank_1__u_macro/wdata_i[15] (hs128x32_wrapper_134)     0.00       0.08 r
  u_beta_w/g_bank_1__u_macro/wdata_i[15] (net)                      0.00       0.08 r
  u_beta_w/g_bank_1__u_macro/u_sram/D[15] (HS128X32)      0.04      0.00       0.08 r
  data arrival time                                                            0.08

  clock clk (rise edge)                                             0.00       0.00
  clock network delay (ideal)                                       0.00       0.00
  clock uncertainty                                                 0.15       0.15
  u_beta_w/g_bank_1__u_macro/u_sram/CLK (HS128X32)                  0.00       0.15 r
  library hold time                                                 0.14       0.29
  data required time                                                           0.29
  ------------------------------------------------------------------------------------
  data required time                                                           0.29
  data arrival time                                                           -0.08
  ------------------------------------------------------------------------------------
  slack (VIOLATED)                                                            -0.21


  Startpoint: u_config/beta_stage_q_reg_48_
              (rising edge-triggered flip-flop clocked by clk)
  Endpoint: u_beta_w/g_bank_1__u_macro/u_sram
            (rising edge-triggered flip-flop clocked by clk)
  Path Group: clk
  Path Type: min

  Point                                       Fanout     Trans      Incr       Path
  ------------------------------------------------------------------------------------
  clock clk (rise edge)                                             0.00       0.00
  clock network delay (ideal)                                       0.00       0.00
  u_config/beta_stage_q_reg_48_/CK (DQV2_140P7T35R)       0.10      0.00 #     0.00 r
  u_config/beta_stage_q_reg_48_/Q (DQV2_140P7T35R)        0.04      0.08       0.08 r
  u_config/beta_w_load_data_o[48] (net)         2                   0.00       0.08 r
  u_config/beta_w_load_data_o[48] (stage1_config_frontend)          0.00       0.08 r
  beta_w_load_data_i[48] (net)                                      0.00       0.08 r
  u_beta_w/wdata_i[48] (sram_bank_128x128_1)                        0.00       0.08 r
  u_beta_w/wdata_i[48] (net)                                        0.00       0.08 r
  u_beta_w/g_bank_1__u_macro/wdata_i[16] (hs128x32_wrapper_134)     0.00       0.08 r
  u_beta_w/g_bank_1__u_macro/wdata_i[16] (net)                      0.00       0.08 r
  u_beta_w/g_bank_1__u_macro/u_sram/D[16] (HS128X32)      0.04      0.00       0.08 r
  data arrival time                                                            0.08

  clock clk (rise edge)                                             0.00       0.00
  clock network delay (ideal)                                       0.00       0.00
  clock uncertainty                                                 0.15       0.15
  u_beta_w/g_bank_1__u_macro/u_sram/CLK (HS128X32)                  0.00       0.15 r
  library hold time                                                 0.14       0.29
  data required time                                                           0.29
  ------------------------------------------------------------------------------------
  data required time                                                           0.29
  data arrival time                                                           -0.08
  ------------------------------------------------------------------------------------
  slack (VIOLATED)                                                            -0.21


  Startpoint: u_config/beta_stage_q_reg_49_
              (rising edge-triggered flip-flop clocked by clk)
  Endpoint: u_beta_w/g_bank_1__u_macro/u_sram
            (rising edge-triggered flip-flop clocked by clk)
  Path Group: clk
  Path Type: min

  Point                                       Fanout     Trans      Incr       Path
  ------------------------------------------------------------------------------------
  clock clk (rise edge)                                             0.00       0.00
  clock network delay (ideal)                                       0.00       0.00
  u_config/beta_stage_q_reg_49_/CK (DQV2_140P7T35R)       0.10      0.00 #     0.00 r
  u_config/beta_stage_q_reg_49_/Q (DQV2_140P7T35R)        0.04      0.08       0.08 r
  u_config/beta_w_load_data_o[49] (net)         2                   0.00       0.08 r
  u_config/beta_w_load_data_o[49] (stage1_config_frontend)          0.00       0.08 r
  beta_w_load_data_i[49] (net)                                      0.00       0.08 r
  u_beta_w/wdata_i[49] (sram_bank_128x128_1)                        0.00       0.08 r
  u_beta_w/wdata_i[49] (net)                                        0.00       0.08 r
  u_beta_w/g_bank_1__u_macro/wdata_i[17] (hs128x32_wrapper_134)     0.00       0.08 r
  u_beta_w/g_bank_1__u_macro/wdata_i[17] (net)                      0.00       0.08 r
  u_beta_w/g_bank_1__u_macro/u_sram/D[17] (HS128X32)      0.04      0.00       0.08 r
  data arrival time                                                            0.08

  clock clk (rise edge)                                             0.00       0.00
  clock network delay (ideal)                                       0.00       0.00
  clock uncertainty                                                 0.15       0.15
  u_beta_w/g_bank_1__u_macro/u_sram/CLK (HS128X32)                  0.00       0.15 r
  library hold time                                                 0.14       0.29
  data required time                                                           0.29
  ------------------------------------------------------------------------------------
  data required time                                                           0.29
  data arrival time                                                           -0.08
  ------------------------------------------------------------------------------------
  slack (VIOLATED)                                                            -0.21


  Startpoint: u_config/beta_stage_q_reg_50_
              (rising edge-triggered flip-flop clocked by clk)
  Endpoint: u_beta_w/g_bank_1__u_macro/u_sram
            (rising edge-triggered flip-flop clocked by clk)
  Path Group: clk
  Path Type: min

  Point                                       Fanout     Trans      Incr       Path
  ------------------------------------------------------------------------------------
  clock clk (rise edge)                                             0.00       0.00
  clock network delay (ideal)                                       0.00       0.00
  u_config/beta_stage_q_reg_50_/CK (DQV2_140P7T35R)       0.10      0.00 #     0.00 r
  u_config/beta_stage_q_reg_50_/Q (DQV2_140P7T35R)        0.04      0.08       0.08 r
  u_config/beta_w_load_data_o[50] (net)         2                   0.00       0.08 r
  u_config/beta_w_load_data_o[50] (stage1_config_frontend)          0.00       0.08 r
  beta_w_load_data_i[50] (net)                                      0.00       0.08 r
  u_beta_w/wdata_i[50] (sram_bank_128x128_1)                        0.00       0.08 r
  u_beta_w/wdata_i[50] (net)                                        0.00       0.08 r
  u_beta_w/g_bank_1__u_macro/wdata_i[18] (hs128x32_wrapper_134)     0.00       0.08 r
  u_beta_w/g_bank_1__u_macro/wdata_i[18] (net)                      0.00       0.08 r
  u_beta_w/g_bank_1__u_macro/u_sram/D[18] (HS128X32)      0.04      0.00       0.08 r
  data arrival time                                                            0.08

  clock clk (rise edge)                                             0.00       0.00
  clock network delay (ideal)                                       0.00       0.00
  clock uncertainty                                                 0.15       0.15
  u_beta_w/g_bank_1__u_macro/u_sram/CLK (HS128X32)                  0.00       0.15 r
  library hold time                                                 0.14       0.29
  data required time                                                           0.29
  ------------------------------------------------------------------------------------
  data required time                                                           0.29
  data arrival time                                                           -0.08
  ------------------------------------------------------------------------------------
  slack (VIOLATED)                                                            -0.21


  Startpoint: u_config/beta_stage_q_reg_51_
              (rising edge-triggered flip-flop clocked by clk)
  Endpoint: u_beta_w/g_bank_1__u_macro/u_sram
            (rising edge-triggered flip-flop clocked by clk)
  Path Group: clk
  Path Type: min

  Point                                       Fanout     Trans      Incr       Path
  ------------------------------------------------------------------------------------
  clock clk (rise edge)                                             0.00       0.00
  clock network delay (ideal)                                       0.00       0.00
  u_config/beta_stage_q_reg_51_/CK (DQV2_140P7T35R)       0.10      0.00 #     0.00 r
  u_config/beta_stage_q_reg_51_/Q (DQV2_140P7T35R)        0.04      0.08       0.08 r
  u_config/beta_w_load_data_o[51] (net)         2                   0.00       0.08 r
  u_config/beta_w_load_data_o[51] (stage1_config_frontend)          0.00       0.08 r
  beta_w_load_data_i[51] (net)                                      0.00       0.08 r
  u_beta_w/wdata_i[51] (sram_bank_128x128_1)                        0.00       0.08 r
  u_beta_w/wdata_i[51] (net)                                        0.00       0.08 r
  u_beta_w/g_bank_1__u_macro/wdata_i[19] (hs128x32_wrapper_134)     0.00       0.08 r
  u_beta_w/g_bank_1__u_macro/wdata_i[19] (net)                      0.00       0.08 r
  u_beta_w/g_bank_1__u_macro/u_sram/D[19] (HS128X32)      0.04      0.00       0.08 r
  data arrival time                                                            0.08

  clock clk (rise edge)                                             0.00       0.00
  clock network delay (ideal)                                       0.00       0.00
  clock uncertainty                                                 0.15       0.15
  u_beta_w/g_bank_1__u_macro/u_sram/CLK (HS128X32)                  0.00       0.15 r
  library hold time                                                 0.14       0.29
  data required time                                                           0.29
  ------------------------------------------------------------------------------------
  data required time                                                           0.29
  data arrival time                                                           -0.08
  ------------------------------------------------------------------------------------
  slack (VIOLATED)                                                            -0.21


  Startpoint: u_config/beta_stage_q_reg_33_
              (rising edge-triggered flip-flop clocked by clk)
  Endpoint: u_beta_w/g_bank_1__u_macro/u_sram
            (rising edge-triggered flip-flop clocked by clk)
  Path Group: clk
  Path Type: min

  Point                                       Fanout     Trans      Incr       Path
  ------------------------------------------------------------------------------------
  clock clk (rise edge)                                             0.00       0.00
  clock network delay (ideal)                                       0.00       0.00
  u_config/beta_stage_q_reg_33_/CK (DQV2_140P7T35R)       0.10      0.00 #     0.00 r
  u_config/beta_stage_q_reg_33_/Q (DQV2_140P7T35R)        0.04      0.08       0.08 r
  u_config/beta_w_load_data_o[33] (net)         2                   0.00       0.08 r
  u_config/beta_w_load_data_o[33] (stage1_config_frontend)          0.00       0.08 r
  beta_w_load_data_i[33] (net)                                      0.00       0.08 r
  u_beta_w/wdata_i[33] (sram_bank_128x128_1)                        0.00       0.08 r
  u_beta_w/wdata_i[33] (net)                                        0.00       0.08 r
  u_beta_w/g_bank_1__u_macro/wdata_i[1] (hs128x32_wrapper_134)      0.00       0.08 r
  u_beta_w/g_bank_1__u_macro/wdata_i[1] (net)                       0.00       0.08 r
  u_beta_w/g_bank_1__u_macro/u_sram/D[1] (HS128X32)       0.04      0.00       0.08 r
  data arrival time                                                            0.08

  clock clk (rise edge)                                             0.00       0.00
  clock network delay (ideal)                                       0.00       0.00
  clock uncertainty                                                 0.15       0.15
  u_beta_w/g_bank_1__u_macro/u_sram/CLK (HS128X32)                  0.00       0.15 r
  library hold time                                                 0.14       0.29
  data required time                                                           0.29
  ------------------------------------------------------------------------------------
  data required time                                                           0.29
  data arrival time                                                           -0.08
  ------------------------------------------------------------------------------------
  slack (VIOLATED)                                                            -0.21


  Startpoint: u_config/beta_stage_q_reg_52_
              (rising edge-triggered flip-flop clocked by clk)
  Endpoint: u_beta_w/g_bank_1__u_macro/u_sram
            (rising edge-triggered flip-flop clocked by clk)
  Path Group: clk
  Path Type: min

  Point                                       Fanout     Trans      Incr       Path
  ------------------------------------------------------------------------------------
  clock clk (rise edge)                                             0.00       0.00
  clock network delay (ideal)                                       0.00       0.00
  u_config/beta_stage_q_reg_52_/CK (DQV2_140P7T35R)       0.10      0.00 #     0.00 r
  u_config/beta_stage_q_reg_52_/Q (DQV2_140P7T35R)        0.04      0.08       0.08 r
  u_config/beta_w_load_data_o[52] (net)         2                   0.00       0.08 r
  u_config/beta_w_load_data_o[52] (stage1_config_frontend)          0.00       0.08 r
  beta_w_load_data_i[52] (net)                                      0.00       0.08 r
  u_beta_w/wdata_i[52] (sram_bank_128x128_1)                        0.00       0.08 r
  u_beta_w/wdata_i[52] (net)                                        0.00       0.08 r
  u_beta_w/g_bank_1__u_macro/wdata_i[20] (hs128x32_wrapper_134)     0.00       0.08 r
  u_beta_w/g_bank_1__u_macro/wdata_i[20] (net)                      0.00       0.08 r
  u_beta_w/g_bank_1__u_macro/u_sram/D[20] (HS128X32)      0.04      0.00       0.08 r
  data arrival time                                                            0.08

  clock clk (rise edge)                                             0.00       0.00
  clock network delay (ideal)                                       0.00       0.00
  clock uncertainty                                                 0.15       0.15
  u_beta_w/g_bank_1__u_macro/u_sram/CLK (HS128X32)                  0.00       0.15 r
  library hold time                                                 0.14       0.29
  data required time                                                           0.29
  ------------------------------------------------------------------------------------
  data required time                                                           0.29
  data arrival time                                                           -0.08
  ------------------------------------------------------------------------------------
  slack (VIOLATED)                                                            -0.21


  Startpoint: u_config/beta_stage_q_reg_53_
              (rising edge-triggered flip-flop clocked by clk)
  Endpoint: u_beta_w/g_bank_1__u_macro/u_sram
            (rising edge-triggered flip-flop clocked by clk)
  Path Group: clk
  Path Type: min

  Point                                       Fanout     Trans      Incr       Path
  ------------------------------------------------------------------------------------
  clock clk (rise edge)                                             0.00       0.00
  clock network delay (ideal)                                       0.00       0.00
  u_config/beta_stage_q_reg_53_/CK (DQV2_140P7T35R)       0.10      0.00 #     0.00 r
  u_config/beta_stage_q_reg_53_/Q (DQV2_140P7T35R)        0.04      0.08       0.08 r
  u_config/beta_w_load_data_o[53] (net)         2                   0.00       0.08 r
  u_config/beta_w_load_data_o[53] (stage1_config_frontend)          0.00       0.08 r
  beta_w_load_data_i[53] (net)                                      0.00       0.08 r
  u_beta_w/wdata_i[53] (sram_bank_128x128_1)                        0.00       0.08 r
  u_beta_w/wdata_i[53] (net)                                        0.00       0.08 r
  u_beta_w/g_bank_1__u_macro/wdata_i[21] (hs128x32_wrapper_134)     0.00       0.08 r
  u_beta_w/g_bank_1__u_macro/wdata_i[21] (net)                      0.00       0.08 r
  u_beta_w/g_bank_1__u_macro/u_sram/D[21] (HS128X32)      0.04      0.00       0.08 r
  data arrival time                                                            0.08

  clock clk (rise edge)                                             0.00       0.00
  clock network delay (ideal)                                       0.00       0.00
  clock uncertainty                                                 0.15       0.15
  u_beta_w/g_bank_1__u_macro/u_sram/CLK (HS128X32)                  0.00       0.15 r
  library hold time                                                 0.14       0.29
  data required time                                                           0.29
  ------------------------------------------------------------------------------------
  data required time                                                           0.29
  data arrival time                                                           -0.08
  ------------------------------------------------------------------------------------
  slack (VIOLATED)                                                            -0.21


  Startpoint: u_config/beta_stage_q_reg_54_
              (rising edge-triggered flip-flop clocked by clk)
  Endpoint: u_beta_w/g_bank_1__u_macro/u_sram
            (rising edge-triggered flip-flop clocked by clk)
  Path Group: clk
  Path Type: min

  Point                                       Fanout     Trans      Incr       Path
  ------------------------------------------------------------------------------------
  clock clk (rise edge)                                             0.00       0.00
  clock network delay (ideal)                                       0.00       0.00
  u_config/beta_stage_q_reg_54_/CK (DQV2_140P7T35R)       0.10      0.00 #     0.00 r
  u_config/beta_stage_q_reg_54_/Q (DQV2_140P7T35R)        0.04      0.08       0.08 r
  u_config/beta_w_load_data_o[54] (net)         2                   0.00       0.08 r
  u_config/beta_w_load_data_o[54] (stage1_config_frontend)          0.00       0.08 r
  beta_w_load_data_i[54] (net)                                      0.00       0.08 r
  u_beta_w/wdata_i[54] (sram_bank_128x128_1)                        0.00       0.08 r
  u_beta_w/wdata_i[54] (net)                                        0.00       0.08 r
  u_beta_w/g_bank_1__u_macro/wdata_i[22] (hs128x32_wrapper_134)     0.00       0.08 r
  u_beta_w/g_bank_1__u_macro/wdata_i[22] (net)                      0.00       0.08 r
  u_beta_w/g_bank_1__u_macro/u_sram/D[22] (HS128X32)      0.04      0.00       0.08 r
  data arrival time                                                            0.08

  clock clk (rise edge)                                             0.00       0.00
  clock network delay (ideal)                                       0.00       0.00
  clock uncertainty                                                 0.15       0.15
  u_beta_w/g_bank_1__u_macro/u_sram/CLK (HS128X32)                  0.00       0.15 r
  library hold time                                                 0.14       0.29
  data required time                                                           0.29
  ------------------------------------------------------------------------------------
  data required time                                                           0.29
  data arrival time                                                           -0.08
  ------------------------------------------------------------------------------------
  slack (VIOLATED)                                                            -0.21


  Startpoint: u_config/beta_stage_q_reg_55_
              (rising edge-triggered flip-flop clocked by clk)
  Endpoint: u_beta_w/g_bank_1__u_macro/u_sram
            (rising edge-triggered flip-flop clocked by clk)
  Path Group: clk
  Path Type: min

  Point                                       Fanout     Trans      Incr       Path
  ------------------------------------------------------------------------------------
  clock clk (rise edge)                                             0.00       0.00
  clock network delay (ideal)                                       0.00       0.00
  u_config/beta_stage_q_reg_55_/CK (DQV2_140P7T35R)       0.10      0.00 #     0.00 r
  u_config/beta_stage_q_reg_55_/Q (DQV2_140P7T35R)        0.04      0.08       0.08 r
  u_config/beta_w_load_data_o[55] (net)         2                   0.00       0.08 r
  u_config/beta_w_load_data_o[55] (stage1_config_frontend)          0.00       0.08 r
  beta_w_load_data_i[55] (net)                                      0.00       0.08 r
  u_beta_w/wdata_i[55] (sram_bank_128x128_1)                        0.00       0.08 r
  u_beta_w/wdata_i[55] (net)                                        0.00       0.08 r
  u_beta_w/g_bank_1__u_macro/wdata_i[23] (hs128x32_wrapper_134)     0.00       0.08 r
  u_beta_w/g_bank_1__u_macro/wdata_i[23] (net)                      0.00       0.08 r
  u_beta_w/g_bank_1__u_macro/u_sram/D[23] (HS128X32)      0.04      0.00       0.08 r
  data arrival time                                                            0.08

  clock clk (rise edge)                                             0.00       0.00
  clock network delay (ideal)                                       0.00       0.00
  clock uncertainty                                                 0.15       0.15
  u_beta_w/g_bank_1__u_macro/u_sram/CLK (HS128X32)                  0.00       0.15 r
  library hold time                                                 0.14       0.29
  data required time                                                           0.29
  ------------------------------------------------------------------------------------
  data required time                                                           0.29
  data arrival time                                                           -0.08
  ------------------------------------------------------------------------------------
  slack (VIOLATED)                                                            -0.21


  Startpoint: u_config/beta_stage_q_reg_56_
              (rising edge-triggered flip-flop clocked by clk)
  Endpoint: u_beta_w/g_bank_1__u_macro/u_sram
            (rising edge-triggered flip-flop clocked by clk)
  Path Group: clk
  Path Type: min

  Point                                       Fanout     Trans      Incr       Path
  ------------------------------------------------------------------------------------
  clock clk (rise edge)                                             0.00       0.00
  clock network delay (ideal)                                       0.00       0.00
  u_config/beta_stage_q_reg_56_/CK (DQV2_140P7T35R)       0.10      0.00 #     0.00 r
  u_config/beta_stage_q_reg_56_/Q (DQV2_140P7T35R)        0.04      0.08       0.08 r
  u_config/beta_w_load_data_o[56] (net)         2                   0.00       0.08 r
  u_config/beta_w_load_data_o[56] (stage1_config_frontend)          0.00       0.08 r
  beta_w_load_data_i[56] (net)                                      0.00       0.08 r
  u_beta_w/wdata_i[56] (sram_bank_128x128_1)                        0.00       0.08 r
  u_beta_w/wdata_i[56] (net)                                        0.00       0.08 r
  u_beta_w/g_bank_1__u_macro/wdata_i[24] (hs128x32_wrapper_134)     0.00       0.08 r
  u_beta_w/g_bank_1__u_macro/wdata_i[24] (net)                      0.00       0.08 r
  u_beta_w/g_bank_1__u_macro/u_sram/D[24] (HS128X32)      0.04      0.00       0.08 r
  data arrival time                                                            0.08

  clock clk (rise edge)                                             0.00       0.00
  clock network delay (ideal)                                       0.00       0.00
  clock uncertainty                                                 0.15       0.15
  u_beta_w/g_bank_1__u_macro/u_sram/CLK (HS128X32)                  0.00       0.15 r
  library hold time                                                 0.14       0.29
  data required time                                                           0.29
  ------------------------------------------------------------------------------------
  data required time                                                           0.29
  data arrival time                                                           -0.08
  ------------------------------------------------------------------------------------
  slack (VIOLATED)                                                            -0.21


  Startpoint: u_config/beta_stage_q_reg_57_
              (rising edge-triggered flip-flop clocked by clk)
  Endpoint: u_beta_w/g_bank_1__u_macro/u_sram
            (rising edge-triggered flip-flop clocked by clk)
  Path Group: clk
  Path Type: min

  Point                                       Fanout     Trans      Incr       Path
  ------------------------------------------------------------------------------------
  clock clk (rise edge)                                             0.00       0.00
  clock network delay (ideal)                                       0.00       0.00
  u_config/beta_stage_q_reg_57_/CK (DQV2_140P7T35R)       0.10      0.00 #     0.00 r
  u_config/beta_stage_q_reg_57_/Q (DQV2_140P7T35R)        0.04      0.08       0.08 r
  u_config/beta_w_load_data_o[57] (net)         2                   0.00       0.08 r
  u_config/beta_w_load_data_o[57] (stage1_config_frontend)          0.00       0.08 r
  beta_w_load_data_i[57] (net)                                      0.00       0.08 r
  u_beta_w/wdata_i[57] (sram_bank_128x128_1)                        0.00       0.08 r
  u_beta_w/wdata_i[57] (net)                                        0.00       0.08 r
  u_beta_w/g_bank_1__u_macro/wdata_i[25] (hs128x32_wrapper_134)     0.00       0.08 r
  u_beta_w/g_bank_1__u_macro/wdata_i[25] (net)                      0.00       0.08 r
  u_beta_w/g_bank_1__u_macro/u_sram/D[25] (HS128X32)      0.04      0.00       0.08 r
  data arrival time                                                            0.08

  clock clk (rise edge)                                             0.00       0.00
  clock network delay (ideal)                                       0.00       0.00
  clock uncertainty                                                 0.15       0.15
  u_beta_w/g_bank_1__u_macro/u_sram/CLK (HS128X32)                  0.00       0.15 r
  library hold time                                                 0.14       0.29
  data required time                                                           0.29
  ------------------------------------------------------------------------------------
  data required time                                                           0.29
  data arrival time                                                           -0.08
  ------------------------------------------------------------------------------------
  slack (VIOLATED)                                                            -0.21


  Startpoint: u_config/beta_stage_q_reg_58_
              (rising edge-triggered flip-flop clocked by clk)
  Endpoint: u_beta_w/g_bank_1__u_macro/u_sram
            (rising edge-triggered flip-flop clocked by clk)
  Path Group: clk
  Path Type: min

  Point                                       Fanout     Trans      Incr       Path
  ------------------------------------------------------------------------------------
  clock clk (rise edge)                                             0.00       0.00
  clock network delay (ideal)                                       0.00       0.00
  u_config/beta_stage_q_reg_58_/CK (DQV2_140P7T35R)       0.10      0.00 #     0.00 r
  u_config/beta_stage_q_reg_58_/Q (DQV2_140P7T35R)        0.04      0.08       0.08 r
  u_config/beta_w_load_data_o[58] (net)         2                   0.00       0.08 r
  u_config/beta_w_load_data_o[58] (stage1_config_frontend)          0.00       0.08 r
  beta_w_load_data_i[58] (net)                                      0.00       0.08 r
  u_beta_w/wdata_i[58] (sram_bank_128x128_1)                        0.00       0.08 r
  u_beta_w/wdata_i[58] (net)                                        0.00       0.08 r
  u_beta_w/g_bank_1__u_macro/wdata_i[26] (hs128x32_wrapper_134)     0.00       0.08 r
  u_beta_w/g_bank_1__u_macro/wdata_i[26] (net)                      0.00       0.08 r
  u_beta_w/g_bank_1__u_macro/u_sram/D[26] (HS128X32)      0.04      0.00       0.08 r
  data arrival time                                                            0.08

  clock clk (rise edge)                                             0.00       0.00
  clock network delay (ideal)                                       0.00       0.00
  clock uncertainty                                                 0.15       0.15
  u_beta_w/g_bank_1__u_macro/u_sram/CLK (HS128X32)                  0.00       0.15 r
  library hold time                                                 0.14       0.29
  data required time                                                           0.29
  ------------------------------------------------------------------------------------
  data required time                                                           0.29
  data arrival time                                                           -0.08
  ------------------------------------------------------------------------------------
  slack (VIOLATED)                                                            -0.21


  Startpoint: u_config/beta_stage_q_reg_59_
              (rising edge-triggered flip-flop clocked by clk)
  Endpoint: u_beta_w/g_bank_1__u_macro/u_sram
            (rising edge-triggered flip-flop clocked by clk)
  Path Group: clk
  Path Type: min

  Point                                       Fanout     Trans      Incr       Path
  ------------------------------------------------------------------------------------
  clock clk (rise edge)                                             0.00       0.00
  clock network delay (ideal)                                       0.00       0.00
  u_config/beta_stage_q_reg_59_/CK (DQV2_140P7T35R)       0.10      0.00 #     0.00 r
  u_config/beta_stage_q_reg_59_/Q (DQV2_140P7T35R)        0.04      0.08       0.08 r
  u_config/beta_w_load_data_o[59] (net)         2                   0.00       0.08 r
  u_config/beta_w_load_data_o[59] (stage1_config_frontend)          0.00       0.08 r
  beta_w_load_data_i[59] (net)                                      0.00       0.08 r
  u_beta_w/wdata_i[59] (sram_bank_128x128_1)                        0.00       0.08 r
  u_beta_w/wdata_i[59] (net)                                        0.00       0.08 r
  u_beta_w/g_bank_1__u_macro/wdata_i[27] (hs128x32_wrapper_134)     0.00       0.08 r
  u_beta_w/g_bank_1__u_macro/wdata_i[27] (net)                      0.00       0.08 r
  u_beta_w/g_bank_1__u_macro/u_sram/D[27] (HS128X32)      0.04      0.00       0.08 r
  data arrival time                                                            0.08

  clock clk (rise edge)                                             0.00       0.00
  clock network delay (ideal)                                       0.00       0.00
  clock uncertainty                                                 0.15       0.15
  u_beta_w/g_bank_1__u_macro/u_sram/CLK (HS128X32)                  0.00       0.15 r
  library hold time                                                 0.14       0.29
  data required time                                                           0.29
  ------------------------------------------------------------------------------------
  data required time                                                           0.29
  data arrival time                                                           -0.08
  ------------------------------------------------------------------------------------
  slack (VIOLATED)                                                            -0.21


  Startpoint: u_config/beta_stage_q_reg_60_
              (rising edge-triggered flip-flop clocked by clk)
  Endpoint: u_beta_w/g_bank_1__u_macro/u_sram
            (rising edge-triggered flip-flop clocked by clk)
  Path Group: clk
  Path Type: min

  Point                                       Fanout     Trans      Incr       Path
  ------------------------------------------------------------------------------------
  clock clk (rise edge)                                             0.00       0.00
  clock network delay (ideal)                                       0.00       0.00
  u_config/beta_stage_q_reg_60_/CK (DQV2_140P7T35R)       0.10      0.00 #     0.00 r
  u_config/beta_stage_q_reg_60_/Q (DQV2_140P7T35R)        0.04      0.08       0.08 r
  u_config/beta_w_load_data_o[60] (net)         2                   0.00       0.08 r
  u_config/beta_w_load_data_o[60] (stage1_config_frontend)          0.00       0.08 r
  beta_w_load_data_i[60] (net)                                      0.00       0.08 r
  u_beta_w/wdata_i[60] (sram_bank_128x128_1)                        0.00       0.08 r
  u_beta_w/wdata_i[60] (net)                                        0.00       0.08 r
  u_beta_w/g_bank_1__u_macro/wdata_i[28] (hs128x32_wrapper_134)     0.00       0.08 r
  u_beta_w/g_bank_1__u_macro/wdata_i[28] (net)                      0.00       0.08 r
  u_beta_w/g_bank_1__u_macro/u_sram/D[28] (HS128X32)      0.04      0.00       0.08 r
  data arrival time                                                            0.08

  clock clk (rise edge)                                             0.00       0.00
  clock network delay (ideal)                                       0.00       0.00
  clock uncertainty                                                 0.15       0.15
  u_beta_w/g_bank_1__u_macro/u_sram/CLK (HS128X32)                  0.00       0.15 r
  library hold time                                                 0.14       0.29
  data required time                                                           0.29
  ------------------------------------------------------------------------------------
  data required time                                                           0.29
  data arrival time                                                           -0.08
  ------------------------------------------------------------------------------------
  slack (VIOLATED)                                                            -0.21


  Startpoint: u_config/beta_stage_q_reg_61_
              (rising edge-triggered flip-flop clocked by clk)
  Endpoint: u_beta_w/g_bank_1__u_macro/u_sram
            (rising edge-triggered flip-flop clocked by clk)
  Path Group: clk
  Path Type: min

  Point                                       Fanout     Trans      Incr       Path
  ------------------------------------------------------------------------------------
  clock clk (rise edge)                                             0.00       0.00
  clock network delay (ideal)                                       0.00       0.00
  u_config/beta_stage_q_reg_61_/CK (DQV2_140P7T35R)       0.10      0.00 #     0.00 r
  u_config/beta_stage_q_reg_61_/Q (DQV2_140P7T35R)        0.04      0.08       0.08 r
  u_config/beta_w_load_data_o[61] (net)         2                   0.00       0.08 r
  u_config/beta_w_load_data_o[61] (stage1_config_frontend)          0.00       0.08 r
  beta_w_load_data_i[61] (net)                                      0.00       0.08 r
  u_beta_w/wdata_i[61] (sram_bank_128x128_1)                        0.00       0.08 r
  u_beta_w/wdata_i[61] (net)                                        0.00       0.08 r
  u_beta_w/g_bank_1__u_macro/wdata_i[29] (hs128x32_wrapper_134)     0.00       0.08 r
  u_beta_w/g_bank_1__u_macro/wdata_i[29] (net)                      0.00       0.08 r
  u_beta_w/g_bank_1__u_macro/u_sram/D[29] (HS128X32)      0.04      0.00       0.08 r
  data arrival time                                                            0.08

  clock clk (rise edge)                                             0.00       0.00
  clock network delay (ideal)                                       0.00       0.00
  clock uncertainty                                                 0.15       0.15
  u_beta_w/g_bank_1__u_macro/u_sram/CLK (HS128X32)                  0.00       0.15 r
  library hold time                                                 0.14       0.29
  data required time                                                           0.29
  ------------------------------------------------------------------------------------
  data required time                                                           0.29
  data arrival time                                                           -0.08
  ------------------------------------------------------------------------------------
  slack (VIOLATED)                                                            -0.21


  Startpoint: u_config/beta_stage_q_reg_34_
              (rising edge-triggered flip-flop clocked by clk)
  Endpoint: u_beta_w/g_bank_1__u_macro/u_sram
            (rising edge-triggered flip-flop clocked by clk)
  Path Group: clk
  Path Type: min

  Point                                       Fanout     Trans      Incr       Path
  ------------------------------------------------------------------------------------
  clock clk (rise edge)                                             0.00       0.00
  clock network delay (ideal)                                       0.00       0.00
  u_config/beta_stage_q_reg_34_/CK (DQV2_140P7T35R)       0.10      0.00 #     0.00 r
  u_config/beta_stage_q_reg_34_/Q (DQV2_140P7T35R)        0.04      0.08       0.08 r
  u_config/beta_w_load_data_o[34] (net)         2                   0.00       0.08 r
  u_config/beta_w_load_data_o[34] (stage1_config_frontend)          0.00       0.08 r
  beta_w_load_data_i[34] (net)                                      0.00       0.08 r
  u_beta_w/wdata_i[34] (sram_bank_128x128_1)                        0.00       0.08 r
  u_beta_w/wdata_i[34] (net)                                        0.00       0.08 r
  u_beta_w/g_bank_1__u_macro/wdata_i[2] (hs128x32_wrapper_134)      0.00       0.08 r
  u_beta_w/g_bank_1__u_macro/wdata_i[2] (net)                       0.00       0.08 r
  u_beta_w/g_bank_1__u_macro/u_sram/D[2] (HS128X32)       0.04      0.00       0.08 r
  data arrival time                                                            0.08

  clock clk (rise edge)                                             0.00       0.00
  clock network delay (ideal)                                       0.00       0.00
  clock uncertainty                                                 0.15       0.15
  u_beta_w/g_bank_1__u_macro/u_sram/CLK (HS128X32)                  0.00       0.15 r
  library hold time                                                 0.14       0.29
  data required time                                                           0.29
  ------------------------------------------------------------------------------------
  data required time                                                           0.29
  data arrival time                                                           -0.08
  ------------------------------------------------------------------------------------
  slack (VIOLATED)                                                            -0.21


  Startpoint: u_config/beta_stage_q_reg_62_
              (rising edge-triggered flip-flop clocked by clk)
  Endpoint: u_beta_w/g_bank_1__u_macro/u_sram
            (rising edge-triggered flip-flop clocked by clk)
  Path Group: clk
  Path Type: min

  Point                                       Fanout     Trans      Incr       Path
  ------------------------------------------------------------------------------------
  clock clk (rise edge)                                             0.00       0.00
  clock network delay (ideal)                                       0.00       0.00
  u_config/beta_stage_q_reg_62_/CK (DQV2_140P7T35R)       0.10      0.00 #     0.00 r
  u_config/beta_stage_q_reg_62_/Q (DQV2_140P7T35R)        0.04      0.08       0.08 r
  u_config/beta_w_load_data_o[62] (net)         2                   0.00       0.08 r
  u_config/beta_w_load_data_o[62] (stage1_config_frontend)          0.00       0.08 r
  beta_w_load_data_i[62] (net)                                      0.00       0.08 r
  u_beta_w/wdata_i[62] (sram_bank_128x128_1)                        0.00       0.08 r
  u_beta_w/wdata_i[62] (net)                                        0.00       0.08 r
  u_beta_w/g_bank_1__u_macro/wdata_i[30] (hs128x32_wrapper_134)     0.00       0.08 r
  u_beta_w/g_bank_1__u_macro/wdata_i[30] (net)                      0.00       0.08 r
  u_beta_w/g_bank_1__u_macro/u_sram/D[30] (HS128X32)      0.04      0.00       0.08 r
  data arrival time                                                            0.08

  clock clk (rise edge)                                             0.00       0.00
  clock network delay (ideal)                                       0.00       0.00
  clock uncertainty                                                 0.15       0.15
  u_beta_w/g_bank_1__u_macro/u_sram/CLK (HS128X32)                  0.00       0.15 r
  library hold time                                                 0.14       0.29
  data required time                                                           0.29
  ------------------------------------------------------------------------------------
  data required time                                                           0.29
  data arrival time                                                           -0.08
  ------------------------------------------------------------------------------------
  slack (VIOLATED)                                                            -0.21


  Startpoint: u_config/beta_stage_q_reg_63_
              (rising edge-triggered flip-flop clocked by clk)
  Endpoint: u_beta_w/g_bank_1__u_macro/u_sram
            (rising edge-triggered flip-flop clocked by clk)
  Path Group: clk
  Path Type: min

  Point                                       Fanout     Trans      Incr       Path
  ------------------------------------------------------------------------------------
  clock clk (rise edge)                                             0.00       0.00
  clock network delay (ideal)                                       0.00       0.00
  u_config/beta_stage_q_reg_63_/CK (DQV2_140P7T35R)       0.10      0.00 #     0.00 r
  u_config/beta_stage_q_reg_63_/Q (DQV2_140P7T35R)        0.04      0.08       0.08 r
  u_config/beta_w_load_data_o[63] (net)         2                   0.00       0.08 r
  u_config/beta_w_load_data_o[63] (stage1_config_frontend)          0.00       0.08 r
  beta_w_load_data_i[63] (net)                                      0.00       0.08 r
  u_beta_w/wdata_i[63] (sram_bank_128x128_1)                        0.00       0.08 r
  u_beta_w/wdata_i[63] (net)                                        0.00       0.08 r
  u_beta_w/g_bank_1__u_macro/wdata_i[31] (hs128x32_wrapper_134)     0.00       0.08 r
  u_beta_w/g_bank_1__u_macro/wdata_i[31] (net)                      0.00       0.08 r
  u_beta_w/g_bank_1__u_macro/u_sram/D[31] (HS128X32)      0.04      0.00       0.08 r
  data arrival time                                                            0.08

  clock clk (rise edge)                                             0.00       0.00
  clock network delay (ideal)                                       0.00       0.00
  clock uncertainty                                                 0.15       0.15
  u_beta_w/g_bank_1__u_macro/u_sram/CLK (HS128X32)                  0.00       0.15 r
  library hold time                                                 0.14       0.29
  data required time                                                           0.29
  ------------------------------------------------------------------------------------
  data required time                                                           0.29
  data arrival time                                                           -0.08
  ------------------------------------------------------------------------------------
  slack (VIOLATED)                                                            -0.21


  Startpoint: u_config/beta_stage_q_reg_35_
              (rising edge-triggered flip-flop clocked by clk)
  Endpoint: u_beta_w/g_bank_1__u_macro/u_sram
            (rising edge-triggered flip-flop clocked by clk)
  Path Group: clk
  Path Type: min

  Point                                       Fanout     Trans      Incr       Path
  ------------------------------------------------------------------------------------
  clock clk (rise edge)                                             0.00       0.00
  clock network delay (ideal)                                       0.00       0.00
  u_config/beta_stage_q_reg_35_/CK (DQV2_140P7T35R)       0.10      0.00 #     0.00 r
  u_config/beta_stage_q_reg_35_/Q (DQV2_140P7T35R)        0.04      0.08       0.08 r
  u_config/beta_w_load_data_o[35] (net)         2                   0.00       0.08 r
  u_config/beta_w_load_data_o[35] (stage1_config_frontend)          0.00       0.08 r
  beta_w_load_data_i[35] (net)                                      0.00       0.08 r
  u_beta_w/wdata_i[35] (sram_bank_128x128_1)                        0.00       0.08 r
  u_beta_w/wdata_i[35] (net)                                        0.00       0.08 r
  u_beta_w/g_bank_1__u_macro/wdata_i[3] (hs128x32_wrapper_134)      0.00       0.08 r
  u_beta_w/g_bank_1__u_macro/wdata_i[3] (net)                       0.00       0.08 r
  u_beta_w/g_bank_1__u_macro/u_sram/D[3] (HS128X32)       0.04      0.00       0.08 r
  data arrival time                                                            0.08

  clock clk (rise edge)                                             0.00       0.00
  clock network delay (ideal)                                       0.00       0.00
  clock uncertainty                                                 0.15       0.15
  u_beta_w/g_bank_1__u_macro/u_sram/CLK (HS128X32)                  0.00       0.15 r
  library hold time                                                 0.14       0.29
  data required time                                                           0.29
  ------------------------------------------------------------------------------------
  data required time                                                           0.29
  data arrival time                                                           -0.08
  ------------------------------------------------------------------------------------
  slack (VIOLATED)                                                            -0.21


  Startpoint: u_config/beta_stage_q_reg_36_
              (rising edge-triggered flip-flop clocked by clk)
  Endpoint: u_beta_w/g_bank_1__u_macro/u_sram
            (rising edge-triggered flip-flop clocked by clk)
  Path Group: clk
  Path Type: min

  Point                                       Fanout     Trans      Incr       Path
  ------------------------------------------------------------------------------------
  clock clk (rise edge)                                             0.00       0.00
  clock network delay (ideal)                                       0.00       0.00
  u_config/beta_stage_q_reg_36_/CK (DQV2_140P7T35R)       0.10      0.00 #     0.00 r
  u_config/beta_stage_q_reg_36_/Q (DQV2_140P7T35R)        0.04      0.08       0.08 r
  u_config/beta_w_load_data_o[36] (net)         2                   0.00       0.08 r
  u_config/beta_w_load_data_o[36] (stage1_config_frontend)          0.00       0.08 r
  beta_w_load_data_i[36] (net)                                      0.00       0.08 r
  u_beta_w/wdata_i[36] (sram_bank_128x128_1)                        0.00       0.08 r
  u_beta_w/wdata_i[36] (net)                                        0.00       0.08 r
  u_beta_w/g_bank_1__u_macro/wdata_i[4] (hs128x32_wrapper_134)      0.00       0.08 r
  u_beta_w/g_bank_1__u_macro/wdata_i[4] (net)                       0.00       0.08 r
  u_beta_w/g_bank_1__u_macro/u_sram/D[4] (HS128X32)       0.04      0.00       0.08 r
  data arrival time                                                            0.08

  clock clk (rise edge)                                             0.00       0.00
  clock network delay (ideal)                                       0.00       0.00
  clock uncertainty                                                 0.15       0.15
  u_beta_w/g_bank_1__u_macro/u_sram/CLK (HS128X32)                  0.00       0.15 r
  library hold time                                                 0.14       0.29
  data required time                                                           0.29
  ------------------------------------------------------------------------------------
  data required time                                                           0.29
  data arrival time                                                           -0.08
  ------------------------------------------------------------------------------------
  slack (VIOLATED)                                                            -0.21


  Startpoint: u_config/beta_stage_q_reg_37_
              (rising edge-triggered flip-flop clocked by clk)
  Endpoint: u_beta_w/g_bank_1__u_macro/u_sram
            (rising edge-triggered flip-flop clocked by clk)
  Path Group: clk
  Path Type: min

  Point                                       Fanout     Trans      Incr       Path
  ------------------------------------------------------------------------------------
  clock clk (rise edge)                                             0.00       0.00
  clock network delay (ideal)                                       0.00       0.00
  u_config/beta_stage_q_reg_37_/CK (DQV2_140P7T35R)       0.10      0.00 #     0.00 r
  u_config/beta_stage_q_reg_37_/Q (DQV2_140P7T35R)        0.04      0.08       0.08 r
  u_config/beta_w_load_data_o[37] (net)         2                   0.00       0.08 r
  u_config/beta_w_load_data_o[37] (stage1_config_frontend)          0.00       0.08 r
  beta_w_load_data_i[37] (net)                                      0.00       0.08 r
  u_beta_w/wdata_i[37] (sram_bank_128x128_1)                        0.00       0.08 r
  u_beta_w/wdata_i[37] (net)                                        0.00       0.08 r
  u_beta_w/g_bank_1__u_macro/wdata_i[5] (hs128x32_wrapper_134)      0.00       0.08 r
  u_beta_w/g_bank_1__u_macro/wdata_i[5] (net)                       0.00       0.08 r
  u_beta_w/g_bank_1__u_macro/u_sram/D[5] (HS128X32)       0.04      0.00       0.08 r
  data arrival time                                                            0.08

  clock clk (rise edge)                                             0.00       0.00
  clock network delay (ideal)                                       0.00       0.00
  clock uncertainty                                                 0.15       0.15
  u_beta_w/g_bank_1__u_macro/u_sram/CLK (HS128X32)                  0.00       0.15 r
  library hold time                                                 0.14       0.29
  data required time                                                           0.29
  ------------------------------------------------------------------------------------
  data required time                                                           0.29
  data arrival time                                                           -0.08
  ------------------------------------------------------------------------------------
  slack (VIOLATED)                                                            -0.21


  Startpoint: u_config/beta_stage_q_reg_38_
              (rising edge-triggered flip-flop clocked by clk)
  Endpoint: u_beta_w/g_bank_1__u_macro/u_sram
            (rising edge-triggered flip-flop clocked by clk)
  Path Group: clk
  Path Type: min

  Point                                       Fanout     Trans      Incr       Path
  ------------------------------------------------------------------------------------
  clock clk (rise edge)                                             0.00       0.00
  clock network delay (ideal)                                       0.00       0.00
  u_config/beta_stage_q_reg_38_/CK (DQV2_140P7T35R)       0.10      0.00 #     0.00 r
  u_config/beta_stage_q_reg_38_/Q (DQV2_140P7T35R)        0.04      0.08       0.08 r
  u_config/beta_w_load_data_o[38] (net)         2                   0.00       0.08 r
  u_config/beta_w_load_data_o[38] (stage1_config_frontend)          0.00       0.08 r
  beta_w_load_data_i[38] (net)                                      0.00       0.08 r
  u_beta_w/wdata_i[38] (sram_bank_128x128_1)                        0.00       0.08 r
  u_beta_w/wdata_i[38] (net)                                        0.00       0.08 r
  u_beta_w/g_bank_1__u_macro/wdata_i[6] (hs128x32_wrapper_134)      0.00       0.08 r
  u_beta_w/g_bank_1__u_macro/wdata_i[6] (net)                       0.00       0.08 r
  u_beta_w/g_bank_1__u_macro/u_sram/D[6] (HS128X32)       0.04      0.00       0.08 r
  data arrival time                                                            0.08

  clock clk (rise edge)                                             0.00       0.00
  clock network delay (ideal)                                       0.00       0.00
  clock uncertainty                                                 0.15       0.15
  u_beta_w/g_bank_1__u_macro/u_sram/CLK (HS128X32)                  0.00       0.15 r
  library hold time                                                 0.14       0.29
  data required time                                                           0.29
  ------------------------------------------------------------------------------------
  data required time                                                           0.29
  data arrival time                                                           -0.08
  ------------------------------------------------------------------------------------
  slack (VIOLATED)                                                            -0.21


  Startpoint: u_config/beta_stage_q_reg_39_
              (rising edge-triggered flip-flop clocked by clk)
  Endpoint: u_beta_w/g_bank_1__u_macro/u_sram
            (rising edge-triggered flip-flop clocked by clk)
  Path Group: clk
  Path Type: min

  Point                                       Fanout     Trans      Incr       Path
  ------------------------------------------------------------------------------------
  clock clk (rise edge)                                             0.00       0.00
  clock network delay (ideal)                                       0.00       0.00
  u_config/beta_stage_q_reg_39_/CK (DQV2_140P7T35R)       0.10      0.00 #     0.00 r
  u_config/beta_stage_q_reg_39_/Q (DQV2_140P7T35R)        0.04      0.08       0.08 r
  u_config/beta_w_load_data_o[39] (net)         2                   0.00       0.08 r
  u_config/beta_w_load_data_o[39] (stage1_config_frontend)          0.00       0.08 r
  beta_w_load_data_i[39] (net)                                      0.00       0.08 r
  u_beta_w/wdata_i[39] (sram_bank_128x128_1)                        0.00       0.08 r
  u_beta_w/wdata_i[39] (net)                                        0.00       0.08 r
  u_beta_w/g_bank_1__u_macro/wdata_i[7] (hs128x32_wrapper_134)      0.00       0.08 r
  u_beta_w/g_bank_1__u_macro/wdata_i[7] (net)                       0.00       0.08 r
  u_beta_w/g_bank_1__u_macro/u_sram/D[7] (HS128X32)       0.04      0.00       0.08 r
  data arrival time                                                            0.08

  clock clk (rise edge)                                             0.00       0.00
  clock network delay (ideal)                                       0.00       0.00
  clock uncertainty                                                 0.15       0.15
  u_beta_w/g_bank_1__u_macro/u_sram/CLK (HS128X32)                  0.00       0.15 r
  library hold time                                                 0.14       0.29
  data required time                                                           0.29
  ------------------------------------------------------------------------------------
  data required time                                                           0.29
  data arrival time                                                           -0.08
  ------------------------------------------------------------------------------------
  slack (VIOLATED)                                                            -0.21


  Startpoint: u_config/beta_stage_q_reg_40_
              (rising edge-triggered flip-flop clocked by clk)
  Endpoint: u_beta_w/g_bank_1__u_macro/u_sram
            (rising edge-triggered flip-flop clocked by clk)
  Path Group: clk
  Path Type: min

  Point                                       Fanout     Trans      Incr       Path
  ------------------------------------------------------------------------------------
  clock clk (rise edge)                                             0.00       0.00
  clock network delay (ideal)                                       0.00       0.00
  u_config/beta_stage_q_reg_40_/CK (DQV2_140P7T35R)       0.10      0.00 #     0.00 r
  u_config/beta_stage_q_reg_40_/Q (DQV2_140P7T35R)        0.04      0.08       0.08 r
  u_config/beta_w_load_data_o[40] (net)         2                   0.00       0.08 r
  u_config/beta_w_load_data_o[40] (stage1_config_frontend)          0.00       0.08 r
  beta_w_load_data_i[40] (net)                                      0.00       0.08 r
  u_beta_w/wdata_i[40] (sram_bank_128x128_1)                        0.00       0.08 r
  u_beta_w/wdata_i[40] (net)                                        0.00       0.08 r
  u_beta_w/g_bank_1__u_macro/wdata_i[8] (hs128x32_wrapper_134)      0.00       0.08 r
  u_beta_w/g_bank_1__u_macro/wdata_i[8] (net)                       0.00       0.08 r
  u_beta_w/g_bank_1__u_macro/u_sram/D[8] (HS128X32)       0.04      0.00       0.08 r
  data arrival time                                                            0.08

  clock clk (rise edge)                                             0.00       0.00
  clock network delay (ideal)                                       0.00       0.00
  clock uncertainty                                                 0.15       0.15
  u_beta_w/g_bank_1__u_macro/u_sram/CLK (HS128X32)                  0.00       0.15 r
  library hold time                                                 0.14       0.29
  data required time                                                           0.29
  ------------------------------------------------------------------------------------
  data required time                                                           0.29
  data arrival time                                                           -0.08
  ------------------------------------------------------------------------------------
  slack (VIOLATED)                                                            -0.21


  Startpoint: u_config/beta_stage_q_reg_41_
              (rising edge-triggered flip-flop clocked by clk)
  Endpoint: u_beta_w/g_bank_1__u_macro/u_sram
            (rising edge-triggered flip-flop clocked by clk)
  Path Group: clk
  Path Type: min

  Point                                       Fanout     Trans      Incr       Path
  ------------------------------------------------------------------------------------
  clock clk (rise edge)                                             0.00       0.00
  clock network delay (ideal)                                       0.00       0.00
  u_config/beta_stage_q_reg_41_/CK (DQV2_140P7T35R)       0.10      0.00 #     0.00 r
  u_config/beta_stage_q_reg_41_/Q (DQV2_140P7T35R)        0.04      0.08       0.08 r
  u_config/beta_w_load_data_o[41] (net)         2                   0.00       0.08 r
  u_config/beta_w_load_data_o[41] (stage1_config_frontend)          0.00       0.08 r
  beta_w_load_data_i[41] (net)                                      0.00       0.08 r
  u_beta_w/wdata_i[41] (sram_bank_128x128_1)                        0.00       0.08 r
  u_beta_w/wdata_i[41] (net)                                        0.00       0.08 r
  u_beta_w/g_bank_1__u_macro/wdata_i[9] (hs128x32_wrapper_134)      0.00       0.08 r
  u_beta_w/g_bank_1__u_macro/wdata_i[9] (net)                       0.00       0.08 r
  u_beta_w/g_bank_1__u_macro/u_sram/D[9] (HS128X32)       0.04      0.00       0.08 r
  data arrival time                                                            0.08

  clock clk (rise edge)                                             0.00       0.00
  clock network delay (ideal)                                       0.00       0.00
  clock uncertainty                                                 0.15       0.15
  u_beta_w/g_bank_1__u_macro/u_sram/CLK (HS128X32)                  0.00       0.15 r
  library hold time                                                 0.14       0.29
  data required time                                                           0.29
  ------------------------------------------------------------------------------------
  data required time                                                           0.29
  data arrival time                                                           -0.08
  ------------------------------------------------------------------------------------
  slack (VIOLATED)                                                            -0.21


  Startpoint: u_config/beta_stage_q_reg_64_
              (rising edge-triggered flip-flop clocked by clk)
  Endpoint: u_beta_w/g_bank_2__u_macro/u_sram
            (rising edge-triggered flip-flop clocked by clk)
  Path Group: clk
  Path Type: min

  Point                                       Fanout     Trans      Incr       Path
  ------------------------------------------------------------------------------------
  clock clk (rise edge)                                             0.00       0.00
  clock network delay (ideal)                                       0.00       0.00
  u_config/beta_stage_q_reg_64_/CK (DQV2_140P7T35R)       0.10      0.00 #     0.00 r
  u_config/beta_stage_q_reg_64_/Q (DQV2_140P7T35R)        0.04      0.08       0.08 r
  u_config/beta_w_load_data_o[64] (net)         2                   0.00       0.08 r
  u_config/beta_w_load_data_o[64] (stage1_config_frontend)          0.00       0.08 r
  beta_w_load_data_i[64] (net)                                      0.00       0.08 r
  u_beta_w/wdata_i[64] (sram_bank_128x128_1)                        0.00       0.08 r
  u_beta_w/wdata_i[64] (net)                                        0.00       0.08 r
  u_beta_w/g_bank_2__u_macro/wdata_i[0] (hs128x32_wrapper_133)      0.00       0.08 r
  u_beta_w/g_bank_2__u_macro/wdata_i[0] (net)                       0.00       0.08 r
  u_beta_w/g_bank_2__u_macro/u_sram/D[0] (HS128X32)       0.04      0.00       0.08 r
  data arrival time                                                            0.08

  clock clk (rise edge)                                             0.00       0.00
  clock network delay (ideal)                                       0.00       0.00
  clock uncertainty                                                 0.15       0.15
  u_beta_w/g_bank_2__u_macro/u_sram/CLK (HS128X32)                  0.00       0.15 r
  library hold time                                                 0.14       0.29
  data required time                                                           0.29
  ------------------------------------------------------------------------------------
  data required time                                                           0.29
  data arrival time                                                           -0.08
  ------------------------------------------------------------------------------------
  slack (VIOLATED)                                                            -0.21


  Startpoint: u_config/beta_stage_q_reg_74_
              (rising edge-triggered flip-flop clocked by clk)
  Endpoint: u_beta_w/g_bank_2__u_macro/u_sram
            (rising edge-triggered flip-flop clocked by clk)
  Path Group: clk
  Path Type: min

  Point                                       Fanout     Trans      Incr       Path
  ------------------------------------------------------------------------------------
  clock clk (rise edge)                                             0.00       0.00
  clock network delay (ideal)                                       0.00       0.00
  u_config/beta_stage_q_reg_74_/CK (DQV2_140P7T35R)       0.10      0.00 #     0.00 r
  u_config/beta_stage_q_reg_74_/Q (DQV2_140P7T35R)        0.04      0.08       0.08 r
  u_config/beta_w_load_data_o[74] (net)         2                   0.00       0.08 r
  u_config/beta_w_load_data_o[74] (stage1_config_frontend)          0.00       0.08 r
  beta_w_load_data_i[74] (net)                                      0.00       0.08 r
  u_beta_w/wdata_i[74] (sram_bank_128x128_1)                        0.00       0.08 r
  u_beta_w/wdata_i[74] (net)                                        0.00       0.08 r
  u_beta_w/g_bank_2__u_macro/wdata_i[10] (hs128x32_wrapper_133)     0.00       0.08 r
  u_beta_w/g_bank_2__u_macro/wdata_i[10] (net)                      0.00       0.08 r
  u_beta_w/g_bank_2__u_macro/u_sram/D[10] (HS128X32)      0.04      0.00       0.08 r
  data arrival time                                                            0.08

  clock clk (rise edge)                                             0.00       0.00
  clock network delay (ideal)                                       0.00       0.00
  clock uncertainty                                                 0.15       0.15
  u_beta_w/g_bank_2__u_macro/u_sram/CLK (HS128X32)                  0.00       0.15 r
  library hold time                                                 0.14       0.29
  data required time                                                           0.29
  ------------------------------------------------------------------------------------
  data required time                                                           0.29
  data arrival time                                                           -0.08
  ------------------------------------------------------------------------------------
  slack (VIOLATED)                                                            -0.21


  Startpoint: u_config/beta_stage_q_reg_75_
              (rising edge-triggered flip-flop clocked by clk)
  Endpoint: u_beta_w/g_bank_2__u_macro/u_sram
            (rising edge-triggered flip-flop clocked by clk)
  Path Group: clk
  Path Type: min

  Point                                       Fanout     Trans      Incr       Path
  ------------------------------------------------------------------------------------
  clock clk (rise edge)                                             0.00       0.00
  clock network delay (ideal)                                       0.00       0.00
  u_config/beta_stage_q_reg_75_/CK (DQV2_140P7T35R)       0.10      0.00 #     0.00 r
  u_config/beta_stage_q_reg_75_/Q (DQV2_140P7T35R)        0.04      0.08       0.08 r
  u_config/beta_w_load_data_o[75] (net)         2                   0.00       0.08 r
  u_config/beta_w_load_data_o[75] (stage1_config_frontend)          0.00       0.08 r
  beta_w_load_data_i[75] (net)                                      0.00       0.08 r
  u_beta_w/wdata_i[75] (sram_bank_128x128_1)                        0.00       0.08 r
  u_beta_w/wdata_i[75] (net)                                        0.00       0.08 r
  u_beta_w/g_bank_2__u_macro/wdata_i[11] (hs128x32_wrapper_133)     0.00       0.08 r
  u_beta_w/g_bank_2__u_macro/wdata_i[11] (net)                      0.00       0.08 r
  u_beta_w/g_bank_2__u_macro/u_sram/D[11] (HS128X32)      0.04      0.00       0.08 r
  data arrival time                                                            0.08

  clock clk (rise edge)                                             0.00       0.00
  clock network delay (ideal)                                       0.00       0.00
  clock uncertainty                                                 0.15       0.15
  u_beta_w/g_bank_2__u_macro/u_sram/CLK (HS128X32)                  0.00       0.15 r
  library hold time                                                 0.14       0.29
  data required time                                                           0.29
  ------------------------------------------------------------------------------------
  data required time                                                           0.29
  data arrival time                                                           -0.08
  ------------------------------------------------------------------------------------
  slack (VIOLATED)                                                            -0.21


  Startpoint: u_config/beta_stage_q_reg_76_
              (rising edge-triggered flip-flop clocked by clk)
  Endpoint: u_beta_w/g_bank_2__u_macro/u_sram
            (rising edge-triggered flip-flop clocked by clk)
  Path Group: clk
  Path Type: min

  Point                                       Fanout     Trans      Incr       Path
  ------------------------------------------------------------------------------------
  clock clk (rise edge)                                             0.00       0.00
  clock network delay (ideal)                                       0.00       0.00
  u_config/beta_stage_q_reg_76_/CK (DQV2_140P7T35R)       0.10      0.00 #     0.00 r
  u_config/beta_stage_q_reg_76_/Q (DQV2_140P7T35R)        0.04      0.08       0.08 r
  u_config/beta_w_load_data_o[76] (net)         2                   0.00       0.08 r
  u_config/beta_w_load_data_o[76] (stage1_config_frontend)          0.00       0.08 r
  beta_w_load_data_i[76] (net)                                      0.00       0.08 r
  u_beta_w/wdata_i[76] (sram_bank_128x128_1)                        0.00       0.08 r
  u_beta_w/wdata_i[76] (net)                                        0.00       0.08 r
  u_beta_w/g_bank_2__u_macro/wdata_i[12] (hs128x32_wrapper_133)     0.00       0.08 r
  u_beta_w/g_bank_2__u_macro/wdata_i[12] (net)                      0.00       0.08 r
  u_beta_w/g_bank_2__u_macro/u_sram/D[12] (HS128X32)      0.04      0.00       0.08 r
  data arrival time                                                            0.08

  clock clk (rise edge)                                             0.00       0.00
  clock network delay (ideal)                                       0.00       0.00
  clock uncertainty                                                 0.15       0.15
  u_beta_w/g_bank_2__u_macro/u_sram/CLK (HS128X32)                  0.00       0.15 r
  library hold time                                                 0.14       0.29
  data required time                                                           0.29
  ------------------------------------------------------------------------------------
  data required time                                                           0.29
  data arrival time                                                           -0.08
  ------------------------------------------------------------------------------------
  slack (VIOLATED)                                                            -0.21


  Startpoint: u_config/beta_stage_q_reg_77_
              (rising edge-triggered flip-flop clocked by clk)
  Endpoint: u_beta_w/g_bank_2__u_macro/u_sram
            (rising edge-triggered flip-flop clocked by clk)
  Path Group: clk
  Path Type: min

  Point                                       Fanout     Trans      Incr       Path
  ------------------------------------------------------------------------------------
  clock clk (rise edge)                                             0.00       0.00
  clock network delay (ideal)                                       0.00       0.00
  u_config/beta_stage_q_reg_77_/CK (DQV2_140P7T35R)       0.10      0.00 #     0.00 r
  u_config/beta_stage_q_reg_77_/Q (DQV2_140P7T35R)        0.04      0.08       0.08 r
  u_config/beta_w_load_data_o[77] (net)         2                   0.00       0.08 r
  u_config/beta_w_load_data_o[77] (stage1_config_frontend)          0.00       0.08 r
  beta_w_load_data_i[77] (net)                                      0.00       0.08 r
  u_beta_w/wdata_i[77] (sram_bank_128x128_1)                        0.00       0.08 r
  u_beta_w/wdata_i[77] (net)                                        0.00       0.08 r
  u_beta_w/g_bank_2__u_macro/wdata_i[13] (hs128x32_wrapper_133)     0.00       0.08 r
  u_beta_w/g_bank_2__u_macro/wdata_i[13] (net)                      0.00       0.08 r
  u_beta_w/g_bank_2__u_macro/u_sram/D[13] (HS128X32)      0.04      0.00       0.08 r
  data arrival time                                                            0.08

  clock clk (rise edge)                                             0.00       0.00
  clock network delay (ideal)                                       0.00       0.00
  clock uncertainty                                                 0.15       0.15
  u_beta_w/g_bank_2__u_macro/u_sram/CLK (HS128X32)                  0.00       0.15 r
  library hold time                                                 0.14       0.29
  data required time                                                           0.29
  ------------------------------------------------------------------------------------
  data required time                                                           0.29
  data arrival time                                                           -0.08
  ------------------------------------------------------------------------------------
  slack (VIOLATED)                                                            -0.21


  Startpoint: u_config/beta_stage_q_reg_78_
              (rising edge-triggered flip-flop clocked by clk)
  Endpoint: u_beta_w/g_bank_2__u_macro/u_sram
            (rising edge-triggered flip-flop clocked by clk)
  Path Group: clk
  Path Type: min

  Point                                       Fanout     Trans      Incr       Path
  ------------------------------------------------------------------------------------
  clock clk (rise edge)                                             0.00       0.00
  clock network delay (ideal)                                       0.00       0.00
  u_config/beta_stage_q_reg_78_/CK (DQV2_140P7T35R)       0.10      0.00 #     0.00 r
  u_config/beta_stage_q_reg_78_/Q (DQV2_140P7T35R)        0.04      0.08       0.08 r
  u_config/beta_w_load_data_o[78] (net)         2                   0.00       0.08 r
  u_config/beta_w_load_data_o[78] (stage1_config_frontend)          0.00       0.08 r
  beta_w_load_data_i[78] (net)                                      0.00       0.08 r
  u_beta_w/wdata_i[78] (sram_bank_128x128_1)                        0.00       0.08 r
  u_beta_w/wdata_i[78] (net)                                        0.00       0.08 r
  u_beta_w/g_bank_2__u_macro/wdata_i[14] (hs128x32_wrapper_133)     0.00       0.08 r
  u_beta_w/g_bank_2__u_macro/wdata_i[14] (net)                      0.00       0.08 r
  u_beta_w/g_bank_2__u_macro/u_sram/D[14] (HS128X32)      0.04      0.00       0.08 r
  data arrival time                                                            0.08

  clock clk (rise edge)                                             0.00       0.00
  clock network delay (ideal)                                       0.00       0.00
  clock uncertainty                                                 0.15       0.15
  u_beta_w/g_bank_2__u_macro/u_sram/CLK (HS128X32)                  0.00       0.15 r
  library hold time                                                 0.14       0.29
  data required time                                                           0.29
  ------------------------------------------------------------------------------------
  data required time                                                           0.29
  data arrival time                                                           -0.08
  ------------------------------------------------------------------------------------
  slack (VIOLATED)                                                            -0.21


  Startpoint: u_config/beta_stage_q_reg_79_
              (rising edge-triggered flip-flop clocked by clk)
  Endpoint: u_beta_w/g_bank_2__u_macro/u_sram
            (rising edge-triggered flip-flop clocked by clk)
  Path Group: clk
  Path Type: min

  Point                                       Fanout     Trans      Incr       Path
  ------------------------------------------------------------------------------------
  clock clk (rise edge)                                             0.00       0.00
  clock network delay (ideal)                                       0.00       0.00
  u_config/beta_stage_q_reg_79_/CK (DQV2_140P7T35R)       0.10      0.00 #     0.00 r
  u_config/beta_stage_q_reg_79_/Q (DQV2_140P7T35R)        0.04      0.08       0.08 r
  u_config/beta_w_load_data_o[79] (net)         2                   0.00       0.08 r
  u_config/beta_w_load_data_o[79] (stage1_config_frontend)          0.00       0.08 r
  beta_w_load_data_i[79] (net)                                      0.00       0.08 r
  u_beta_w/wdata_i[79] (sram_bank_128x128_1)                        0.00       0.08 r
  u_beta_w/wdata_i[79] (net)                                        0.00       0.08 r
  u_beta_w/g_bank_2__u_macro/wdata_i[15] (hs128x32_wrapper_133)     0.00       0.08 r
  u_beta_w/g_bank_2__u_macro/wdata_i[15] (net)                      0.00       0.08 r
  u_beta_w/g_bank_2__u_macro/u_sram/D[15] (HS128X32)      0.04      0.00       0.08 r
  data arrival time                                                            0.08

  clock clk (rise edge)                                             0.00       0.00
  clock network delay (ideal)                                       0.00       0.00
  clock uncertainty                                                 0.15       0.15
  u_beta_w/g_bank_2__u_macro/u_sram/CLK (HS128X32)                  0.00       0.15 r
  library hold time                                                 0.14       0.29
  data required time                                                           0.29
  ------------------------------------------------------------------------------------
  data required time                                                           0.29
  data arrival time                                                           -0.08
  ------------------------------------------------------------------------------------
  slack (VIOLATED)                                                            -0.21


  Startpoint: u_config/beta_stage_q_reg_80_
              (rising edge-triggered flip-flop clocked by clk)
  Endpoint: u_beta_w/g_bank_2__u_macro/u_sram
            (rising edge-triggered flip-flop clocked by clk)
  Path Group: clk
  Path Type: min

  Point                                       Fanout     Trans      Incr       Path
  ------------------------------------------------------------------------------------
  clock clk (rise edge)                                             0.00       0.00
  clock network delay (ideal)                                       0.00       0.00
  u_config/beta_stage_q_reg_80_/CK (DQV2_140P7T35R)       0.10      0.00 #     0.00 r
  u_config/beta_stage_q_reg_80_/Q (DQV2_140P7T35R)        0.04      0.08       0.08 r
  u_config/beta_w_load_data_o[80] (net)         2                   0.00       0.08 r
  u_config/beta_w_load_data_o[80] (stage1_config_frontend)          0.00       0.08 r
  beta_w_load_data_i[80] (net)                                      0.00       0.08 r
  u_beta_w/wdata_i[80] (sram_bank_128x128_1)                        0.00       0.08 r
  u_beta_w/wdata_i[80] (net)                                        0.00       0.08 r
  u_beta_w/g_bank_2__u_macro/wdata_i[16] (hs128x32_wrapper_133)     0.00       0.08 r
  u_beta_w/g_bank_2__u_macro/wdata_i[16] (net)                      0.00       0.08 r
  u_beta_w/g_bank_2__u_macro/u_sram/D[16] (HS128X32)      0.04      0.00       0.08 r
  data arrival time                                                            0.08

  clock clk (rise edge)                                             0.00       0.00
  clock network delay (ideal)                                       0.00       0.00
  clock uncertainty                                                 0.15       0.15
  u_beta_w/g_bank_2__u_macro/u_sram/CLK (HS128X32)                  0.00       0.15 r
  library hold time                                                 0.14       0.29
  data required time                                                           0.29
  ------------------------------------------------------------------------------------
  data required time                                                           0.29
  data arrival time                                                           -0.08
  ------------------------------------------------------------------------------------
  slack (VIOLATED)                                                            -0.21


  Startpoint: u_config/beta_stage_q_reg_81_
              (rising edge-triggered flip-flop clocked by clk)
  Endpoint: u_beta_w/g_bank_2__u_macro/u_sram
            (rising edge-triggered flip-flop clocked by clk)
  Path Group: clk
  Path Type: min

  Point                                       Fanout     Trans      Incr       Path
  ------------------------------------------------------------------------------------
  clock clk (rise edge)                                             0.00       0.00
  clock network delay (ideal)                                       0.00       0.00
  u_config/beta_stage_q_reg_81_/CK (DQV2_140P7T35R)       0.10      0.00 #     0.00 r
  u_config/beta_stage_q_reg_81_/Q (DQV2_140P7T35R)        0.04      0.08       0.08 r
  u_config/beta_w_load_data_o[81] (net)         2                   0.00       0.08 r
  u_config/beta_w_load_data_o[81] (stage1_config_frontend)          0.00       0.08 r
  beta_w_load_data_i[81] (net)                                      0.00       0.08 r
  u_beta_w/wdata_i[81] (sram_bank_128x128_1)                        0.00       0.08 r
  u_beta_w/wdata_i[81] (net)                                        0.00       0.08 r
  u_beta_w/g_bank_2__u_macro/wdata_i[17] (hs128x32_wrapper_133)     0.00       0.08 r
  u_beta_w/g_bank_2__u_macro/wdata_i[17] (net)                      0.00       0.08 r
  u_beta_w/g_bank_2__u_macro/u_sram/D[17] (HS128X32)      0.04      0.00       0.08 r
  data arrival time                                                            0.08

  clock clk (rise edge)                                             0.00       0.00
  clock network delay (ideal)                                       0.00       0.00
  clock uncertainty                                                 0.15       0.15
  u_beta_w/g_bank_2__u_macro/u_sram/CLK (HS128X32)                  0.00       0.15 r
  library hold time                                                 0.14       0.29
  data required time                                                           0.29
  ------------------------------------------------------------------------------------
  data required time                                                           0.29
  data arrival time                                                           -0.08
  ------------------------------------------------------------------------------------
  slack (VIOLATED)                                                            -0.21


  Startpoint: u_config/beta_stage_q_reg_82_
              (rising edge-triggered flip-flop clocked by clk)
  Endpoint: u_beta_w/g_bank_2__u_macro/u_sram
            (rising edge-triggered flip-flop clocked by clk)
  Path Group: clk
  Path Type: min

  Point                                       Fanout     Trans      Incr       Path
  ------------------------------------------------------------------------------------
  clock clk (rise edge)                                             0.00       0.00
  clock network delay (ideal)                                       0.00       0.00
  u_config/beta_stage_q_reg_82_/CK (DQV2_140P7T35R)       0.10      0.00 #     0.00 r
  u_config/beta_stage_q_reg_82_/Q (DQV2_140P7T35R)        0.04      0.08       0.08 r
  u_config/beta_w_load_data_o[82] (net)         2                   0.00       0.08 r
  u_config/beta_w_load_data_o[82] (stage1_config_frontend)          0.00       0.08 r
  beta_w_load_data_i[82] (net)                                      0.00       0.08 r
  u_beta_w/wdata_i[82] (sram_bank_128x128_1)                        0.00       0.08 r
  u_beta_w/wdata_i[82] (net)                                        0.00       0.08 r
  u_beta_w/g_bank_2__u_macro/wdata_i[18] (hs128x32_wrapper_133)     0.00       0.08 r
  u_beta_w/g_bank_2__u_macro/wdata_i[18] (net)                      0.00       0.08 r
  u_beta_w/g_bank_2__u_macro/u_sram/D[18] (HS128X32)      0.04      0.00       0.08 r
  data arrival time                                                            0.08

  clock clk (rise edge)                                             0.00       0.00
  clock network delay (ideal)                                       0.00       0.00
  clock uncertainty                                                 0.15       0.15
  u_beta_w/g_bank_2__u_macro/u_sram/CLK (HS128X32)                  0.00       0.15 r
  library hold time                                                 0.14       0.29
  data required time                                                           0.29
  ------------------------------------------------------------------------------------
  data required time                                                           0.29
  data arrival time                                                           -0.08
  ------------------------------------------------------------------------------------
  slack (VIOLATED)                                                            -0.21


  Startpoint: u_config/beta_stage_q_reg_83_
              (rising edge-triggered flip-flop clocked by clk)
  Endpoint: u_beta_w/g_bank_2__u_macro/u_sram
            (rising edge-triggered flip-flop clocked by clk)
  Path Group: clk
  Path Type: min

  Point                                       Fanout     Trans      Incr       Path
  ------------------------------------------------------------------------------------
  clock clk (rise edge)                                             0.00       0.00
  clock network delay (ideal)                                       0.00       0.00
  u_config/beta_stage_q_reg_83_/CK (DQV2_140P7T35R)       0.10      0.00 #     0.00 r
  u_config/beta_stage_q_reg_83_/Q (DQV2_140P7T35R)        0.04      0.08       0.08 r
  u_config/beta_w_load_data_o[83] (net)         2                   0.00       0.08 r
  u_config/beta_w_load_data_o[83] (stage1_config_frontend)          0.00       0.08 r
  beta_w_load_data_i[83] (net)                                      0.00       0.08 r
  u_beta_w/wdata_i[83] (sram_bank_128x128_1)                        0.00       0.08 r
  u_beta_w/wdata_i[83] (net)                                        0.00       0.08 r
  u_beta_w/g_bank_2__u_macro/wdata_i[19] (hs128x32_wrapper_133)     0.00       0.08 r
  u_beta_w/g_bank_2__u_macro/wdata_i[19] (net)                      0.00       0.08 r
  u_beta_w/g_bank_2__u_macro/u_sram/D[19] (HS128X32)      0.04      0.00       0.08 r
  data arrival time                                                            0.08

  clock clk (rise edge)                                             0.00       0.00
  clock network delay (ideal)                                       0.00       0.00
  clock uncertainty                                                 0.15       0.15
  u_beta_w/g_bank_2__u_macro/u_sram/CLK (HS128X32)                  0.00       0.15 r
  library hold time                                                 0.14       0.29
  data required time                                                           0.29
  ------------------------------------------------------------------------------------
  data required time                                                           0.29
  data arrival time                                                           -0.08
  ------------------------------------------------------------------------------------
  slack (VIOLATED)                                                            -0.21


  Startpoint: u_config/beta_stage_q_reg_65_
              (rising edge-triggered flip-flop clocked by clk)
  Endpoint: u_beta_w/g_bank_2__u_macro/u_sram
            (rising edge-triggered flip-flop clocked by clk)
  Path Group: clk
  Path Type: min

  Point                                       Fanout     Trans      Incr       Path
  ------------------------------------------------------------------------------------
  clock clk (rise edge)                                             0.00       0.00
  clock network delay (ideal)                                       0.00       0.00
  u_config/beta_stage_q_reg_65_/CK (DQV2_140P7T35R)       0.10      0.00 #     0.00 r
  u_config/beta_stage_q_reg_65_/Q (DQV2_140P7T35R)        0.04      0.08       0.08 r
  u_config/beta_w_load_data_o[65] (net)         2                   0.00       0.08 r
  u_config/beta_w_load_data_o[65] (stage1_config_frontend)          0.00       0.08 r
  beta_w_load_data_i[65] (net)                                      0.00       0.08 r
  u_beta_w/wdata_i[65] (sram_bank_128x128_1)                        0.00       0.08 r
  u_beta_w/wdata_i[65] (net)                                        0.00       0.08 r
  u_beta_w/g_bank_2__u_macro/wdata_i[1] (hs128x32_wrapper_133)      0.00       0.08 r
  u_beta_w/g_bank_2__u_macro/wdata_i[1] (net)                       0.00       0.08 r
  u_beta_w/g_bank_2__u_macro/u_sram/D[1] (HS128X32)       0.04      0.00       0.08 r
  data arrival time                                                            0.08

  clock clk (rise edge)                                             0.00       0.00
  clock network delay (ideal)                                       0.00       0.00
  clock uncertainty                                                 0.15       0.15
  u_beta_w/g_bank_2__u_macro/u_sram/CLK (HS128X32)                  0.00       0.15 r
  library hold time                                                 0.14       0.29
  data required time                                                           0.29
  ------------------------------------------------------------------------------------
  data required time                                                           0.29
  data arrival time                                                           -0.08
  ------------------------------------------------------------------------------------
  slack (VIOLATED)                                                            -0.21


  Startpoint: u_config/beta_stage_q_reg_84_
              (rising edge-triggered flip-flop clocked by clk)
  Endpoint: u_beta_w/g_bank_2__u_macro/u_sram
            (rising edge-triggered flip-flop clocked by clk)
  Path Group: clk
  Path Type: min

  Point                                       Fanout     Trans      Incr       Path
  ------------------------------------------------------------------------------------
  clock clk (rise edge)                                             0.00       0.00
  clock network delay (ideal)                                       0.00       0.00
  u_config/beta_stage_q_reg_84_/CK (DQV2_140P7T35R)       0.10      0.00 #     0.00 r
  u_config/beta_stage_q_reg_84_/Q (DQV2_140P7T35R)        0.04      0.08       0.08 r
  u_config/beta_w_load_data_o[84] (net)         2                   0.00       0.08 r
  u_config/beta_w_load_data_o[84] (stage1_config_frontend)          0.00       0.08 r
  beta_w_load_data_i[84] (net)                                      0.00       0.08 r
  u_beta_w/wdata_i[84] (sram_bank_128x128_1)                        0.00       0.08 r
  u_beta_w/wdata_i[84] (net)                                        0.00       0.08 r
  u_beta_w/g_bank_2__u_macro/wdata_i[20] (hs128x32_wrapper_133)     0.00       0.08 r
  u_beta_w/g_bank_2__u_macro/wdata_i[20] (net)                      0.00       0.08 r
  u_beta_w/g_bank_2__u_macro/u_sram/D[20] (HS128X32)      0.04      0.00       0.08 r
  data arrival time                                                            0.08

  clock clk (rise edge)                                             0.00       0.00
  clock network delay (ideal)                                       0.00       0.00
  clock uncertainty                                                 0.15       0.15
  u_beta_w/g_bank_2__u_macro/u_sram/CLK (HS128X32)                  0.00       0.15 r
  library hold time                                                 0.14       0.29
  data required time                                                           0.29
  ------------------------------------------------------------------------------------
  data required time                                                           0.29
  data arrival time                                                           -0.08
  ------------------------------------------------------------------------------------
  slack (VIOLATED)                                                            -0.21


  Startpoint: u_config/beta_stage_q_reg_85_
              (rising edge-triggered flip-flop clocked by clk)
  Endpoint: u_beta_w/g_bank_2__u_macro/u_sram
            (rising edge-triggered flip-flop clocked by clk)
  Path Group: clk
  Path Type: min

  Point                                       Fanout     Trans      Incr       Path
  ------------------------------------------------------------------------------------
  clock clk (rise edge)                                             0.00       0.00
  clock network delay (ideal)                                       0.00       0.00
  u_config/beta_stage_q_reg_85_/CK (DQV2_140P7T35R)       0.10      0.00 #     0.00 r
  u_config/beta_stage_q_reg_85_/Q (DQV2_140P7T35R)        0.04      0.08       0.08 r
  u_config/beta_w_load_data_o[85] (net)         2                   0.00       0.08 r
  u_config/beta_w_load_data_o[85] (stage1_config_frontend)          0.00       0.08 r
  beta_w_load_data_i[85] (net)                                      0.00       0.08 r
  u_beta_w/wdata_i[85] (sram_bank_128x128_1)                        0.00       0.08 r
  u_beta_w/wdata_i[85] (net)                                        0.00       0.08 r
  u_beta_w/g_bank_2__u_macro/wdata_i[21] (hs128x32_wrapper_133)     0.00       0.08 r
  u_beta_w/g_bank_2__u_macro/wdata_i[21] (net)                      0.00       0.08 r
  u_beta_w/g_bank_2__u_macro/u_sram/D[21] (HS128X32)      0.04      0.00       0.08 r
  data arrival time                                                            0.08

  clock clk (rise edge)                                             0.00       0.00
  clock network delay (ideal)                                       0.00       0.00
  clock uncertainty                                                 0.15       0.15
  u_beta_w/g_bank_2__u_macro/u_sram/CLK (HS128X32)                  0.00       0.15 r
  library hold time                                                 0.14       0.29
  data required time                                                           0.29
  ------------------------------------------------------------------------------------
  data required time                                                           0.29
  data arrival time                                                           -0.08
  ------------------------------------------------------------------------------------
  slack (VIOLATED)                                                            -0.21


  Startpoint: u_config/beta_stage_q_reg_86_
              (rising edge-triggered flip-flop clocked by clk)
  Endpoint: u_beta_w/g_bank_2__u_macro/u_sram
            (rising edge-triggered flip-flop clocked by clk)
  Path Group: clk
  Path Type: min

  Point                                       Fanout     Trans      Incr       Path
  ------------------------------------------------------------------------------------
  clock clk (rise edge)                                             0.00       0.00
  clock network delay (ideal)                                       0.00       0.00
  u_config/beta_stage_q_reg_86_/CK (DQV2_140P7T35R)       0.10      0.00 #     0.00 r
  u_config/beta_stage_q_reg_86_/Q (DQV2_140P7T35R)        0.04      0.08       0.08 r
  u_config/beta_w_load_data_o[86] (net)         2                   0.00       0.08 r
  u_config/beta_w_load_data_o[86] (stage1_config_frontend)          0.00       0.08 r
  beta_w_load_data_i[86] (net)                                      0.00       0.08 r
  u_beta_w/wdata_i[86] (sram_bank_128x128_1)                        0.00       0.08 r
  u_beta_w/wdata_i[86] (net)                                        0.00       0.08 r
  u_beta_w/g_bank_2__u_macro/wdata_i[22] (hs128x32_wrapper_133)     0.00       0.08 r
  u_beta_w/g_bank_2__u_macro/wdata_i[22] (net)                      0.00       0.08 r
  u_beta_w/g_bank_2__u_macro/u_sram/D[22] (HS128X32)      0.04      0.00       0.08 r
  data arrival time                                                            0.08

  clock clk (rise edge)                                             0.00       0.00
  clock network delay (ideal)                                       0.00       0.00
  clock uncertainty                                                 0.15       0.15
  u_beta_w/g_bank_2__u_macro/u_sram/CLK (HS128X32)                  0.00       0.15 r
  library hold time                                                 0.14       0.29
  data required time                                                           0.29
  ------------------------------------------------------------------------------------
  data required time                                                           0.29
  data arrival time                                                           -0.08
  ------------------------------------------------------------------------------------
  slack (VIOLATED)                                                            -0.21


  Startpoint: u_config/beta_stage_q_reg_87_
              (rising edge-triggered flip-flop clocked by clk)
  Endpoint: u_beta_w/g_bank_2__u_macro/u_sram
            (rising edge-triggered flip-flop clocked by clk)
  Path Group: clk
  Path Type: min

  Point                                       Fanout     Trans      Incr       Path
  ------------------------------------------------------------------------------------
  clock clk (rise edge)                                             0.00       0.00
  clock network delay (ideal)                                       0.00       0.00
  u_config/beta_stage_q_reg_87_/CK (DQV2_140P7T35R)       0.10      0.00 #     0.00 r
  u_config/beta_stage_q_reg_87_/Q (DQV2_140P7T35R)        0.04      0.08       0.08 r
  u_config/beta_w_load_data_o[87] (net)         2                   0.00       0.08 r
  u_config/beta_w_load_data_o[87] (stage1_config_frontend)          0.00       0.08 r
  beta_w_load_data_i[87] (net)                                      0.00       0.08 r
  u_beta_w/wdata_i[87] (sram_bank_128x128_1)                        0.00       0.08 r
  u_beta_w/wdata_i[87] (net)                                        0.00       0.08 r
  u_beta_w/g_bank_2__u_macro/wdata_i[23] (hs128x32_wrapper_133)     0.00       0.08 r
  u_beta_w/g_bank_2__u_macro/wdata_i[23] (net)                      0.00       0.08 r
  u_beta_w/g_bank_2__u_macro/u_sram/D[23] (HS128X32)      0.04      0.00       0.08 r
  data arrival time                                                            0.08

  clock clk (rise edge)                                             0.00       0.00
  clock network delay (ideal)                                       0.00       0.00
  clock uncertainty                                                 0.15       0.15
  u_beta_w/g_bank_2__u_macro/u_sram/CLK (HS128X32)                  0.00       0.15 r
  library hold time                                                 0.14       0.29
  data required time                                                           0.29
  ------------------------------------------------------------------------------------
  data required time                                                           0.29
  data arrival time                                                           -0.08
  ------------------------------------------------------------------------------------
  slack (VIOLATED)                                                            -0.21


  Startpoint: u_config/beta_stage_q_reg_88_
              (rising edge-triggered flip-flop clocked by clk)
  Endpoint: u_beta_w/g_bank_2__u_macro/u_sram
            (rising edge-triggered flip-flop clocked by clk)
  Path Group: clk
  Path Type: min

  Point                                       Fanout     Trans      Incr       Path
  ------------------------------------------------------------------------------------
  clock clk (rise edge)                                             0.00       0.00
  clock network delay (ideal)                                       0.00       0.00
  u_config/beta_stage_q_reg_88_/CK (DQV2_140P7T35R)       0.10      0.00 #     0.00 r
  u_config/beta_stage_q_reg_88_/Q (DQV2_140P7T35R)        0.04      0.08       0.08 r
  u_config/beta_w_load_data_o[88] (net)         2                   0.00       0.08 r
  u_config/beta_w_load_data_o[88] (stage1_config_frontend)          0.00       0.08 r
  beta_w_load_data_i[88] (net)                                      0.00       0.08 r
  u_beta_w/wdata_i[88] (sram_bank_128x128_1)                        0.00       0.08 r
  u_beta_w/wdata_i[88] (net)                                        0.00       0.08 r
  u_beta_w/g_bank_2__u_macro/wdata_i[24] (hs128x32_wrapper_133)     0.00       0.08 r
  u_beta_w/g_bank_2__u_macro/wdata_i[24] (net)                      0.00       0.08 r
  u_beta_w/g_bank_2__u_macro/u_sram/D[24] (HS128X32)      0.04      0.00       0.08 r
  data arrival time                                                            0.08

  clock clk (rise edge)                                             0.00       0.00
  clock network delay (ideal)                                       0.00       0.00
  clock uncertainty                                                 0.15       0.15
  u_beta_w/g_bank_2__u_macro/u_sram/CLK (HS128X32)                  0.00       0.15 r
  library hold time                                                 0.14       0.29
  data required time                                                           0.29
  ------------------------------------------------------------------------------------
  data required time                                                           0.29
  data arrival time                                                           -0.08
  ------------------------------------------------------------------------------------
  slack (VIOLATED)                                                            -0.21


  Startpoint: u_config/beta_stage_q_reg_89_
              (rising edge-triggered flip-flop clocked by clk)
  Endpoint: u_beta_w/g_bank_2__u_macro/u_sram
            (rising edge-triggered flip-flop clocked by clk)
  Path Group: clk
  Path Type: min

  Point                                       Fanout     Trans      Incr       Path
  ------------------------------------------------------------------------------------
  clock clk (rise edge)                                             0.00       0.00
  clock network delay (ideal)                                       0.00       0.00
  u_config/beta_stage_q_reg_89_/CK (DQV2_140P7T35R)       0.10      0.00 #     0.00 r
  u_config/beta_stage_q_reg_89_/Q (DQV2_140P7T35R)        0.04      0.08       0.08 r
  u_config/beta_w_load_data_o[89] (net)         2                   0.00       0.08 r
  u_config/beta_w_load_data_o[89] (stage1_config_frontend)          0.00       0.08 r
  beta_w_load_data_i[89] (net)                                      0.00       0.08 r
  u_beta_w/wdata_i[89] (sram_bank_128x128_1)                        0.00       0.08 r
  u_beta_w/wdata_i[89] (net)                                        0.00       0.08 r
  u_beta_w/g_bank_2__u_macro/wdata_i[25] (hs128x32_wrapper_133)     0.00       0.08 r
  u_beta_w/g_bank_2__u_macro/wdata_i[25] (net)                      0.00       0.08 r
  u_beta_w/g_bank_2__u_macro/u_sram/D[25] (HS128X32)      0.04      0.00       0.08 r
  data arrival time                                                            0.08

  clock clk (rise edge)                                             0.00       0.00
  clock network delay (ideal)                                       0.00       0.00
  clock uncertainty                                                 0.15       0.15
  u_beta_w/g_bank_2__u_macro/u_sram/CLK (HS128X32)                  0.00       0.15 r
  library hold time                                                 0.14       0.29
  data required time                                                           0.29
  ------------------------------------------------------------------------------------
  data required time                                                           0.29
  data arrival time                                                           -0.08
  ------------------------------------------------------------------------------------
  slack (VIOLATED)                                                            -0.21


  Startpoint: u_config/beta_stage_q_reg_90_
              (rising edge-triggered flip-flop clocked by clk)
  Endpoint: u_beta_w/g_bank_2__u_macro/u_sram
            (rising edge-triggered flip-flop clocked by clk)
  Path Group: clk
  Path Type: min

  Point                                       Fanout     Trans      Incr       Path
  ------------------------------------------------------------------------------------
  clock clk (rise edge)                                             0.00       0.00
  clock network delay (ideal)                                       0.00       0.00
  u_config/beta_stage_q_reg_90_/CK (DQV2_140P7T35R)       0.10      0.00 #     0.00 r
  u_config/beta_stage_q_reg_90_/Q (DQV2_140P7T35R)        0.04      0.08       0.08 r
  u_config/beta_w_load_data_o[90] (net)         2                   0.00       0.08 r
  u_config/beta_w_load_data_o[90] (stage1_config_frontend)          0.00       0.08 r
  beta_w_load_data_i[90] (net)                                      0.00       0.08 r
  u_beta_w/wdata_i[90] (sram_bank_128x128_1)                        0.00       0.08 r
  u_beta_w/wdata_i[90] (net)                                        0.00       0.08 r
  u_beta_w/g_bank_2__u_macro/wdata_i[26] (hs128x32_wrapper_133)     0.00       0.08 r
  u_beta_w/g_bank_2__u_macro/wdata_i[26] (net)                      0.00       0.08 r
  u_beta_w/g_bank_2__u_macro/u_sram/D[26] (HS128X32)      0.04      0.00       0.08 r
  data arrival time                                                            0.08

  clock clk (rise edge)                                             0.00       0.00
  clock network delay (ideal)                                       0.00       0.00
  clock uncertainty                                                 0.15       0.15
  u_beta_w/g_bank_2__u_macro/u_sram/CLK (HS128X32)                  0.00       0.15 r
  library hold time                                                 0.14       0.29
  data required time                                                           0.29
  ------------------------------------------------------------------------------------
  data required time                                                           0.29
  data arrival time                                                           -0.08
  ------------------------------------------------------------------------------------
  slack (VIOLATED)                                                            -0.21


  Startpoint: u_config/beta_stage_q_reg_91_
              (rising edge-triggered flip-flop clocked by clk)
  Endpoint: u_beta_w/g_bank_2__u_macro/u_sram
            (rising edge-triggered flip-flop clocked by clk)
  Path Group: clk
  Path Type: min

  Point                                       Fanout     Trans      Incr       Path
  ------------------------------------------------------------------------------------
  clock clk (rise edge)                                             0.00       0.00
  clock network delay (ideal)                                       0.00       0.00
  u_config/beta_stage_q_reg_91_/CK (DQV2_140P7T35R)       0.10      0.00 #     0.00 r
  u_config/beta_stage_q_reg_91_/Q (DQV2_140P7T35R)        0.04      0.08       0.08 r
  u_config/beta_w_load_data_o[91] (net)         2                   0.00       0.08 r
  u_config/beta_w_load_data_o[91] (stage1_config_frontend)          0.00       0.08 r
  beta_w_load_data_i[91] (net)                                      0.00       0.08 r
  u_beta_w/wdata_i[91] (sram_bank_128x128_1)                        0.00       0.08 r
  u_beta_w/wdata_i[91] (net)                                        0.00       0.08 r
  u_beta_w/g_bank_2__u_macro/wdata_i[27] (hs128x32_wrapper_133)     0.00       0.08 r
  u_beta_w/g_bank_2__u_macro/wdata_i[27] (net)                      0.00       0.08 r
  u_beta_w/g_bank_2__u_macro/u_sram/D[27] (HS128X32)      0.04      0.00       0.08 r
  data arrival time                                                            0.08

  clock clk (rise edge)                                             0.00       0.00
  clock network delay (ideal)                                       0.00       0.00
  clock uncertainty                                                 0.15       0.15
  u_beta_w/g_bank_2__u_macro/u_sram/CLK (HS128X32)                  0.00       0.15 r
  library hold time                                                 0.14       0.29
  data required time                                                           0.29
  ------------------------------------------------------------------------------------
  data required time                                                           0.29
  data arrival time                                                           -0.08
  ------------------------------------------------------------------------------------
  slack (VIOLATED)                                                            -0.21


  Startpoint: u_config/beta_stage_q_reg_92_
              (rising edge-triggered flip-flop clocked by clk)
  Endpoint: u_beta_w/g_bank_2__u_macro/u_sram
            (rising edge-triggered flip-flop clocked by clk)
  Path Group: clk
  Path Type: min

  Point                                       Fanout     Trans      Incr       Path
  ------------------------------------------------------------------------------------
  clock clk (rise edge)                                             0.00       0.00
  clock network delay (ideal)                                       0.00       0.00
  u_config/beta_stage_q_reg_92_/CK (DQV2_140P7T35R)       0.10      0.00 #     0.00 r
  u_config/beta_stage_q_reg_92_/Q (DQV2_140P7T35R)        0.04      0.08       0.08 r
  u_config/beta_w_load_data_o[92] (net)         2                   0.00       0.08 r
  u_config/beta_w_load_data_o[92] (stage1_config_frontend)          0.00       0.08 r
  beta_w_load_data_i[92] (net)                                      0.00       0.08 r
  u_beta_w/wdata_i[92] (sram_bank_128x128_1)                        0.00       0.08 r
  u_beta_w/wdata_i[92] (net)                                        0.00       0.08 r
  u_beta_w/g_bank_2__u_macro/wdata_i[28] (hs128x32_wrapper_133)     0.00       0.08 r
  u_beta_w/g_bank_2__u_macro/wdata_i[28] (net)                      0.00       0.08 r
  u_beta_w/g_bank_2__u_macro/u_sram/D[28] (HS128X32)      0.04      0.00       0.08 r
  data arrival time                                                            0.08

  clock clk (rise edge)                                             0.00       0.00
  clock network delay (ideal)                                       0.00       0.00
  clock uncertainty                                                 0.15       0.15
  u_beta_w/g_bank_2__u_macro/u_sram/CLK (HS128X32)                  0.00       0.15 r
  library hold time                                                 0.14       0.29
  data required time                                                           0.29
  ------------------------------------------------------------------------------------
  data required time                                                           0.29
  data arrival time                                                           -0.08
  ------------------------------------------------------------------------------------
  slack (VIOLATED)                                                            -0.21


  Startpoint: u_config/beta_stage_q_reg_93_
              (rising edge-triggered flip-flop clocked by clk)
  Endpoint: u_beta_w/g_bank_2__u_macro/u_sram
            (rising edge-triggered flip-flop clocked by clk)
  Path Group: clk
  Path Type: min

  Point                                       Fanout     Trans      Incr       Path
  ------------------------------------------------------------------------------------
  clock clk (rise edge)                                             0.00       0.00
  clock network delay (ideal)                                       0.00       0.00
  u_config/beta_stage_q_reg_93_/CK (DQV2_140P7T35R)       0.10      0.00 #     0.00 r
  u_config/beta_stage_q_reg_93_/Q (DQV2_140P7T35R)        0.04      0.08       0.08 r
  u_config/beta_w_load_data_o[93] (net)         2                   0.00       0.08 r
  u_config/beta_w_load_data_o[93] (stage1_config_frontend)          0.00       0.08 r
  beta_w_load_data_i[93] (net)                                      0.00       0.08 r
  u_beta_w/wdata_i[93] (sram_bank_128x128_1)                        0.00       0.08 r
  u_beta_w/wdata_i[93] (net)                                        0.00       0.08 r
  u_beta_w/g_bank_2__u_macro/wdata_i[29] (hs128x32_wrapper_133)     0.00       0.08 r
  u_beta_w/g_bank_2__u_macro/wdata_i[29] (net)                      0.00       0.08 r
  u_beta_w/g_bank_2__u_macro/u_sram/D[29] (HS128X32)      0.04      0.00       0.08 r
  data arrival time                                                            0.08

  clock clk (rise edge)                                             0.00       0.00
  clock network delay (ideal)                                       0.00       0.00
  clock uncertainty                                                 0.15       0.15
  u_beta_w/g_bank_2__u_macro/u_sram/CLK (HS128X32)                  0.00       0.15 r
  library hold time                                                 0.14       0.29
  data required time                                                           0.29
  ------------------------------------------------------------------------------------
  data required time                                                           0.29
  data arrival time                                                           -0.08
  ------------------------------------------------------------------------------------
  slack (VIOLATED)                                                            -0.21


  Startpoint: u_config/beta_stage_q_reg_66_
              (rising edge-triggered flip-flop clocked by clk)
  Endpoint: u_beta_w/g_bank_2__u_macro/u_sram
            (rising edge-triggered flip-flop clocked by clk)
  Path Group: clk
  Path Type: min

  Point                                       Fanout     Trans      Incr       Path
  ------------------------------------------------------------------------------------
  clock clk (rise edge)                                             0.00       0.00
  clock network delay (ideal)                                       0.00       0.00
  u_config/beta_stage_q_reg_66_/CK (DQV2_140P7T35R)       0.10      0.00 #     0.00 r
  u_config/beta_stage_q_reg_66_/Q (DQV2_140P7T35R)        0.04      0.08       0.08 r
  u_config/beta_w_load_data_o[66] (net)         2                   0.00       0.08 r
  u_config/beta_w_load_data_o[66] (stage1_config_frontend)          0.00       0.08 r
  beta_w_load_data_i[66] (net)                                      0.00       0.08 r
  u_beta_w/wdata_i[66] (sram_bank_128x128_1)                        0.00       0.08 r
  u_beta_w/wdata_i[66] (net)                                        0.00       0.08 r
  u_beta_w/g_bank_2__u_macro/wdata_i[2] (hs128x32_wrapper_133)      0.00       0.08 r
  u_beta_w/g_bank_2__u_macro/wdata_i[2] (net)                       0.00       0.08 r
  u_beta_w/g_bank_2__u_macro/u_sram/D[2] (HS128X32)       0.04      0.00       0.08 r
  data arrival time                                                            0.08

  clock clk (rise edge)                                             0.00       0.00
  clock network delay (ideal)                                       0.00       0.00
  clock uncertainty                                                 0.15       0.15
  u_beta_w/g_bank_2__u_macro/u_sram/CLK (HS128X32)                  0.00       0.15 r
  library hold time                                                 0.14       0.29
  data required time                                                           0.29
  ------------------------------------------------------------------------------------
  data required time                                                           0.29
  data arrival time                                                           -0.08
  ------------------------------------------------------------------------------------
  slack (VIOLATED)                                                            -0.21


  Startpoint: u_config/beta_stage_q_reg_94_
              (rising edge-triggered flip-flop clocked by clk)
  Endpoint: u_beta_w/g_bank_2__u_macro/u_sram
            (rising edge-triggered flip-flop clocked by clk)
  Path Group: clk
  Path Type: min

  Point                                       Fanout     Trans      Incr       Path
  ------------------------------------------------------------------------------------
  clock clk (rise edge)                                             0.00       0.00
  clock network delay (ideal)                                       0.00       0.00
  u_config/beta_stage_q_reg_94_/CK (DQV2_140P7T35R)       0.10      0.00 #     0.00 r
  u_config/beta_stage_q_reg_94_/Q (DQV2_140P7T35R)        0.04      0.08       0.08 r
  u_config/beta_w_load_data_o[94] (net)         2                   0.00       0.08 r
  u_config/beta_w_load_data_o[94] (stage1_config_frontend)          0.00       0.08 r
  beta_w_load_data_i[94] (net)                                      0.00       0.08 r
  u_beta_w/wdata_i[94] (sram_bank_128x128_1)                        0.00       0.08 r
  u_beta_w/wdata_i[94] (net)                                        0.00       0.08 r
  u_beta_w/g_bank_2__u_macro/wdata_i[30] (hs128x32_wrapper_133)     0.00       0.08 r
  u_beta_w/g_bank_2__u_macro/wdata_i[30] (net)                      0.00       0.08 r
  u_beta_w/g_bank_2__u_macro/u_sram/D[30] (HS128X32)      0.04      0.00       0.08 r
  data arrival time                                                            0.08

  clock clk (rise edge)                                             0.00       0.00
  clock network delay (ideal)                                       0.00       0.00
  clock uncertainty                                                 0.15       0.15
  u_beta_w/g_bank_2__u_macro/u_sram/CLK (HS128X32)                  0.00       0.15 r
  library hold time                                                 0.14       0.29
  data required time                                                           0.29
  ------------------------------------------------------------------------------------
  data required time                                                           0.29
  data arrival time                                                           -0.08
  ------------------------------------------------------------------------------------
  slack (VIOLATED)                                                            -0.21


  Startpoint: u_config/beta_stage_q_reg_95_
              (rising edge-triggered flip-flop clocked by clk)
  Endpoint: u_beta_w/g_bank_2__u_macro/u_sram
            (rising edge-triggered flip-flop clocked by clk)
  Path Group: clk
  Path Type: min

  Point                                       Fanout     Trans      Incr       Path
  ------------------------------------------------------------------------------------
  clock clk (rise edge)                                             0.00       0.00
  clock network delay (ideal)                                       0.00       0.00
  u_config/beta_stage_q_reg_95_/CK (DQV2_140P7T35R)       0.10      0.00 #     0.00 r
  u_config/beta_stage_q_reg_95_/Q (DQV2_140P7T35R)        0.04      0.08       0.08 r
  u_config/beta_w_load_data_o[95] (net)         2                   0.00       0.08 r
  u_config/beta_w_load_data_o[95] (stage1_config_frontend)          0.00       0.08 r
  beta_w_load_data_i[95] (net)                                      0.00       0.08 r
  u_beta_w/wdata_i[95] (sram_bank_128x128_1)                        0.00       0.08 r
  u_beta_w/wdata_i[95] (net)                                        0.00       0.08 r
  u_beta_w/g_bank_2__u_macro/wdata_i[31] (hs128x32_wrapper_133)     0.00       0.08 r
  u_beta_w/g_bank_2__u_macro/wdata_i[31] (net)                      0.00       0.08 r
  u_beta_w/g_bank_2__u_macro/u_sram/D[31] (HS128X32)      0.04      0.00       0.08 r
  data arrival time                                                            0.08

  clock clk (rise edge)                                             0.00       0.00
  clock network delay (ideal)                                       0.00       0.00
  clock uncertainty                                                 0.15       0.15
  u_beta_w/g_bank_2__u_macro/u_sram/CLK (HS128X32)                  0.00       0.15 r
  library hold time                                                 0.14       0.29
  data required time                                                           0.29
  ------------------------------------------------------------------------------------
  data required time                                                           0.29
  data arrival time                                                           -0.08
  ------------------------------------------------------------------------------------
  slack (VIOLATED)                                                            -0.21


  Startpoint: u_config/beta_stage_q_reg_67_
              (rising edge-triggered flip-flop clocked by clk)
  Endpoint: u_beta_w/g_bank_2__u_macro/u_sram
            (rising edge-triggered flip-flop clocked by clk)
  Path Group: clk
  Path Type: min

  Point                                       Fanout     Trans      Incr       Path
  ------------------------------------------------------------------------------------
  clock clk (rise edge)                                             0.00       0.00
  clock network delay (ideal)                                       0.00       0.00
  u_config/beta_stage_q_reg_67_/CK (DQV2_140P7T35R)       0.10      0.00 #     0.00 r
  u_config/beta_stage_q_reg_67_/Q (DQV2_140P7T35R)        0.04      0.08       0.08 r
  u_config/beta_w_load_data_o[67] (net)         2                   0.00       0.08 r
  u_config/beta_w_load_data_o[67] (stage1_config_frontend)          0.00       0.08 r
  beta_w_load_data_i[67] (net)                                      0.00       0.08 r
  u_beta_w/wdata_i[67] (sram_bank_128x128_1)                        0.00       0.08 r
  u_beta_w/wdata_i[67] (net)                                        0.00       0.08 r
  u_beta_w/g_bank_2__u_macro/wdata_i[3] (hs128x32_wrapper_133)      0.00       0.08 r
  u_beta_w/g_bank_2__u_macro/wdata_i[3] (net)                       0.00       0.08 r
  u_beta_w/g_bank_2__u_macro/u_sram/D[3] (HS128X32)       0.04      0.00       0.08 r
  data arrival time                                                            0.08

  clock clk (rise edge)                                             0.00       0.00
  clock network delay (ideal)                                       0.00       0.00
  clock uncertainty                                                 0.15       0.15
  u_beta_w/g_bank_2__u_macro/u_sram/CLK (HS128X32)                  0.00       0.15 r
  library hold time                                                 0.14       0.29
  data required time                                                           0.29
  ------------------------------------------------------------------------------------
  data required time                                                           0.29
  data arrival time                                                           -0.08
  ------------------------------------------------------------------------------------
  slack (VIOLATED)                                                            -0.21


  Startpoint: u_config/beta_stage_q_reg_68_
              (rising edge-triggered flip-flop clocked by clk)
  Endpoint: u_beta_w/g_bank_2__u_macro/u_sram
            (rising edge-triggered flip-flop clocked by clk)
  Path Group: clk
  Path Type: min

  Point                                       Fanout     Trans      Incr       Path
  ------------------------------------------------------------------------------------
  clock clk (rise edge)                                             0.00       0.00
  clock network delay (ideal)                                       0.00       0.00
  u_config/beta_stage_q_reg_68_/CK (DQV2_140P7T35R)       0.10      0.00 #     0.00 r
  u_config/beta_stage_q_reg_68_/Q (DQV2_140P7T35R)        0.04      0.08       0.08 r
  u_config/beta_w_load_data_o[68] (net)         2                   0.00       0.08 r
  u_config/beta_w_load_data_o[68] (stage1_config_frontend)          0.00       0.08 r
  beta_w_load_data_i[68] (net)                                      0.00       0.08 r
  u_beta_w/wdata_i[68] (sram_bank_128x128_1)                        0.00       0.08 r
  u_beta_w/wdata_i[68] (net)                                        0.00       0.08 r
  u_beta_w/g_bank_2__u_macro/wdata_i[4] (hs128x32_wrapper_133)      0.00       0.08 r
  u_beta_w/g_bank_2__u_macro/wdata_i[4] (net)                       0.00       0.08 r
  u_beta_w/g_bank_2__u_macro/u_sram/D[4] (HS128X32)       0.04      0.00       0.08 r
  data arrival time                                                            0.08

  clock clk (rise edge)                                             0.00       0.00
  clock network delay (ideal)                                       0.00       0.00
  clock uncertainty                                                 0.15       0.15
  u_beta_w/g_bank_2__u_macro/u_sram/CLK (HS128X32)                  0.00       0.15 r
  library hold time                                                 0.14       0.29
  data required time                                                           0.29
  ------------------------------------------------------------------------------------
  data required time                                                           0.29
  data arrival time                                                           -0.08
  ------------------------------------------------------------------------------------
  slack (VIOLATED)                                                            -0.21


  Startpoint: u_config/beta_stage_q_reg_69_
              (rising edge-triggered flip-flop clocked by clk)
  Endpoint: u_beta_w/g_bank_2__u_macro/u_sram
            (rising edge-triggered flip-flop clocked by clk)
  Path Group: clk
  Path Type: min

  Point                                       Fanout     Trans      Incr       Path
  ------------------------------------------------------------------------------------
  clock clk (rise edge)                                             0.00       0.00
  clock network delay (ideal)                                       0.00       0.00
  u_config/beta_stage_q_reg_69_/CK (DQV2_140P7T35R)       0.10      0.00 #     0.00 r
  u_config/beta_stage_q_reg_69_/Q (DQV2_140P7T35R)        0.04      0.08       0.08 r
  u_config/beta_w_load_data_o[69] (net)         2                   0.00       0.08 r
  u_config/beta_w_load_data_o[69] (stage1_config_frontend)          0.00       0.08 r
  beta_w_load_data_i[69] (net)                                      0.00       0.08 r
  u_beta_w/wdata_i[69] (sram_bank_128x128_1)                        0.00       0.08 r
  u_beta_w/wdata_i[69] (net)                                        0.00       0.08 r
  u_beta_w/g_bank_2__u_macro/wdata_i[5] (hs128x32_wrapper_133)      0.00       0.08 r
  u_beta_w/g_bank_2__u_macro/wdata_i[5] (net)                       0.00       0.08 r
  u_beta_w/g_bank_2__u_macro/u_sram/D[5] (HS128X32)       0.04      0.00       0.08 r
  data arrival time                                                            0.08

  clock clk (rise edge)                                             0.00       0.00
  clock network delay (ideal)                                       0.00       0.00
  clock uncertainty                                                 0.15       0.15
  u_beta_w/g_bank_2__u_macro/u_sram/CLK (HS128X32)                  0.00       0.15 r
  library hold time                                                 0.14       0.29
  data required time                                                           0.29
  ------------------------------------------------------------------------------------
  data required time                                                           0.29
  data arrival time                                                           -0.08
  ------------------------------------------------------------------------------------
  slack (VIOLATED)                                                            -0.21


  Startpoint: u_config/beta_stage_q_reg_70_
              (rising edge-triggered flip-flop clocked by clk)
  Endpoint: u_beta_w/g_bank_2__u_macro/u_sram
            (rising edge-triggered flip-flop clocked by clk)
  Path Group: clk
  Path Type: min

  Point                                       Fanout     Trans      Incr       Path
  ------------------------------------------------------------------------------------
  clock clk (rise edge)                                             0.00       0.00
  clock network delay (ideal)                                       0.00       0.00
  u_config/beta_stage_q_reg_70_/CK (DQV2_140P7T35R)       0.10      0.00 #     0.00 r
  u_config/beta_stage_q_reg_70_/Q (DQV2_140P7T35R)        0.04      0.08       0.08 r
  u_config/beta_w_load_data_o[70] (net)         2                   0.00       0.08 r
  u_config/beta_w_load_data_o[70] (stage1_config_frontend)          0.00       0.08 r
  beta_w_load_data_i[70] (net)                                      0.00       0.08 r
  u_beta_w/wdata_i[70] (sram_bank_128x128_1)                        0.00       0.08 r
  u_beta_w/wdata_i[70] (net)                                        0.00       0.08 r
  u_beta_w/g_bank_2__u_macro/wdata_i[6] (hs128x32_wrapper_133)      0.00       0.08 r
  u_beta_w/g_bank_2__u_macro/wdata_i[6] (net)                       0.00       0.08 r
  u_beta_w/g_bank_2__u_macro/u_sram/D[6] (HS128X32)       0.04      0.00       0.08 r
  data arrival time                                                            0.08

  clock clk (rise edge)                                             0.00       0.00
  clock network delay (ideal)                                       0.00       0.00
  clock uncertainty                                                 0.15       0.15
  u_beta_w/g_bank_2__u_macro/u_sram/CLK (HS128X32)                  0.00       0.15 r
  library hold time                                                 0.14       0.29
  data required time                                                           0.29
  ------------------------------------------------------------------------------------
  data required time                                                           0.29
  data arrival time                                                           -0.08
  ------------------------------------------------------------------------------------
  slack (VIOLATED)                                                            -0.21


  Startpoint: u_config/beta_stage_q_reg_71_
              (rising edge-triggered flip-flop clocked by clk)
  Endpoint: u_beta_w/g_bank_2__u_macro/u_sram
            (rising edge-triggered flip-flop clocked by clk)
  Path Group: clk
  Path Type: min

  Point                                       Fanout     Trans      Incr       Path
  ------------------------------------------------------------------------------------
  clock clk (rise edge)                                             0.00       0.00
  clock network delay (ideal)                                       0.00       0.00
  u_config/beta_stage_q_reg_71_/CK (DQV2_140P7T35R)       0.10      0.00 #     0.00 r
  u_config/beta_stage_q_reg_71_/Q (DQV2_140P7T35R)        0.04      0.08       0.08 r
  u_config/beta_w_load_data_o[71] (net)         2                   0.00       0.08 r
  u_config/beta_w_load_data_o[71] (stage1_config_frontend)          0.00       0.08 r
  beta_w_load_data_i[71] (net)                                      0.00       0.08 r
  u_beta_w/wdata_i[71] (sram_bank_128x128_1)                        0.00       0.08 r
  u_beta_w/wdata_i[71] (net)                                        0.00       0.08 r
  u_beta_w/g_bank_2__u_macro/wdata_i[7] (hs128x32_wrapper_133)      0.00       0.08 r
  u_beta_w/g_bank_2__u_macro/wdata_i[7] (net)                       0.00       0.08 r
  u_beta_w/g_bank_2__u_macro/u_sram/D[7] (HS128X32)       0.04      0.00       0.08 r
  data arrival time                                                            0.08

  clock clk (rise edge)                                             0.00       0.00
  clock network delay (ideal)                                       0.00       0.00
  clock uncertainty                                                 0.15       0.15
  u_beta_w/g_bank_2__u_macro/u_sram/CLK (HS128X32)                  0.00       0.15 r
  library hold time                                                 0.14       0.29
  data required time                                                           0.29
  ------------------------------------------------------------------------------------
  data required time                                                           0.29
  data arrival time                                                           -0.08
  ------------------------------------------------------------------------------------
  slack (VIOLATED)                                                            -0.21


  Startpoint: u_config/beta_stage_q_reg_72_
              (rising edge-triggered flip-flop clocked by clk)
  Endpoint: u_beta_w/g_bank_2__u_macro/u_sram
            (rising edge-triggered flip-flop clocked by clk)
  Path Group: clk
  Path Type: min

  Point                                       Fanout     Trans      Incr       Path
  ------------------------------------------------------------------------------------
  clock clk (rise edge)                                             0.00       0.00
  clock network delay (ideal)                                       0.00       0.00
  u_config/beta_stage_q_reg_72_/CK (DQV2_140P7T35R)       0.10      0.00 #     0.00 r
  u_config/beta_stage_q_reg_72_/Q (DQV2_140P7T35R)        0.04      0.08       0.08 r
  u_config/beta_w_load_data_o[72] (net)         2                   0.00       0.08 r
  u_config/beta_w_load_data_o[72] (stage1_config_frontend)          0.00       0.08 r
  beta_w_load_data_i[72] (net)                                      0.00       0.08 r
  u_beta_w/wdata_i[72] (sram_bank_128x128_1)                        0.00       0.08 r
  u_beta_w/wdata_i[72] (net)                                        0.00       0.08 r
  u_beta_w/g_bank_2__u_macro/wdata_i[8] (hs128x32_wrapper_133)      0.00       0.08 r
  u_beta_w/g_bank_2__u_macro/wdata_i[8] (net)                       0.00       0.08 r
  u_beta_w/g_bank_2__u_macro/u_sram/D[8] (HS128X32)       0.04      0.00       0.08 r
  data arrival time                                                            0.08

  clock clk (rise edge)                                             0.00       0.00
  clock network delay (ideal)                                       0.00       0.00
  clock uncertainty                                                 0.15       0.15
  u_beta_w/g_bank_2__u_macro/u_sram/CLK (HS128X32)                  0.00       0.15 r
  library hold time                                                 0.14       0.29
  data required time                                                           0.29
  ------------------------------------------------------------------------------------
  data required time                                                           0.29
  data arrival time                                                           -0.08
  ------------------------------------------------------------------------------------
  slack (VIOLATED)                                                            -0.21


  Startpoint: u_config/beta_stage_q_reg_73_
              (rising edge-triggered flip-flop clocked by clk)
  Endpoint: u_beta_w/g_bank_2__u_macro/u_sram
            (rising edge-triggered flip-flop clocked by clk)
  Path Group: clk
  Path Type: min

  Point                                       Fanout     Trans      Incr       Path
  ------------------------------------------------------------------------------------
  clock clk (rise edge)                                             0.00       0.00
  clock network delay (ideal)                                       0.00       0.00
  u_config/beta_stage_q_reg_73_/CK (DQV2_140P7T35R)       0.10      0.00 #     0.00 r
  u_config/beta_stage_q_reg_73_/Q (DQV2_140P7T35R)        0.04      0.08       0.08 r
  u_config/beta_w_load_data_o[73] (net)         2                   0.00       0.08 r
  u_config/beta_w_load_data_o[73] (stage1_config_frontend)          0.00       0.08 r
  beta_w_load_data_i[73] (net)                                      0.00       0.08 r
  u_beta_w/wdata_i[73] (sram_bank_128x128_1)                        0.00       0.08 r
  u_beta_w/wdata_i[73] (net)                                        0.00       0.08 r
  u_beta_w/g_bank_2__u_macro/wdata_i[9] (hs128x32_wrapper_133)      0.00       0.08 r
  u_beta_w/g_bank_2__u_macro/wdata_i[9] (net)                       0.00       0.08 r
  u_beta_w/g_bank_2__u_macro/u_sram/D[9] (HS128X32)       0.04      0.00       0.08 r
  data arrival time                                                            0.08

  clock clk (rise edge)                                             0.00       0.00
  clock network delay (ideal)                                       0.00       0.00
  clock uncertainty                                                 0.15       0.15
  u_beta_w/g_bank_2__u_macro/u_sram/CLK (HS128X32)                  0.00       0.15 r
  library hold time                                                 0.14       0.29
  data required time                                                           0.29
  ------------------------------------------------------------------------------------
  data required time                                                           0.29
  data arrival time                                                           -0.08
  ------------------------------------------------------------------------------------
  slack (VIOLATED)                                                            -0.21


  Startpoint: u_config/beta_stage_q_reg_0_
              (rising edge-triggered flip-flop clocked by clk)
  Endpoint: u_beta_w/g_bank_0__u_macro/u_sram
            (rising edge-triggered flip-flop clocked by clk)
  Path Group: clk
  Path Type: min

  Point                                       Fanout     Trans      Incr       Path
  ------------------------------------------------------------------------------------
  clock clk (rise edge)                                             0.00       0.00
  clock network delay (ideal)                                       0.00       0.00
  u_config/beta_stage_q_reg_0_/CK (DQV2_140P7T35R)        0.10      0.00 #     0.00 r
  u_config/beta_stage_q_reg_0_/Q (DQV2_140P7T35R)         0.04      0.08       0.08 r
  u_config/beta_w_load_data_o[0] (net)          2                   0.00       0.08 r
  u_config/beta_w_load_data_o[0] (stage1_config_frontend)           0.00       0.08 r
  beta_w_load_data_i[0] (net)                                       0.00       0.08 r
  u_beta_w/wdata_i[0] (sram_bank_128x128_1)                         0.00       0.08 r
  u_beta_w/wdata_i[0] (net)                                         0.00       0.08 r
  u_beta_w/g_bank_0__u_macro/wdata_i[0] (hs128x32_wrapper_135)      0.00       0.08 r
  u_beta_w/g_bank_0__u_macro/wdata_i[0] (net)                       0.00       0.08 r
  u_beta_w/g_bank_0__u_macro/u_sram/D[0] (HS128X32)       0.04      0.00       0.08 r
  data arrival time                                                            0.08

  clock clk (rise edge)                                             0.00       0.00
  clock network delay (ideal)                                       0.00       0.00
  clock uncertainty                                                 0.15       0.15
  u_beta_w/g_bank_0__u_macro/u_sram/CLK (HS128X32)                  0.00       0.15 r
  library hold time                                                 0.14       0.29
  data required time                                                           0.29
  ------------------------------------------------------------------------------------
  data required time                                                           0.29
  data arrival time                                                           -0.08
  ------------------------------------------------------------------------------------
  slack (VIOLATED)                                                            -0.21


  Startpoint: u_config/beta_stage_q_reg_10_
              (rising edge-triggered flip-flop clocked by clk)
  Endpoint: u_beta_w/g_bank_0__u_macro/u_sram
            (rising edge-triggered flip-flop clocked by clk)
  Path Group: clk
  Path Type: min

  Point                                       Fanout     Trans      Incr       Path
  ------------------------------------------------------------------------------------
  clock clk (rise edge)                                             0.00       0.00
  clock network delay (ideal)                                       0.00       0.00
  u_config/beta_stage_q_reg_10_/CK (DQV2_140P7T35R)       0.10      0.00 #     0.00 r
  u_config/beta_stage_q_reg_10_/Q (DQV2_140P7T35R)        0.04      0.08       0.08 r
  u_config/beta_w_load_data_o[10] (net)         2                   0.00       0.08 r
  u_config/beta_w_load_data_o[10] (stage1_config_frontend)          0.00       0.08 r
  beta_w_load_data_i[10] (net)                                      0.00       0.08 r
  u_beta_w/wdata_i[10] (sram_bank_128x128_1)                        0.00       0.08 r
  u_beta_w/wdata_i[10] (net)                                        0.00       0.08 r
  u_beta_w/g_bank_0__u_macro/wdata_i[10] (hs128x32_wrapper_135)     0.00       0.08 r
  u_beta_w/g_bank_0__u_macro/wdata_i[10] (net)                      0.00       0.08 r
  u_beta_w/g_bank_0__u_macro/u_sram/D[10] (HS128X32)      0.04      0.00       0.08 r
  data arrival time                                                            0.08

  clock clk (rise edge)                                             0.00       0.00
  clock network delay (ideal)                                       0.00       0.00
  clock uncertainty                                                 0.15       0.15
  u_beta_w/g_bank_0__u_macro/u_sram/CLK (HS128X32)                  0.00       0.15 r
  library hold time                                                 0.14       0.29
  data required time                                                           0.29
  ------------------------------------------------------------------------------------
  data required time                                                           0.29
  data arrival time                                                           -0.08
  ------------------------------------------------------------------------------------
  slack (VIOLATED)                                                            -0.21


  Startpoint: u_config/beta_stage_q_reg_11_
              (rising edge-triggered flip-flop clocked by clk)
  Endpoint: u_beta_w/g_bank_0__u_macro/u_sram
            (rising edge-triggered flip-flop clocked by clk)
  Path Group: clk
  Path Type: min

  Point                                       Fanout     Trans      Incr       Path
  ------------------------------------------------------------------------------------
  clock clk (rise edge)                                             0.00       0.00
  clock network delay (ideal)                                       0.00       0.00
  u_config/beta_stage_q_reg_11_/CK (DQV2_140P7T35R)       0.10      0.00 #     0.00 r
  u_config/beta_stage_q_reg_11_/Q (DQV2_140P7T35R)        0.04      0.08       0.08 r
  u_config/beta_w_load_data_o[11] (net)         2                   0.00       0.08 r
  u_config/beta_w_load_data_o[11] (stage1_config_frontend)          0.00       0.08 r
  beta_w_load_data_i[11] (net)                                      0.00       0.08 r
  u_beta_w/wdata_i[11] (sram_bank_128x128_1)                        0.00       0.08 r
  u_beta_w/wdata_i[11] (net)                                        0.00       0.08 r
  u_beta_w/g_bank_0__u_macro/wdata_i[11] (hs128x32_wrapper_135)     0.00       0.08 r
  u_beta_w/g_bank_0__u_macro/wdata_i[11] (net)                      0.00       0.08 r
  u_beta_w/g_bank_0__u_macro/u_sram/D[11] (HS128X32)      0.04      0.00       0.08 r
  data arrival time                                                            0.08

  clock clk (rise edge)                                             0.00       0.00
  clock network delay (ideal)                                       0.00       0.00
  clock uncertainty                                                 0.15       0.15
  u_beta_w/g_bank_0__u_macro/u_sram/CLK (HS128X32)                  0.00       0.15 r
  library hold time                                                 0.14       0.29
  data required time                                                           0.29
  ------------------------------------------------------------------------------------
  data required time                                                           0.29
  data arrival time                                                           -0.08
  ------------------------------------------------------------------------------------
  slack (VIOLATED)                                                            -0.21


  Startpoint: u_config/beta_stage_q_reg_12_
              (rising edge-triggered flip-flop clocked by clk)
  Endpoint: u_beta_w/g_bank_0__u_macro/u_sram
            (rising edge-triggered flip-flop clocked by clk)
  Path Group: clk
  Path Type: min

  Point                                       Fanout     Trans      Incr       Path
  ------------------------------------------------------------------------------------
  clock clk (rise edge)                                             0.00       0.00
  clock network delay (ideal)                                       0.00       0.00
  u_config/beta_stage_q_reg_12_/CK (DQV2_140P7T35R)       0.10      0.00 #     0.00 r
  u_config/beta_stage_q_reg_12_/Q (DQV2_140P7T35R)        0.04      0.08       0.08 r
  u_config/beta_w_load_data_o[12] (net)         2                   0.00       0.08 r
  u_config/beta_w_load_data_o[12] (stage1_config_frontend)          0.00       0.08 r
  beta_w_load_data_i[12] (net)                                      0.00       0.08 r
  u_beta_w/wdata_i[12] (sram_bank_128x128_1)                        0.00       0.08 r
  u_beta_w/wdata_i[12] (net)                                        0.00       0.08 r
  u_beta_w/g_bank_0__u_macro/wdata_i[12] (hs128x32_wrapper_135)     0.00       0.08 r
  u_beta_w/g_bank_0__u_macro/wdata_i[12] (net)                      0.00       0.08 r
  u_beta_w/g_bank_0__u_macro/u_sram/D[12] (HS128X32)      0.04      0.00       0.08 r
  data arrival time                                                            0.08

  clock clk (rise edge)                                             0.00       0.00
  clock network delay (ideal)                                       0.00       0.00
  clock uncertainty                                                 0.15       0.15
  u_beta_w/g_bank_0__u_macro/u_sram/CLK (HS128X32)                  0.00       0.15 r
  library hold time                                                 0.14       0.29
  data required time                                                           0.29
  ------------------------------------------------------------------------------------
  data required time                                                           0.29
  data arrival time                                                           -0.08
  ------------------------------------------------------------------------------------
  slack (VIOLATED)                                                            -0.21


  Startpoint: u_config/beta_stage_q_reg_13_
              (rising edge-triggered flip-flop clocked by clk)
  Endpoint: u_beta_w/g_bank_0__u_macro/u_sram
            (rising edge-triggered flip-flop clocked by clk)
  Path Group: clk
  Path Type: min

  Point                                       Fanout     Trans      Incr       Path
  ------------------------------------------------------------------------------------
  clock clk (rise edge)                                             0.00       0.00
  clock network delay (ideal)                                       0.00       0.00
  u_config/beta_stage_q_reg_13_/CK (DQV2_140P7T35R)       0.10      0.00 #     0.00 r
  u_config/beta_stage_q_reg_13_/Q (DQV2_140P7T35R)        0.04      0.08       0.08 r
  u_config/beta_w_load_data_o[13] (net)         2                   0.00       0.08 r
  u_config/beta_w_load_data_o[13] (stage1_config_frontend)          0.00       0.08 r
  beta_w_load_data_i[13] (net)                                      0.00       0.08 r
  u_beta_w/wdata_i[13] (sram_bank_128x128_1)                        0.00       0.08 r
  u_beta_w/wdata_i[13] (net)                                        0.00       0.08 r
  u_beta_w/g_bank_0__u_macro/wdata_i[13] (hs128x32_wrapper_135)     0.00       0.08 r
  u_beta_w/g_bank_0__u_macro/wdata_i[13] (net)                      0.00       0.08 r
  u_beta_w/g_bank_0__u_macro/u_sram/D[13] (HS128X32)      0.04      0.00       0.08 r
  data arrival time                                                            0.08

  clock clk (rise edge)                                             0.00       0.00
  clock network delay (ideal)                                       0.00       0.00
  clock uncertainty                                                 0.15       0.15
  u_beta_w/g_bank_0__u_macro/u_sram/CLK (HS128X32)                  0.00       0.15 r
  library hold time                                                 0.14       0.29
  data required time                                                           0.29
  ------------------------------------------------------------------------------------
  data required time                                                           0.29
  data arrival time                                                           -0.08
  ------------------------------------------------------------------------------------
  slack (VIOLATED)                                                            -0.21


  Startpoint: u_config/beta_stage_q_reg_14_
              (rising edge-triggered flip-flop clocked by clk)
  Endpoint: u_beta_w/g_bank_0__u_macro/u_sram
            (rising edge-triggered flip-flop clocked by clk)
  Path Group: clk
  Path Type: min

  Point                                       Fanout     Trans      Incr       Path
  ------------------------------------------------------------------------------------
  clock clk (rise edge)                                             0.00       0.00
  clock network delay (ideal)                                       0.00       0.00
  u_config/beta_stage_q_reg_14_/CK (DQV2_140P7T35R)       0.10      0.00 #     0.00 r
  u_config/beta_stage_q_reg_14_/Q (DQV2_140P7T35R)        0.04      0.08       0.08 r
  u_config/beta_w_load_data_o[14] (net)         2                   0.00       0.08 r
  u_config/beta_w_load_data_o[14] (stage1_config_frontend)          0.00       0.08 r
  beta_w_load_data_i[14] (net)                                      0.00       0.08 r
  u_beta_w/wdata_i[14] (sram_bank_128x128_1)                        0.00       0.08 r
  u_beta_w/wdata_i[14] (net)                                        0.00       0.08 r
  u_beta_w/g_bank_0__u_macro/wdata_i[14] (hs128x32_wrapper_135)     0.00       0.08 r
  u_beta_w/g_bank_0__u_macro/wdata_i[14] (net)                      0.00       0.08 r
  u_beta_w/g_bank_0__u_macro/u_sram/D[14] (HS128X32)      0.04      0.00       0.08 r
  data arrival time                                                            0.08

  clock clk (rise edge)                                             0.00       0.00
  clock network delay (ideal)                                       0.00       0.00
  clock uncertainty                                                 0.15       0.15
  u_beta_w/g_bank_0__u_macro/u_sram/CLK (HS128X32)                  0.00       0.15 r
  library hold time                                                 0.14       0.29
  data required time                                                           0.29
  ------------------------------------------------------------------------------------
  data required time                                                           0.29
  data arrival time                                                           -0.08
  ------------------------------------------------------------------------------------
  slack (VIOLATED)                                                            -0.21


  Startpoint: u_config/beta_stage_q_reg_15_
              (rising edge-triggered flip-flop clocked by clk)
  Endpoint: u_beta_w/g_bank_0__u_macro/u_sram
            (rising edge-triggered flip-flop clocked by clk)
  Path Group: clk
  Path Type: min

  Point                                       Fanout     Trans      Incr       Path
  ------------------------------------------------------------------------------------
  clock clk (rise edge)                                             0.00       0.00
  clock network delay (ideal)                                       0.00       0.00
  u_config/beta_stage_q_reg_15_/CK (DQV2_140P7T35R)       0.10      0.00 #     0.00 r
  u_config/beta_stage_q_reg_15_/Q (DQV2_140P7T35R)        0.04      0.08       0.08 r
  u_config/beta_w_load_data_o[15] (net)         2                   0.00       0.08 r
  u_config/beta_w_load_data_o[15] (stage1_config_frontend)          0.00       0.08 r
  beta_w_load_data_i[15] (net)                                      0.00       0.08 r
  u_beta_w/wdata_i[15] (sram_bank_128x128_1)                        0.00       0.08 r
  u_beta_w/wdata_i[15] (net)                                        0.00       0.08 r
  u_beta_w/g_bank_0__u_macro/wdata_i[15] (hs128x32_wrapper_135)     0.00       0.08 r
  u_beta_w/g_bank_0__u_macro/wdata_i[15] (net)                      0.00       0.08 r
  u_beta_w/g_bank_0__u_macro/u_sram/D[15] (HS128X32)      0.04      0.00       0.08 r
  data arrival time                                                            0.08

  clock clk (rise edge)                                             0.00       0.00
  clock network delay (ideal)                                       0.00       0.00
  clock uncertainty                                                 0.15       0.15
  u_beta_w/g_bank_0__u_macro/u_sram/CLK (HS128X32)                  0.00       0.15 r
  library hold time                                                 0.14       0.29
  data required time                                                           0.29
  ------------------------------------------------------------------------------------
  data required time                                                           0.29
  data arrival time                                                           -0.08
  ------------------------------------------------------------------------------------
  slack (VIOLATED)                                                            -0.21


  Startpoint: u_config/beta_stage_q_reg_16_
              (rising edge-triggered flip-flop clocked by clk)
  Endpoint: u_beta_w/g_bank_0__u_macro/u_sram
            (rising edge-triggered flip-flop clocked by clk)
  Path Group: clk
  Path Type: min

  Point                                       Fanout     Trans      Incr       Path
  ------------------------------------------------------------------------------------
  clock clk (rise edge)                                             0.00       0.00
  clock network delay (ideal)                                       0.00       0.00
  u_config/beta_stage_q_reg_16_/CK (DQV2_140P7T35R)       0.10      0.00 #     0.00 r
  u_config/beta_stage_q_reg_16_/Q (DQV2_140P7T35R)        0.04      0.08       0.08 r
  u_config/beta_w_load_data_o[16] (net)         2                   0.00       0.08 r
  u_config/beta_w_load_data_o[16] (stage1_config_frontend)          0.00       0.08 r
  beta_w_load_data_i[16] (net)                                      0.00       0.08 r
  u_beta_w/wdata_i[16] (sram_bank_128x128_1)                        0.00       0.08 r
  u_beta_w/wdata_i[16] (net)                                        0.00       0.08 r
  u_beta_w/g_bank_0__u_macro/wdata_i[16] (hs128x32_wrapper_135)     0.00       0.08 r
  u_beta_w/g_bank_0__u_macro/wdata_i[16] (net)                      0.00       0.08 r
  u_beta_w/g_bank_0__u_macro/u_sram/D[16] (HS128X32)      0.04      0.00       0.08 r
  data arrival time                                                            0.08

  clock clk (rise edge)                                             0.00       0.00
  clock network delay (ideal)                                       0.00       0.00
  clock uncertainty                                                 0.15       0.15
  u_beta_w/g_bank_0__u_macro/u_sram/CLK (HS128X32)                  0.00       0.15 r
  library hold time                                                 0.14       0.29
  data required time                                                           0.29
  ------------------------------------------------------------------------------------
  data required time                                                           0.29
  data arrival time                                                           -0.08
  ------------------------------------------------------------------------------------
  slack (VIOLATED)                                                            -0.21


  Startpoint: u_config/beta_stage_q_reg_17_
              (rising edge-triggered flip-flop clocked by clk)
  Endpoint: u_beta_w/g_bank_0__u_macro/u_sram
            (rising edge-triggered flip-flop clocked by clk)
  Path Group: clk
  Path Type: min

  Point                                       Fanout     Trans      Incr       Path
  ------------------------------------------------------------------------------------
  clock clk (rise edge)                                             0.00       0.00
  clock network delay (ideal)                                       0.00       0.00
  u_config/beta_stage_q_reg_17_/CK (DQV2_140P7T35R)       0.10      0.00 #     0.00 r
  u_config/beta_stage_q_reg_17_/Q (DQV2_140P7T35R)        0.04      0.08       0.08 r
  u_config/beta_w_load_data_o[17] (net)         2                   0.00       0.08 r
  u_config/beta_w_load_data_o[17] (stage1_config_frontend)          0.00       0.08 r
  beta_w_load_data_i[17] (net)                                      0.00       0.08 r
  u_beta_w/wdata_i[17] (sram_bank_128x128_1)                        0.00       0.08 r
  u_beta_w/wdata_i[17] (net)                                        0.00       0.08 r
  u_beta_w/g_bank_0__u_macro/wdata_i[17] (hs128x32_wrapper_135)     0.00       0.08 r
  u_beta_w/g_bank_0__u_macro/wdata_i[17] (net)                      0.00       0.08 r
  u_beta_w/g_bank_0__u_macro/u_sram/D[17] (HS128X32)      0.04      0.00       0.08 r
  data arrival time                                                            0.08

  clock clk (rise edge)                                             0.00       0.00
  clock network delay (ideal)                                       0.00       0.00
  clock uncertainty                                                 0.15       0.15
  u_beta_w/g_bank_0__u_macro/u_sram/CLK (HS128X32)                  0.00       0.15 r
  library hold time                                                 0.14       0.29
  data required time                                                           0.29
  ------------------------------------------------------------------------------------
  data required time                                                           0.29
  data arrival time                                                           -0.08
  ------------------------------------------------------------------------------------
  slack (VIOLATED)                                                            -0.21


  Startpoint: u_config/beta_stage_q_reg_18_
              (rising edge-triggered flip-flop clocked by clk)
  Endpoint: u_beta_w/g_bank_0__u_macro/u_sram
            (rising edge-triggered flip-flop clocked by clk)
  Path Group: clk
  Path Type: min

  Point                                       Fanout     Trans      Incr       Path
  ------------------------------------------------------------------------------------
  clock clk (rise edge)                                             0.00       0.00
  clock network delay (ideal)                                       0.00       0.00
  u_config/beta_stage_q_reg_18_/CK (DQV2_140P7T35R)       0.10      0.00 #     0.00 r
  u_config/beta_stage_q_reg_18_/Q (DQV2_140P7T35R)        0.04      0.08       0.08 r
  u_config/beta_w_load_data_o[18] (net)         2                   0.00       0.08 r
  u_config/beta_w_load_data_o[18] (stage1_config_frontend)          0.00       0.08 r
  beta_w_load_data_i[18] (net)                                      0.00       0.08 r
  u_beta_w/wdata_i[18] (sram_bank_128x128_1)                        0.00       0.08 r
  u_beta_w/wdata_i[18] (net)                                        0.00       0.08 r
  u_beta_w/g_bank_0__u_macro/wdata_i[18] (hs128x32_wrapper_135)     0.00       0.08 r
  u_beta_w/g_bank_0__u_macro/wdata_i[18] (net)                      0.00       0.08 r
  u_beta_w/g_bank_0__u_macro/u_sram/D[18] (HS128X32)      0.04      0.00       0.08 r
  data arrival time                                                            0.08

  clock clk (rise edge)                                             0.00       0.00
  clock network delay (ideal)                                       0.00       0.00
  clock uncertainty                                                 0.15       0.15
  u_beta_w/g_bank_0__u_macro/u_sram/CLK (HS128X32)                  0.00       0.15 r
  library hold time                                                 0.14       0.29
  data required time                                                           0.29
  ------------------------------------------------------------------------------------
  data required time                                                           0.29
  data arrival time                                                           -0.08
  ------------------------------------------------------------------------------------
  slack (VIOLATED)                                                            -0.21


  Startpoint: u_config/beta_stage_q_reg_19_
              (rising edge-triggered flip-flop clocked by clk)
  Endpoint: u_beta_w/g_bank_0__u_macro/u_sram
            (rising edge-triggered flip-flop clocked by clk)
  Path Group: clk
  Path Type: min

  Point                                       Fanout     Trans      Incr       Path
  ------------------------------------------------------------------------------------
  clock clk (rise edge)                                             0.00       0.00
  clock network delay (ideal)                                       0.00       0.00
  u_config/beta_stage_q_reg_19_/CK (DQV2_140P7T35R)       0.10      0.00 #     0.00 r
  u_config/beta_stage_q_reg_19_/Q (DQV2_140P7T35R)        0.04      0.08       0.08 r
  u_config/beta_w_load_data_o[19] (net)         2                   0.00       0.08 r
  u_config/beta_w_load_data_o[19] (stage1_config_frontend)          0.00       0.08 r
  beta_w_load_data_i[19] (net)                                      0.00       0.08 r
  u_beta_w/wdata_i[19] (sram_bank_128x128_1)                        0.00       0.08 r
  u_beta_w/wdata_i[19] (net)                                        0.00       0.08 r
  u_beta_w/g_bank_0__u_macro/wdata_i[19] (hs128x32_wrapper_135)     0.00       0.08 r
  u_beta_w/g_bank_0__u_macro/wdata_i[19] (net)                      0.00       0.08 r
  u_beta_w/g_bank_0__u_macro/u_sram/D[19] (HS128X32)      0.04      0.00       0.08 r
  data arrival time                                                            0.08

  clock clk (rise edge)                                             0.00       0.00
  clock network delay (ideal)                                       0.00       0.00
  clock uncertainty                                                 0.15       0.15
  u_beta_w/g_bank_0__u_macro/u_sram/CLK (HS128X32)                  0.00       0.15 r
  library hold time                                                 0.14       0.29
  data required time                                                           0.29
  ------------------------------------------------------------------------------------
  data required time                                                           0.29
  data arrival time                                                           -0.08
  ------------------------------------------------------------------------------------
  slack (VIOLATED)                                                            -0.21


  Startpoint: u_config/beta_stage_q_reg_1_
              (rising edge-triggered flip-flop clocked by clk)
  Endpoint: u_beta_w/g_bank_0__u_macro/u_sram
            (rising edge-triggered flip-flop clocked by clk)
  Path Group: clk
  Path Type: min

  Point                                       Fanout     Trans      Incr       Path
  ------------------------------------------------------------------------------------
  clock clk (rise edge)                                             0.00       0.00
  clock network delay (ideal)                                       0.00       0.00
  u_config/beta_stage_q_reg_1_/CK (DQV2_140P7T35R)        0.10      0.00 #     0.00 r
  u_config/beta_stage_q_reg_1_/Q (DQV2_140P7T35R)         0.04      0.08       0.08 r
  u_config/beta_w_load_data_o[1] (net)          2                   0.00       0.08 r
  u_config/beta_w_load_data_o[1] (stage1_config_frontend)           0.00       0.08 r
  beta_w_load_data_i[1] (net)                                       0.00       0.08 r
  u_beta_w/wdata_i[1] (sram_bank_128x128_1)                         0.00       0.08 r
  u_beta_w/wdata_i[1] (net)                                         0.00       0.08 r
  u_beta_w/g_bank_0__u_macro/wdata_i[1] (hs128x32_wrapper_135)      0.00       0.08 r
  u_beta_w/g_bank_0__u_macro/wdata_i[1] (net)                       0.00       0.08 r
  u_beta_w/g_bank_0__u_macro/u_sram/D[1] (HS128X32)       0.04      0.00       0.08 r
  data arrival time                                                            0.08

  clock clk (rise edge)                                             0.00       0.00
  clock network delay (ideal)                                       0.00       0.00
  clock uncertainty                                                 0.15       0.15
  u_beta_w/g_bank_0__u_macro/u_sram/CLK (HS128X32)                  0.00       0.15 r
  library hold time                                                 0.14       0.29
  data required time                                                           0.29
  ------------------------------------------------------------------------------------
  data required time                                                           0.29
  data arrival time                                                           -0.08
  ------------------------------------------------------------------------------------
  slack (VIOLATED)                                                            -0.21


  Startpoint: u_config/beta_stage_q_reg_20_
              (rising edge-triggered flip-flop clocked by clk)
  Endpoint: u_beta_w/g_bank_0__u_macro/u_sram
            (rising edge-triggered flip-flop clocked by clk)
  Path Group: clk
  Path Type: min

  Point                                       Fanout     Trans      Incr       Path
  ------------------------------------------------------------------------------------
  clock clk (rise edge)                                             0.00       0.00
  clock network delay (ideal)                                       0.00       0.00
  u_config/beta_stage_q_reg_20_/CK (DQV2_140P7T35R)       0.10      0.00 #     0.00 r
  u_config/beta_stage_q_reg_20_/Q (DQV2_140P7T35R)        0.04      0.08       0.08 r
  u_config/beta_w_load_data_o[20] (net)         2                   0.00       0.08 r
  u_config/beta_w_load_data_o[20] (stage1_config_frontend)          0.00       0.08 r
  beta_w_load_data_i[20] (net)                                      0.00       0.08 r
  u_beta_w/wdata_i[20] (sram_bank_128x128_1)                        0.00       0.08 r
  u_beta_w/wdata_i[20] (net)                                        0.00       0.08 r
  u_beta_w/g_bank_0__u_macro/wdata_i[20] (hs128x32_wrapper_135)     0.00       0.08 r
  u_beta_w/g_bank_0__u_macro/wdata_i[20] (net)                      0.00       0.08 r
  u_beta_w/g_bank_0__u_macro/u_sram/D[20] (HS128X32)      0.04      0.00       0.08 r
  data arrival time                                                            0.08

  clock clk (rise edge)                                             0.00       0.00
  clock network delay (ideal)                                       0.00       0.00
  clock uncertainty                                                 0.15       0.15
  u_beta_w/g_bank_0__u_macro/u_sram/CLK (HS128X32)                  0.00       0.15 r
  library hold time                                                 0.14       0.29
  data required time                                                           0.29
  ------------------------------------------------------------------------------------
  data required time                                                           0.29
  data arrival time                                                           -0.08
  ------------------------------------------------------------------------------------
  slack (VIOLATED)                                                            -0.21


  Startpoint: u_config/beta_stage_q_reg_21_
              (rising edge-triggered flip-flop clocked by clk)
  Endpoint: u_beta_w/g_bank_0__u_macro/u_sram
            (rising edge-triggered flip-flop clocked by clk)
  Path Group: clk
  Path Type: min

  Point                                       Fanout     Trans      Incr       Path
  ------------------------------------------------------------------------------------
  clock clk (rise edge)                                             0.00       0.00
  clock network delay (ideal)                                       0.00       0.00
  u_config/beta_stage_q_reg_21_/CK (DQV2_140P7T35R)       0.10      0.00 #     0.00 r
  u_config/beta_stage_q_reg_21_/Q (DQV2_140P7T35R)        0.04      0.08       0.08 r
  u_config/beta_w_load_data_o[21] (net)         2                   0.00       0.08 r
  u_config/beta_w_load_data_o[21] (stage1_config_frontend)          0.00       0.08 r
  beta_w_load_data_i[21] (net)                                      0.00       0.08 r
  u_beta_w/wdata_i[21] (sram_bank_128x128_1)                        0.00       0.08 r
  u_beta_w/wdata_i[21] (net)                                        0.00       0.08 r
  u_beta_w/g_bank_0__u_macro/wdata_i[21] (hs128x32_wrapper_135)     0.00       0.08 r
  u_beta_w/g_bank_0__u_macro/wdata_i[21] (net)                      0.00       0.08 r
  u_beta_w/g_bank_0__u_macro/u_sram/D[21] (HS128X32)      0.04      0.00       0.08 r
  data arrival time                                                            0.08

  clock clk (rise edge)                                             0.00       0.00
  clock network delay (ideal)                                       0.00       0.00
  clock uncertainty                                                 0.15       0.15
  u_beta_w/g_bank_0__u_macro/u_sram/CLK (HS128X32)                  0.00       0.15 r
  library hold time                                                 0.14       0.29
  data required time                                                           0.29
  ------------------------------------------------------------------------------------
  data required time                                                           0.29
  data arrival time                                                           -0.08
  ------------------------------------------------------------------------------------
  slack (VIOLATED)                                                            -0.21


  Startpoint: u_config/beta_stage_q_reg_22_
              (rising edge-triggered flip-flop clocked by clk)
  Endpoint: u_beta_w/g_bank_0__u_macro/u_sram
            (rising edge-triggered flip-flop clocked by clk)
  Path Group: clk
  Path Type: min

  Point                                       Fanout     Trans      Incr       Path
  ------------------------------------------------------------------------------------
  clock clk (rise edge)                                             0.00       0.00
  clock network delay (ideal)                                       0.00       0.00
  u_config/beta_stage_q_reg_22_/CK (DQV2_140P7T35R)       0.10      0.00 #     0.00 r
  u_config/beta_stage_q_reg_22_/Q (DQV2_140P7T35R)        0.04      0.08       0.08 r
  u_config/beta_w_load_data_o[22] (net)         2                   0.00       0.08 r
  u_config/beta_w_load_data_o[22] (stage1_config_frontend)          0.00       0.08 r
  beta_w_load_data_i[22] (net)                                      0.00       0.08 r
  u_beta_w/wdata_i[22] (sram_bank_128x128_1)                        0.00       0.08 r
  u_beta_w/wdata_i[22] (net)                                        0.00       0.08 r
  u_beta_w/g_bank_0__u_macro/wdata_i[22] (hs128x32_wrapper_135)     0.00       0.08 r
  u_beta_w/g_bank_0__u_macro/wdata_i[22] (net)                      0.00       0.08 r
  u_beta_w/g_bank_0__u_macro/u_sram/D[22] (HS128X32)      0.04      0.00       0.08 r
  data arrival time                                                            0.08

  clock clk (rise edge)                                             0.00       0.00
  clock network delay (ideal)                                       0.00       0.00
  clock uncertainty                                                 0.15       0.15
  u_beta_w/g_bank_0__u_macro/u_sram/CLK (HS128X32)                  0.00       0.15 r
  library hold time                                                 0.14       0.29
  data required time                                                           0.29
  ------------------------------------------------------------------------------------
  data required time                                                           0.29
  data arrival time                                                           -0.08
  ------------------------------------------------------------------------------------
  slack (VIOLATED)                                                            -0.21


  Startpoint: u_config/beta_stage_q_reg_23_
              (rising edge-triggered flip-flop clocked by clk)
  Endpoint: u_beta_w/g_bank_0__u_macro/u_sram
            (rising edge-triggered flip-flop clocked by clk)
  Path Group: clk
  Path Type: min

  Point                                       Fanout     Trans      Incr       Path
  ------------------------------------------------------------------------------------
  clock clk (rise edge)                                             0.00       0.00
  clock network delay (ideal)                                       0.00       0.00
  u_config/beta_stage_q_reg_23_/CK (DQV2_140P7T35R)       0.10      0.00 #     0.00 r
  u_config/beta_stage_q_reg_23_/Q (DQV2_140P7T35R)        0.04      0.08       0.08 r
  u_config/beta_w_load_data_o[23] (net)         2                   0.00       0.08 r
  u_config/beta_w_load_data_o[23] (stage1_config_frontend)          0.00       0.08 r
  beta_w_load_data_i[23] (net)                                      0.00       0.08 r
  u_beta_w/wdata_i[23] (sram_bank_128x128_1)                        0.00       0.08 r
  u_beta_w/wdata_i[23] (net)                                        0.00       0.08 r
  u_beta_w/g_bank_0__u_macro/wdata_i[23] (hs128x32_wrapper_135)     0.00       0.08 r
  u_beta_w/g_bank_0__u_macro/wdata_i[23] (net)                      0.00       0.08 r
  u_beta_w/g_bank_0__u_macro/u_sram/D[23] (HS128X32)      0.04      0.00       0.08 r
  data arrival time                                                            0.08

  clock clk (rise edge)                                             0.00       0.00
  clock network delay (ideal)                                       0.00       0.00
  clock uncertainty                                                 0.15       0.15
  u_beta_w/g_bank_0__u_macro/u_sram/CLK (HS128X32)                  0.00       0.15 r
  library hold time                                                 0.14       0.29
  data required time                                                           0.29
  ------------------------------------------------------------------------------------
  data required time                                                           0.29
  data arrival time                                                           -0.08
  ------------------------------------------------------------------------------------
  slack (VIOLATED)                                                            -0.21


  Startpoint: u_config/beta_stage_q_reg_24_
              (rising edge-triggered flip-flop clocked by clk)
  Endpoint: u_beta_w/g_bank_0__u_macro/u_sram
            (rising edge-triggered flip-flop clocked by clk)
  Path Group: clk
  Path Type: min

  Point                                       Fanout     Trans      Incr       Path
  ------------------------------------------------------------------------------------
  clock clk (rise edge)                                             0.00       0.00
  clock network delay (ideal)                                       0.00       0.00
  u_config/beta_stage_q_reg_24_/CK (DQV2_140P7T35R)       0.10      0.00 #     0.00 r
  u_config/beta_stage_q_reg_24_/Q (DQV2_140P7T35R)        0.04      0.08       0.08 r
  u_config/beta_w_load_data_o[24] (net)         2                   0.00       0.08 r
  u_config/beta_w_load_data_o[24] (stage1_config_frontend)          0.00       0.08 r
  beta_w_load_data_i[24] (net)                                      0.00       0.08 r
  u_beta_w/wdata_i[24] (sram_bank_128x128_1)                        0.00       0.08 r
  u_beta_w/wdata_i[24] (net)                                        0.00       0.08 r
  u_beta_w/g_bank_0__u_macro/wdata_i[24] (hs128x32_wrapper_135)     0.00       0.08 r
  u_beta_w/g_bank_0__u_macro/wdata_i[24] (net)                      0.00       0.08 r
  u_beta_w/g_bank_0__u_macro/u_sram/D[24] (HS128X32)      0.04      0.00       0.08 r
  data arrival time                                                            0.08

  clock clk (rise edge)                                             0.00       0.00
  clock network delay (ideal)                                       0.00       0.00
  clock uncertainty                                                 0.15       0.15
  u_beta_w/g_bank_0__u_macro/u_sram/CLK (HS128X32)                  0.00       0.15 r
  library hold time                                                 0.14       0.29
  data required time                                                           0.29
  ------------------------------------------------------------------------------------
  data required time                                                           0.29
  data arrival time                                                           -0.08
  ------------------------------------------------------------------------------------
  slack (VIOLATED)                                                            -0.21


  Startpoint: u_config/beta_stage_q_reg_25_
              (rising edge-triggered flip-flop clocked by clk)
  Endpoint: u_beta_w/g_bank_0__u_macro/u_sram
            (rising edge-triggered flip-flop clocked by clk)
  Path Group: clk
  Path Type: min

  Point                                       Fanout     Trans      Incr       Path
  ------------------------------------------------------------------------------------
  clock clk (rise edge)                                             0.00       0.00
  clock network delay (ideal)                                       0.00       0.00
  u_config/beta_stage_q_reg_25_/CK (DQV2_140P7T35R)       0.10      0.00 #     0.00 r
  u_config/beta_stage_q_reg_25_/Q (DQV2_140P7T35R)        0.04      0.08       0.08 r
  u_config/beta_w_load_data_o[25] (net)         2                   0.00       0.08 r
  u_config/beta_w_load_data_o[25] (stage1_config_frontend)          0.00       0.08 r
  beta_w_load_data_i[25] (net)                                      0.00       0.08 r
  u_beta_w/wdata_i[25] (sram_bank_128x128_1)                        0.00       0.08 r
  u_beta_w/wdata_i[25] (net)                                        0.00       0.08 r
  u_beta_w/g_bank_0__u_macro/wdata_i[25] (hs128x32_wrapper_135)     0.00       0.08 r
  u_beta_w/g_bank_0__u_macro/wdata_i[25] (net)                      0.00       0.08 r
  u_beta_w/g_bank_0__u_macro/u_sram/D[25] (HS128X32)      0.04      0.00       0.08 r
  data arrival time                                                            0.08

  clock clk (rise edge)                                             0.00       0.00
  clock network delay (ideal)                                       0.00       0.00
  clock uncertainty                                                 0.15       0.15
  u_beta_w/g_bank_0__u_macro/u_sram/CLK (HS128X32)                  0.00       0.15 r
  library hold time                                                 0.14       0.29
  data required time                                                           0.29
  ------------------------------------------------------------------------------------
  data required time                                                           0.29
  data arrival time                                                           -0.08
  ------------------------------------------------------------------------------------
  slack (VIOLATED)                                                            -0.21


  Startpoint: u_config/beta_stage_q_reg_26_
              (rising edge-triggered flip-flop clocked by clk)
  Endpoint: u_beta_w/g_bank_0__u_macro/u_sram
            (rising edge-triggered flip-flop clocked by clk)
  Path Group: clk
  Path Type: min

  Point                                       Fanout     Trans      Incr       Path
  ------------------------------------------------------------------------------------
  clock clk (rise edge)                                             0.00       0.00
  clock network delay (ideal)                                       0.00       0.00
  u_config/beta_stage_q_reg_26_/CK (DQV2_140P7T35R)       0.10      0.00 #     0.00 r
  u_config/beta_stage_q_reg_26_/Q (DQV2_140P7T35R)        0.04      0.08       0.08 r
  u_config/beta_w_load_data_o[26] (net)         2                   0.00       0.08 r
  u_config/beta_w_load_data_o[26] (stage1_config_frontend)          0.00       0.08 r
  beta_w_load_data_i[26] (net)                                      0.00       0.08 r
  u_beta_w/wdata_i[26] (sram_bank_128x128_1)                        0.00       0.08 r
  u_beta_w/wdata_i[26] (net)                                        0.00       0.08 r
  u_beta_w/g_bank_0__u_macro/wdata_i[26] (hs128x32_wrapper_135)     0.00       0.08 r
  u_beta_w/g_bank_0__u_macro/wdata_i[26] (net)                      0.00       0.08 r
  u_beta_w/g_bank_0__u_macro/u_sram/D[26] (HS128X32)      0.04      0.00       0.08 r
  data arrival time                                                            0.08

  clock clk (rise edge)                                             0.00       0.00
  clock network delay (ideal)                                       0.00       0.00
  clock uncertainty                                                 0.15       0.15
  u_beta_w/g_bank_0__u_macro/u_sram/CLK (HS128X32)                  0.00       0.15 r
  library hold time                                                 0.14       0.29
  data required time                                                           0.29
  ------------------------------------------------------------------------------------
  data required time                                                           0.29
  data arrival time                                                           -0.08
  ------------------------------------------------------------------------------------
  slack (VIOLATED)                                                            -0.21


  Startpoint: u_config/beta_stage_q_reg_27_
              (rising edge-triggered flip-flop clocked by clk)
  Endpoint: u_beta_w/g_bank_0__u_macro/u_sram
            (rising edge-triggered flip-flop clocked by clk)
  Path Group: clk
  Path Type: min

  Point                                       Fanout     Trans      Incr       Path
  ------------------------------------------------------------------------------------
  clock clk (rise edge)                                             0.00       0.00
  clock network delay (ideal)                                       0.00       0.00
  u_config/beta_stage_q_reg_27_/CK (DQV2_140P7T35R)       0.10      0.00 #     0.00 r
  u_config/beta_stage_q_reg_27_/Q (DQV2_140P7T35R)        0.04      0.08       0.08 r
  u_config/beta_w_load_data_o[27] (net)         2                   0.00       0.08 r
  u_config/beta_w_load_data_o[27] (stage1_config_frontend)          0.00       0.08 r
  beta_w_load_data_i[27] (net)                                      0.00       0.08 r
  u_beta_w/wdata_i[27] (sram_bank_128x128_1)                        0.00       0.08 r
  u_beta_w/wdata_i[27] (net)                                        0.00       0.08 r
  u_beta_w/g_bank_0__u_macro/wdata_i[27] (hs128x32_wrapper_135)     0.00       0.08 r
  u_beta_w/g_bank_0__u_macro/wdata_i[27] (net)                      0.00       0.08 r
  u_beta_w/g_bank_0__u_macro/u_sram/D[27] (HS128X32)      0.04      0.00       0.08 r
  data arrival time                                                            0.08

  clock clk (rise edge)                                             0.00       0.00
  clock network delay (ideal)                                       0.00       0.00
  clock uncertainty                                                 0.15       0.15
  u_beta_w/g_bank_0__u_macro/u_sram/CLK (HS128X32)                  0.00       0.15 r
  library hold time                                                 0.14       0.29
  data required time                                                           0.29
  ------------------------------------------------------------------------------------
  data required time                                                           0.29
  data arrival time                                                           -0.08
  ------------------------------------------------------------------------------------
  slack (VIOLATED)                                                            -0.21


  Startpoint: u_config/beta_stage_q_reg_28_
              (rising edge-triggered flip-flop clocked by clk)
  Endpoint: u_beta_w/g_bank_0__u_macro/u_sram
            (rising edge-triggered flip-flop clocked by clk)
  Path Group: clk
  Path Type: min

  Point                                       Fanout     Trans      Incr       Path
  ------------------------------------------------------------------------------------
  clock clk (rise edge)                                             0.00       0.00
  clock network delay (ideal)                                       0.00       0.00
  u_config/beta_stage_q_reg_28_/CK (DQV2_140P7T35R)       0.10      0.00 #     0.00 r
  u_config/beta_stage_q_reg_28_/Q (DQV2_140P7T35R)        0.04      0.08       0.08 r
  u_config/beta_w_load_data_o[28] (net)         2                   0.00       0.08 r
  u_config/beta_w_load_data_o[28] (stage1_config_frontend)          0.00       0.08 r
  beta_w_load_data_i[28] (net)                                      0.00       0.08 r
  u_beta_w/wdata_i[28] (sram_bank_128x128_1)                        0.00       0.08 r
  u_beta_w/wdata_i[28] (net)                                        0.00       0.08 r
  u_beta_w/g_bank_0__u_macro/wdata_i[28] (hs128x32_wrapper_135)     0.00       0.08 r
  u_beta_w/g_bank_0__u_macro/wdata_i[28] (net)                      0.00       0.08 r
  u_beta_w/g_bank_0__u_macro/u_sram/D[28] (HS128X32)      0.04      0.00       0.08 r
  data arrival time                                                            0.08

  clock clk (rise edge)                                             0.00       0.00
  clock network delay (ideal)                                       0.00       0.00
  clock uncertainty                                                 0.15       0.15
  u_beta_w/g_bank_0__u_macro/u_sram/CLK (HS128X32)                  0.00       0.15 r
  library hold time                                                 0.14       0.29
  data required time                                                           0.29
  ------------------------------------------------------------------------------------
  data required time                                                           0.29
  data arrival time                                                           -0.08
  ------------------------------------------------------------------------------------
  slack (VIOLATED)                                                            -0.21


  Startpoint: u_config/beta_stage_q_reg_29_
              (rising edge-triggered flip-flop clocked by clk)
  Endpoint: u_beta_w/g_bank_0__u_macro/u_sram
            (rising edge-triggered flip-flop clocked by clk)
  Path Group: clk
  Path Type: min

  Point                                       Fanout     Trans      Incr       Path
  ------------------------------------------------------------------------------------
  clock clk (rise edge)                                             0.00       0.00
  clock network delay (ideal)                                       0.00       0.00
  u_config/beta_stage_q_reg_29_/CK (DQV2_140P7T35R)       0.10      0.00 #     0.00 r
  u_config/beta_stage_q_reg_29_/Q (DQV2_140P7T35R)        0.04      0.08       0.08 r
  u_config/beta_w_load_data_o[29] (net)         2                   0.00       0.08 r
  u_config/beta_w_load_data_o[29] (stage1_config_frontend)          0.00       0.08 r
  beta_w_load_data_i[29] (net)                                      0.00       0.08 r
  u_beta_w/wdata_i[29] (sram_bank_128x128_1)                        0.00       0.08 r
  u_beta_w/wdata_i[29] (net)                                        0.00       0.08 r
  u_beta_w/g_bank_0__u_macro/wdata_i[29] (hs128x32_wrapper_135)     0.00       0.08 r
  u_beta_w/g_bank_0__u_macro/wdata_i[29] (net)                      0.00       0.08 r
  u_beta_w/g_bank_0__u_macro/u_sram/D[29] (HS128X32)      0.04      0.00       0.08 r
  data arrival time                                                            0.08

  clock clk (rise edge)                                             0.00       0.00
  clock network delay (ideal)                                       0.00       0.00
  clock uncertainty                                                 0.15       0.15
  u_beta_w/g_bank_0__u_macro/u_sram/CLK (HS128X32)                  0.00       0.15 r
  library hold time                                                 0.14       0.29
  data required time                                                           0.29
  ------------------------------------------------------------------------------------
  data required time                                                           0.29
  data arrival time                                                           -0.08
  ------------------------------------------------------------------------------------
  slack (VIOLATED)                                                            -0.21


  Startpoint: u_config/beta_stage_q_reg_2_
              (rising edge-triggered flip-flop clocked by clk)
  Endpoint: u_beta_w/g_bank_0__u_macro/u_sram
            (rising edge-triggered flip-flop clocked by clk)
  Path Group: clk
  Path Type: min

  Point                                       Fanout     Trans      Incr       Path
  ------------------------------------------------------------------------------------
  clock clk (rise edge)                                             0.00       0.00
  clock network delay (ideal)                                       0.00       0.00
  u_config/beta_stage_q_reg_2_/CK (DQV2_140P7T35R)        0.10      0.00 #     0.00 r
  u_config/beta_stage_q_reg_2_/Q (DQV2_140P7T35R)         0.04      0.08       0.08 r
  u_config/beta_w_load_data_o[2] (net)          2                   0.00       0.08 r
  u_config/beta_w_load_data_o[2] (stage1_config_frontend)           0.00       0.08 r
  beta_w_load_data_i[2] (net)                                       0.00       0.08 r
  u_beta_w/wdata_i[2] (sram_bank_128x128_1)                         0.00       0.08 r
  u_beta_w/wdata_i[2] (net)                                         0.00       0.08 r
  u_beta_w/g_bank_0__u_macro/wdata_i[2] (hs128x32_wrapper_135)      0.00       0.08 r
  u_beta_w/g_bank_0__u_macro/wdata_i[2] (net)                       0.00       0.08 r
  u_beta_w/g_bank_0__u_macro/u_sram/D[2] (HS128X32)       0.04      0.00       0.08 r
  data arrival time                                                            0.08

  clock clk (rise edge)                                             0.00       0.00
  clock network delay (ideal)                                       0.00       0.00
  clock uncertainty                                                 0.15       0.15
  u_beta_w/g_bank_0__u_macro/u_sram/CLK (HS128X32)                  0.00       0.15 r
  library hold time                                                 0.14       0.29
  data required time                                                           0.29
  ------------------------------------------------------------------------------------
  data required time                                                           0.29
  data arrival time                                                           -0.08
  ------------------------------------------------------------------------------------
  slack (VIOLATED)                                                            -0.21


  Startpoint: u_config/beta_stage_q_reg_30_
              (rising edge-triggered flip-flop clocked by clk)
  Endpoint: u_beta_w/g_bank_0__u_macro/u_sram
            (rising edge-triggered flip-flop clocked by clk)
  Path Group: clk
  Path Type: min

  Point                                       Fanout     Trans      Incr       Path
  ------------------------------------------------------------------------------------
  clock clk (rise edge)                                             0.00       0.00
  clock network delay (ideal)                                       0.00       0.00
  u_config/beta_stage_q_reg_30_/CK (DQV2_140P7T35R)       0.10      0.00 #     0.00 r
  u_config/beta_stage_q_reg_30_/Q (DQV2_140P7T35R)        0.04      0.08       0.08 r
  u_config/beta_w_load_data_o[30] (net)         2                   0.00       0.08 r
  u_config/beta_w_load_data_o[30] (stage1_config_frontend)          0.00       0.08 r
  beta_w_load_data_i[30] (net)                                      0.00       0.08 r
  u_beta_w/wdata_i[30] (sram_bank_128x128_1)                        0.00       0.08 r
  u_beta_w/wdata_i[30] (net)                                        0.00       0.08 r
  u_beta_w/g_bank_0__u_macro/wdata_i[30] (hs128x32_wrapper_135)     0.00       0.08 r
  u_beta_w/g_bank_0__u_macro/wdata_i[30] (net)                      0.00       0.08 r
  u_beta_w/g_bank_0__u_macro/u_sram/D[30] (HS128X32)      0.04      0.00       0.08 r
  data arrival time                                                            0.08

  clock clk (rise edge)                                             0.00       0.00
  clock network delay (ideal)                                       0.00       0.00
  clock uncertainty                                                 0.15       0.15
  u_beta_w/g_bank_0__u_macro/u_sram/CLK (HS128X32)                  0.00       0.15 r
  library hold time                                                 0.14       0.29
  data required time                                                           0.29
  ------------------------------------------------------------------------------------
  data required time                                                           0.29
  data arrival time                                                           -0.08
  ------------------------------------------------------------------------------------
  slack (VIOLATED)                                                            -0.21


  Startpoint: u_config/beta_stage_q_reg_31_
              (rising edge-triggered flip-flop clocked by clk)
  Endpoint: u_beta_w/g_bank_0__u_macro/u_sram
            (rising edge-triggered flip-flop clocked by clk)
  Path Group: clk
  Path Type: min

  Point                                       Fanout     Trans      Incr       Path
  ------------------------------------------------------------------------------------
  clock clk (rise edge)                                             0.00       0.00
  clock network delay (ideal)                                       0.00       0.00
  u_config/beta_stage_q_reg_31_/CK (DQV2_140P7T35R)       0.10      0.00 #     0.00 r
  u_config/beta_stage_q_reg_31_/Q (DQV2_140P7T35R)        0.04      0.08       0.08 r
  u_config/beta_w_load_data_o[31] (net)         2                   0.00       0.08 r
  u_config/beta_w_load_data_o[31] (stage1_config_frontend)          0.00       0.08 r
  beta_w_load_data_i[31] (net)                                      0.00       0.08 r
  u_beta_w/wdata_i[31] (sram_bank_128x128_1)                        0.00       0.08 r
  u_beta_w/wdata_i[31] (net)                                        0.00       0.08 r
  u_beta_w/g_bank_0__u_macro/wdata_i[31] (hs128x32_wrapper_135)     0.00       0.08 r
  u_beta_w/g_bank_0__u_macro/wdata_i[31] (net)                      0.00       0.08 r
  u_beta_w/g_bank_0__u_macro/u_sram/D[31] (HS128X32)      0.04      0.00       0.08 r
  data arrival time                                                            0.08

  clock clk (rise edge)                                             0.00       0.00
  clock network delay (ideal)                                       0.00       0.00
  clock uncertainty                                                 0.15       0.15
  u_beta_w/g_bank_0__u_macro/u_sram/CLK (HS128X32)                  0.00       0.15 r
  library hold time                                                 0.14       0.29
  data required time                                                           0.29
  ------------------------------------------------------------------------------------
  data required time                                                           0.29
  data arrival time                                                           -0.08
  ------------------------------------------------------------------------------------
  slack (VIOLATED)                                                            -0.21


  Startpoint: u_config/beta_stage_q_reg_3_
              (rising edge-triggered flip-flop clocked by clk)
  Endpoint: u_beta_w/g_bank_0__u_macro/u_sram
            (rising edge-triggered flip-flop clocked by clk)
  Path Group: clk
  Path Type: min

  Point                                       Fanout     Trans      Incr       Path
  ------------------------------------------------------------------------------------
  clock clk (rise edge)                                             0.00       0.00
  clock network delay (ideal)                                       0.00       0.00
  u_config/beta_stage_q_reg_3_/CK (DQV2_140P7T35R)        0.10      0.00 #     0.00 r
  u_config/beta_stage_q_reg_3_/Q (DQV2_140P7T35R)         0.04      0.08       0.08 r
  u_config/beta_w_load_data_o[3] (net)          2                   0.00       0.08 r
  u_config/beta_w_load_data_o[3] (stage1_config_frontend)           0.00       0.08 r
  beta_w_load_data_i[3] (net)                                       0.00       0.08 r
  u_beta_w/wdata_i[3] (sram_bank_128x128_1)                         0.00       0.08 r
  u_beta_w/wdata_i[3] (net)                                         0.00       0.08 r
  u_beta_w/g_bank_0__u_macro/wdata_i[3] (hs128x32_wrapper_135)      0.00       0.08 r
  u_beta_w/g_bank_0__u_macro/wdata_i[3] (net)                       0.00       0.08 r
  u_beta_w/g_bank_0__u_macro/u_sram/D[3] (HS128X32)       0.04      0.00       0.08 r
  data arrival time                                                            0.08

  clock clk (rise edge)                                             0.00       0.00
  clock network delay (ideal)                                       0.00       0.00
  clock uncertainty                                                 0.15       0.15
  u_beta_w/g_bank_0__u_macro/u_sram/CLK (HS128X32)                  0.00       0.15 r
  library hold time                                                 0.14       0.29
  data required time                                                           0.29
  ------------------------------------------------------------------------------------
  data required time                                                           0.29
  data arrival time                                                           -0.08
  ------------------------------------------------------------------------------------
  slack (VIOLATED)                                                            -0.21


  Startpoint: u_config/beta_stage_q_reg_4_
              (rising edge-triggered flip-flop clocked by clk)
  Endpoint: u_beta_w/g_bank_0__u_macro/u_sram
            (rising edge-triggered flip-flop clocked by clk)
  Path Group: clk
  Path Type: min

  Point                                       Fanout     Trans      Incr       Path
  ------------------------------------------------------------------------------------
  clock clk (rise edge)                                             0.00       0.00
  clock network delay (ideal)                                       0.00       0.00
  u_config/beta_stage_q_reg_4_/CK (DQV2_140P7T35R)        0.10      0.00 #     0.00 r
  u_config/beta_stage_q_reg_4_/Q (DQV2_140P7T35R)         0.04      0.08       0.08 r
  u_config/beta_w_load_data_o[4] (net)          2                   0.00       0.08 r
  u_config/beta_w_load_data_o[4] (stage1_config_frontend)           0.00       0.08 r
  beta_w_load_data_i[4] (net)                                       0.00       0.08 r
  u_beta_w/wdata_i[4] (sram_bank_128x128_1)                         0.00       0.08 r
  u_beta_w/wdata_i[4] (net)                                         0.00       0.08 r
  u_beta_w/g_bank_0__u_macro/wdata_i[4] (hs128x32_wrapper_135)      0.00       0.08 r
  u_beta_w/g_bank_0__u_macro/wdata_i[4] (net)                       0.00       0.08 r
  u_beta_w/g_bank_0__u_macro/u_sram/D[4] (HS128X32)       0.04      0.00       0.08 r
  data arrival time                                                            0.08

  clock clk (rise edge)                                             0.00       0.00
  clock network delay (ideal)                                       0.00       0.00
  clock uncertainty                                                 0.15       0.15
  u_beta_w/g_bank_0__u_macro/u_sram/CLK (HS128X32)                  0.00       0.15 r
  library hold time                                                 0.14       0.29
  data required time                                                           0.29
  ------------------------------------------------------------------------------------
  data required time                                                           0.29
  data arrival time                                                           -0.08
  ------------------------------------------------------------------------------------
  slack (VIOLATED)                                                            -0.21


  Startpoint: u_config/beta_stage_q_reg_5_
              (rising edge-triggered flip-flop clocked by clk)
  Endpoint: u_beta_w/g_bank_0__u_macro/u_sram
            (rising edge-triggered flip-flop clocked by clk)
  Path Group: clk
  Path Type: min

  Point                                       Fanout     Trans      Incr       Path
  ------------------------------------------------------------------------------------
  clock clk (rise edge)                                             0.00       0.00
  clock network delay (ideal)                                       0.00       0.00
  u_config/beta_stage_q_reg_5_/CK (DQV2_140P7T35R)        0.10      0.00 #     0.00 r
  u_config/beta_stage_q_reg_5_/Q (DQV2_140P7T35R)         0.04      0.08       0.08 r
  u_config/beta_w_load_data_o[5] (net)          2                   0.00       0.08 r
  u_config/beta_w_load_data_o[5] (stage1_config_frontend)           0.00       0.08 r
  beta_w_load_data_i[5] (net)                                       0.00       0.08 r
  u_beta_w/wdata_i[5] (sram_bank_128x128_1)                         0.00       0.08 r
  u_beta_w/wdata_i[5] (net)                                         0.00       0.08 r
  u_beta_w/g_bank_0__u_macro/wdata_i[5] (hs128x32_wrapper_135)      0.00       0.08 r
  u_beta_w/g_bank_0__u_macro/wdata_i[5] (net)                       0.00       0.08 r
  u_beta_w/g_bank_0__u_macro/u_sram/D[5] (HS128X32)       0.04      0.00       0.08 r
  data arrival time                                                            0.08

  clock clk (rise edge)                                             0.00       0.00
  clock network delay (ideal)                                       0.00       0.00
  clock uncertainty                                                 0.15       0.15
  u_beta_w/g_bank_0__u_macro/u_sram/CLK (HS128X32)                  0.00       0.15 r
  library hold time                                                 0.14       0.29
  data required time                                                           0.29
  ------------------------------------------------------------------------------------
  data required time                                                           0.29
  data arrival time                                                           -0.08
  ------------------------------------------------------------------------------------
  slack (VIOLATED)                                                            -0.21


  Startpoint: u_config/beta_stage_q_reg_6_
              (rising edge-triggered flip-flop clocked by clk)
  Endpoint: u_beta_w/g_bank_0__u_macro/u_sram
            (rising edge-triggered flip-flop clocked by clk)
  Path Group: clk
  Path Type: min

  Point                                       Fanout     Trans      Incr       Path
  ------------------------------------------------------------------------------------
  clock clk (rise edge)                                             0.00       0.00
  clock network delay (ideal)                                       0.00       0.00
  u_config/beta_stage_q_reg_6_/CK (DQV2_140P7T35R)        0.10      0.00 #     0.00 r
  u_config/beta_stage_q_reg_6_/Q (DQV2_140P7T35R)         0.04      0.08       0.08 r
  u_config/beta_w_load_data_o[6] (net)          2                   0.00       0.08 r
  u_config/beta_w_load_data_o[6] (stage1_config_frontend)           0.00       0.08 r
  beta_w_load_data_i[6] (net)                                       0.00       0.08 r
  u_beta_w/wdata_i[6] (sram_bank_128x128_1)                         0.00       0.08 r
  u_beta_w/wdata_i[6] (net)                                         0.00       0.08 r
  u_beta_w/g_bank_0__u_macro/wdata_i[6] (hs128x32_wrapper_135)      0.00       0.08 r
  u_beta_w/g_bank_0__u_macro/wdata_i[6] (net)                       0.00       0.08 r
  u_beta_w/g_bank_0__u_macro/u_sram/D[6] (HS128X32)       0.04      0.00       0.08 r
  data arrival time                                                            0.08

  clock clk (rise edge)                                             0.00       0.00
  clock network delay (ideal)                                       0.00       0.00
  clock uncertainty                                                 0.15       0.15
  u_beta_w/g_bank_0__u_macro/u_sram/CLK (HS128X32)                  0.00       0.15 r
  library hold time                                                 0.14       0.29
  data required time                                                           0.29
  ------------------------------------------------------------------------------------
  data required time                                                           0.29
  data arrival time                                                           -0.08
  ------------------------------------------------------------------------------------
  slack (VIOLATED)                                                            -0.21


  Startpoint: u_config/beta_stage_q_reg_7_
              (rising edge-triggered flip-flop clocked by clk)
  Endpoint: u_beta_w/g_bank_0__u_macro/u_sram
            (rising edge-triggered flip-flop clocked by clk)
  Path Group: clk
  Path Type: min

  Point                                       Fanout     Trans      Incr       Path
  ------------------------------------------------------------------------------------
  clock clk (rise edge)                                             0.00       0.00
  clock network delay (ideal)                                       0.00       0.00
  u_config/beta_stage_q_reg_7_/CK (DQV2_140P7T35R)        0.10      0.00 #     0.00 r
  u_config/beta_stage_q_reg_7_/Q (DQV2_140P7T35R)         0.04      0.08       0.08 r
  u_config/beta_w_load_data_o[7] (net)          2                   0.00       0.08 r
  u_config/beta_w_load_data_o[7] (stage1_config_frontend)           0.00       0.08 r
  beta_w_load_data_i[7] (net)                                       0.00       0.08 r
  u_beta_w/wdata_i[7] (sram_bank_128x128_1)                         0.00       0.08 r
  u_beta_w/wdata_i[7] (net)                                         0.00       0.08 r
  u_beta_w/g_bank_0__u_macro/wdata_i[7] (hs128x32_wrapper_135)      0.00       0.08 r
  u_beta_w/g_bank_0__u_macro/wdata_i[7] (net)                       0.00       0.08 r
  u_beta_w/g_bank_0__u_macro/u_sram/D[7] (HS128X32)       0.04      0.00       0.08 r
  data arrival time                                                            0.08

  clock clk (rise edge)                                             0.00       0.00
  clock network delay (ideal)                                       0.00       0.00
  clock uncertainty                                                 0.15       0.15
  u_beta_w/g_bank_0__u_macro/u_sram/CLK (HS128X32)                  0.00       0.15 r
  library hold time                                                 0.14       0.29
  data required time                                                           0.29
  ------------------------------------------------------------------------------------
  data required time                                                           0.29
  data arrival time                                                           -0.08
  ------------------------------------------------------------------------------------
  slack (VIOLATED)                                                            -0.21


  Startpoint: u_config/beta_stage_q_reg_8_
              (rising edge-triggered flip-flop clocked by clk)
  Endpoint: u_beta_w/g_bank_0__u_macro/u_sram
            (rising edge-triggered flip-flop clocked by clk)
  Path Group: clk
  Path Type: min

  Point                                       Fanout     Trans      Incr       Path
  ------------------------------------------------------------------------------------
  clock clk (rise edge)                                             0.00       0.00
  clock network delay (ideal)                                       0.00       0.00
  u_config/beta_stage_q_reg_8_/CK (DQV2_140P7T35R)        0.10      0.00 #     0.00 r
  u_config/beta_stage_q_reg_8_/Q (DQV2_140P7T35R)         0.04      0.08       0.08 r
  u_config/beta_w_load_data_o[8] (net)          2                   0.00       0.08 r
  u_config/beta_w_load_data_o[8] (stage1_config_frontend)           0.00       0.08 r
  beta_w_load_data_i[8] (net)                                       0.00       0.08 r
  u_beta_w/wdata_i[8] (sram_bank_128x128_1)                         0.00       0.08 r
  u_beta_w/wdata_i[8] (net)                                         0.00       0.08 r
  u_beta_w/g_bank_0__u_macro/wdata_i[8] (hs128x32_wrapper_135)      0.00       0.08 r
  u_beta_w/g_bank_0__u_macro/wdata_i[8] (net)                       0.00       0.08 r
  u_beta_w/g_bank_0__u_macro/u_sram/D[8] (HS128X32)       0.04      0.00       0.08 r
  data arrival time                                                            0.08

  clock clk (rise edge)                                             0.00       0.00
  clock network delay (ideal)                                       0.00       0.00
  clock uncertainty                                                 0.15       0.15
  u_beta_w/g_bank_0__u_macro/u_sram/CLK (HS128X32)                  0.00       0.15 r
  library hold time                                                 0.14       0.29
  data required time                                                           0.29
  ------------------------------------------------------------------------------------
  data required time                                                           0.29
  data arrival time                                                           -0.08
  ------------------------------------------------------------------------------------
  slack (VIOLATED)                                                            -0.21


  Startpoint: u_config/beta_stage_q_reg_9_
              (rising edge-triggered flip-flop clocked by clk)
  Endpoint: u_beta_w/g_bank_0__u_macro/u_sram
            (rising edge-triggered flip-flop clocked by clk)
  Path Group: clk
  Path Type: min

  Point                                       Fanout     Trans      Incr       Path
  ------------------------------------------------------------------------------------
  clock clk (rise edge)                                             0.00       0.00
  clock network delay (ideal)                                       0.00       0.00
  u_config/beta_stage_q_reg_9_/CK (DQV2_140P7T35R)        0.10      0.00 #     0.00 r
  u_config/beta_stage_q_reg_9_/Q (DQV2_140P7T35R)         0.04      0.08       0.08 r
  u_config/beta_w_load_data_o[9] (net)          2                   0.00       0.08 r
  u_config/beta_w_load_data_o[9] (stage1_config_frontend)           0.00       0.08 r
  beta_w_load_data_i[9] (net)                                       0.00       0.08 r
  u_beta_w/wdata_i[9] (sram_bank_128x128_1)                         0.00       0.08 r
  u_beta_w/wdata_i[9] (net)                                         0.00       0.08 r
  u_beta_w/g_bank_0__u_macro/wdata_i[9] (hs128x32_wrapper_135)      0.00       0.08 r
  u_beta_w/g_bank_0__u_macro/wdata_i[9] (net)                       0.00       0.08 r
  u_beta_w/g_bank_0__u_macro/u_sram/D[9] (HS128X32)       0.04      0.00       0.08 r
  data arrival time                                                            0.08

  clock clk (rise edge)                                             0.00       0.00
  clock network delay (ideal)                                       0.00       0.00
  clock uncertainty                                                 0.15       0.15
  u_beta_w/g_bank_0__u_macro/u_sram/CLK (HS128X32)                  0.00       0.15 r
  library hold time                                                 0.14       0.29
  data required time                                                           0.29
  ------------------------------------------------------------------------------------
  data required time                                                           0.29
  data arrival time                                                           -0.08
  ------------------------------------------------------------------------------------
  slack (VIOLATED)                                                            -0.21


  Startpoint: emax_q_reg_0__0_
              (rising edge-triggered flip-flop clocked by clk)
  Endpoint: u_delay/g_bank_0__u_macro/u_sram
            (rising edge-triggered flip-flop clocked by clk)
  Path Group: clk
  Path Type: min

  Point                                       Fanout     Trans      Incr       Path
  ------------------------------------------------------------------------------------
  clock clk (rise edge)                                             0.00       0.00
  clock network delay (ideal)                                       0.00       0.00
  emax_q_reg_0__0_/CK (DQV2_140P7T35R)                    0.10      0.00 #     0.00 r
  emax_q_reg_0__0_/Q (DQV2_140P7T35R)                     0.01      0.07       0.07 f
  emax_q[135] (net)                             3                   0.00       0.07 f
  DP_OP_279J1_137_5275/I3[0] (stage1_tile_DP_OP_279J1_137_5275_J1_0)
                                                                    0.00       0.07 f
  DP_OP_279J1_137_5275/I3[0] (net)                                  0.00       0.07 f
  DP_OP_279J1_137_5275/U137/Z (XOR2V2_140P7T35R)          0.01      0.01       0.08 r
  DP_OP_279J1_137_5275/O3[0] (net)              1                   0.00       0.08 r
  DP_OP_279J1_137_5275/O3[0] (stage1_tile_DP_OP_279J1_137_5275_J1_0)
                                                                    0.00       0.08 r
  N126 (net)                                                        0.00       0.08 r
  U1465/Z (AO12V2_140P7T35R)                              0.04      0.04       0.12 r
  delay_wdata[0] (net)                          1                   0.00       0.12 r
  u_delay/wdata_i[0] (sram_bank_128x128_0)                          0.00       0.12 r
  u_delay/wdata_i[0] (net)                                          0.00       0.12 r
  u_delay/g_bank_0__u_macro/wdata_i[0] (hs128x32_wrapper_131)       0.00       0.12 r
  u_delay/g_bank_0__u_macro/wdata_i[0] (net)                        0.00       0.12 r
  u_delay/g_bank_0__u_macro/u_sram/D[0] (HS128X32)        0.04      0.00       0.12 r
  data arrival time                                                            0.12

  clock clk (rise edge)                                             0.00       0.00
  clock network delay (ideal)                                       0.00       0.00
  clock uncertainty                                                 0.15       0.15
  u_delay/g_bank_0__u_macro/u_sram/CLK (HS128X32)                   0.00       0.15 r
  library hold time                                                 0.14       0.29
  data required time                                                           0.29
  ------------------------------------------------------------------------------------
  data required time                                                           0.29
  data arrival time                                                           -0.12
  ------------------------------------------------------------------------------------
  slack (VIOLATED)                                                            -0.17


  Startpoint: emax_q_reg_2__0_
              (rising edge-triggered flip-flop clocked by clk)
  Endpoint: u_delay/g_bank_0__u_macro/u_sram
            (rising edge-triggered flip-flop clocked by clk)
  Path Group: clk
  Path Type: min

  Point                                       Fanout     Trans      Incr       Path
  ------------------------------------------------------------------------------------
  clock clk (rise edge)                                             0.00       0.00
  clock network delay (ideal)                                       0.00       0.00
  emax_q_reg_2__0_/CK (DQV2_140P7T35R)                    0.10      0.00 #     0.00 r
  emax_q_reg_2__0_/Q (DQV2_140P7T35R)                     0.01      0.07       0.07 f
  emax_q[117] (net)                             3                   0.00       0.07 f
  DP_OP_277J1_135_5275/I3[0] (stage1_tile_DP_OP_277J1_135_5275_J1_0)
                                                                    0.00       0.07 f
  DP_OP_277J1_135_5275/I3[0] (net)                                  0.00       0.07 f
  DP_OP_277J1_135_5275/U137/Z (XOR2V2_140P7T35R)          0.01      0.01       0.08 r
  DP_OP_277J1_135_5275/O3[0] (net)              1                   0.00       0.08 r
  DP_OP_277J1_135_5275/O3[0] (stage1_tile_DP_OP_277J1_135_5275_J1_0)
                                                                    0.00       0.08 r
  N155 (net)                                                        0.00       0.08 r
  U1378/Z (AO12V2_140P7T35R)                              0.04      0.04       0.12 r
  delay_wdata[16] (net)                         1                   0.00       0.12 r
  u_delay/wdata_i[16] (sram_bank_128x128_0)                         0.00       0.12 r
  u_delay/wdata_i[16] (net)                                         0.00       0.12 r
  u_delay/g_bank_0__u_macro/wdata_i[16] (hs128x32_wrapper_131)      0.00       0.12 r
  u_delay/g_bank_0__u_macro/wdata_i[16] (net)                       0.00       0.12 r
  u_delay/g_bank_0__u_macro/u_sram/D[16] (HS128X32)       0.04      0.00       0.12 r
  data arrival time                                                            0.12

  clock clk (rise edge)                                             0.00       0.00
  clock network delay (ideal)                                       0.00       0.00
  clock uncertainty                                                 0.15       0.15
  u_delay/g_bank_0__u_macro/u_sram/CLK (HS128X32)                   0.00       0.15 r
  library hold time                                                 0.14       0.29
  data required time                                                           0.29
  ------------------------------------------------------------------------------------
  data required time                                                           0.29
  data arrival time                                                           -0.12
  ------------------------------------------------------------------------------------
  slack (VIOLATED)                                                            -0.17


  Startpoint: emax_q_reg_3__0_
              (rising edge-triggered flip-flop clocked by clk)
  Endpoint: u_delay/g_bank_0__u_macro/u_sram
            (rising edge-triggered flip-flop clocked by clk)
  Path Group: clk
  Path Type: min

  Point                                       Fanout     Trans      Incr       Path
  ------------------------------------------------------------------------------------
  clock clk (rise edge)                                             0.00       0.00
  clock network delay (ideal)                                       0.00       0.00
  emax_q_reg_3__0_/CK (DQV2_140P7T35R)                    0.10      0.00 #     0.00 r
  emax_q_reg_3__0_/Q (DQV2_140P7T35R)                     0.01      0.07       0.07 f
  emax_q[108] (net)                             3                   0.00       0.07 f
  DP_OP_276J1_134_5275/I3[0] (stage1_tile_DP_OP_276J1_134_5275_J1_0)
                                                                    0.00       0.07 f
  DP_OP_276J1_134_5275/I3[0] (net)                                  0.00       0.07 f
  DP_OP_276J1_134_5275/U137/Z (XOR2V2_140P7T35R)          0.01      0.01       0.08 r
  DP_OP_276J1_134_5275/O3[0] (net)              1                   0.00       0.08 r
  DP_OP_276J1_134_5275/O3[0] (stage1_tile_DP_OP_276J1_134_5275_J1_0)
                                                                    0.00       0.08 r
  N170 (net)                                                        0.00       0.08 r
  U1332/Z (AO12V2_140P7T35R)                              0.04      0.04       0.12 r
  delay_wdata[24] (net)                         1                   0.00       0.12 r
  u_delay/wdata_i[24] (sram_bank_128x128_0)                         0.00       0.12 r
  u_delay/wdata_i[24] (net)                                         0.00       0.12 r
  u_delay/g_bank_0__u_macro/wdata_i[24] (hs128x32_wrapper_131)      0.00       0.12 r
  u_delay/g_bank_0__u_macro/wdata_i[24] (net)                       0.00       0.12 r
  u_delay/g_bank_0__u_macro/u_sram/D[24] (HS128X32)       0.04      0.00       0.12 r
  data arrival time                                                            0.12

  clock clk (rise edge)                                             0.00       0.00
  clock network delay (ideal)                                       0.00       0.00
  clock uncertainty                                                 0.15       0.15
  u_delay/g_bank_0__u_macro/u_sram/CLK (HS128X32)                   0.00       0.15 r
  library hold time                                                 0.14       0.29
  data required time                                                           0.29
  ------------------------------------------------------------------------------------
  data required time                                                           0.29
  data arrival time                                                           -0.12
  ------------------------------------------------------------------------------------
  slack (VIOLATED)                                                            -0.17


  Startpoint: emax_q_reg_1__0_
              (rising edge-triggered flip-flop clocked by clk)
  Endpoint: u_delay/g_bank_0__u_macro/u_sram
            (rising edge-triggered flip-flop clocked by clk)
  Path Group: clk
  Path Type: min

  Point                                       Fanout     Trans      Incr       Path
  ------------------------------------------------------------------------------------
  clock clk (rise edge)                                             0.00       0.00
  clock network delay (ideal)                                       0.00       0.00
  emax_q_reg_1__0_/CK (DQV2_140P7T35R)                    0.10      0.00 #     0.00 r
  emax_q_reg_1__0_/Q (DQV2_140P7T35R)                     0.01      0.07       0.07 f
  emax_q[126] (net)                             3                   0.00       0.07 f
  DP_OP_278J1_136_5275/I3[0] (stage1_tile_DP_OP_278J1_136_5275_J1_0)
                                                                    0.00       0.07 f
  DP_OP_278J1_136_5275/I3[0] (net)                                  0.00       0.07 f
  DP_OP_278J1_136_5275/U137/Z (XOR2V2_140P7T35R)          0.01      0.01       0.08 r
  DP_OP_278J1_136_5275/O3[0] (net)              1                   0.00       0.08 r
  DP_OP_278J1_136_5275/O3[0] (stage1_tile_DP_OP_278J1_136_5275_J1_0)
                                                                    0.00       0.08 r
  N140 (net)                                                        0.00       0.08 r
  U1396/Z (AO12V2_140P7T35R)                              0.04      0.04       0.12 r
  delay_wdata[8] (net)                          1                   0.00       0.12 r
  u_delay/wdata_i[8] (sram_bank_128x128_0)                          0.00       0.12 r
  u_delay/wdata_i[8] (net)                                          0.00       0.12 r
  u_delay/g_bank_0__u_macro/wdata_i[8] (hs128x32_wrapper_131)       0.00       0.12 r
  u_delay/g_bank_0__u_macro/wdata_i[8] (net)                        0.00       0.12 r
  u_delay/g_bank_0__u_macro/u_sram/D[8] (HS128X32)        0.04      0.00       0.12 r
  data arrival time                                                            0.12

  clock clk (rise edge)                                             0.00       0.00
  clock network delay (ideal)                                       0.00       0.00
  clock uncertainty                                                 0.15       0.15
  u_delay/g_bank_0__u_macro/u_sram/CLK (HS128X32)                   0.00       0.15 r
  library hold time                                                 0.14       0.29
  data required time                                                           0.29
  ------------------------------------------------------------------------------------
  data required time                                                           0.29
  data arrival time                                                           -0.12
  ------------------------------------------------------------------------------------
  slack (VIOLATED)                                                            -0.17


1
