 
****************************************
Report : timing
        -path full
        -delay max
        -nets
        -max_paths 100
        -transition_time
Design : stage1_tile
Version: W-2024.09-SP5-5
Date   : Fri Aug 14 17:21:01 2026
****************************************

 # A fanout number of 1000 was used for high fanout net computations.

Operating Conditions: tt_v0p9_25c   Library: scc28nhkcp_hdc35p140_rvt_tt_v0p9_25c_basic
Wire Load Model Mode: top

  Startpoint: cfg_word_i[0]
              (input port clocked by clk)
  Endpoint: g_weight_0__u_weight/g_bank_0__u_macro/u_sram
            (rising edge-triggered flip-flop clocked by clk)
  Path Group: clk
  Path Type: max

  Point                                       Fanout     Trans      Incr       Path
  ------------------------------------------------------------------------------------
  clock clk (rise edge)                                             0.00       0.00
  clock network delay (ideal)                                       0.00       0.00
  input external delay                                              0.50       0.50 r
  cfg_word_i[0] (in)                                      0.01      0.01       0.51 r
  cfg_word_i[0] (net)                           5                   0.00       0.51 r
  u_config/cfg_word_i[0] (stage1_config_frontend)                   0.00       0.51 r
  u_config/cfg_word_i[0] (net)                                      0.00       0.51 r
  u_config/U79/ZN (INV2_140P7T35R)                        0.02      0.01       0.52 f
  u_config/n34 (net)                            5                   0.00       0.52 f
  u_config/U96/ZN (AOI22V2_140P7T35R)                     0.02      0.02       0.54 r
  u_config/n3 (net)                             1                   0.00       0.54 r
  u_config/U97/ZN (OAI212V2_140P7T35R)                    0.02      0.02       0.56 f
  u_config/n6 (net)                             1                   0.00       0.56 f
  u_config/U102/ZN (NOR4V2_140P7T35R)                     0.03      0.03       0.60 r
  u_config/n19 (net)                            1                   0.00       0.60 r
  u_config/U118/ZN (NAND4V1P5_140P7T35R)                  0.04      0.03       0.63 f
  u_config/n207 (net)                           3                   0.00       0.63 f
  u_config/U41/ZN (NOR2V2_140P7T35R)                      0.04      0.04       0.67 r
  u_config/n106 (net)                           5                   0.00       0.67 r
  u_config/U195/ZN (NAND2XBV2_140P7T35R)                  0.02      0.02       0.69 f
  u_config/n28 (net)                            2                   0.00       0.69 f
  u_config/U197/ZN (NOR2V2_140P7T35R)                     0.03      0.02       0.71 r
  u_config/weight_load_en_o (net)               2                   0.00       0.71 r
  u_config/weight_load_en_o (stage1_config_frontend)                0.00       0.71 r
  weight_load_en_i (net)                                            0.00       0.71 r
  U1506/ZN (INV2_140P7T35R)                               0.02      0.02       0.73 f
  n771 (net)                                    4                   0.00       0.73 f
  U1525/ZN (NOR3V2_140P7T35R)                             0.05      0.04       0.77 r
  n774 (net)                                    4                   0.00       0.77 r
  U1531/ZN (NAND2V2_140P7T35R)                            0.38      0.23       0.99 f
  n369 (net)                                   17                   0.00       0.99 f
  U1706/ZN (AOI22V2_140P7T35R)                            0.31      0.32       1.32 r
  weight_addr[105] (net)                        8                   0.00       1.32 r
  g_weight_0__u_weight/addr_i[0] (sram_bank_128x256_15)             0.00       1.32 r
  g_weight_0__u_weight/addr_i[0] (net)                              0.00       1.32 r
  g_weight_0__u_weight/g_bank_0__u_macro/addr_i[0] (hs128x32_wrapper_127)
                                                                    0.00       1.32 r
  g_weight_0__u_weight/g_bank_0__u_macro/addr_i[0] (net)            0.00       1.32 r
  g_weight_0__u_weight/g_bank_0__u_macro/u_sram/A[0] (HS128X32)
                                                          0.31      0.00       1.32 r
  data arrival time                                                            1.32

  clock clk (rise edge)                                             4.00       4.00
  clock network delay (ideal)                                       0.00       4.00
  clock uncertainty                                                -0.15       3.85
  g_weight_0__u_weight/g_bank_0__u_macro/u_sram/CLK (HS128X32)      0.00       3.85 r
  library setup time                                               -0.18       3.67
  data required time                                                           3.67
  ------------------------------------------------------------------------------------
  data required time                                                           3.67
  data arrival time                                                           -1.32
  ------------------------------------------------------------------------------------
  slack (MET)                                                                  2.36


  Startpoint: cfg_word_i[0]
              (input port clocked by clk)
  Endpoint: g_weight_0__u_weight/g_bank_0__u_macro/u_sram
            (rising edge-triggered flip-flop clocked by clk)
  Path Group: clk
  Path Type: max

  Point                                       Fanout     Trans      Incr       Path
  ------------------------------------------------------------------------------------
  clock clk (rise edge)                                             0.00       0.00
  clock network delay (ideal)                                       0.00       0.00
  input external delay                                              0.50       0.50 r
  cfg_word_i[0] (in)                                      0.01      0.01       0.51 r
  cfg_word_i[0] (net)                           5                   0.00       0.51 r
  u_config/cfg_word_i[0] (stage1_config_frontend)                   0.00       0.51 r
  u_config/cfg_word_i[0] (net)                                      0.00       0.51 r
  u_config/U79/ZN (INV2_140P7T35R)                        0.02      0.01       0.52 f
  u_config/n34 (net)                            5                   0.00       0.52 f
  u_config/U96/ZN (AOI22V2_140P7T35R)                     0.02      0.02       0.54 r
  u_config/n3 (net)                             1                   0.00       0.54 r
  u_config/U97/ZN (OAI212V2_140P7T35R)                    0.02      0.02       0.56 f
  u_config/n6 (net)                             1                   0.00       0.56 f
  u_config/U102/ZN (NOR4V2_140P7T35R)                     0.03      0.03       0.60 r
  u_config/n19 (net)                            1                   0.00       0.60 r
  u_config/U118/ZN (NAND4V1P5_140P7T35R)                  0.04      0.03       0.63 f
  u_config/n207 (net)                           3                   0.00       0.63 f
  u_config/U41/ZN (NOR2V2_140P7T35R)                      0.04      0.04       0.67 r
  u_config/n106 (net)                           5                   0.00       0.67 r
  u_config/U195/ZN (NAND2XBV2_140P7T35R)                  0.02      0.02       0.69 f
  u_config/n28 (net)                            2                   0.00       0.69 f
  u_config/U197/ZN (NOR2V2_140P7T35R)                     0.03      0.02       0.71 r
  u_config/weight_load_en_o (net)               2                   0.00       0.71 r
  u_config/weight_load_en_o (stage1_config_frontend)                0.00       0.71 r
  weight_load_en_i (net)                                            0.00       0.71 r
  U1506/ZN (INV2_140P7T35R)                               0.02      0.02       0.73 f
  n771 (net)                                    4                   0.00       0.73 f
  U1525/ZN (NOR3V2_140P7T35R)                             0.05      0.04       0.77 r
  n774 (net)                                    4                   0.00       0.77 r
  U1531/ZN (NAND2V2_140P7T35R)                            0.38      0.23       0.99 f
  n369 (net)                                   17                   0.00       0.99 f
  U1707/ZN (AOI22V2_140P7T35R)                            0.31      0.32       1.32 r
  weight_addr[106] (net)                        8                   0.00       1.32 r
  g_weight_0__u_weight/addr_i[1] (sram_bank_128x256_15)             0.00       1.32 r
  g_weight_0__u_weight/addr_i[1] (net)                              0.00       1.32 r
  g_weight_0__u_weight/g_bank_0__u_macro/addr_i[1] (hs128x32_wrapper_127)
                                                                    0.00       1.32 r
  g_weight_0__u_weight/g_bank_0__u_macro/addr_i[1] (net)            0.00       1.32 r
  g_weight_0__u_weight/g_bank_0__u_macro/u_sram/A[1] (HS128X32)
                                                          0.31      0.00       1.32 r
  data arrival time                                                            1.32

  clock clk (rise edge)                                             4.00       4.00
  clock network delay (ideal)                                       0.00       4.00
  clock uncertainty                                                -0.15       3.85
  g_weight_0__u_weight/g_bank_0__u_macro/u_sram/CLK (HS128X32)      0.00       3.85 r
  library setup time                                               -0.18       3.67
  data required time                                                           3.67
  ------------------------------------------------------------------------------------
  data required time                                                           3.67
  data arrival time                                                           -1.32
  ------------------------------------------------------------------------------------
  slack (MET)                                                                  2.36


  Startpoint: cfg_word_i[0]
              (input port clocked by clk)
  Endpoint: g_weight_0__u_weight/g_bank_0__u_macro/u_sram
            (rising edge-triggered flip-flop clocked by clk)
  Path Group: clk
  Path Type: max

  Point                                       Fanout     Trans      Incr       Path
  ------------------------------------------------------------------------------------
  clock clk (rise edge)                                             0.00       0.00
  clock network delay (ideal)                                       0.00       0.00
  input external delay                                              0.50       0.50 r
  cfg_word_i[0] (in)                                      0.01      0.01       0.51 r
  cfg_word_i[0] (net)                           5                   0.00       0.51 r
  u_config/cfg_word_i[0] (stage1_config_frontend)                   0.00       0.51 r
  u_config/cfg_word_i[0] (net)                                      0.00       0.51 r
  u_config/U79/ZN (INV2_140P7T35R)                        0.02      0.01       0.52 f
  u_config/n34 (net)                            5                   0.00       0.52 f
  u_config/U96/ZN (AOI22V2_140P7T35R)                     0.02      0.02       0.54 r
  u_config/n3 (net)                             1                   0.00       0.54 r
  u_config/U97/ZN (OAI212V2_140P7T35R)                    0.02      0.02       0.56 f
  u_config/n6 (net)                             1                   0.00       0.56 f
  u_config/U102/ZN (NOR4V2_140P7T35R)                     0.03      0.03       0.60 r
  u_config/n19 (net)                            1                   0.00       0.60 r
  u_config/U118/ZN (NAND4V1P5_140P7T35R)                  0.04      0.03       0.63 f
  u_config/n207 (net)                           3                   0.00       0.63 f
  u_config/U41/ZN (NOR2V2_140P7T35R)                      0.04      0.04       0.67 r
  u_config/n106 (net)                           5                   0.00       0.67 r
  u_config/U195/ZN (NAND2XBV2_140P7T35R)                  0.02      0.02       0.69 f
  u_config/n28 (net)                            2                   0.00       0.69 f
  u_config/U197/ZN (NOR2V2_140P7T35R)                     0.03      0.02       0.71 r
  u_config/weight_load_en_o (net)               2                   0.00       0.71 r
  u_config/weight_load_en_o (stage1_config_frontend)                0.00       0.71 r
  weight_load_en_i (net)                                            0.00       0.71 r
  U1506/ZN (INV2_140P7T35R)                               0.02      0.02       0.73 f
  n771 (net)                                    4                   0.00       0.73 f
  U1525/ZN (NOR3V2_140P7T35R)                             0.05      0.04       0.77 r
  n774 (net)                                    4                   0.00       0.77 r
  U1531/ZN (NAND2V2_140P7T35R)                            0.38      0.23       0.99 f
  n369 (net)                                   17                   0.00       0.99 f
  U1708/ZN (AOI22V2_140P7T35R)                            0.31      0.32       1.32 r
  weight_addr[107] (net)                        8                   0.00       1.32 r
  g_weight_0__u_weight/addr_i[2] (sram_bank_128x256_15)             0.00       1.32 r
  g_weight_0__u_weight/addr_i[2] (net)                              0.00       1.32 r
  g_weight_0__u_weight/g_bank_0__u_macro/addr_i[2] (hs128x32_wrapper_127)
                                                                    0.00       1.32 r
  g_weight_0__u_weight/g_bank_0__u_macro/addr_i[2] (net)            0.00       1.32 r
  g_weight_0__u_weight/g_bank_0__u_macro/u_sram/A[2] (HS128X32)
                                                          0.31      0.00       1.32 r
  data arrival time                                                            1.32

  clock clk (rise edge)                                             4.00       4.00
  clock network delay (ideal)                                       0.00       4.00
  clock uncertainty                                                -0.15       3.85
  g_weight_0__u_weight/g_bank_0__u_macro/u_sram/CLK (HS128X32)      0.00       3.85 r
  library setup time                                               -0.18       3.67
  data required time                                                           3.67
  ------------------------------------------------------------------------------------
  data required time                                                           3.67
  data arrival time                                                           -1.32
  ------------------------------------------------------------------------------------
  slack (MET)                                                                  2.36


  Startpoint: cfg_word_i[0]
              (input port clocked by clk)
  Endpoint: g_weight_0__u_weight/g_bank_0__u_macro/u_sram
            (rising edge-triggered flip-flop clocked by clk)
  Path Group: clk
  Path Type: max

  Point                                       Fanout     Trans      Incr       Path
  ------------------------------------------------------------------------------------
  clock clk (rise edge)                                             0.00       0.00
  clock network delay (ideal)                                       0.00       0.00
  input external delay                                              0.50       0.50 r
  cfg_word_i[0] (in)                                      0.01      0.01       0.51 r
  cfg_word_i[0] (net)                           5                   0.00       0.51 r
  u_config/cfg_word_i[0] (stage1_config_frontend)                   0.00       0.51 r
  u_config/cfg_word_i[0] (net)                                      0.00       0.51 r
  u_config/U79/ZN (INV2_140P7T35R)                        0.02      0.01       0.52 f
  u_config/n34 (net)                            5                   0.00       0.52 f
  u_config/U96/ZN (AOI22V2_140P7T35R)                     0.02      0.02       0.54 r
  u_config/n3 (net)                             1                   0.00       0.54 r
  u_config/U97/ZN (OAI212V2_140P7T35R)                    0.02      0.02       0.56 f
  u_config/n6 (net)                             1                   0.00       0.56 f
  u_config/U102/ZN (NOR4V2_140P7T35R)                     0.03      0.03       0.60 r
  u_config/n19 (net)                            1                   0.00       0.60 r
  u_config/U118/ZN (NAND4V1P5_140P7T35R)                  0.04      0.03       0.63 f
  u_config/n207 (net)                           3                   0.00       0.63 f
  u_config/U41/ZN (NOR2V2_140P7T35R)                      0.04      0.04       0.67 r
  u_config/n106 (net)                           5                   0.00       0.67 r
  u_config/U195/ZN (NAND2XBV2_140P7T35R)                  0.02      0.02       0.69 f
  u_config/n28 (net)                            2                   0.00       0.69 f
  u_config/U197/ZN (NOR2V2_140P7T35R)                     0.03      0.02       0.71 r
  u_config/weight_load_en_o (net)               2                   0.00       0.71 r
  u_config/weight_load_en_o (stage1_config_frontend)                0.00       0.71 r
  weight_load_en_i (net)                                            0.00       0.71 r
  U1506/ZN (INV2_140P7T35R)                               0.02      0.02       0.73 f
  n771 (net)                                    4                   0.00       0.73 f
  U1525/ZN (NOR3V2_140P7T35R)                             0.05      0.04       0.77 r
  n774 (net)                                    4                   0.00       0.77 r
  U1531/ZN (NAND2V2_140P7T35R)                            0.38      0.23       0.99 f
  n369 (net)                                   17                   0.00       0.99 f
  U1709/ZN (AOI22V2_140P7T35R)                            0.31      0.32       1.32 r
  weight_addr[108] (net)                        8                   0.00       1.32 r
  g_weight_0__u_weight/addr_i[3] (sram_bank_128x256_15)             0.00       1.32 r
  g_weight_0__u_weight/addr_i[3] (net)                              0.00       1.32 r
  g_weight_0__u_weight/g_bank_0__u_macro/addr_i[3] (hs128x32_wrapper_127)
                                                                    0.00       1.32 r
  g_weight_0__u_weight/g_bank_0__u_macro/addr_i[3] (net)            0.00       1.32 r
  g_weight_0__u_weight/g_bank_0__u_macro/u_sram/A[3] (HS128X32)
                                                          0.31      0.00       1.32 r
  data arrival time                                                            1.32

  clock clk (rise edge)                                             4.00       4.00
  clock network delay (ideal)                                       0.00       4.00
  clock uncertainty                                                -0.15       3.85
  g_weight_0__u_weight/g_bank_0__u_macro/u_sram/CLK (HS128X32)      0.00       3.85 r
  library setup time                                               -0.18       3.67
  data required time                                                           3.67
  ------------------------------------------------------------------------------------
  data required time                                                           3.67
  data arrival time                                                           -1.32
  ------------------------------------------------------------------------------------
  slack (MET)                                                                  2.36


  Startpoint: cfg_word_i[0]
              (input port clocked by clk)
  Endpoint: g_weight_0__u_weight/g_bank_0__u_macro/u_sram
            (rising edge-triggered flip-flop clocked by clk)
  Path Group: clk
  Path Type: max

  Point                                       Fanout     Trans      Incr       Path
  ------------------------------------------------------------------------------------
  clock clk (rise edge)                                             0.00       0.00
  clock network delay (ideal)                                       0.00       0.00
  input external delay                                              0.50       0.50 r
  cfg_word_i[0] (in)                                      0.01      0.01       0.51 r
  cfg_word_i[0] (net)                           5                   0.00       0.51 r
  u_config/cfg_word_i[0] (stage1_config_frontend)                   0.00       0.51 r
  u_config/cfg_word_i[0] (net)                                      0.00       0.51 r
  u_config/U79/ZN (INV2_140P7T35R)                        0.02      0.01       0.52 f
  u_config/n34 (net)                            5                   0.00       0.52 f
  u_config/U96/ZN (AOI22V2_140P7T35R)                     0.02      0.02       0.54 r
  u_config/n3 (net)                             1                   0.00       0.54 r
  u_config/U97/ZN (OAI212V2_140P7T35R)                    0.02      0.02       0.56 f
  u_config/n6 (net)                             1                   0.00       0.56 f
  u_config/U102/ZN (NOR4V2_140P7T35R)                     0.03      0.03       0.60 r
  u_config/n19 (net)                            1                   0.00       0.60 r
  u_config/U118/ZN (NAND4V1P5_140P7T35R)                  0.04      0.03       0.63 f
  u_config/n207 (net)                           3                   0.00       0.63 f
  u_config/U41/ZN (NOR2V2_140P7T35R)                      0.04      0.04       0.67 r
  u_config/n106 (net)                           5                   0.00       0.67 r
  u_config/U195/ZN (NAND2XBV2_140P7T35R)                  0.02      0.02       0.69 f
  u_config/n28 (net)                            2                   0.00       0.69 f
  u_config/U197/ZN (NOR2V2_140P7T35R)                     0.03      0.02       0.71 r
  u_config/weight_load_en_o (net)               2                   0.00       0.71 r
  u_config/weight_load_en_o (stage1_config_frontend)                0.00       0.71 r
  weight_load_en_i (net)                                            0.00       0.71 r
  U1506/ZN (INV2_140P7T35R)                               0.02      0.02       0.73 f
  n771 (net)                                    4                   0.00       0.73 f
  U1525/ZN (NOR3V2_140P7T35R)                             0.05      0.04       0.77 r
  n774 (net)                                    4                   0.00       0.77 r
  U1531/ZN (NAND2V2_140P7T35R)                            0.38      0.23       0.99 f
  n369 (net)                                   17                   0.00       0.99 f
  U1710/ZN (AOI22V2_140P7T35R)                            0.31      0.32       1.32 r
  weight_addr[109] (net)                        8                   0.00       1.32 r
  g_weight_0__u_weight/addr_i[4] (sram_bank_128x256_15)             0.00       1.32 r
  g_weight_0__u_weight/addr_i[4] (net)                              0.00       1.32 r
  g_weight_0__u_weight/g_bank_0__u_macro/addr_i[4] (hs128x32_wrapper_127)
                                                                    0.00       1.32 r
  g_weight_0__u_weight/g_bank_0__u_macro/addr_i[4] (net)            0.00       1.32 r
  g_weight_0__u_weight/g_bank_0__u_macro/u_sram/A[4] (HS128X32)
                                                          0.31      0.00       1.32 r
  data arrival time                                                            1.32

  clock clk (rise edge)                                             4.00       4.00
  clock network delay (ideal)                                       0.00       4.00
  clock uncertainty                                                -0.15       3.85
  g_weight_0__u_weight/g_bank_0__u_macro/u_sram/CLK (HS128X32)      0.00       3.85 r
  library setup time                                               -0.18       3.67
  data required time                                                           3.67
  ------------------------------------------------------------------------------------
  data required time                                                           3.67
  data arrival time                                                           -1.32
  ------------------------------------------------------------------------------------
  slack (MET)                                                                  2.36


  Startpoint: cfg_word_i[0]
              (input port clocked by clk)
  Endpoint: g_weight_0__u_weight/g_bank_0__u_macro/u_sram
            (rising edge-triggered flip-flop clocked by clk)
  Path Group: clk
  Path Type: max

  Point                                       Fanout     Trans      Incr       Path
  ------------------------------------------------------------------------------------
  clock clk (rise edge)                                             0.00       0.00
  clock network delay (ideal)                                       0.00       0.00
  input external delay                                              0.50       0.50 r
  cfg_word_i[0] (in)                                      0.01      0.01       0.51 r
  cfg_word_i[0] (net)                           5                   0.00       0.51 r
  u_config/cfg_word_i[0] (stage1_config_frontend)                   0.00       0.51 r
  u_config/cfg_word_i[0] (net)                                      0.00       0.51 r
  u_config/U79/ZN (INV2_140P7T35R)                        0.02      0.01       0.52 f
  u_config/n34 (net)                            5                   0.00       0.52 f
  u_config/U96/ZN (AOI22V2_140P7T35R)                     0.02      0.02       0.54 r
  u_config/n3 (net)                             1                   0.00       0.54 r
  u_config/U97/ZN (OAI212V2_140P7T35R)                    0.02      0.02       0.56 f
  u_config/n6 (net)                             1                   0.00       0.56 f
  u_config/U102/ZN (NOR4V2_140P7T35R)                     0.03      0.03       0.60 r
  u_config/n19 (net)                            1                   0.00       0.60 r
  u_config/U118/ZN (NAND4V1P5_140P7T35R)                  0.04      0.03       0.63 f
  u_config/n207 (net)                           3                   0.00       0.63 f
  u_config/U41/ZN (NOR2V2_140P7T35R)                      0.04      0.04       0.67 r
  u_config/n106 (net)                           5                   0.00       0.67 r
  u_config/U195/ZN (NAND2XBV2_140P7T35R)                  0.02      0.02       0.69 f
  u_config/n28 (net)                            2                   0.00       0.69 f
  u_config/U197/ZN (NOR2V2_140P7T35R)                     0.03      0.02       0.71 r
  u_config/weight_load_en_o (net)               2                   0.00       0.71 r
  u_config/weight_load_en_o (stage1_config_frontend)                0.00       0.71 r
  weight_load_en_i (net)                                            0.00       0.71 r
  U1506/ZN (INV2_140P7T35R)                               0.02      0.02       0.73 f
  n771 (net)                                    4                   0.00       0.73 f
  U1525/ZN (NOR3V2_140P7T35R)                             0.05      0.04       0.77 r
  n774 (net)                                    4                   0.00       0.77 r
  U1531/ZN (NAND2V2_140P7T35R)                            0.38      0.23       0.99 f
  n369 (net)                                   17                   0.00       0.99 f
  U1711/ZN (AOI22V2_140P7T35R)                            0.31      0.32       1.32 r
  weight_addr[110] (net)                        8                   0.00       1.32 r
  g_weight_0__u_weight/addr_i[5] (sram_bank_128x256_15)             0.00       1.32 r
  g_weight_0__u_weight/addr_i[5] (net)                              0.00       1.32 r
  g_weight_0__u_weight/g_bank_0__u_macro/addr_i[5] (hs128x32_wrapper_127)
                                                                    0.00       1.32 r
  g_weight_0__u_weight/g_bank_0__u_macro/addr_i[5] (net)            0.00       1.32 r
  g_weight_0__u_weight/g_bank_0__u_macro/u_sram/A[5] (HS128X32)
                                                          0.31      0.00       1.32 r
  data arrival time                                                            1.32

  clock clk (rise edge)                                             4.00       4.00
  clock network delay (ideal)                                       0.00       4.00
  clock uncertainty                                                -0.15       3.85
  g_weight_0__u_weight/g_bank_0__u_macro/u_sram/CLK (HS128X32)      0.00       3.85 r
  library setup time                                               -0.18       3.67
  data required time                                                           3.67
  ------------------------------------------------------------------------------------
  data required time                                                           3.67
  data arrival time                                                           -1.32
  ------------------------------------------------------------------------------------
  slack (MET)                                                                  2.36


  Startpoint: cfg_word_i[0]
              (input port clocked by clk)
  Endpoint: g_weight_0__u_weight/g_bank_0__u_macro/u_sram
            (rising edge-triggered flip-flop clocked by clk)
  Path Group: clk
  Path Type: max

  Point                                       Fanout     Trans      Incr       Path
  ------------------------------------------------------------------------------------
  clock clk (rise edge)                                             0.00       0.00
  clock network delay (ideal)                                       0.00       0.00
  input external delay                                              0.50       0.50 r
  cfg_word_i[0] (in)                                      0.01      0.01       0.51 r
  cfg_word_i[0] (net)                           5                   0.00       0.51 r
  u_config/cfg_word_i[0] (stage1_config_frontend)                   0.00       0.51 r
  u_config/cfg_word_i[0] (net)                                      0.00       0.51 r
  u_config/U79/ZN (INV2_140P7T35R)                        0.02      0.01       0.52 f
  u_config/n34 (net)                            5                   0.00       0.52 f
  u_config/U96/ZN (AOI22V2_140P7T35R)                     0.02      0.02       0.54 r
  u_config/n3 (net)                             1                   0.00       0.54 r
  u_config/U97/ZN (OAI212V2_140P7T35R)                    0.02      0.02       0.56 f
  u_config/n6 (net)                             1                   0.00       0.56 f
  u_config/U102/ZN (NOR4V2_140P7T35R)                     0.03      0.03       0.60 r
  u_config/n19 (net)                            1                   0.00       0.60 r
  u_config/U118/ZN (NAND4V1P5_140P7T35R)                  0.04      0.03       0.63 f
  u_config/n207 (net)                           3                   0.00       0.63 f
  u_config/U41/ZN (NOR2V2_140P7T35R)                      0.04      0.04       0.67 r
  u_config/n106 (net)                           5                   0.00       0.67 r
  u_config/U195/ZN (NAND2XBV2_140P7T35R)                  0.02      0.02       0.69 f
  u_config/n28 (net)                            2                   0.00       0.69 f
  u_config/U197/ZN (NOR2V2_140P7T35R)                     0.03      0.02       0.71 r
  u_config/weight_load_en_o (net)               2                   0.00       0.71 r
  u_config/weight_load_en_o (stage1_config_frontend)                0.00       0.71 r
  weight_load_en_i (net)                                            0.00       0.71 r
  U1506/ZN (INV2_140P7T35R)                               0.02      0.02       0.73 f
  n771 (net)                                    4                   0.00       0.73 f
  U1525/ZN (NOR3V2_140P7T35R)                             0.05      0.04       0.77 r
  n774 (net)                                    4                   0.00       0.77 r
  U1531/ZN (NAND2V2_140P7T35R)                            0.38      0.23       0.99 f
  n369 (net)                                   17                   0.00       0.99 f
  U1712/ZN (AOI22V2_140P7T35R)                            0.31      0.32       1.32 r
  weight_addr[111] (net)                        8                   0.00       1.32 r
  g_weight_0__u_weight/addr_i[6] (sram_bank_128x256_15)             0.00       1.32 r
  g_weight_0__u_weight/addr_i[6] (net)                              0.00       1.32 r
  g_weight_0__u_weight/g_bank_0__u_macro/addr_i[6] (hs128x32_wrapper_127)
                                                                    0.00       1.32 r
  g_weight_0__u_weight/g_bank_0__u_macro/addr_i[6] (net)            0.00       1.32 r
  g_weight_0__u_weight/g_bank_0__u_macro/u_sram/A[6] (HS128X32)
                                                          0.31      0.00       1.32 r
  data arrival time                                                            1.32

  clock clk (rise edge)                                             4.00       4.00
  clock network delay (ideal)                                       0.00       4.00
  clock uncertainty                                                -0.15       3.85
  g_weight_0__u_weight/g_bank_0__u_macro/u_sram/CLK (HS128X32)      0.00       3.85 r
  library setup time                                               -0.18       3.67
  data required time                                                           3.67
  ------------------------------------------------------------------------------------
  data required time                                                           3.67
  data arrival time                                                           -1.32
  ------------------------------------------------------------------------------------
  slack (MET)                                                                  2.36


  Startpoint: cfg_word_i[0]
              (input port clocked by clk)
  Endpoint: g_weight_0__u_weight/g_bank_1__u_macro/u_sram
            (rising edge-triggered flip-flop clocked by clk)
  Path Group: clk
  Path Type: max

  Point                                       Fanout     Trans      Incr       Path
  ------------------------------------------------------------------------------------
  clock clk (rise edge)                                             0.00       0.00
  clock network delay (ideal)                                       0.00       0.00
  input external delay                                              0.50       0.50 r
  cfg_word_i[0] (in)                                      0.01      0.01       0.51 r
  cfg_word_i[0] (net)                           5                   0.00       0.51 r
  u_config/cfg_word_i[0] (stage1_config_frontend)                   0.00       0.51 r
  u_config/cfg_word_i[0] (net)                                      0.00       0.51 r
  u_config/U79/ZN (INV2_140P7T35R)                        0.02      0.01       0.52 f
  u_config/n34 (net)                            5                   0.00       0.52 f
  u_config/U96/ZN (AOI22V2_140P7T35R)                     0.02      0.02       0.54 r
  u_config/n3 (net)                             1                   0.00       0.54 r
  u_config/U97/ZN (OAI212V2_140P7T35R)                    0.02      0.02       0.56 f
  u_config/n6 (net)                             1                   0.00       0.56 f
  u_config/U102/ZN (NOR4V2_140P7T35R)                     0.03      0.03       0.60 r
  u_config/n19 (net)                            1                   0.00       0.60 r
  u_config/U118/ZN (NAND4V1P5_140P7T35R)                  0.04      0.03       0.63 f
  u_config/n207 (net)                           3                   0.00       0.63 f
  u_config/U41/ZN (NOR2V2_140P7T35R)                      0.04      0.04       0.67 r
  u_config/n106 (net)                           5                   0.00       0.67 r
  u_config/U195/ZN (NAND2XBV2_140P7T35R)                  0.02      0.02       0.69 f
  u_config/n28 (net)                            2                   0.00       0.69 f
  u_config/U197/ZN (NOR2V2_140P7T35R)                     0.03      0.02       0.71 r
  u_config/weight_load_en_o (net)               2                   0.00       0.71 r
  u_config/weight_load_en_o (stage1_config_frontend)                0.00       0.71 r
  weight_load_en_i (net)                                            0.00       0.71 r
  U1506/ZN (INV2_140P7T35R)                               0.02      0.02       0.73 f
  n771 (net)                                    4                   0.00       0.73 f
  U1525/ZN (NOR3V2_140P7T35R)                             0.05      0.04       0.77 r
  n774 (net)                                    4                   0.00       0.77 r
  U1531/ZN (NAND2V2_140P7T35R)                            0.38      0.23       0.99 f
  n369 (net)                                   17                   0.00       0.99 f
  U1706/ZN (AOI22V2_140P7T35R)                            0.31      0.32       1.32 r
  weight_addr[105] (net)                        8                   0.00       1.32 r
  g_weight_0__u_weight/addr_i[0] (sram_bank_128x256_15)             0.00       1.32 r
  g_weight_0__u_weight/addr_i[0] (net)                              0.00       1.32 r
  g_weight_0__u_weight/g_bank_1__u_macro/addr_i[0] (hs128x32_wrapper_126)
                                                                    0.00       1.32 r
  g_weight_0__u_weight/g_bank_1__u_macro/addr_i[0] (net)            0.00       1.32 r
  g_weight_0__u_weight/g_bank_1__u_macro/u_sram/A[0] (HS128X32)
                                                          0.31      0.00       1.32 r
  data arrival time                                                            1.32

  clock clk (rise edge)                                             4.00       4.00
  clock network delay (ideal)                                       0.00       4.00
  clock uncertainty                                                -0.15       3.85
  g_weight_0__u_weight/g_bank_1__u_macro/u_sram/CLK (HS128X32)      0.00       3.85 r
  library setup time                                               -0.18       3.67
  data required time                                                           3.67
  ------------------------------------------------------------------------------------
  data required time                                                           3.67
  data arrival time                                                           -1.32
  ------------------------------------------------------------------------------------
  slack (MET)                                                                  2.36


  Startpoint: cfg_word_i[0]
              (input port clocked by clk)
  Endpoint: g_weight_0__u_weight/g_bank_1__u_macro/u_sram
            (rising edge-triggered flip-flop clocked by clk)
  Path Group: clk
  Path Type: max

  Point                                       Fanout     Trans      Incr       Path
  ------------------------------------------------------------------------------------
  clock clk (rise edge)                                             0.00       0.00
  clock network delay (ideal)                                       0.00       0.00
  input external delay                                              0.50       0.50 r
  cfg_word_i[0] (in)                                      0.01      0.01       0.51 r
  cfg_word_i[0] (net)                           5                   0.00       0.51 r
  u_config/cfg_word_i[0] (stage1_config_frontend)                   0.00       0.51 r
  u_config/cfg_word_i[0] (net)                                      0.00       0.51 r
  u_config/U79/ZN (INV2_140P7T35R)                        0.02      0.01       0.52 f
  u_config/n34 (net)                            5                   0.00       0.52 f
  u_config/U96/ZN (AOI22V2_140P7T35R)                     0.02      0.02       0.54 r
  u_config/n3 (net)                             1                   0.00       0.54 r
  u_config/U97/ZN (OAI212V2_140P7T35R)                    0.02      0.02       0.56 f
  u_config/n6 (net)                             1                   0.00       0.56 f
  u_config/U102/ZN (NOR4V2_140P7T35R)                     0.03      0.03       0.60 r
  u_config/n19 (net)                            1                   0.00       0.60 r
  u_config/U118/ZN (NAND4V1P5_140P7T35R)                  0.04      0.03       0.63 f
  u_config/n207 (net)                           3                   0.00       0.63 f
  u_config/U41/ZN (NOR2V2_140P7T35R)                      0.04      0.04       0.67 r
  u_config/n106 (net)                           5                   0.00       0.67 r
  u_config/U195/ZN (NAND2XBV2_140P7T35R)                  0.02      0.02       0.69 f
  u_config/n28 (net)                            2                   0.00       0.69 f
  u_config/U197/ZN (NOR2V2_140P7T35R)                     0.03      0.02       0.71 r
  u_config/weight_load_en_o (net)               2                   0.00       0.71 r
  u_config/weight_load_en_o (stage1_config_frontend)                0.00       0.71 r
  weight_load_en_i (net)                                            0.00       0.71 r
  U1506/ZN (INV2_140P7T35R)                               0.02      0.02       0.73 f
  n771 (net)                                    4                   0.00       0.73 f
  U1525/ZN (NOR3V2_140P7T35R)                             0.05      0.04       0.77 r
  n774 (net)                                    4                   0.00       0.77 r
  U1531/ZN (NAND2V2_140P7T35R)                            0.38      0.23       0.99 f
  n369 (net)                                   17                   0.00       0.99 f
  U1707/ZN (AOI22V2_140P7T35R)                            0.31      0.32       1.32 r
  weight_addr[106] (net)                        8                   0.00       1.32 r
  g_weight_0__u_weight/addr_i[1] (sram_bank_128x256_15)             0.00       1.32 r
  g_weight_0__u_weight/addr_i[1] (net)                              0.00       1.32 r
  g_weight_0__u_weight/g_bank_1__u_macro/addr_i[1] (hs128x32_wrapper_126)
                                                                    0.00       1.32 r
  g_weight_0__u_weight/g_bank_1__u_macro/addr_i[1] (net)            0.00       1.32 r
  g_weight_0__u_weight/g_bank_1__u_macro/u_sram/A[1] (HS128X32)
                                                          0.31      0.00       1.32 r
  data arrival time                                                            1.32

  clock clk (rise edge)                                             4.00       4.00
  clock network delay (ideal)                                       0.00       4.00
  clock uncertainty                                                -0.15       3.85
  g_weight_0__u_weight/g_bank_1__u_macro/u_sram/CLK (HS128X32)      0.00       3.85 r
  library setup time                                               -0.18       3.67
  data required time                                                           3.67
  ------------------------------------------------------------------------------------
  data required time                                                           3.67
  data arrival time                                                           -1.32
  ------------------------------------------------------------------------------------
  slack (MET)                                                                  2.36


  Startpoint: cfg_word_i[0]
              (input port clocked by clk)
  Endpoint: g_weight_0__u_weight/g_bank_1__u_macro/u_sram
            (rising edge-triggered flip-flop clocked by clk)
  Path Group: clk
  Path Type: max

  Point                                       Fanout     Trans      Incr       Path
  ------------------------------------------------------------------------------------
  clock clk (rise edge)                                             0.00       0.00
  clock network delay (ideal)                                       0.00       0.00
  input external delay                                              0.50       0.50 r
  cfg_word_i[0] (in)                                      0.01      0.01       0.51 r
  cfg_word_i[0] (net)                           5                   0.00       0.51 r
  u_config/cfg_word_i[0] (stage1_config_frontend)                   0.00       0.51 r
  u_config/cfg_word_i[0] (net)                                      0.00       0.51 r
  u_config/U79/ZN (INV2_140P7T35R)                        0.02      0.01       0.52 f
  u_config/n34 (net)                            5                   0.00       0.52 f
  u_config/U96/ZN (AOI22V2_140P7T35R)                     0.02      0.02       0.54 r
  u_config/n3 (net)                             1                   0.00       0.54 r
  u_config/U97/ZN (OAI212V2_140P7T35R)                    0.02      0.02       0.56 f
  u_config/n6 (net)                             1                   0.00       0.56 f
  u_config/U102/ZN (NOR4V2_140P7T35R)                     0.03      0.03       0.60 r
  u_config/n19 (net)                            1                   0.00       0.60 r
  u_config/U118/ZN (NAND4V1P5_140P7T35R)                  0.04      0.03       0.63 f
  u_config/n207 (net)                           3                   0.00       0.63 f
  u_config/U41/ZN (NOR2V2_140P7T35R)                      0.04      0.04       0.67 r
  u_config/n106 (net)                           5                   0.00       0.67 r
  u_config/U195/ZN (NAND2XBV2_140P7T35R)                  0.02      0.02       0.69 f
  u_config/n28 (net)                            2                   0.00       0.69 f
  u_config/U197/ZN (NOR2V2_140P7T35R)                     0.03      0.02       0.71 r
  u_config/weight_load_en_o (net)               2                   0.00       0.71 r
  u_config/weight_load_en_o (stage1_config_frontend)                0.00       0.71 r
  weight_load_en_i (net)                                            0.00       0.71 r
  U1506/ZN (INV2_140P7T35R)                               0.02      0.02       0.73 f
  n771 (net)                                    4                   0.00       0.73 f
  U1525/ZN (NOR3V2_140P7T35R)                             0.05      0.04       0.77 r
  n774 (net)                                    4                   0.00       0.77 r
  U1531/ZN (NAND2V2_140P7T35R)                            0.38      0.23       0.99 f
  n369 (net)                                   17                   0.00       0.99 f
  U1708/ZN (AOI22V2_140P7T35R)                            0.31      0.32       1.32 r
  weight_addr[107] (net)                        8                   0.00       1.32 r
  g_weight_0__u_weight/addr_i[2] (sram_bank_128x256_15)             0.00       1.32 r
  g_weight_0__u_weight/addr_i[2] (net)                              0.00       1.32 r
  g_weight_0__u_weight/g_bank_1__u_macro/addr_i[2] (hs128x32_wrapper_126)
                                                                    0.00       1.32 r
  g_weight_0__u_weight/g_bank_1__u_macro/addr_i[2] (net)            0.00       1.32 r
  g_weight_0__u_weight/g_bank_1__u_macro/u_sram/A[2] (HS128X32)
                                                          0.31      0.00       1.32 r
  data arrival time                                                            1.32

  clock clk (rise edge)                                             4.00       4.00
  clock network delay (ideal)                                       0.00       4.00
  clock uncertainty                                                -0.15       3.85
  g_weight_0__u_weight/g_bank_1__u_macro/u_sram/CLK (HS128X32)      0.00       3.85 r
  library setup time                                               -0.18       3.67
  data required time                                                           3.67
  ------------------------------------------------------------------------------------
  data required time                                                           3.67
  data arrival time                                                           -1.32
  ------------------------------------------------------------------------------------
  slack (MET)                                                                  2.36


  Startpoint: cfg_word_i[0]
              (input port clocked by clk)
  Endpoint: g_weight_0__u_weight/g_bank_1__u_macro/u_sram
            (rising edge-triggered flip-flop clocked by clk)
  Path Group: clk
  Path Type: max

  Point                                       Fanout     Trans      Incr       Path
  ------------------------------------------------------------------------------------
  clock clk (rise edge)                                             0.00       0.00
  clock network delay (ideal)                                       0.00       0.00
  input external delay                                              0.50       0.50 r
  cfg_word_i[0] (in)                                      0.01      0.01       0.51 r
  cfg_word_i[0] (net)                           5                   0.00       0.51 r
  u_config/cfg_word_i[0] (stage1_config_frontend)                   0.00       0.51 r
  u_config/cfg_word_i[0] (net)                                      0.00       0.51 r
  u_config/U79/ZN (INV2_140P7T35R)                        0.02      0.01       0.52 f
  u_config/n34 (net)                            5                   0.00       0.52 f
  u_config/U96/ZN (AOI22V2_140P7T35R)                     0.02      0.02       0.54 r
  u_config/n3 (net)                             1                   0.00       0.54 r
  u_config/U97/ZN (OAI212V2_140P7T35R)                    0.02      0.02       0.56 f
  u_config/n6 (net)                             1                   0.00       0.56 f
  u_config/U102/ZN (NOR4V2_140P7T35R)                     0.03      0.03       0.60 r
  u_config/n19 (net)                            1                   0.00       0.60 r
  u_config/U118/ZN (NAND4V1P5_140P7T35R)                  0.04      0.03       0.63 f
  u_config/n207 (net)                           3                   0.00       0.63 f
  u_config/U41/ZN (NOR2V2_140P7T35R)                      0.04      0.04       0.67 r
  u_config/n106 (net)                           5                   0.00       0.67 r
  u_config/U195/ZN (NAND2XBV2_140P7T35R)                  0.02      0.02       0.69 f
  u_config/n28 (net)                            2                   0.00       0.69 f
  u_config/U197/ZN (NOR2V2_140P7T35R)                     0.03      0.02       0.71 r
  u_config/weight_load_en_o (net)               2                   0.00       0.71 r
  u_config/weight_load_en_o (stage1_config_frontend)                0.00       0.71 r
  weight_load_en_i (net)                                            0.00       0.71 r
  U1506/ZN (INV2_140P7T35R)                               0.02      0.02       0.73 f
  n771 (net)                                    4                   0.00       0.73 f
  U1525/ZN (NOR3V2_140P7T35R)                             0.05      0.04       0.77 r
  n774 (net)                                    4                   0.00       0.77 r
  U1531/ZN (NAND2V2_140P7T35R)                            0.38      0.23       0.99 f
  n369 (net)                                   17                   0.00       0.99 f
  U1709/ZN (AOI22V2_140P7T35R)                            0.31      0.32       1.32 r
  weight_addr[108] (net)                        8                   0.00       1.32 r
  g_weight_0__u_weight/addr_i[3] (sram_bank_128x256_15)             0.00       1.32 r
  g_weight_0__u_weight/addr_i[3] (net)                              0.00       1.32 r
  g_weight_0__u_weight/g_bank_1__u_macro/addr_i[3] (hs128x32_wrapper_126)
                                                                    0.00       1.32 r
  g_weight_0__u_weight/g_bank_1__u_macro/addr_i[3] (net)            0.00       1.32 r
  g_weight_0__u_weight/g_bank_1__u_macro/u_sram/A[3] (HS128X32)
                                                          0.31      0.00       1.32 r
  data arrival time                                                            1.32

  clock clk (rise edge)                                             4.00       4.00
  clock network delay (ideal)                                       0.00       4.00
  clock uncertainty                                                -0.15       3.85
  g_weight_0__u_weight/g_bank_1__u_macro/u_sram/CLK (HS128X32)      0.00       3.85 r
  library setup time                                               -0.18       3.67
  data required time                                                           3.67
  ------------------------------------------------------------------------------------
  data required time                                                           3.67
  data arrival time                                                           -1.32
  ------------------------------------------------------------------------------------
  slack (MET)                                                                  2.36


  Startpoint: cfg_word_i[0]
              (input port clocked by clk)
  Endpoint: g_weight_0__u_weight/g_bank_1__u_macro/u_sram
            (rising edge-triggered flip-flop clocked by clk)
  Path Group: clk
  Path Type: max

  Point                                       Fanout     Trans      Incr       Path
  ------------------------------------------------------------------------------------
  clock clk (rise edge)                                             0.00       0.00
  clock network delay (ideal)                                       0.00       0.00
  input external delay                                              0.50       0.50 r
  cfg_word_i[0] (in)                                      0.01      0.01       0.51 r
  cfg_word_i[0] (net)                           5                   0.00       0.51 r
  u_config/cfg_word_i[0] (stage1_config_frontend)                   0.00       0.51 r
  u_config/cfg_word_i[0] (net)                                      0.00       0.51 r
  u_config/U79/ZN (INV2_140P7T35R)                        0.02      0.01       0.52 f
  u_config/n34 (net)                            5                   0.00       0.52 f
  u_config/U96/ZN (AOI22V2_140P7T35R)                     0.02      0.02       0.54 r
  u_config/n3 (net)                             1                   0.00       0.54 r
  u_config/U97/ZN (OAI212V2_140P7T35R)                    0.02      0.02       0.56 f
  u_config/n6 (net)                             1                   0.00       0.56 f
  u_config/U102/ZN (NOR4V2_140P7T35R)                     0.03      0.03       0.60 r
  u_config/n19 (net)                            1                   0.00       0.60 r
  u_config/U118/ZN (NAND4V1P5_140P7T35R)                  0.04      0.03       0.63 f
  u_config/n207 (net)                           3                   0.00       0.63 f
  u_config/U41/ZN (NOR2V2_140P7T35R)                      0.04      0.04       0.67 r
  u_config/n106 (net)                           5                   0.00       0.67 r
  u_config/U195/ZN (NAND2XBV2_140P7T35R)                  0.02      0.02       0.69 f
  u_config/n28 (net)                            2                   0.00       0.69 f
  u_config/U197/ZN (NOR2V2_140P7T35R)                     0.03      0.02       0.71 r
  u_config/weight_load_en_o (net)               2                   0.00       0.71 r
  u_config/weight_load_en_o (stage1_config_frontend)                0.00       0.71 r
  weight_load_en_i (net)                                            0.00       0.71 r
  U1506/ZN (INV2_140P7T35R)                               0.02      0.02       0.73 f
  n771 (net)                                    4                   0.00       0.73 f
  U1525/ZN (NOR3V2_140P7T35R)                             0.05      0.04       0.77 r
  n774 (net)                                    4                   0.00       0.77 r
  U1531/ZN (NAND2V2_140P7T35R)                            0.38      0.23       0.99 f
  n369 (net)                                   17                   0.00       0.99 f
  U1710/ZN (AOI22V2_140P7T35R)                            0.31      0.32       1.32 r
  weight_addr[109] (net)                        8                   0.00       1.32 r
  g_weight_0__u_weight/addr_i[4] (sram_bank_128x256_15)             0.00       1.32 r
  g_weight_0__u_weight/addr_i[4] (net)                              0.00       1.32 r
  g_weight_0__u_weight/g_bank_1__u_macro/addr_i[4] (hs128x32_wrapper_126)
                                                                    0.00       1.32 r
  g_weight_0__u_weight/g_bank_1__u_macro/addr_i[4] (net)            0.00       1.32 r
  g_weight_0__u_weight/g_bank_1__u_macro/u_sram/A[4] (HS128X32)
                                                          0.31      0.00       1.32 r
  data arrival time                                                            1.32

  clock clk (rise edge)                                             4.00       4.00
  clock network delay (ideal)                                       0.00       4.00
  clock uncertainty                                                -0.15       3.85
  g_weight_0__u_weight/g_bank_1__u_macro/u_sram/CLK (HS128X32)      0.00       3.85 r
  library setup time                                               -0.18       3.67
  data required time                                                           3.67
  ------------------------------------------------------------------------------------
  data required time                                                           3.67
  data arrival time                                                           -1.32
  ------------------------------------------------------------------------------------
  slack (MET)                                                                  2.36


  Startpoint: cfg_word_i[0]
              (input port clocked by clk)
  Endpoint: g_weight_0__u_weight/g_bank_1__u_macro/u_sram
            (rising edge-triggered flip-flop clocked by clk)
  Path Group: clk
  Path Type: max

  Point                                       Fanout     Trans      Incr       Path
  ------------------------------------------------------------------------------------
  clock clk (rise edge)                                             0.00       0.00
  clock network delay (ideal)                                       0.00       0.00
  input external delay                                              0.50       0.50 r
  cfg_word_i[0] (in)                                      0.01      0.01       0.51 r
  cfg_word_i[0] (net)                           5                   0.00       0.51 r
  u_config/cfg_word_i[0] (stage1_config_frontend)                   0.00       0.51 r
  u_config/cfg_word_i[0] (net)                                      0.00       0.51 r
  u_config/U79/ZN (INV2_140P7T35R)                        0.02      0.01       0.52 f
  u_config/n34 (net)                            5                   0.00       0.52 f
  u_config/U96/ZN (AOI22V2_140P7T35R)                     0.02      0.02       0.54 r
  u_config/n3 (net)                             1                   0.00       0.54 r
  u_config/U97/ZN (OAI212V2_140P7T35R)                    0.02      0.02       0.56 f
  u_config/n6 (net)                             1                   0.00       0.56 f
  u_config/U102/ZN (NOR4V2_140P7T35R)                     0.03      0.03       0.60 r
  u_config/n19 (net)                            1                   0.00       0.60 r
  u_config/U118/ZN (NAND4V1P5_140P7T35R)                  0.04      0.03       0.63 f
  u_config/n207 (net)                           3                   0.00       0.63 f
  u_config/U41/ZN (NOR2V2_140P7T35R)                      0.04      0.04       0.67 r
  u_config/n106 (net)                           5                   0.00       0.67 r
  u_config/U195/ZN (NAND2XBV2_140P7T35R)                  0.02      0.02       0.69 f
  u_config/n28 (net)                            2                   0.00       0.69 f
  u_config/U197/ZN (NOR2V2_140P7T35R)                     0.03      0.02       0.71 r
  u_config/weight_load_en_o (net)               2                   0.00       0.71 r
  u_config/weight_load_en_o (stage1_config_frontend)                0.00       0.71 r
  weight_load_en_i (net)                                            0.00       0.71 r
  U1506/ZN (INV2_140P7T35R)                               0.02      0.02       0.73 f
  n771 (net)                                    4                   0.00       0.73 f
  U1525/ZN (NOR3V2_140P7T35R)                             0.05      0.04       0.77 r
  n774 (net)                                    4                   0.00       0.77 r
  U1531/ZN (NAND2V2_140P7T35R)                            0.38      0.23       0.99 f
  n369 (net)                                   17                   0.00       0.99 f
  U1711/ZN (AOI22V2_140P7T35R)                            0.31      0.32       1.32 r
  weight_addr[110] (net)                        8                   0.00       1.32 r
  g_weight_0__u_weight/addr_i[5] (sram_bank_128x256_15)             0.00       1.32 r
  g_weight_0__u_weight/addr_i[5] (net)                              0.00       1.32 r
  g_weight_0__u_weight/g_bank_1__u_macro/addr_i[5] (hs128x32_wrapper_126)
                                                                    0.00       1.32 r
  g_weight_0__u_weight/g_bank_1__u_macro/addr_i[5] (net)            0.00       1.32 r
  g_weight_0__u_weight/g_bank_1__u_macro/u_sram/A[5] (HS128X32)
                                                          0.31      0.00       1.32 r
  data arrival time                                                            1.32

  clock clk (rise edge)                                             4.00       4.00
  clock network delay (ideal)                                       0.00       4.00
  clock uncertainty                                                -0.15       3.85
  g_weight_0__u_weight/g_bank_1__u_macro/u_sram/CLK (HS128X32)      0.00       3.85 r
  library setup time                                               -0.18       3.67
  data required time                                                           3.67
  ------------------------------------------------------------------------------------
  data required time                                                           3.67
  data arrival time                                                           -1.32
  ------------------------------------------------------------------------------------
  slack (MET)                                                                  2.36


  Startpoint: cfg_word_i[0]
              (input port clocked by clk)
  Endpoint: g_weight_0__u_weight/g_bank_1__u_macro/u_sram
            (rising edge-triggered flip-flop clocked by clk)
  Path Group: clk
  Path Type: max

  Point                                       Fanout     Trans      Incr       Path
  ------------------------------------------------------------------------------------
  clock clk (rise edge)                                             0.00       0.00
  clock network delay (ideal)                                       0.00       0.00
  input external delay                                              0.50       0.50 r
  cfg_word_i[0] (in)                                      0.01      0.01       0.51 r
  cfg_word_i[0] (net)                           5                   0.00       0.51 r
  u_config/cfg_word_i[0] (stage1_config_frontend)                   0.00       0.51 r
  u_config/cfg_word_i[0] (net)                                      0.00       0.51 r
  u_config/U79/ZN (INV2_140P7T35R)                        0.02      0.01       0.52 f
  u_config/n34 (net)                            5                   0.00       0.52 f
  u_config/U96/ZN (AOI22V2_140P7T35R)                     0.02      0.02       0.54 r
  u_config/n3 (net)                             1                   0.00       0.54 r
  u_config/U97/ZN (OAI212V2_140P7T35R)                    0.02      0.02       0.56 f
  u_config/n6 (net)                             1                   0.00       0.56 f
  u_config/U102/ZN (NOR4V2_140P7T35R)                     0.03      0.03       0.60 r
  u_config/n19 (net)                            1                   0.00       0.60 r
  u_config/U118/ZN (NAND4V1P5_140P7T35R)                  0.04      0.03       0.63 f
  u_config/n207 (net)                           3                   0.00       0.63 f
  u_config/U41/ZN (NOR2V2_140P7T35R)                      0.04      0.04       0.67 r
  u_config/n106 (net)                           5                   0.00       0.67 r
  u_config/U195/ZN (NAND2XBV2_140P7T35R)                  0.02      0.02       0.69 f
  u_config/n28 (net)                            2                   0.00       0.69 f
  u_config/U197/ZN (NOR2V2_140P7T35R)                     0.03      0.02       0.71 r
  u_config/weight_load_en_o (net)               2                   0.00       0.71 r
  u_config/weight_load_en_o (stage1_config_frontend)                0.00       0.71 r
  weight_load_en_i (net)                                            0.00       0.71 r
  U1506/ZN (INV2_140P7T35R)                               0.02      0.02       0.73 f
  n771 (net)                                    4                   0.00       0.73 f
  U1525/ZN (NOR3V2_140P7T35R)                             0.05      0.04       0.77 r
  n774 (net)                                    4                   0.00       0.77 r
  U1531/ZN (NAND2V2_140P7T35R)                            0.38      0.23       0.99 f
  n369 (net)                                   17                   0.00       0.99 f
  U1712/ZN (AOI22V2_140P7T35R)                            0.31      0.32       1.32 r
  weight_addr[111] (net)                        8                   0.00       1.32 r
  g_weight_0__u_weight/addr_i[6] (sram_bank_128x256_15)             0.00       1.32 r
  g_weight_0__u_weight/addr_i[6] (net)                              0.00       1.32 r
  g_weight_0__u_weight/g_bank_1__u_macro/addr_i[6] (hs128x32_wrapper_126)
                                                                    0.00       1.32 r
  g_weight_0__u_weight/g_bank_1__u_macro/addr_i[6] (net)            0.00       1.32 r
  g_weight_0__u_weight/g_bank_1__u_macro/u_sram/A[6] (HS128X32)
                                                          0.31      0.00       1.32 r
  data arrival time                                                            1.32

  clock clk (rise edge)                                             4.00       4.00
  clock network delay (ideal)                                       0.00       4.00
  clock uncertainty                                                -0.15       3.85
  g_weight_0__u_weight/g_bank_1__u_macro/u_sram/CLK (HS128X32)      0.00       3.85 r
  library setup time                                               -0.18       3.67
  data required time                                                           3.67
  ------------------------------------------------------------------------------------
  data required time                                                           3.67
  data arrival time                                                           -1.32
  ------------------------------------------------------------------------------------
  slack (MET)                                                                  2.36


  Startpoint: cfg_word_i[0]
              (input port clocked by clk)
  Endpoint: g_weight_0__u_weight/g_bank_2__u_macro/u_sram
            (rising edge-triggered flip-flop clocked by clk)
  Path Group: clk
  Path Type: max

  Point                                       Fanout     Trans      Incr       Path
  ------------------------------------------------------------------------------------
  clock clk (rise edge)                                             0.00       0.00
  clock network delay (ideal)                                       0.00       0.00
  input external delay                                              0.50       0.50 r
  cfg_word_i[0] (in)                                      0.01      0.01       0.51 r
  cfg_word_i[0] (net)                           5                   0.00       0.51 r
  u_config/cfg_word_i[0] (stage1_config_frontend)                   0.00       0.51 r
  u_config/cfg_word_i[0] (net)                                      0.00       0.51 r
  u_config/U79/ZN (INV2_140P7T35R)                        0.02      0.01       0.52 f
  u_config/n34 (net)                            5                   0.00       0.52 f
  u_config/U96/ZN (AOI22V2_140P7T35R)                     0.02      0.02       0.54 r
  u_config/n3 (net)                             1                   0.00       0.54 r
  u_config/U97/ZN (OAI212V2_140P7T35R)                    0.02      0.02       0.56 f
  u_config/n6 (net)                             1                   0.00       0.56 f
  u_config/U102/ZN (NOR4V2_140P7T35R)                     0.03      0.03       0.60 r
  u_config/n19 (net)                            1                   0.00       0.60 r
  u_config/U118/ZN (NAND4V1P5_140P7T35R)                  0.04      0.03       0.63 f
  u_config/n207 (net)                           3                   0.00       0.63 f
  u_config/U41/ZN (NOR2V2_140P7T35R)                      0.04      0.04       0.67 r
  u_config/n106 (net)                           5                   0.00       0.67 r
  u_config/U195/ZN (NAND2XBV2_140P7T35R)                  0.02      0.02       0.69 f
  u_config/n28 (net)                            2                   0.00       0.69 f
  u_config/U197/ZN (NOR2V2_140P7T35R)                     0.03      0.02       0.71 r
  u_config/weight_load_en_o (net)               2                   0.00       0.71 r
  u_config/weight_load_en_o (stage1_config_frontend)                0.00       0.71 r
  weight_load_en_i (net)                                            0.00       0.71 r
  U1506/ZN (INV2_140P7T35R)                               0.02      0.02       0.73 f
  n771 (net)                                    4                   0.00       0.73 f
  U1525/ZN (NOR3V2_140P7T35R)                             0.05      0.04       0.77 r
  n774 (net)                                    4                   0.00       0.77 r
  U1531/ZN (NAND2V2_140P7T35R)                            0.38      0.23       0.99 f
  n369 (net)                                   17                   0.00       0.99 f
  U1706/ZN (AOI22V2_140P7T35R)                            0.31      0.32       1.32 r
  weight_addr[105] (net)                        8                   0.00       1.32 r
  g_weight_0__u_weight/addr_i[0] (sram_bank_128x256_15)             0.00       1.32 r
  g_weight_0__u_weight/addr_i[0] (net)                              0.00       1.32 r
  g_weight_0__u_weight/g_bank_2__u_macro/addr_i[0] (hs128x32_wrapper_125)
                                                                    0.00       1.32 r
  g_weight_0__u_weight/g_bank_2__u_macro/addr_i[0] (net)            0.00       1.32 r
  g_weight_0__u_weight/g_bank_2__u_macro/u_sram/A[0] (HS128X32)
                                                          0.31      0.00       1.32 r
  data arrival time                                                            1.32

  clock clk (rise edge)                                             4.00       4.00
  clock network delay (ideal)                                       0.00       4.00
  clock uncertainty                                                -0.15       3.85
  g_weight_0__u_weight/g_bank_2__u_macro/u_sram/CLK (HS128X32)      0.00       3.85 r
  library setup time                                               -0.18       3.67
  data required time                                                           3.67
  ------------------------------------------------------------------------------------
  data required time                                                           3.67
  data arrival time                                                           -1.32
  ------------------------------------------------------------------------------------
  slack (MET)                                                                  2.36


  Startpoint: cfg_word_i[0]
              (input port clocked by clk)
  Endpoint: g_weight_0__u_weight/g_bank_2__u_macro/u_sram
            (rising edge-triggered flip-flop clocked by clk)
  Path Group: clk
  Path Type: max

  Point                                       Fanout     Trans      Incr       Path
  ------------------------------------------------------------------------------------
  clock clk (rise edge)                                             0.00       0.00
  clock network delay (ideal)                                       0.00       0.00
  input external delay                                              0.50       0.50 r
  cfg_word_i[0] (in)                                      0.01      0.01       0.51 r
  cfg_word_i[0] (net)                           5                   0.00       0.51 r
  u_config/cfg_word_i[0] (stage1_config_frontend)                   0.00       0.51 r
  u_config/cfg_word_i[0] (net)                                      0.00       0.51 r
  u_config/U79/ZN (INV2_140P7T35R)                        0.02      0.01       0.52 f
  u_config/n34 (net)                            5                   0.00       0.52 f
  u_config/U96/ZN (AOI22V2_140P7T35R)                     0.02      0.02       0.54 r
  u_config/n3 (net)                             1                   0.00       0.54 r
  u_config/U97/ZN (OAI212V2_140P7T35R)                    0.02      0.02       0.56 f
  u_config/n6 (net)                             1                   0.00       0.56 f
  u_config/U102/ZN (NOR4V2_140P7T35R)                     0.03      0.03       0.60 r
  u_config/n19 (net)                            1                   0.00       0.60 r
  u_config/U118/ZN (NAND4V1P5_140P7T35R)                  0.04      0.03       0.63 f
  u_config/n207 (net)                           3                   0.00       0.63 f
  u_config/U41/ZN (NOR2V2_140P7T35R)                      0.04      0.04       0.67 r
  u_config/n106 (net)                           5                   0.00       0.67 r
  u_config/U195/ZN (NAND2XBV2_140P7T35R)                  0.02      0.02       0.69 f
  u_config/n28 (net)                            2                   0.00       0.69 f
  u_config/U197/ZN (NOR2V2_140P7T35R)                     0.03      0.02       0.71 r
  u_config/weight_load_en_o (net)               2                   0.00       0.71 r
  u_config/weight_load_en_o (stage1_config_frontend)                0.00       0.71 r
  weight_load_en_i (net)                                            0.00       0.71 r
  U1506/ZN (INV2_140P7T35R)                               0.02      0.02       0.73 f
  n771 (net)                                    4                   0.00       0.73 f
  U1525/ZN (NOR3V2_140P7T35R)                             0.05      0.04       0.77 r
  n774 (net)                                    4                   0.00       0.77 r
  U1531/ZN (NAND2V2_140P7T35R)                            0.38      0.23       0.99 f
  n369 (net)                                   17                   0.00       0.99 f
  U1707/ZN (AOI22V2_140P7T35R)                            0.31      0.32       1.32 r
  weight_addr[106] (net)                        8                   0.00       1.32 r
  g_weight_0__u_weight/addr_i[1] (sram_bank_128x256_15)             0.00       1.32 r
  g_weight_0__u_weight/addr_i[1] (net)                              0.00       1.32 r
  g_weight_0__u_weight/g_bank_2__u_macro/addr_i[1] (hs128x32_wrapper_125)
                                                                    0.00       1.32 r
  g_weight_0__u_weight/g_bank_2__u_macro/addr_i[1] (net)            0.00       1.32 r
  g_weight_0__u_weight/g_bank_2__u_macro/u_sram/A[1] (HS128X32)
                                                          0.31      0.00       1.32 r
  data arrival time                                                            1.32

  clock clk (rise edge)                                             4.00       4.00
  clock network delay (ideal)                                       0.00       4.00
  clock uncertainty                                                -0.15       3.85
  g_weight_0__u_weight/g_bank_2__u_macro/u_sram/CLK (HS128X32)      0.00       3.85 r
  library setup time                                               -0.18       3.67
  data required time                                                           3.67
  ------------------------------------------------------------------------------------
  data required time                                                           3.67
  data arrival time                                                           -1.32
  ------------------------------------------------------------------------------------
  slack (MET)                                                                  2.36


  Startpoint: cfg_word_i[0]
              (input port clocked by clk)
  Endpoint: g_weight_0__u_weight/g_bank_2__u_macro/u_sram
            (rising edge-triggered flip-flop clocked by clk)
  Path Group: clk
  Path Type: max

  Point                                       Fanout     Trans      Incr       Path
  ------------------------------------------------------------------------------------
  clock clk (rise edge)                                             0.00       0.00
  clock network delay (ideal)                                       0.00       0.00
  input external delay                                              0.50       0.50 r
  cfg_word_i[0] (in)                                      0.01      0.01       0.51 r
  cfg_word_i[0] (net)                           5                   0.00       0.51 r
  u_config/cfg_word_i[0] (stage1_config_frontend)                   0.00       0.51 r
  u_config/cfg_word_i[0] (net)                                      0.00       0.51 r
  u_config/U79/ZN (INV2_140P7T35R)                        0.02      0.01       0.52 f
  u_config/n34 (net)                            5                   0.00       0.52 f
  u_config/U96/ZN (AOI22V2_140P7T35R)                     0.02      0.02       0.54 r
  u_config/n3 (net)                             1                   0.00       0.54 r
  u_config/U97/ZN (OAI212V2_140P7T35R)                    0.02      0.02       0.56 f
  u_config/n6 (net)                             1                   0.00       0.56 f
  u_config/U102/ZN (NOR4V2_140P7T35R)                     0.03      0.03       0.60 r
  u_config/n19 (net)                            1                   0.00       0.60 r
  u_config/U118/ZN (NAND4V1P5_140P7T35R)                  0.04      0.03       0.63 f
  u_config/n207 (net)                           3                   0.00       0.63 f
  u_config/U41/ZN (NOR2V2_140P7T35R)                      0.04      0.04       0.67 r
  u_config/n106 (net)                           5                   0.00       0.67 r
  u_config/U195/ZN (NAND2XBV2_140P7T35R)                  0.02      0.02       0.69 f
  u_config/n28 (net)                            2                   0.00       0.69 f
  u_config/U197/ZN (NOR2V2_140P7T35R)                     0.03      0.02       0.71 r
  u_config/weight_load_en_o (net)               2                   0.00       0.71 r
  u_config/weight_load_en_o (stage1_config_frontend)                0.00       0.71 r
  weight_load_en_i (net)                                            0.00       0.71 r
  U1506/ZN (INV2_140P7T35R)                               0.02      0.02       0.73 f
  n771 (net)                                    4                   0.00       0.73 f
  U1525/ZN (NOR3V2_140P7T35R)                             0.05      0.04       0.77 r
  n774 (net)                                    4                   0.00       0.77 r
  U1531/ZN (NAND2V2_140P7T35R)                            0.38      0.23       0.99 f
  n369 (net)                                   17                   0.00       0.99 f
  U1708/ZN (AOI22V2_140P7T35R)                            0.31      0.32       1.32 r
  weight_addr[107] (net)                        8                   0.00       1.32 r
  g_weight_0__u_weight/addr_i[2] (sram_bank_128x256_15)             0.00       1.32 r
  g_weight_0__u_weight/addr_i[2] (net)                              0.00       1.32 r
  g_weight_0__u_weight/g_bank_2__u_macro/addr_i[2] (hs128x32_wrapper_125)
                                                                    0.00       1.32 r
  g_weight_0__u_weight/g_bank_2__u_macro/addr_i[2] (net)            0.00       1.32 r
  g_weight_0__u_weight/g_bank_2__u_macro/u_sram/A[2] (HS128X32)
                                                          0.31      0.00       1.32 r
  data arrival time                                                            1.32

  clock clk (rise edge)                                             4.00       4.00
  clock network delay (ideal)                                       0.00       4.00
  clock uncertainty                                                -0.15       3.85
  g_weight_0__u_weight/g_bank_2__u_macro/u_sram/CLK (HS128X32)      0.00       3.85 r
  library setup time                                               -0.18       3.67
  data required time                                                           3.67
  ------------------------------------------------------------------------------------
  data required time                                                           3.67
  data arrival time                                                           -1.32
  ------------------------------------------------------------------------------------
  slack (MET)                                                                  2.36


  Startpoint: cfg_word_i[0]
              (input port clocked by clk)
  Endpoint: g_weight_0__u_weight/g_bank_2__u_macro/u_sram
            (rising edge-triggered flip-flop clocked by clk)
  Path Group: clk
  Path Type: max

  Point                                       Fanout     Trans      Incr       Path
  ------------------------------------------------------------------------------------
  clock clk (rise edge)                                             0.00       0.00
  clock network delay (ideal)                                       0.00       0.00
  input external delay                                              0.50       0.50 r
  cfg_word_i[0] (in)                                      0.01      0.01       0.51 r
  cfg_word_i[0] (net)                           5                   0.00       0.51 r
  u_config/cfg_word_i[0] (stage1_config_frontend)                   0.00       0.51 r
  u_config/cfg_word_i[0] (net)                                      0.00       0.51 r
  u_config/U79/ZN (INV2_140P7T35R)                        0.02      0.01       0.52 f
  u_config/n34 (net)                            5                   0.00       0.52 f
  u_config/U96/ZN (AOI22V2_140P7T35R)                     0.02      0.02       0.54 r
  u_config/n3 (net)                             1                   0.00       0.54 r
  u_config/U97/ZN (OAI212V2_140P7T35R)                    0.02      0.02       0.56 f
  u_config/n6 (net)                             1                   0.00       0.56 f
  u_config/U102/ZN (NOR4V2_140P7T35R)                     0.03      0.03       0.60 r
  u_config/n19 (net)                            1                   0.00       0.60 r
  u_config/U118/ZN (NAND4V1P5_140P7T35R)                  0.04      0.03       0.63 f
  u_config/n207 (net)                           3                   0.00       0.63 f
  u_config/U41/ZN (NOR2V2_140P7T35R)                      0.04      0.04       0.67 r
  u_config/n106 (net)                           5                   0.00       0.67 r
  u_config/U195/ZN (NAND2XBV2_140P7T35R)                  0.02      0.02       0.69 f
  u_config/n28 (net)                            2                   0.00       0.69 f
  u_config/U197/ZN (NOR2V2_140P7T35R)                     0.03      0.02       0.71 r
  u_config/weight_load_en_o (net)               2                   0.00       0.71 r
  u_config/weight_load_en_o (stage1_config_frontend)                0.00       0.71 r
  weight_load_en_i (net)                                            0.00       0.71 r
  U1506/ZN (INV2_140P7T35R)                               0.02      0.02       0.73 f
  n771 (net)                                    4                   0.00       0.73 f
  U1525/ZN (NOR3V2_140P7T35R)                             0.05      0.04       0.77 r
  n774 (net)                                    4                   0.00       0.77 r
  U1531/ZN (NAND2V2_140P7T35R)                            0.38      0.23       0.99 f
  n369 (net)                                   17                   0.00       0.99 f
  U1709/ZN (AOI22V2_140P7T35R)                            0.31      0.32       1.32 r
  weight_addr[108] (net)                        8                   0.00       1.32 r
  g_weight_0__u_weight/addr_i[3] (sram_bank_128x256_15)             0.00       1.32 r
  g_weight_0__u_weight/addr_i[3] (net)                              0.00       1.32 r
  g_weight_0__u_weight/g_bank_2__u_macro/addr_i[3] (hs128x32_wrapper_125)
                                                                    0.00       1.32 r
  g_weight_0__u_weight/g_bank_2__u_macro/addr_i[3] (net)            0.00       1.32 r
  g_weight_0__u_weight/g_bank_2__u_macro/u_sram/A[3] (HS128X32)
                                                          0.31      0.00       1.32 r
  data arrival time                                                            1.32

  clock clk (rise edge)                                             4.00       4.00
  clock network delay (ideal)                                       0.00       4.00
  clock uncertainty                                                -0.15       3.85
  g_weight_0__u_weight/g_bank_2__u_macro/u_sram/CLK (HS128X32)      0.00       3.85 r
  library setup time                                               -0.18       3.67
  data required time                                                           3.67
  ------------------------------------------------------------------------------------
  data required time                                                           3.67
  data arrival time                                                           -1.32
  ------------------------------------------------------------------------------------
  slack (MET)                                                                  2.36


  Startpoint: cfg_word_i[0]
              (input port clocked by clk)
  Endpoint: g_weight_0__u_weight/g_bank_2__u_macro/u_sram
            (rising edge-triggered flip-flop clocked by clk)
  Path Group: clk
  Path Type: max

  Point                                       Fanout     Trans      Incr       Path
  ------------------------------------------------------------------------------------
  clock clk (rise edge)                                             0.00       0.00
  clock network delay (ideal)                                       0.00       0.00
  input external delay                                              0.50       0.50 r
  cfg_word_i[0] (in)                                      0.01      0.01       0.51 r
  cfg_word_i[0] (net)                           5                   0.00       0.51 r
  u_config/cfg_word_i[0] (stage1_config_frontend)                   0.00       0.51 r
  u_config/cfg_word_i[0] (net)                                      0.00       0.51 r
  u_config/U79/ZN (INV2_140P7T35R)                        0.02      0.01       0.52 f
  u_config/n34 (net)                            5                   0.00       0.52 f
  u_config/U96/ZN (AOI22V2_140P7T35R)                     0.02      0.02       0.54 r
  u_config/n3 (net)                             1                   0.00       0.54 r
  u_config/U97/ZN (OAI212V2_140P7T35R)                    0.02      0.02       0.56 f
  u_config/n6 (net)                             1                   0.00       0.56 f
  u_config/U102/ZN (NOR4V2_140P7T35R)                     0.03      0.03       0.60 r
  u_config/n19 (net)                            1                   0.00       0.60 r
  u_config/U118/ZN (NAND4V1P5_140P7T35R)                  0.04      0.03       0.63 f
  u_config/n207 (net)                           3                   0.00       0.63 f
  u_config/U41/ZN (NOR2V2_140P7T35R)                      0.04      0.04       0.67 r
  u_config/n106 (net)                           5                   0.00       0.67 r
  u_config/U195/ZN (NAND2XBV2_140P7T35R)                  0.02      0.02       0.69 f
  u_config/n28 (net)                            2                   0.00       0.69 f
  u_config/U197/ZN (NOR2V2_140P7T35R)                     0.03      0.02       0.71 r
  u_config/weight_load_en_o (net)               2                   0.00       0.71 r
  u_config/weight_load_en_o (stage1_config_frontend)                0.00       0.71 r
  weight_load_en_i (net)                                            0.00       0.71 r
  U1506/ZN (INV2_140P7T35R)                               0.02      0.02       0.73 f
  n771 (net)                                    4                   0.00       0.73 f
  U1525/ZN (NOR3V2_140P7T35R)                             0.05      0.04       0.77 r
  n774 (net)                                    4                   0.00       0.77 r
  U1531/ZN (NAND2V2_140P7T35R)                            0.38      0.23       0.99 f
  n369 (net)                                   17                   0.00       0.99 f
  U1710/ZN (AOI22V2_140P7T35R)                            0.31      0.32       1.32 r
  weight_addr[109] (net)                        8                   0.00       1.32 r
  g_weight_0__u_weight/addr_i[4] (sram_bank_128x256_15)             0.00       1.32 r
  g_weight_0__u_weight/addr_i[4] (net)                              0.00       1.32 r
  g_weight_0__u_weight/g_bank_2__u_macro/addr_i[4] (hs128x32_wrapper_125)
                                                                    0.00       1.32 r
  g_weight_0__u_weight/g_bank_2__u_macro/addr_i[4] (net)            0.00       1.32 r
  g_weight_0__u_weight/g_bank_2__u_macro/u_sram/A[4] (HS128X32)
                                                          0.31      0.00       1.32 r
  data arrival time                                                            1.32

  clock clk (rise edge)                                             4.00       4.00
  clock network delay (ideal)                                       0.00       4.00
  clock uncertainty                                                -0.15       3.85
  g_weight_0__u_weight/g_bank_2__u_macro/u_sram/CLK (HS128X32)      0.00       3.85 r
  library setup time                                               -0.18       3.67
  data required time                                                           3.67
  ------------------------------------------------------------------------------------
  data required time                                                           3.67
  data arrival time                                                           -1.32
  ------------------------------------------------------------------------------------
  slack (MET)                                                                  2.36


  Startpoint: cfg_word_i[0]
              (input port clocked by clk)
  Endpoint: g_weight_0__u_weight/g_bank_2__u_macro/u_sram
            (rising edge-triggered flip-flop clocked by clk)
  Path Group: clk
  Path Type: max

  Point                                       Fanout     Trans      Incr       Path
  ------------------------------------------------------------------------------------
  clock clk (rise edge)                                             0.00       0.00
  clock network delay (ideal)                                       0.00       0.00
  input external delay                                              0.50       0.50 r
  cfg_word_i[0] (in)                                      0.01      0.01       0.51 r
  cfg_word_i[0] (net)                           5                   0.00       0.51 r
  u_config/cfg_word_i[0] (stage1_config_frontend)                   0.00       0.51 r
  u_config/cfg_word_i[0] (net)                                      0.00       0.51 r
  u_config/U79/ZN (INV2_140P7T35R)                        0.02      0.01       0.52 f
  u_config/n34 (net)                            5                   0.00       0.52 f
  u_config/U96/ZN (AOI22V2_140P7T35R)                     0.02      0.02       0.54 r
  u_config/n3 (net)                             1                   0.00       0.54 r
  u_config/U97/ZN (OAI212V2_140P7T35R)                    0.02      0.02       0.56 f
  u_config/n6 (net)                             1                   0.00       0.56 f
  u_config/U102/ZN (NOR4V2_140P7T35R)                     0.03      0.03       0.60 r
  u_config/n19 (net)                            1                   0.00       0.60 r
  u_config/U118/ZN (NAND4V1P5_140P7T35R)                  0.04      0.03       0.63 f
  u_config/n207 (net)                           3                   0.00       0.63 f
  u_config/U41/ZN (NOR2V2_140P7T35R)                      0.04      0.04       0.67 r
  u_config/n106 (net)                           5                   0.00       0.67 r
  u_config/U195/ZN (NAND2XBV2_140P7T35R)                  0.02      0.02       0.69 f
  u_config/n28 (net)                            2                   0.00       0.69 f
  u_config/U197/ZN (NOR2V2_140P7T35R)                     0.03      0.02       0.71 r
  u_config/weight_load_en_o (net)               2                   0.00       0.71 r
  u_config/weight_load_en_o (stage1_config_frontend)                0.00       0.71 r
  weight_load_en_i (net)                                            0.00       0.71 r
  U1506/ZN (INV2_140P7T35R)                               0.02      0.02       0.73 f
  n771 (net)                                    4                   0.00       0.73 f
  U1525/ZN (NOR3V2_140P7T35R)                             0.05      0.04       0.77 r
  n774 (net)                                    4                   0.00       0.77 r
  U1531/ZN (NAND2V2_140P7T35R)                            0.38      0.23       0.99 f
  n369 (net)                                   17                   0.00       0.99 f
  U1711/ZN (AOI22V2_140P7T35R)                            0.31      0.32       1.32 r
  weight_addr[110] (net)                        8                   0.00       1.32 r
  g_weight_0__u_weight/addr_i[5] (sram_bank_128x256_15)             0.00       1.32 r
  g_weight_0__u_weight/addr_i[5] (net)                              0.00       1.32 r
  g_weight_0__u_weight/g_bank_2__u_macro/addr_i[5] (hs128x32_wrapper_125)
                                                                    0.00       1.32 r
  g_weight_0__u_weight/g_bank_2__u_macro/addr_i[5] (net)            0.00       1.32 r
  g_weight_0__u_weight/g_bank_2__u_macro/u_sram/A[5] (HS128X32)
                                                          0.31      0.00       1.32 r
  data arrival time                                                            1.32

  clock clk (rise edge)                                             4.00       4.00
  clock network delay (ideal)                                       0.00       4.00
  clock uncertainty                                                -0.15       3.85
  g_weight_0__u_weight/g_bank_2__u_macro/u_sram/CLK (HS128X32)      0.00       3.85 r
  library setup time                                               -0.18       3.67
  data required time                                                           3.67
  ------------------------------------------------------------------------------------
  data required time                                                           3.67
  data arrival time                                                           -1.32
  ------------------------------------------------------------------------------------
  slack (MET)                                                                  2.36


  Startpoint: cfg_word_i[0]
              (input port clocked by clk)
  Endpoint: g_weight_0__u_weight/g_bank_2__u_macro/u_sram
            (rising edge-triggered flip-flop clocked by clk)
  Path Group: clk
  Path Type: max

  Point                                       Fanout     Trans      Incr       Path
  ------------------------------------------------------------------------------------
  clock clk (rise edge)                                             0.00       0.00
  clock network delay (ideal)                                       0.00       0.00
  input external delay                                              0.50       0.50 r
  cfg_word_i[0] (in)                                      0.01      0.01       0.51 r
  cfg_word_i[0] (net)                           5                   0.00       0.51 r
  u_config/cfg_word_i[0] (stage1_config_frontend)                   0.00       0.51 r
  u_config/cfg_word_i[0] (net)                                      0.00       0.51 r
  u_config/U79/ZN (INV2_140P7T35R)                        0.02      0.01       0.52 f
  u_config/n34 (net)                            5                   0.00       0.52 f
  u_config/U96/ZN (AOI22V2_140P7T35R)                     0.02      0.02       0.54 r
  u_config/n3 (net)                             1                   0.00       0.54 r
  u_config/U97/ZN (OAI212V2_140P7T35R)                    0.02      0.02       0.56 f
  u_config/n6 (net)                             1                   0.00       0.56 f
  u_config/U102/ZN (NOR4V2_140P7T35R)                     0.03      0.03       0.60 r
  u_config/n19 (net)                            1                   0.00       0.60 r
  u_config/U118/ZN (NAND4V1P5_140P7T35R)                  0.04      0.03       0.63 f
  u_config/n207 (net)                           3                   0.00       0.63 f
  u_config/U41/ZN (NOR2V2_140P7T35R)                      0.04      0.04       0.67 r
  u_config/n106 (net)                           5                   0.00       0.67 r
  u_config/U195/ZN (NAND2XBV2_140P7T35R)                  0.02      0.02       0.69 f
  u_config/n28 (net)                            2                   0.00       0.69 f
  u_config/U197/ZN (NOR2V2_140P7T35R)                     0.03      0.02       0.71 r
  u_config/weight_load_en_o (net)               2                   0.00       0.71 r
  u_config/weight_load_en_o (stage1_config_frontend)                0.00       0.71 r
  weight_load_en_i (net)                                            0.00       0.71 r
  U1506/ZN (INV2_140P7T35R)                               0.02      0.02       0.73 f
  n771 (net)                                    4                   0.00       0.73 f
  U1525/ZN (NOR3V2_140P7T35R)                             0.05      0.04       0.77 r
  n774 (net)                                    4                   0.00       0.77 r
  U1531/ZN (NAND2V2_140P7T35R)                            0.38      0.23       0.99 f
  n369 (net)                                   17                   0.00       0.99 f
  U1712/ZN (AOI22V2_140P7T35R)                            0.31      0.32       1.32 r
  weight_addr[111] (net)                        8                   0.00       1.32 r
  g_weight_0__u_weight/addr_i[6] (sram_bank_128x256_15)             0.00       1.32 r
  g_weight_0__u_weight/addr_i[6] (net)                              0.00       1.32 r
  g_weight_0__u_weight/g_bank_2__u_macro/addr_i[6] (hs128x32_wrapper_125)
                                                                    0.00       1.32 r
  g_weight_0__u_weight/g_bank_2__u_macro/addr_i[6] (net)            0.00       1.32 r
  g_weight_0__u_weight/g_bank_2__u_macro/u_sram/A[6] (HS128X32)
                                                          0.31      0.00       1.32 r
  data arrival time                                                            1.32

  clock clk (rise edge)                                             4.00       4.00
  clock network delay (ideal)                                       0.00       4.00
  clock uncertainty                                                -0.15       3.85
  g_weight_0__u_weight/g_bank_2__u_macro/u_sram/CLK (HS128X32)      0.00       3.85 r
  library setup time                                               -0.18       3.67
  data required time                                                           3.67
  ------------------------------------------------------------------------------------
  data required time                                                           3.67
  data arrival time                                                           -1.32
  ------------------------------------------------------------------------------------
  slack (MET)                                                                  2.36


  Startpoint: cfg_word_i[0]
              (input port clocked by clk)
  Endpoint: g_weight_0__u_weight/g_bank_3__u_macro/u_sram
            (rising edge-triggered flip-flop clocked by clk)
  Path Group: clk
  Path Type: max

  Point                                       Fanout     Trans      Incr       Path
  ------------------------------------------------------------------------------------
  clock clk (rise edge)                                             0.00       0.00
  clock network delay (ideal)                                       0.00       0.00
  input external delay                                              0.50       0.50 r
  cfg_word_i[0] (in)                                      0.01      0.01       0.51 r
  cfg_word_i[0] (net)                           5                   0.00       0.51 r
  u_config/cfg_word_i[0] (stage1_config_frontend)                   0.00       0.51 r
  u_config/cfg_word_i[0] (net)                                      0.00       0.51 r
  u_config/U79/ZN (INV2_140P7T35R)                        0.02      0.01       0.52 f
  u_config/n34 (net)                            5                   0.00       0.52 f
  u_config/U96/ZN (AOI22V2_140P7T35R)                     0.02      0.02       0.54 r
  u_config/n3 (net)                             1                   0.00       0.54 r
  u_config/U97/ZN (OAI212V2_140P7T35R)                    0.02      0.02       0.56 f
  u_config/n6 (net)                             1                   0.00       0.56 f
  u_config/U102/ZN (NOR4V2_140P7T35R)                     0.03      0.03       0.60 r
  u_config/n19 (net)                            1                   0.00       0.60 r
  u_config/U118/ZN (NAND4V1P5_140P7T35R)                  0.04      0.03       0.63 f
  u_config/n207 (net)                           3                   0.00       0.63 f
  u_config/U41/ZN (NOR2V2_140P7T35R)                      0.04      0.04       0.67 r
  u_config/n106 (net)                           5                   0.00       0.67 r
  u_config/U195/ZN (NAND2XBV2_140P7T35R)                  0.02      0.02       0.69 f
  u_config/n28 (net)                            2                   0.00       0.69 f
  u_config/U197/ZN (NOR2V2_140P7T35R)                     0.03      0.02       0.71 r
  u_config/weight_load_en_o (net)               2                   0.00       0.71 r
  u_config/weight_load_en_o (stage1_config_frontend)                0.00       0.71 r
  weight_load_en_i (net)                                            0.00       0.71 r
  U1506/ZN (INV2_140P7T35R)                               0.02      0.02       0.73 f
  n771 (net)                                    4                   0.00       0.73 f
  U1525/ZN (NOR3V2_140P7T35R)                             0.05      0.04       0.77 r
  n774 (net)                                    4                   0.00       0.77 r
  U1531/ZN (NAND2V2_140P7T35R)                            0.38      0.23       0.99 f
  n369 (net)                                   17                   0.00       0.99 f
  U1706/ZN (AOI22V2_140P7T35R)                            0.31      0.32       1.32 r
  weight_addr[105] (net)                        8                   0.00       1.32 r
  g_weight_0__u_weight/addr_i[0] (sram_bank_128x256_15)             0.00       1.32 r
  g_weight_0__u_weight/addr_i[0] (net)                              0.00       1.32 r
  g_weight_0__u_weight/g_bank_3__u_macro/addr_i[0] (hs128x32_wrapper_124)
                                                                    0.00       1.32 r
  g_weight_0__u_weight/g_bank_3__u_macro/addr_i[0] (net)            0.00       1.32 r
  g_weight_0__u_weight/g_bank_3__u_macro/u_sram/A[0] (HS128X32)
                                                          0.31      0.00       1.32 r
  data arrival time                                                            1.32

  clock clk (rise edge)                                             4.00       4.00
  clock network delay (ideal)                                       0.00       4.00
  clock uncertainty                                                -0.15       3.85
  g_weight_0__u_weight/g_bank_3__u_macro/u_sram/CLK (HS128X32)      0.00       3.85 r
  library setup time                                               -0.18       3.67
  data required time                                                           3.67
  ------------------------------------------------------------------------------------
  data required time                                                           3.67
  data arrival time                                                           -1.32
  ------------------------------------------------------------------------------------
  slack (MET)                                                                  2.36


  Startpoint: cfg_word_i[0]
              (input port clocked by clk)
  Endpoint: g_weight_0__u_weight/g_bank_3__u_macro/u_sram
            (rising edge-triggered flip-flop clocked by clk)
  Path Group: clk
  Path Type: max

  Point                                       Fanout     Trans      Incr       Path
  ------------------------------------------------------------------------------------
  clock clk (rise edge)                                             0.00       0.00
  clock network delay (ideal)                                       0.00       0.00
  input external delay                                              0.50       0.50 r
  cfg_word_i[0] (in)                                      0.01      0.01       0.51 r
  cfg_word_i[0] (net)                           5                   0.00       0.51 r
  u_config/cfg_word_i[0] (stage1_config_frontend)                   0.00       0.51 r
  u_config/cfg_word_i[0] (net)                                      0.00       0.51 r
  u_config/U79/ZN (INV2_140P7T35R)                        0.02      0.01       0.52 f
  u_config/n34 (net)                            5                   0.00       0.52 f
  u_config/U96/ZN (AOI22V2_140P7T35R)                     0.02      0.02       0.54 r
  u_config/n3 (net)                             1                   0.00       0.54 r
  u_config/U97/ZN (OAI212V2_140P7T35R)                    0.02      0.02       0.56 f
  u_config/n6 (net)                             1                   0.00       0.56 f
  u_config/U102/ZN (NOR4V2_140P7T35R)                     0.03      0.03       0.60 r
  u_config/n19 (net)                            1                   0.00       0.60 r
  u_config/U118/ZN (NAND4V1P5_140P7T35R)                  0.04      0.03       0.63 f
  u_config/n207 (net)                           3                   0.00       0.63 f
  u_config/U41/ZN (NOR2V2_140P7T35R)                      0.04      0.04       0.67 r
  u_config/n106 (net)                           5                   0.00       0.67 r
  u_config/U195/ZN (NAND2XBV2_140P7T35R)                  0.02      0.02       0.69 f
  u_config/n28 (net)                            2                   0.00       0.69 f
  u_config/U197/ZN (NOR2V2_140P7T35R)                     0.03      0.02       0.71 r
  u_config/weight_load_en_o (net)               2                   0.00       0.71 r
  u_config/weight_load_en_o (stage1_config_frontend)                0.00       0.71 r
  weight_load_en_i (net)                                            0.00       0.71 r
  U1506/ZN (INV2_140P7T35R)                               0.02      0.02       0.73 f
  n771 (net)                                    4                   0.00       0.73 f
  U1525/ZN (NOR3V2_140P7T35R)                             0.05      0.04       0.77 r
  n774 (net)                                    4                   0.00       0.77 r
  U1531/ZN (NAND2V2_140P7T35R)                            0.38      0.23       0.99 f
  n369 (net)                                   17                   0.00       0.99 f
  U1707/ZN (AOI22V2_140P7T35R)                            0.31      0.32       1.32 r
  weight_addr[106] (net)                        8                   0.00       1.32 r
  g_weight_0__u_weight/addr_i[1] (sram_bank_128x256_15)             0.00       1.32 r
  g_weight_0__u_weight/addr_i[1] (net)                              0.00       1.32 r
  g_weight_0__u_weight/g_bank_3__u_macro/addr_i[1] (hs128x32_wrapper_124)
                                                                    0.00       1.32 r
  g_weight_0__u_weight/g_bank_3__u_macro/addr_i[1] (net)            0.00       1.32 r
  g_weight_0__u_weight/g_bank_3__u_macro/u_sram/A[1] (HS128X32)
                                                          0.31      0.00       1.32 r
  data arrival time                                                            1.32

  clock clk (rise edge)                                             4.00       4.00
  clock network delay (ideal)                                       0.00       4.00
  clock uncertainty                                                -0.15       3.85
  g_weight_0__u_weight/g_bank_3__u_macro/u_sram/CLK (HS128X32)      0.00       3.85 r
  library setup time                                               -0.18       3.67
  data required time                                                           3.67
  ------------------------------------------------------------------------------------
  data required time                                                           3.67
  data arrival time                                                           -1.32
  ------------------------------------------------------------------------------------
  slack (MET)                                                                  2.36


  Startpoint: cfg_word_i[0]
              (input port clocked by clk)
  Endpoint: g_weight_0__u_weight/g_bank_3__u_macro/u_sram
            (rising edge-triggered flip-flop clocked by clk)
  Path Group: clk
  Path Type: max

  Point                                       Fanout     Trans      Incr       Path
  ------------------------------------------------------------------------------------
  clock clk (rise edge)                                             0.00       0.00
  clock network delay (ideal)                                       0.00       0.00
  input external delay                                              0.50       0.50 r
  cfg_word_i[0] (in)                                      0.01      0.01       0.51 r
  cfg_word_i[0] (net)                           5                   0.00       0.51 r
  u_config/cfg_word_i[0] (stage1_config_frontend)                   0.00       0.51 r
  u_config/cfg_word_i[0] (net)                                      0.00       0.51 r
  u_config/U79/ZN (INV2_140P7T35R)                        0.02      0.01       0.52 f
  u_config/n34 (net)                            5                   0.00       0.52 f
  u_config/U96/ZN (AOI22V2_140P7T35R)                     0.02      0.02       0.54 r
  u_config/n3 (net)                             1                   0.00       0.54 r
  u_config/U97/ZN (OAI212V2_140P7T35R)                    0.02      0.02       0.56 f
  u_config/n6 (net)                             1                   0.00       0.56 f
  u_config/U102/ZN (NOR4V2_140P7T35R)                     0.03      0.03       0.60 r
  u_config/n19 (net)                            1                   0.00       0.60 r
  u_config/U118/ZN (NAND4V1P5_140P7T35R)                  0.04      0.03       0.63 f
  u_config/n207 (net)                           3                   0.00       0.63 f
  u_config/U41/ZN (NOR2V2_140P7T35R)                      0.04      0.04       0.67 r
  u_config/n106 (net)                           5                   0.00       0.67 r
  u_config/U195/ZN (NAND2XBV2_140P7T35R)                  0.02      0.02       0.69 f
  u_config/n28 (net)                            2                   0.00       0.69 f
  u_config/U197/ZN (NOR2V2_140P7T35R)                     0.03      0.02       0.71 r
  u_config/weight_load_en_o (net)               2                   0.00       0.71 r
  u_config/weight_load_en_o (stage1_config_frontend)                0.00       0.71 r
  weight_load_en_i (net)                                            0.00       0.71 r
  U1506/ZN (INV2_140P7T35R)                               0.02      0.02       0.73 f
  n771 (net)                                    4                   0.00       0.73 f
  U1525/ZN (NOR3V2_140P7T35R)                             0.05      0.04       0.77 r
  n774 (net)                                    4                   0.00       0.77 r
  U1531/ZN (NAND2V2_140P7T35R)                            0.38      0.23       0.99 f
  n369 (net)                                   17                   0.00       0.99 f
  U1708/ZN (AOI22V2_140P7T35R)                            0.31      0.32       1.32 r
  weight_addr[107] (net)                        8                   0.00       1.32 r
  g_weight_0__u_weight/addr_i[2] (sram_bank_128x256_15)             0.00       1.32 r
  g_weight_0__u_weight/addr_i[2] (net)                              0.00       1.32 r
  g_weight_0__u_weight/g_bank_3__u_macro/addr_i[2] (hs128x32_wrapper_124)
                                                                    0.00       1.32 r
  g_weight_0__u_weight/g_bank_3__u_macro/addr_i[2] (net)            0.00       1.32 r
  g_weight_0__u_weight/g_bank_3__u_macro/u_sram/A[2] (HS128X32)
                                                          0.31      0.00       1.32 r
  data arrival time                                                            1.32

  clock clk (rise edge)                                             4.00       4.00
  clock network delay (ideal)                                       0.00       4.00
  clock uncertainty                                                -0.15       3.85
  g_weight_0__u_weight/g_bank_3__u_macro/u_sram/CLK (HS128X32)      0.00       3.85 r
  library setup time                                               -0.18       3.67
  data required time                                                           3.67
  ------------------------------------------------------------------------------------
  data required time                                                           3.67
  data arrival time                                                           -1.32
  ------------------------------------------------------------------------------------
  slack (MET)                                                                  2.36


  Startpoint: cfg_word_i[0]
              (input port clocked by clk)
  Endpoint: g_weight_0__u_weight/g_bank_3__u_macro/u_sram
            (rising edge-triggered flip-flop clocked by clk)
  Path Group: clk
  Path Type: max

  Point                                       Fanout     Trans      Incr       Path
  ------------------------------------------------------------------------------------
  clock clk (rise edge)                                             0.00       0.00
  clock network delay (ideal)                                       0.00       0.00
  input external delay                                              0.50       0.50 r
  cfg_word_i[0] (in)                                      0.01      0.01       0.51 r
  cfg_word_i[0] (net)                           5                   0.00       0.51 r
  u_config/cfg_word_i[0] (stage1_config_frontend)                   0.00       0.51 r
  u_config/cfg_word_i[0] (net)                                      0.00       0.51 r
  u_config/U79/ZN (INV2_140P7T35R)                        0.02      0.01       0.52 f
  u_config/n34 (net)                            5                   0.00       0.52 f
  u_config/U96/ZN (AOI22V2_140P7T35R)                     0.02      0.02       0.54 r
  u_config/n3 (net)                             1                   0.00       0.54 r
  u_config/U97/ZN (OAI212V2_140P7T35R)                    0.02      0.02       0.56 f
  u_config/n6 (net)                             1                   0.00       0.56 f
  u_config/U102/ZN (NOR4V2_140P7T35R)                     0.03      0.03       0.60 r
  u_config/n19 (net)                            1                   0.00       0.60 r
  u_config/U118/ZN (NAND4V1P5_140P7T35R)                  0.04      0.03       0.63 f
  u_config/n207 (net)                           3                   0.00       0.63 f
  u_config/U41/ZN (NOR2V2_140P7T35R)                      0.04      0.04       0.67 r
  u_config/n106 (net)                           5                   0.00       0.67 r
  u_config/U195/ZN (NAND2XBV2_140P7T35R)                  0.02      0.02       0.69 f
  u_config/n28 (net)                            2                   0.00       0.69 f
  u_config/U197/ZN (NOR2V2_140P7T35R)                     0.03      0.02       0.71 r
  u_config/weight_load_en_o (net)               2                   0.00       0.71 r
  u_config/weight_load_en_o (stage1_config_frontend)                0.00       0.71 r
  weight_load_en_i (net)                                            0.00       0.71 r
  U1506/ZN (INV2_140P7T35R)                               0.02      0.02       0.73 f
  n771 (net)                                    4                   0.00       0.73 f
  U1525/ZN (NOR3V2_140P7T35R)                             0.05      0.04       0.77 r
  n774 (net)                                    4                   0.00       0.77 r
  U1531/ZN (NAND2V2_140P7T35R)                            0.38      0.23       0.99 f
  n369 (net)                                   17                   0.00       0.99 f
  U1709/ZN (AOI22V2_140P7T35R)                            0.31      0.32       1.32 r
  weight_addr[108] (net)                        8                   0.00       1.32 r
  g_weight_0__u_weight/addr_i[3] (sram_bank_128x256_15)             0.00       1.32 r
  g_weight_0__u_weight/addr_i[3] (net)                              0.00       1.32 r
  g_weight_0__u_weight/g_bank_3__u_macro/addr_i[3] (hs128x32_wrapper_124)
                                                                    0.00       1.32 r
  g_weight_0__u_weight/g_bank_3__u_macro/addr_i[3] (net)            0.00       1.32 r
  g_weight_0__u_weight/g_bank_3__u_macro/u_sram/A[3] (HS128X32)
                                                          0.31      0.00       1.32 r
  data arrival time                                                            1.32

  clock clk (rise edge)                                             4.00       4.00
  clock network delay (ideal)                                       0.00       4.00
  clock uncertainty                                                -0.15       3.85
  g_weight_0__u_weight/g_bank_3__u_macro/u_sram/CLK (HS128X32)      0.00       3.85 r
  library setup time                                               -0.18       3.67
  data required time                                                           3.67
  ------------------------------------------------------------------------------------
  data required time                                                           3.67
  data arrival time                                                           -1.32
  ------------------------------------------------------------------------------------
  slack (MET)                                                                  2.36


  Startpoint: cfg_word_i[0]
              (input port clocked by clk)
  Endpoint: g_weight_0__u_weight/g_bank_3__u_macro/u_sram
            (rising edge-triggered flip-flop clocked by clk)
  Path Group: clk
  Path Type: max

  Point                                       Fanout     Trans      Incr       Path
  ------------------------------------------------------------------------------------
  clock clk (rise edge)                                             0.00       0.00
  clock network delay (ideal)                                       0.00       0.00
  input external delay                                              0.50       0.50 r
  cfg_word_i[0] (in)                                      0.01      0.01       0.51 r
  cfg_word_i[0] (net)                           5                   0.00       0.51 r
  u_config/cfg_word_i[0] (stage1_config_frontend)                   0.00       0.51 r
  u_config/cfg_word_i[0] (net)                                      0.00       0.51 r
  u_config/U79/ZN (INV2_140P7T35R)                        0.02      0.01       0.52 f
  u_config/n34 (net)                            5                   0.00       0.52 f
  u_config/U96/ZN (AOI22V2_140P7T35R)                     0.02      0.02       0.54 r
  u_config/n3 (net)                             1                   0.00       0.54 r
  u_config/U97/ZN (OAI212V2_140P7T35R)                    0.02      0.02       0.56 f
  u_config/n6 (net)                             1                   0.00       0.56 f
  u_config/U102/ZN (NOR4V2_140P7T35R)                     0.03      0.03       0.60 r
  u_config/n19 (net)                            1                   0.00       0.60 r
  u_config/U118/ZN (NAND4V1P5_140P7T35R)                  0.04      0.03       0.63 f
  u_config/n207 (net)                           3                   0.00       0.63 f
  u_config/U41/ZN (NOR2V2_140P7T35R)                      0.04      0.04       0.67 r
  u_config/n106 (net)                           5                   0.00       0.67 r
  u_config/U195/ZN (NAND2XBV2_140P7T35R)                  0.02      0.02       0.69 f
  u_config/n28 (net)                            2                   0.00       0.69 f
  u_config/U197/ZN (NOR2V2_140P7T35R)                     0.03      0.02       0.71 r
  u_config/weight_load_en_o (net)               2                   0.00       0.71 r
  u_config/weight_load_en_o (stage1_config_frontend)                0.00       0.71 r
  weight_load_en_i (net)                                            0.00       0.71 r
  U1506/ZN (INV2_140P7T35R)                               0.02      0.02       0.73 f
  n771 (net)                                    4                   0.00       0.73 f
  U1525/ZN (NOR3V2_140P7T35R)                             0.05      0.04       0.77 r
  n774 (net)                                    4                   0.00       0.77 r
  U1531/ZN (NAND2V2_140P7T35R)                            0.38      0.23       0.99 f
  n369 (net)                                   17                   0.00       0.99 f
  U1710/ZN (AOI22V2_140P7T35R)                            0.31      0.32       1.32 r
  weight_addr[109] (net)                        8                   0.00       1.32 r
  g_weight_0__u_weight/addr_i[4] (sram_bank_128x256_15)             0.00       1.32 r
  g_weight_0__u_weight/addr_i[4] (net)                              0.00       1.32 r
  g_weight_0__u_weight/g_bank_3__u_macro/addr_i[4] (hs128x32_wrapper_124)
                                                                    0.00       1.32 r
  g_weight_0__u_weight/g_bank_3__u_macro/addr_i[4] (net)            0.00       1.32 r
  g_weight_0__u_weight/g_bank_3__u_macro/u_sram/A[4] (HS128X32)
                                                          0.31      0.00       1.32 r
  data arrival time                                                            1.32

  clock clk (rise edge)                                             4.00       4.00
  clock network delay (ideal)                                       0.00       4.00
  clock uncertainty                                                -0.15       3.85
  g_weight_0__u_weight/g_bank_3__u_macro/u_sram/CLK (HS128X32)      0.00       3.85 r
  library setup time                                               -0.18       3.67
  data required time                                                           3.67
  ------------------------------------------------------------------------------------
  data required time                                                           3.67
  data arrival time                                                           -1.32
  ------------------------------------------------------------------------------------
  slack (MET)                                                                  2.36


  Startpoint: cfg_word_i[0]
              (input port clocked by clk)
  Endpoint: g_weight_0__u_weight/g_bank_3__u_macro/u_sram
            (rising edge-triggered flip-flop clocked by clk)
  Path Group: clk
  Path Type: max

  Point                                       Fanout     Trans      Incr       Path
  ------------------------------------------------------------------------------------
  clock clk (rise edge)                                             0.00       0.00
  clock network delay (ideal)                                       0.00       0.00
  input external delay                                              0.50       0.50 r
  cfg_word_i[0] (in)                                      0.01      0.01       0.51 r
  cfg_word_i[0] (net)                           5                   0.00       0.51 r
  u_config/cfg_word_i[0] (stage1_config_frontend)                   0.00       0.51 r
  u_config/cfg_word_i[0] (net)                                      0.00       0.51 r
  u_config/U79/ZN (INV2_140P7T35R)                        0.02      0.01       0.52 f
  u_config/n34 (net)                            5                   0.00       0.52 f
  u_config/U96/ZN (AOI22V2_140P7T35R)                     0.02      0.02       0.54 r
  u_config/n3 (net)                             1                   0.00       0.54 r
  u_config/U97/ZN (OAI212V2_140P7T35R)                    0.02      0.02       0.56 f
  u_config/n6 (net)                             1                   0.00       0.56 f
  u_config/U102/ZN (NOR4V2_140P7T35R)                     0.03      0.03       0.60 r
  u_config/n19 (net)                            1                   0.00       0.60 r
  u_config/U118/ZN (NAND4V1P5_140P7T35R)                  0.04      0.03       0.63 f
  u_config/n207 (net)                           3                   0.00       0.63 f
  u_config/U41/ZN (NOR2V2_140P7T35R)                      0.04      0.04       0.67 r
  u_config/n106 (net)                           5                   0.00       0.67 r
  u_config/U195/ZN (NAND2XBV2_140P7T35R)                  0.02      0.02       0.69 f
  u_config/n28 (net)                            2                   0.00       0.69 f
  u_config/U197/ZN (NOR2V2_140P7T35R)                     0.03      0.02       0.71 r
  u_config/weight_load_en_o (net)               2                   0.00       0.71 r
  u_config/weight_load_en_o (stage1_config_frontend)                0.00       0.71 r
  weight_load_en_i (net)                                            0.00       0.71 r
  U1506/ZN (INV2_140P7T35R)                               0.02      0.02       0.73 f
  n771 (net)                                    4                   0.00       0.73 f
  U1525/ZN (NOR3V2_140P7T35R)                             0.05      0.04       0.77 r
  n774 (net)                                    4                   0.00       0.77 r
  U1531/ZN (NAND2V2_140P7T35R)                            0.38      0.23       0.99 f
  n369 (net)                                   17                   0.00       0.99 f
  U1711/ZN (AOI22V2_140P7T35R)                            0.31      0.32       1.32 r
  weight_addr[110] (net)                        8                   0.00       1.32 r
  g_weight_0__u_weight/addr_i[5] (sram_bank_128x256_15)             0.00       1.32 r
  g_weight_0__u_weight/addr_i[5] (net)                              0.00       1.32 r
  g_weight_0__u_weight/g_bank_3__u_macro/addr_i[5] (hs128x32_wrapper_124)
                                                                    0.00       1.32 r
  g_weight_0__u_weight/g_bank_3__u_macro/addr_i[5] (net)            0.00       1.32 r
  g_weight_0__u_weight/g_bank_3__u_macro/u_sram/A[5] (HS128X32)
                                                          0.31      0.00       1.32 r
  data arrival time                                                            1.32

  clock clk (rise edge)                                             4.00       4.00
  clock network delay (ideal)                                       0.00       4.00
  clock uncertainty                                                -0.15       3.85
  g_weight_0__u_weight/g_bank_3__u_macro/u_sram/CLK (HS128X32)      0.00       3.85 r
  library setup time                                               -0.18       3.67
  data required time                                                           3.67
  ------------------------------------------------------------------------------------
  data required time                                                           3.67
  data arrival time                                                           -1.32
  ------------------------------------------------------------------------------------
  slack (MET)                                                                  2.36


  Startpoint: cfg_word_i[0]
              (input port clocked by clk)
  Endpoint: g_weight_0__u_weight/g_bank_3__u_macro/u_sram
            (rising edge-triggered flip-flop clocked by clk)
  Path Group: clk
  Path Type: max

  Point                                       Fanout     Trans      Incr       Path
  ------------------------------------------------------------------------------------
  clock clk (rise edge)                                             0.00       0.00
  clock network delay (ideal)                                       0.00       0.00
  input external delay                                              0.50       0.50 r
  cfg_word_i[0] (in)                                      0.01      0.01       0.51 r
  cfg_word_i[0] (net)                           5                   0.00       0.51 r
  u_config/cfg_word_i[0] (stage1_config_frontend)                   0.00       0.51 r
  u_config/cfg_word_i[0] (net)                                      0.00       0.51 r
  u_config/U79/ZN (INV2_140P7T35R)                        0.02      0.01       0.52 f
  u_config/n34 (net)                            5                   0.00       0.52 f
  u_config/U96/ZN (AOI22V2_140P7T35R)                     0.02      0.02       0.54 r
  u_config/n3 (net)                             1                   0.00       0.54 r
  u_config/U97/ZN (OAI212V2_140P7T35R)                    0.02      0.02       0.56 f
  u_config/n6 (net)                             1                   0.00       0.56 f
  u_config/U102/ZN (NOR4V2_140P7T35R)                     0.03      0.03       0.60 r
  u_config/n19 (net)                            1                   0.00       0.60 r
  u_config/U118/ZN (NAND4V1P5_140P7T35R)                  0.04      0.03       0.63 f
  u_config/n207 (net)                           3                   0.00       0.63 f
  u_config/U41/ZN (NOR2V2_140P7T35R)                      0.04      0.04       0.67 r
  u_config/n106 (net)                           5                   0.00       0.67 r
  u_config/U195/ZN (NAND2XBV2_140P7T35R)                  0.02      0.02       0.69 f
  u_config/n28 (net)                            2                   0.00       0.69 f
  u_config/U197/ZN (NOR2V2_140P7T35R)                     0.03      0.02       0.71 r
  u_config/weight_load_en_o (net)               2                   0.00       0.71 r
  u_config/weight_load_en_o (stage1_config_frontend)                0.00       0.71 r
  weight_load_en_i (net)                                            0.00       0.71 r
  U1506/ZN (INV2_140P7T35R)                               0.02      0.02       0.73 f
  n771 (net)                                    4                   0.00       0.73 f
  U1525/ZN (NOR3V2_140P7T35R)                             0.05      0.04       0.77 r
  n774 (net)                                    4                   0.00       0.77 r
  U1531/ZN (NAND2V2_140P7T35R)                            0.38      0.23       0.99 f
  n369 (net)                                   17                   0.00       0.99 f
  U1712/ZN (AOI22V2_140P7T35R)                            0.31      0.32       1.32 r
  weight_addr[111] (net)                        8                   0.00       1.32 r
  g_weight_0__u_weight/addr_i[6] (sram_bank_128x256_15)             0.00       1.32 r
  g_weight_0__u_weight/addr_i[6] (net)                              0.00       1.32 r
  g_weight_0__u_weight/g_bank_3__u_macro/addr_i[6] (hs128x32_wrapper_124)
                                                                    0.00       1.32 r
  g_weight_0__u_weight/g_bank_3__u_macro/addr_i[6] (net)            0.00       1.32 r
  g_weight_0__u_weight/g_bank_3__u_macro/u_sram/A[6] (HS128X32)
                                                          0.31      0.00       1.32 r
  data arrival time                                                            1.32

  clock clk (rise edge)                                             4.00       4.00
  clock network delay (ideal)                                       0.00       4.00
  clock uncertainty                                                -0.15       3.85
  g_weight_0__u_weight/g_bank_3__u_macro/u_sram/CLK (HS128X32)      0.00       3.85 r
  library setup time                                               -0.18       3.67
  data required time                                                           3.67
  ------------------------------------------------------------------------------------
  data required time                                                           3.67
  data arrival time                                                           -1.32
  ------------------------------------------------------------------------------------
  slack (MET)                                                                  2.36


  Startpoint: cfg_word_i[0]
              (input port clocked by clk)
  Endpoint: g_weight_0__u_weight/g_bank_4__u_macro/u_sram
            (rising edge-triggered flip-flop clocked by clk)
  Path Group: clk
  Path Type: max

  Point                                       Fanout     Trans      Incr       Path
  ------------------------------------------------------------------------------------
  clock clk (rise edge)                                             0.00       0.00
  clock network delay (ideal)                                       0.00       0.00
  input external delay                                              0.50       0.50 r
  cfg_word_i[0] (in)                                      0.01      0.01       0.51 r
  cfg_word_i[0] (net)                           5                   0.00       0.51 r
  u_config/cfg_word_i[0] (stage1_config_frontend)                   0.00       0.51 r
  u_config/cfg_word_i[0] (net)                                      0.00       0.51 r
  u_config/U79/ZN (INV2_140P7T35R)                        0.02      0.01       0.52 f
  u_config/n34 (net)                            5                   0.00       0.52 f
  u_config/U96/ZN (AOI22V2_140P7T35R)                     0.02      0.02       0.54 r
  u_config/n3 (net)                             1                   0.00       0.54 r
  u_config/U97/ZN (OAI212V2_140P7T35R)                    0.02      0.02       0.56 f
  u_config/n6 (net)                             1                   0.00       0.56 f
  u_config/U102/ZN (NOR4V2_140P7T35R)                     0.03      0.03       0.60 r
  u_config/n19 (net)                            1                   0.00       0.60 r
  u_config/U118/ZN (NAND4V1P5_140P7T35R)                  0.04      0.03       0.63 f
  u_config/n207 (net)                           3                   0.00       0.63 f
  u_config/U41/ZN (NOR2V2_140P7T35R)                      0.04      0.04       0.67 r
  u_config/n106 (net)                           5                   0.00       0.67 r
  u_config/U195/ZN (NAND2XBV2_140P7T35R)                  0.02      0.02       0.69 f
  u_config/n28 (net)                            2                   0.00       0.69 f
  u_config/U197/ZN (NOR2V2_140P7T35R)                     0.03      0.02       0.71 r
  u_config/weight_load_en_o (net)               2                   0.00       0.71 r
  u_config/weight_load_en_o (stage1_config_frontend)                0.00       0.71 r
  weight_load_en_i (net)                                            0.00       0.71 r
  U1506/ZN (INV2_140P7T35R)                               0.02      0.02       0.73 f
  n771 (net)                                    4                   0.00       0.73 f
  U1525/ZN (NOR3V2_140P7T35R)                             0.05      0.04       0.77 r
  n774 (net)                                    4                   0.00       0.77 r
  U1531/ZN (NAND2V2_140P7T35R)                            0.38      0.23       0.99 f
  n369 (net)                                   17                   0.00       0.99 f
  U1706/ZN (AOI22V2_140P7T35R)                            0.31      0.32       1.32 r
  weight_addr[105] (net)                        8                   0.00       1.32 r
  g_weight_0__u_weight/addr_i[0] (sram_bank_128x256_15)             0.00       1.32 r
  g_weight_0__u_weight/addr_i[0] (net)                              0.00       1.32 r
  g_weight_0__u_weight/g_bank_4__u_macro/addr_i[0] (hs128x32_wrapper_123)
                                                                    0.00       1.32 r
  g_weight_0__u_weight/g_bank_4__u_macro/addr_i[0] (net)            0.00       1.32 r
  g_weight_0__u_weight/g_bank_4__u_macro/u_sram/A[0] (HS128X32)
                                                          0.31      0.00       1.32 r
  data arrival time                                                            1.32

  clock clk (rise edge)                                             4.00       4.00
  clock network delay (ideal)                                       0.00       4.00
  clock uncertainty                                                -0.15       3.85
  g_weight_0__u_weight/g_bank_4__u_macro/u_sram/CLK (HS128X32)      0.00       3.85 r
  library setup time                                               -0.18       3.67
  data required time                                                           3.67
  ------------------------------------------------------------------------------------
  data required time                                                           3.67
  data arrival time                                                           -1.32
  ------------------------------------------------------------------------------------
  slack (MET)                                                                  2.36


  Startpoint: cfg_word_i[0]
              (input port clocked by clk)
  Endpoint: g_weight_0__u_weight/g_bank_4__u_macro/u_sram
            (rising edge-triggered flip-flop clocked by clk)
  Path Group: clk
  Path Type: max

  Point                                       Fanout     Trans      Incr       Path
  ------------------------------------------------------------------------------------
  clock clk (rise edge)                                             0.00       0.00
  clock network delay (ideal)                                       0.00       0.00
  input external delay                                              0.50       0.50 r
  cfg_word_i[0] (in)                                      0.01      0.01       0.51 r
  cfg_word_i[0] (net)                           5                   0.00       0.51 r
  u_config/cfg_word_i[0] (stage1_config_frontend)                   0.00       0.51 r
  u_config/cfg_word_i[0] (net)                                      0.00       0.51 r
  u_config/U79/ZN (INV2_140P7T35R)                        0.02      0.01       0.52 f
  u_config/n34 (net)                            5                   0.00       0.52 f
  u_config/U96/ZN (AOI22V2_140P7T35R)                     0.02      0.02       0.54 r
  u_config/n3 (net)                             1                   0.00       0.54 r
  u_config/U97/ZN (OAI212V2_140P7T35R)                    0.02      0.02       0.56 f
  u_config/n6 (net)                             1                   0.00       0.56 f
  u_config/U102/ZN (NOR4V2_140P7T35R)                     0.03      0.03       0.60 r
  u_config/n19 (net)                            1                   0.00       0.60 r
  u_config/U118/ZN (NAND4V1P5_140P7T35R)                  0.04      0.03       0.63 f
  u_config/n207 (net)                           3                   0.00       0.63 f
  u_config/U41/ZN (NOR2V2_140P7T35R)                      0.04      0.04       0.67 r
  u_config/n106 (net)                           5                   0.00       0.67 r
  u_config/U195/ZN (NAND2XBV2_140P7T35R)                  0.02      0.02       0.69 f
  u_config/n28 (net)                            2                   0.00       0.69 f
  u_config/U197/ZN (NOR2V2_140P7T35R)                     0.03      0.02       0.71 r
  u_config/weight_load_en_o (net)               2                   0.00       0.71 r
  u_config/weight_load_en_o (stage1_config_frontend)                0.00       0.71 r
  weight_load_en_i (net)                                            0.00       0.71 r
  U1506/ZN (INV2_140P7T35R)                               0.02      0.02       0.73 f
  n771 (net)                                    4                   0.00       0.73 f
  U1525/ZN (NOR3V2_140P7T35R)                             0.05      0.04       0.77 r
  n774 (net)                                    4                   0.00       0.77 r
  U1531/ZN (NAND2V2_140P7T35R)                            0.38      0.23       0.99 f
  n369 (net)                                   17                   0.00       0.99 f
  U1707/ZN (AOI22V2_140P7T35R)                            0.31      0.32       1.32 r
  weight_addr[106] (net)                        8                   0.00       1.32 r
  g_weight_0__u_weight/addr_i[1] (sram_bank_128x256_15)             0.00       1.32 r
  g_weight_0__u_weight/addr_i[1] (net)                              0.00       1.32 r
  g_weight_0__u_weight/g_bank_4__u_macro/addr_i[1] (hs128x32_wrapper_123)
                                                                    0.00       1.32 r
  g_weight_0__u_weight/g_bank_4__u_macro/addr_i[1] (net)            0.00       1.32 r
  g_weight_0__u_weight/g_bank_4__u_macro/u_sram/A[1] (HS128X32)
                                                          0.31      0.00       1.32 r
  data arrival time                                                            1.32

  clock clk (rise edge)                                             4.00       4.00
  clock network delay (ideal)                                       0.00       4.00
  clock uncertainty                                                -0.15       3.85
  g_weight_0__u_weight/g_bank_4__u_macro/u_sram/CLK (HS128X32)      0.00       3.85 r
  library setup time                                               -0.18       3.67
  data required time                                                           3.67
  ------------------------------------------------------------------------------------
  data required time                                                           3.67
  data arrival time                                                           -1.32
  ------------------------------------------------------------------------------------
  slack (MET)                                                                  2.36


  Startpoint: cfg_word_i[0]
              (input port clocked by clk)
  Endpoint: g_weight_0__u_weight/g_bank_4__u_macro/u_sram
            (rising edge-triggered flip-flop clocked by clk)
  Path Group: clk
  Path Type: max

  Point                                       Fanout     Trans      Incr       Path
  ------------------------------------------------------------------------------------
  clock clk (rise edge)                                             0.00       0.00
  clock network delay (ideal)                                       0.00       0.00
  input external delay                                              0.50       0.50 r
  cfg_word_i[0] (in)                                      0.01      0.01       0.51 r
  cfg_word_i[0] (net)                           5                   0.00       0.51 r
  u_config/cfg_word_i[0] (stage1_config_frontend)                   0.00       0.51 r
  u_config/cfg_word_i[0] (net)                                      0.00       0.51 r
  u_config/U79/ZN (INV2_140P7T35R)                        0.02      0.01       0.52 f
  u_config/n34 (net)                            5                   0.00       0.52 f
  u_config/U96/ZN (AOI22V2_140P7T35R)                     0.02      0.02       0.54 r
  u_config/n3 (net)                             1                   0.00       0.54 r
  u_config/U97/ZN (OAI212V2_140P7T35R)                    0.02      0.02       0.56 f
  u_config/n6 (net)                             1                   0.00       0.56 f
  u_config/U102/ZN (NOR4V2_140P7T35R)                     0.03      0.03       0.60 r
  u_config/n19 (net)                            1                   0.00       0.60 r
  u_config/U118/ZN (NAND4V1P5_140P7T35R)                  0.04      0.03       0.63 f
  u_config/n207 (net)                           3                   0.00       0.63 f
  u_config/U41/ZN (NOR2V2_140P7T35R)                      0.04      0.04       0.67 r
  u_config/n106 (net)                           5                   0.00       0.67 r
  u_config/U195/ZN (NAND2XBV2_140P7T35R)                  0.02      0.02       0.69 f
  u_config/n28 (net)                            2                   0.00       0.69 f
  u_config/U197/ZN (NOR2V2_140P7T35R)                     0.03      0.02       0.71 r
  u_config/weight_load_en_o (net)               2                   0.00       0.71 r
  u_config/weight_load_en_o (stage1_config_frontend)                0.00       0.71 r
  weight_load_en_i (net)                                            0.00       0.71 r
  U1506/ZN (INV2_140P7T35R)                               0.02      0.02       0.73 f
  n771 (net)                                    4                   0.00       0.73 f
  U1525/ZN (NOR3V2_140P7T35R)                             0.05      0.04       0.77 r
  n774 (net)                                    4                   0.00       0.77 r
  U1531/ZN (NAND2V2_140P7T35R)                            0.38      0.23       0.99 f
  n369 (net)                                   17                   0.00       0.99 f
  U1708/ZN (AOI22V2_140P7T35R)                            0.31      0.32       1.32 r
  weight_addr[107] (net)                        8                   0.00       1.32 r
  g_weight_0__u_weight/addr_i[2] (sram_bank_128x256_15)             0.00       1.32 r
  g_weight_0__u_weight/addr_i[2] (net)                              0.00       1.32 r
  g_weight_0__u_weight/g_bank_4__u_macro/addr_i[2] (hs128x32_wrapper_123)
                                                                    0.00       1.32 r
  g_weight_0__u_weight/g_bank_4__u_macro/addr_i[2] (net)            0.00       1.32 r
  g_weight_0__u_weight/g_bank_4__u_macro/u_sram/A[2] (HS128X32)
                                                          0.31      0.00       1.32 r
  data arrival time                                                            1.32

  clock clk (rise edge)                                             4.00       4.00
  clock network delay (ideal)                                       0.00       4.00
  clock uncertainty                                                -0.15       3.85
  g_weight_0__u_weight/g_bank_4__u_macro/u_sram/CLK (HS128X32)      0.00       3.85 r
  library setup time                                               -0.18       3.67
  data required time                                                           3.67
  ------------------------------------------------------------------------------------
  data required time                                                           3.67
  data arrival time                                                           -1.32
  ------------------------------------------------------------------------------------
  slack (MET)                                                                  2.36


  Startpoint: cfg_word_i[0]
              (input port clocked by clk)
  Endpoint: g_weight_0__u_weight/g_bank_4__u_macro/u_sram
            (rising edge-triggered flip-flop clocked by clk)
  Path Group: clk
  Path Type: max

  Point                                       Fanout     Trans      Incr       Path
  ------------------------------------------------------------------------------------
  clock clk (rise edge)                                             0.00       0.00
  clock network delay (ideal)                                       0.00       0.00
  input external delay                                              0.50       0.50 r
  cfg_word_i[0] (in)                                      0.01      0.01       0.51 r
  cfg_word_i[0] (net)                           5                   0.00       0.51 r
  u_config/cfg_word_i[0] (stage1_config_frontend)                   0.00       0.51 r
  u_config/cfg_word_i[0] (net)                                      0.00       0.51 r
  u_config/U79/ZN (INV2_140P7T35R)                        0.02      0.01       0.52 f
  u_config/n34 (net)                            5                   0.00       0.52 f
  u_config/U96/ZN (AOI22V2_140P7T35R)                     0.02      0.02       0.54 r
  u_config/n3 (net)                             1                   0.00       0.54 r
  u_config/U97/ZN (OAI212V2_140P7T35R)                    0.02      0.02       0.56 f
  u_config/n6 (net)                             1                   0.00       0.56 f
  u_config/U102/ZN (NOR4V2_140P7T35R)                     0.03      0.03       0.60 r
  u_config/n19 (net)                            1                   0.00       0.60 r
  u_config/U118/ZN (NAND4V1P5_140P7T35R)                  0.04      0.03       0.63 f
  u_config/n207 (net)                           3                   0.00       0.63 f
  u_config/U41/ZN (NOR2V2_140P7T35R)                      0.04      0.04       0.67 r
  u_config/n106 (net)                           5                   0.00       0.67 r
  u_config/U195/ZN (NAND2XBV2_140P7T35R)                  0.02      0.02       0.69 f
  u_config/n28 (net)                            2                   0.00       0.69 f
  u_config/U197/ZN (NOR2V2_140P7T35R)                     0.03      0.02       0.71 r
  u_config/weight_load_en_o (net)               2                   0.00       0.71 r
  u_config/weight_load_en_o (stage1_config_frontend)                0.00       0.71 r
  weight_load_en_i (net)                                            0.00       0.71 r
  U1506/ZN (INV2_140P7T35R)                               0.02      0.02       0.73 f
  n771 (net)                                    4                   0.00       0.73 f
  U1525/ZN (NOR3V2_140P7T35R)                             0.05      0.04       0.77 r
  n774 (net)                                    4                   0.00       0.77 r
  U1531/ZN (NAND2V2_140P7T35R)                            0.38      0.23       0.99 f
  n369 (net)                                   17                   0.00       0.99 f
  U1709/ZN (AOI22V2_140P7T35R)                            0.31      0.32       1.32 r
  weight_addr[108] (net)                        8                   0.00       1.32 r
  g_weight_0__u_weight/addr_i[3] (sram_bank_128x256_15)             0.00       1.32 r
  g_weight_0__u_weight/addr_i[3] (net)                              0.00       1.32 r
  g_weight_0__u_weight/g_bank_4__u_macro/addr_i[3] (hs128x32_wrapper_123)
                                                                    0.00       1.32 r
  g_weight_0__u_weight/g_bank_4__u_macro/addr_i[3] (net)            0.00       1.32 r
  g_weight_0__u_weight/g_bank_4__u_macro/u_sram/A[3] (HS128X32)
                                                          0.31      0.00       1.32 r
  data arrival time                                                            1.32

  clock clk (rise edge)                                             4.00       4.00
  clock network delay (ideal)                                       0.00       4.00
  clock uncertainty                                                -0.15       3.85
  g_weight_0__u_weight/g_bank_4__u_macro/u_sram/CLK (HS128X32)      0.00       3.85 r
  library setup time                                               -0.18       3.67
  data required time                                                           3.67
  ------------------------------------------------------------------------------------
  data required time                                                           3.67
  data arrival time                                                           -1.32
  ------------------------------------------------------------------------------------
  slack (MET)                                                                  2.36


  Startpoint: cfg_word_i[0]
              (input port clocked by clk)
  Endpoint: g_weight_0__u_weight/g_bank_4__u_macro/u_sram
            (rising edge-triggered flip-flop clocked by clk)
  Path Group: clk
  Path Type: max

  Point                                       Fanout     Trans      Incr       Path
  ------------------------------------------------------------------------------------
  clock clk (rise edge)                                             0.00       0.00
  clock network delay (ideal)                                       0.00       0.00
  input external delay                                              0.50       0.50 r
  cfg_word_i[0] (in)                                      0.01      0.01       0.51 r
  cfg_word_i[0] (net)                           5                   0.00       0.51 r
  u_config/cfg_word_i[0] (stage1_config_frontend)                   0.00       0.51 r
  u_config/cfg_word_i[0] (net)                                      0.00       0.51 r
  u_config/U79/ZN (INV2_140P7T35R)                        0.02      0.01       0.52 f
  u_config/n34 (net)                            5                   0.00       0.52 f
  u_config/U96/ZN (AOI22V2_140P7T35R)                     0.02      0.02       0.54 r
  u_config/n3 (net)                             1                   0.00       0.54 r
  u_config/U97/ZN (OAI212V2_140P7T35R)                    0.02      0.02       0.56 f
  u_config/n6 (net)                             1                   0.00       0.56 f
  u_config/U102/ZN (NOR4V2_140P7T35R)                     0.03      0.03       0.60 r
  u_config/n19 (net)                            1                   0.00       0.60 r
  u_config/U118/ZN (NAND4V1P5_140P7T35R)                  0.04      0.03       0.63 f
  u_config/n207 (net)                           3                   0.00       0.63 f
  u_config/U41/ZN (NOR2V2_140P7T35R)                      0.04      0.04       0.67 r
  u_config/n106 (net)                           5                   0.00       0.67 r
  u_config/U195/ZN (NAND2XBV2_140P7T35R)                  0.02      0.02       0.69 f
  u_config/n28 (net)                            2                   0.00       0.69 f
  u_config/U197/ZN (NOR2V2_140P7T35R)                     0.03      0.02       0.71 r
  u_config/weight_load_en_o (net)               2                   0.00       0.71 r
  u_config/weight_load_en_o (stage1_config_frontend)                0.00       0.71 r
  weight_load_en_i (net)                                            0.00       0.71 r
  U1506/ZN (INV2_140P7T35R)                               0.02      0.02       0.73 f
  n771 (net)                                    4                   0.00       0.73 f
  U1525/ZN (NOR3V2_140P7T35R)                             0.05      0.04       0.77 r
  n774 (net)                                    4                   0.00       0.77 r
  U1531/ZN (NAND2V2_140P7T35R)                            0.38      0.23       0.99 f
  n369 (net)                                   17                   0.00       0.99 f
  U1710/ZN (AOI22V2_140P7T35R)                            0.31      0.32       1.32 r
  weight_addr[109] (net)                        8                   0.00       1.32 r
  g_weight_0__u_weight/addr_i[4] (sram_bank_128x256_15)             0.00       1.32 r
  g_weight_0__u_weight/addr_i[4] (net)                              0.00       1.32 r
  g_weight_0__u_weight/g_bank_4__u_macro/addr_i[4] (hs128x32_wrapper_123)
                                                                    0.00       1.32 r
  g_weight_0__u_weight/g_bank_4__u_macro/addr_i[4] (net)            0.00       1.32 r
  g_weight_0__u_weight/g_bank_4__u_macro/u_sram/A[4] (HS128X32)
                                                          0.31      0.00       1.32 r
  data arrival time                                                            1.32

  clock clk (rise edge)                                             4.00       4.00
  clock network delay (ideal)                                       0.00       4.00
  clock uncertainty                                                -0.15       3.85
  g_weight_0__u_weight/g_bank_4__u_macro/u_sram/CLK (HS128X32)      0.00       3.85 r
  library setup time                                               -0.18       3.67
  data required time                                                           3.67
  ------------------------------------------------------------------------------------
  data required time                                                           3.67
  data arrival time                                                           -1.32
  ------------------------------------------------------------------------------------
  slack (MET)                                                                  2.36


  Startpoint: cfg_word_i[0]
              (input port clocked by clk)
  Endpoint: g_weight_0__u_weight/g_bank_4__u_macro/u_sram
            (rising edge-triggered flip-flop clocked by clk)
  Path Group: clk
  Path Type: max

  Point                                       Fanout     Trans      Incr       Path
  ------------------------------------------------------------------------------------
  clock clk (rise edge)                                             0.00       0.00
  clock network delay (ideal)                                       0.00       0.00
  input external delay                                              0.50       0.50 r
  cfg_word_i[0] (in)                                      0.01      0.01       0.51 r
  cfg_word_i[0] (net)                           5                   0.00       0.51 r
  u_config/cfg_word_i[0] (stage1_config_frontend)                   0.00       0.51 r
  u_config/cfg_word_i[0] (net)                                      0.00       0.51 r
  u_config/U79/ZN (INV2_140P7T35R)                        0.02      0.01       0.52 f
  u_config/n34 (net)                            5                   0.00       0.52 f
  u_config/U96/ZN (AOI22V2_140P7T35R)                     0.02      0.02       0.54 r
  u_config/n3 (net)                             1                   0.00       0.54 r
  u_config/U97/ZN (OAI212V2_140P7T35R)                    0.02      0.02       0.56 f
  u_config/n6 (net)                             1                   0.00       0.56 f
  u_config/U102/ZN (NOR4V2_140P7T35R)                     0.03      0.03       0.60 r
  u_config/n19 (net)                            1                   0.00       0.60 r
  u_config/U118/ZN (NAND4V1P5_140P7T35R)                  0.04      0.03       0.63 f
  u_config/n207 (net)                           3                   0.00       0.63 f
  u_config/U41/ZN (NOR2V2_140P7T35R)                      0.04      0.04       0.67 r
  u_config/n106 (net)                           5                   0.00       0.67 r
  u_config/U195/ZN (NAND2XBV2_140P7T35R)                  0.02      0.02       0.69 f
  u_config/n28 (net)                            2                   0.00       0.69 f
  u_config/U197/ZN (NOR2V2_140P7T35R)                     0.03      0.02       0.71 r
  u_config/weight_load_en_o (net)               2                   0.00       0.71 r
  u_config/weight_load_en_o (stage1_config_frontend)                0.00       0.71 r
  weight_load_en_i (net)                                            0.00       0.71 r
  U1506/ZN (INV2_140P7T35R)                               0.02      0.02       0.73 f
  n771 (net)                                    4                   0.00       0.73 f
  U1525/ZN (NOR3V2_140P7T35R)                             0.05      0.04       0.77 r
  n774 (net)                                    4                   0.00       0.77 r
  U1531/ZN (NAND2V2_140P7T35R)                            0.38      0.23       0.99 f
  n369 (net)                                   17                   0.00       0.99 f
  U1711/ZN (AOI22V2_140P7T35R)                            0.31      0.32       1.32 r
  weight_addr[110] (net)                        8                   0.00       1.32 r
  g_weight_0__u_weight/addr_i[5] (sram_bank_128x256_15)             0.00       1.32 r
  g_weight_0__u_weight/addr_i[5] (net)                              0.00       1.32 r
  g_weight_0__u_weight/g_bank_4__u_macro/addr_i[5] (hs128x32_wrapper_123)
                                                                    0.00       1.32 r
  g_weight_0__u_weight/g_bank_4__u_macro/addr_i[5] (net)            0.00       1.32 r
  g_weight_0__u_weight/g_bank_4__u_macro/u_sram/A[5] (HS128X32)
                                                          0.31      0.00       1.32 r
  data arrival time                                                            1.32

  clock clk (rise edge)                                             4.00       4.00
  clock network delay (ideal)                                       0.00       4.00
  clock uncertainty                                                -0.15       3.85
  g_weight_0__u_weight/g_bank_4__u_macro/u_sram/CLK (HS128X32)      0.00       3.85 r
  library setup time                                               -0.18       3.67
  data required time                                                           3.67
  ------------------------------------------------------------------------------------
  data required time                                                           3.67
  data arrival time                                                           -1.32
  ------------------------------------------------------------------------------------
  slack (MET)                                                                  2.36


  Startpoint: cfg_word_i[0]
              (input port clocked by clk)
  Endpoint: g_weight_0__u_weight/g_bank_4__u_macro/u_sram
            (rising edge-triggered flip-flop clocked by clk)
  Path Group: clk
  Path Type: max

  Point                                       Fanout     Trans      Incr       Path
  ------------------------------------------------------------------------------------
  clock clk (rise edge)                                             0.00       0.00
  clock network delay (ideal)                                       0.00       0.00
  input external delay                                              0.50       0.50 r
  cfg_word_i[0] (in)                                      0.01      0.01       0.51 r
  cfg_word_i[0] (net)                           5                   0.00       0.51 r
  u_config/cfg_word_i[0] (stage1_config_frontend)                   0.00       0.51 r
  u_config/cfg_word_i[0] (net)                                      0.00       0.51 r
  u_config/U79/ZN (INV2_140P7T35R)                        0.02      0.01       0.52 f
  u_config/n34 (net)                            5                   0.00       0.52 f
  u_config/U96/ZN (AOI22V2_140P7T35R)                     0.02      0.02       0.54 r
  u_config/n3 (net)                             1                   0.00       0.54 r
  u_config/U97/ZN (OAI212V2_140P7T35R)                    0.02      0.02       0.56 f
  u_config/n6 (net)                             1                   0.00       0.56 f
  u_config/U102/ZN (NOR4V2_140P7T35R)                     0.03      0.03       0.60 r
  u_config/n19 (net)                            1                   0.00       0.60 r
  u_config/U118/ZN (NAND4V1P5_140P7T35R)                  0.04      0.03       0.63 f
  u_config/n207 (net)                           3                   0.00       0.63 f
  u_config/U41/ZN (NOR2V2_140P7T35R)                      0.04      0.04       0.67 r
  u_config/n106 (net)                           5                   0.00       0.67 r
  u_config/U195/ZN (NAND2XBV2_140P7T35R)                  0.02      0.02       0.69 f
  u_config/n28 (net)                            2                   0.00       0.69 f
  u_config/U197/ZN (NOR2V2_140P7T35R)                     0.03      0.02       0.71 r
  u_config/weight_load_en_o (net)               2                   0.00       0.71 r
  u_config/weight_load_en_o (stage1_config_frontend)                0.00       0.71 r
  weight_load_en_i (net)                                            0.00       0.71 r
  U1506/ZN (INV2_140P7T35R)                               0.02      0.02       0.73 f
  n771 (net)                                    4                   0.00       0.73 f
  U1525/ZN (NOR3V2_140P7T35R)                             0.05      0.04       0.77 r
  n774 (net)                                    4                   0.00       0.77 r
  U1531/ZN (NAND2V2_140P7T35R)                            0.38      0.23       0.99 f
  n369 (net)                                   17                   0.00       0.99 f
  U1712/ZN (AOI22V2_140P7T35R)                            0.31      0.32       1.32 r
  weight_addr[111] (net)                        8                   0.00       1.32 r
  g_weight_0__u_weight/addr_i[6] (sram_bank_128x256_15)             0.00       1.32 r
  g_weight_0__u_weight/addr_i[6] (net)                              0.00       1.32 r
  g_weight_0__u_weight/g_bank_4__u_macro/addr_i[6] (hs128x32_wrapper_123)
                                                                    0.00       1.32 r
  g_weight_0__u_weight/g_bank_4__u_macro/addr_i[6] (net)            0.00       1.32 r
  g_weight_0__u_weight/g_bank_4__u_macro/u_sram/A[6] (HS128X32)
                                                          0.31      0.00       1.32 r
  data arrival time                                                            1.32

  clock clk (rise edge)                                             4.00       4.00
  clock network delay (ideal)                                       0.00       4.00
  clock uncertainty                                                -0.15       3.85
  g_weight_0__u_weight/g_bank_4__u_macro/u_sram/CLK (HS128X32)      0.00       3.85 r
  library setup time                                               -0.18       3.67
  data required time                                                           3.67
  ------------------------------------------------------------------------------------
  data required time                                                           3.67
  data arrival time                                                           -1.32
  ------------------------------------------------------------------------------------
  slack (MET)                                                                  2.36


  Startpoint: cfg_word_i[0]
              (input port clocked by clk)
  Endpoint: g_weight_0__u_weight/g_bank_5__u_macro/u_sram
            (rising edge-triggered flip-flop clocked by clk)
  Path Group: clk
  Path Type: max

  Point                                       Fanout     Trans      Incr       Path
  ------------------------------------------------------------------------------------
  clock clk (rise edge)                                             0.00       0.00
  clock network delay (ideal)                                       0.00       0.00
  input external delay                                              0.50       0.50 r
  cfg_word_i[0] (in)                                      0.01      0.01       0.51 r
  cfg_word_i[0] (net)                           5                   0.00       0.51 r
  u_config/cfg_word_i[0] (stage1_config_frontend)                   0.00       0.51 r
  u_config/cfg_word_i[0] (net)                                      0.00       0.51 r
  u_config/U79/ZN (INV2_140P7T35R)                        0.02      0.01       0.52 f
  u_config/n34 (net)                            5                   0.00       0.52 f
  u_config/U96/ZN (AOI22V2_140P7T35R)                     0.02      0.02       0.54 r
  u_config/n3 (net)                             1                   0.00       0.54 r
  u_config/U97/ZN (OAI212V2_140P7T35R)                    0.02      0.02       0.56 f
  u_config/n6 (net)                             1                   0.00       0.56 f
  u_config/U102/ZN (NOR4V2_140P7T35R)                     0.03      0.03       0.60 r
  u_config/n19 (net)                            1                   0.00       0.60 r
  u_config/U118/ZN (NAND4V1P5_140P7T35R)                  0.04      0.03       0.63 f
  u_config/n207 (net)                           3                   0.00       0.63 f
  u_config/U41/ZN (NOR2V2_140P7T35R)                      0.04      0.04       0.67 r
  u_config/n106 (net)                           5                   0.00       0.67 r
  u_config/U195/ZN (NAND2XBV2_140P7T35R)                  0.02      0.02       0.69 f
  u_config/n28 (net)                            2                   0.00       0.69 f
  u_config/U197/ZN (NOR2V2_140P7T35R)                     0.03      0.02       0.71 r
  u_config/weight_load_en_o (net)               2                   0.00       0.71 r
  u_config/weight_load_en_o (stage1_config_frontend)                0.00       0.71 r
  weight_load_en_i (net)                                            0.00       0.71 r
  U1506/ZN (INV2_140P7T35R)                               0.02      0.02       0.73 f
  n771 (net)                                    4                   0.00       0.73 f
  U1525/ZN (NOR3V2_140P7T35R)                             0.05      0.04       0.77 r
  n774 (net)                                    4                   0.00       0.77 r
  U1531/ZN (NAND2V2_140P7T35R)                            0.38      0.23       0.99 f
  n369 (net)                                   17                   0.00       0.99 f
  U1706/ZN (AOI22V2_140P7T35R)                            0.31      0.32       1.32 r
  weight_addr[105] (net)                        8                   0.00       1.32 r
  g_weight_0__u_weight/addr_i[0] (sram_bank_128x256_15)             0.00       1.32 r
  g_weight_0__u_weight/addr_i[0] (net)                              0.00       1.32 r
  g_weight_0__u_weight/g_bank_5__u_macro/addr_i[0] (hs128x32_wrapper_122)
                                                                    0.00       1.32 r
  g_weight_0__u_weight/g_bank_5__u_macro/addr_i[0] (net)            0.00       1.32 r
  g_weight_0__u_weight/g_bank_5__u_macro/u_sram/A[0] (HS128X32)
                                                          0.31      0.00       1.32 r
  data arrival time                                                            1.32

  clock clk (rise edge)                                             4.00       4.00
  clock network delay (ideal)                                       0.00       4.00
  clock uncertainty                                                -0.15       3.85
  g_weight_0__u_weight/g_bank_5__u_macro/u_sram/CLK (HS128X32)      0.00       3.85 r
  library setup time                                               -0.18       3.67
  data required time                                                           3.67
  ------------------------------------------------------------------------------------
  data required time                                                           3.67
  data arrival time                                                           -1.32
  ------------------------------------------------------------------------------------
  slack (MET)                                                                  2.36


  Startpoint: cfg_word_i[0]
              (input port clocked by clk)
  Endpoint: g_weight_0__u_weight/g_bank_5__u_macro/u_sram
            (rising edge-triggered flip-flop clocked by clk)
  Path Group: clk
  Path Type: max

  Point                                       Fanout     Trans      Incr       Path
  ------------------------------------------------------------------------------------
  clock clk (rise edge)                                             0.00       0.00
  clock network delay (ideal)                                       0.00       0.00
  input external delay                                              0.50       0.50 r
  cfg_word_i[0] (in)                                      0.01      0.01       0.51 r
  cfg_word_i[0] (net)                           5                   0.00       0.51 r
  u_config/cfg_word_i[0] (stage1_config_frontend)                   0.00       0.51 r
  u_config/cfg_word_i[0] (net)                                      0.00       0.51 r
  u_config/U79/ZN (INV2_140P7T35R)                        0.02      0.01       0.52 f
  u_config/n34 (net)                            5                   0.00       0.52 f
  u_config/U96/ZN (AOI22V2_140P7T35R)                     0.02      0.02       0.54 r
  u_config/n3 (net)                             1                   0.00       0.54 r
  u_config/U97/ZN (OAI212V2_140P7T35R)                    0.02      0.02       0.56 f
  u_config/n6 (net)                             1                   0.00       0.56 f
  u_config/U102/ZN (NOR4V2_140P7T35R)                     0.03      0.03       0.60 r
  u_config/n19 (net)                            1                   0.00       0.60 r
  u_config/U118/ZN (NAND4V1P5_140P7T35R)                  0.04      0.03       0.63 f
  u_config/n207 (net)                           3                   0.00       0.63 f
  u_config/U41/ZN (NOR2V2_140P7T35R)                      0.04      0.04       0.67 r
  u_config/n106 (net)                           5                   0.00       0.67 r
  u_config/U195/ZN (NAND2XBV2_140P7T35R)                  0.02      0.02       0.69 f
  u_config/n28 (net)                            2                   0.00       0.69 f
  u_config/U197/ZN (NOR2V2_140P7T35R)                     0.03      0.02       0.71 r
  u_config/weight_load_en_o (net)               2                   0.00       0.71 r
  u_config/weight_load_en_o (stage1_config_frontend)                0.00       0.71 r
  weight_load_en_i (net)                                            0.00       0.71 r
  U1506/ZN (INV2_140P7T35R)                               0.02      0.02       0.73 f
  n771 (net)                                    4                   0.00       0.73 f
  U1525/ZN (NOR3V2_140P7T35R)                             0.05      0.04       0.77 r
  n774 (net)                                    4                   0.00       0.77 r
  U1531/ZN (NAND2V2_140P7T35R)                            0.38      0.23       0.99 f
  n369 (net)                                   17                   0.00       0.99 f
  U1707/ZN (AOI22V2_140P7T35R)                            0.31      0.32       1.32 r
  weight_addr[106] (net)                        8                   0.00       1.32 r
  g_weight_0__u_weight/addr_i[1] (sram_bank_128x256_15)             0.00       1.32 r
  g_weight_0__u_weight/addr_i[1] (net)                              0.00       1.32 r
  g_weight_0__u_weight/g_bank_5__u_macro/addr_i[1] (hs128x32_wrapper_122)
                                                                    0.00       1.32 r
  g_weight_0__u_weight/g_bank_5__u_macro/addr_i[1] (net)            0.00       1.32 r
  g_weight_0__u_weight/g_bank_5__u_macro/u_sram/A[1] (HS128X32)
                                                          0.31      0.00       1.32 r
  data arrival time                                                            1.32

  clock clk (rise edge)                                             4.00       4.00
  clock network delay (ideal)                                       0.00       4.00
  clock uncertainty                                                -0.15       3.85
  g_weight_0__u_weight/g_bank_5__u_macro/u_sram/CLK (HS128X32)      0.00       3.85 r
  library setup time                                               -0.18       3.67
  data required time                                                           3.67
  ------------------------------------------------------------------------------------
  data required time                                                           3.67
  data arrival time                                                           -1.32
  ------------------------------------------------------------------------------------
  slack (MET)                                                                  2.36


  Startpoint: cfg_word_i[0]
              (input port clocked by clk)
  Endpoint: g_weight_0__u_weight/g_bank_5__u_macro/u_sram
            (rising edge-triggered flip-flop clocked by clk)
  Path Group: clk
  Path Type: max

  Point                                       Fanout     Trans      Incr       Path
  ------------------------------------------------------------------------------------
  clock clk (rise edge)                                             0.00       0.00
  clock network delay (ideal)                                       0.00       0.00
  input external delay                                              0.50       0.50 r
  cfg_word_i[0] (in)                                      0.01      0.01       0.51 r
  cfg_word_i[0] (net)                           5                   0.00       0.51 r
  u_config/cfg_word_i[0] (stage1_config_frontend)                   0.00       0.51 r
  u_config/cfg_word_i[0] (net)                                      0.00       0.51 r
  u_config/U79/ZN (INV2_140P7T35R)                        0.02      0.01       0.52 f
  u_config/n34 (net)                            5                   0.00       0.52 f
  u_config/U96/ZN (AOI22V2_140P7T35R)                     0.02      0.02       0.54 r
  u_config/n3 (net)                             1                   0.00       0.54 r
  u_config/U97/ZN (OAI212V2_140P7T35R)                    0.02      0.02       0.56 f
  u_config/n6 (net)                             1                   0.00       0.56 f
  u_config/U102/ZN (NOR4V2_140P7T35R)                     0.03      0.03       0.60 r
  u_config/n19 (net)                            1                   0.00       0.60 r
  u_config/U118/ZN (NAND4V1P5_140P7T35R)                  0.04      0.03       0.63 f
  u_config/n207 (net)                           3                   0.00       0.63 f
  u_config/U41/ZN (NOR2V2_140P7T35R)                      0.04      0.04       0.67 r
  u_config/n106 (net)                           5                   0.00       0.67 r
  u_config/U195/ZN (NAND2XBV2_140P7T35R)                  0.02      0.02       0.69 f
  u_config/n28 (net)                            2                   0.00       0.69 f
  u_config/U197/ZN (NOR2V2_140P7T35R)                     0.03      0.02       0.71 r
  u_config/weight_load_en_o (net)               2                   0.00       0.71 r
  u_config/weight_load_en_o (stage1_config_frontend)                0.00       0.71 r
  weight_load_en_i (net)                                            0.00       0.71 r
  U1506/ZN (INV2_140P7T35R)                               0.02      0.02       0.73 f
  n771 (net)                                    4                   0.00       0.73 f
  U1525/ZN (NOR3V2_140P7T35R)                             0.05      0.04       0.77 r
  n774 (net)                                    4                   0.00       0.77 r
  U1531/ZN (NAND2V2_140P7T35R)                            0.38      0.23       0.99 f
  n369 (net)                                   17                   0.00       0.99 f
  U1708/ZN (AOI22V2_140P7T35R)                            0.31      0.32       1.32 r
  weight_addr[107] (net)                        8                   0.00       1.32 r
  g_weight_0__u_weight/addr_i[2] (sram_bank_128x256_15)             0.00       1.32 r
  g_weight_0__u_weight/addr_i[2] (net)                              0.00       1.32 r
  g_weight_0__u_weight/g_bank_5__u_macro/addr_i[2] (hs128x32_wrapper_122)
                                                                    0.00       1.32 r
  g_weight_0__u_weight/g_bank_5__u_macro/addr_i[2] (net)            0.00       1.32 r
  g_weight_0__u_weight/g_bank_5__u_macro/u_sram/A[2] (HS128X32)
                                                          0.31      0.00       1.32 r
  data arrival time                                                            1.32

  clock clk (rise edge)                                             4.00       4.00
  clock network delay (ideal)                                       0.00       4.00
  clock uncertainty                                                -0.15       3.85
  g_weight_0__u_weight/g_bank_5__u_macro/u_sram/CLK (HS128X32)      0.00       3.85 r
  library setup time                                               -0.18       3.67
  data required time                                                           3.67
  ------------------------------------------------------------------------------------
  data required time                                                           3.67
  data arrival time                                                           -1.32
  ------------------------------------------------------------------------------------
  slack (MET)                                                                  2.36


  Startpoint: cfg_word_i[0]
              (input port clocked by clk)
  Endpoint: g_weight_0__u_weight/g_bank_5__u_macro/u_sram
            (rising edge-triggered flip-flop clocked by clk)
  Path Group: clk
  Path Type: max

  Point                                       Fanout     Trans      Incr       Path
  ------------------------------------------------------------------------------------
  clock clk (rise edge)                                             0.00       0.00
  clock network delay (ideal)                                       0.00       0.00
  input external delay                                              0.50       0.50 r
  cfg_word_i[0] (in)                                      0.01      0.01       0.51 r
  cfg_word_i[0] (net)                           5                   0.00       0.51 r
  u_config/cfg_word_i[0] (stage1_config_frontend)                   0.00       0.51 r
  u_config/cfg_word_i[0] (net)                                      0.00       0.51 r
  u_config/U79/ZN (INV2_140P7T35R)                        0.02      0.01       0.52 f
  u_config/n34 (net)                            5                   0.00       0.52 f
  u_config/U96/ZN (AOI22V2_140P7T35R)                     0.02      0.02       0.54 r
  u_config/n3 (net)                             1                   0.00       0.54 r
  u_config/U97/ZN (OAI212V2_140P7T35R)                    0.02      0.02       0.56 f
  u_config/n6 (net)                             1                   0.00       0.56 f
  u_config/U102/ZN (NOR4V2_140P7T35R)                     0.03      0.03       0.60 r
  u_config/n19 (net)                            1                   0.00       0.60 r
  u_config/U118/ZN (NAND4V1P5_140P7T35R)                  0.04      0.03       0.63 f
  u_config/n207 (net)                           3                   0.00       0.63 f
  u_config/U41/ZN (NOR2V2_140P7T35R)                      0.04      0.04       0.67 r
  u_config/n106 (net)                           5                   0.00       0.67 r
  u_config/U195/ZN (NAND2XBV2_140P7T35R)                  0.02      0.02       0.69 f
  u_config/n28 (net)                            2                   0.00       0.69 f
  u_config/U197/ZN (NOR2V2_140P7T35R)                     0.03      0.02       0.71 r
  u_config/weight_load_en_o (net)               2                   0.00       0.71 r
  u_config/weight_load_en_o (stage1_config_frontend)                0.00       0.71 r
  weight_load_en_i (net)                                            0.00       0.71 r
  U1506/ZN (INV2_140P7T35R)                               0.02      0.02       0.73 f
  n771 (net)                                    4                   0.00       0.73 f
  U1525/ZN (NOR3V2_140P7T35R)                             0.05      0.04       0.77 r
  n774 (net)                                    4                   0.00       0.77 r
  U1531/ZN (NAND2V2_140P7T35R)                            0.38      0.23       0.99 f
  n369 (net)                                   17                   0.00       0.99 f
  U1709/ZN (AOI22V2_140P7T35R)                            0.31      0.32       1.32 r
  weight_addr[108] (net)                        8                   0.00       1.32 r
  g_weight_0__u_weight/addr_i[3] (sram_bank_128x256_15)             0.00       1.32 r
  g_weight_0__u_weight/addr_i[3] (net)                              0.00       1.32 r
  g_weight_0__u_weight/g_bank_5__u_macro/addr_i[3] (hs128x32_wrapper_122)
                                                                    0.00       1.32 r
  g_weight_0__u_weight/g_bank_5__u_macro/addr_i[3] (net)            0.00       1.32 r
  g_weight_0__u_weight/g_bank_5__u_macro/u_sram/A[3] (HS128X32)
                                                          0.31      0.00       1.32 r
  data arrival time                                                            1.32

  clock clk (rise edge)                                             4.00       4.00
  clock network delay (ideal)                                       0.00       4.00
  clock uncertainty                                                -0.15       3.85
  g_weight_0__u_weight/g_bank_5__u_macro/u_sram/CLK (HS128X32)      0.00       3.85 r
  library setup time                                               -0.18       3.67
  data required time                                                           3.67
  ------------------------------------------------------------------------------------
  data required time                                                           3.67
  data arrival time                                                           -1.32
  ------------------------------------------------------------------------------------
  slack (MET)                                                                  2.36


  Startpoint: cfg_word_i[0]
              (input port clocked by clk)
  Endpoint: g_weight_0__u_weight/g_bank_5__u_macro/u_sram
            (rising edge-triggered flip-flop clocked by clk)
  Path Group: clk
  Path Type: max

  Point                                       Fanout     Trans      Incr       Path
  ------------------------------------------------------------------------------------
  clock clk (rise edge)                                             0.00       0.00
  clock network delay (ideal)                                       0.00       0.00
  input external delay                                              0.50       0.50 r
  cfg_word_i[0] (in)                                      0.01      0.01       0.51 r
  cfg_word_i[0] (net)                           5                   0.00       0.51 r
  u_config/cfg_word_i[0] (stage1_config_frontend)                   0.00       0.51 r
  u_config/cfg_word_i[0] (net)                                      0.00       0.51 r
  u_config/U79/ZN (INV2_140P7T35R)                        0.02      0.01       0.52 f
  u_config/n34 (net)                            5                   0.00       0.52 f
  u_config/U96/ZN (AOI22V2_140P7T35R)                     0.02      0.02       0.54 r
  u_config/n3 (net)                             1                   0.00       0.54 r
  u_config/U97/ZN (OAI212V2_140P7T35R)                    0.02      0.02       0.56 f
  u_config/n6 (net)                             1                   0.00       0.56 f
  u_config/U102/ZN (NOR4V2_140P7T35R)                     0.03      0.03       0.60 r
  u_config/n19 (net)                            1                   0.00       0.60 r
  u_config/U118/ZN (NAND4V1P5_140P7T35R)                  0.04      0.03       0.63 f
  u_config/n207 (net)                           3                   0.00       0.63 f
  u_config/U41/ZN (NOR2V2_140P7T35R)                      0.04      0.04       0.67 r
  u_config/n106 (net)                           5                   0.00       0.67 r
  u_config/U195/ZN (NAND2XBV2_140P7T35R)                  0.02      0.02       0.69 f
  u_config/n28 (net)                            2                   0.00       0.69 f
  u_config/U197/ZN (NOR2V2_140P7T35R)                     0.03      0.02       0.71 r
  u_config/weight_load_en_o (net)               2                   0.00       0.71 r
  u_config/weight_load_en_o (stage1_config_frontend)                0.00       0.71 r
  weight_load_en_i (net)                                            0.00       0.71 r
  U1506/ZN (INV2_140P7T35R)                               0.02      0.02       0.73 f
  n771 (net)                                    4                   0.00       0.73 f
  U1525/ZN (NOR3V2_140P7T35R)                             0.05      0.04       0.77 r
  n774 (net)                                    4                   0.00       0.77 r
  U1531/ZN (NAND2V2_140P7T35R)                            0.38      0.23       0.99 f
  n369 (net)                                   17                   0.00       0.99 f
  U1710/ZN (AOI22V2_140P7T35R)                            0.31      0.32       1.32 r
  weight_addr[109] (net)                        8                   0.00       1.32 r
  g_weight_0__u_weight/addr_i[4] (sram_bank_128x256_15)             0.00       1.32 r
  g_weight_0__u_weight/addr_i[4] (net)                              0.00       1.32 r
  g_weight_0__u_weight/g_bank_5__u_macro/addr_i[4] (hs128x32_wrapper_122)
                                                                    0.00       1.32 r
  g_weight_0__u_weight/g_bank_5__u_macro/addr_i[4] (net)            0.00       1.32 r
  g_weight_0__u_weight/g_bank_5__u_macro/u_sram/A[4] (HS128X32)
                                                          0.31      0.00       1.32 r
  data arrival time                                                            1.32

  clock clk (rise edge)                                             4.00       4.00
  clock network delay (ideal)                                       0.00       4.00
  clock uncertainty                                                -0.15       3.85
  g_weight_0__u_weight/g_bank_5__u_macro/u_sram/CLK (HS128X32)      0.00       3.85 r
  library setup time                                               -0.18       3.67
  data required time                                                           3.67
  ------------------------------------------------------------------------------------
  data required time                                                           3.67
  data arrival time                                                           -1.32
  ------------------------------------------------------------------------------------
  slack (MET)                                                                  2.36


  Startpoint: cfg_word_i[0]
              (input port clocked by clk)
  Endpoint: g_weight_0__u_weight/g_bank_5__u_macro/u_sram
            (rising edge-triggered flip-flop clocked by clk)
  Path Group: clk
  Path Type: max

  Point                                       Fanout     Trans      Incr       Path
  ------------------------------------------------------------------------------------
  clock clk (rise edge)                                             0.00       0.00
  clock network delay (ideal)                                       0.00       0.00
  input external delay                                              0.50       0.50 r
  cfg_word_i[0] (in)                                      0.01      0.01       0.51 r
  cfg_word_i[0] (net)                           5                   0.00       0.51 r
  u_config/cfg_word_i[0] (stage1_config_frontend)                   0.00       0.51 r
  u_config/cfg_word_i[0] (net)                                      0.00       0.51 r
  u_config/U79/ZN (INV2_140P7T35R)                        0.02      0.01       0.52 f
  u_config/n34 (net)                            5                   0.00       0.52 f
  u_config/U96/ZN (AOI22V2_140P7T35R)                     0.02      0.02       0.54 r
  u_config/n3 (net)                             1                   0.00       0.54 r
  u_config/U97/ZN (OAI212V2_140P7T35R)                    0.02      0.02       0.56 f
  u_config/n6 (net)                             1                   0.00       0.56 f
  u_config/U102/ZN (NOR4V2_140P7T35R)                     0.03      0.03       0.60 r
  u_config/n19 (net)                            1                   0.00       0.60 r
  u_config/U118/ZN (NAND4V1P5_140P7T35R)                  0.04      0.03       0.63 f
  u_config/n207 (net)                           3                   0.00       0.63 f
  u_config/U41/ZN (NOR2V2_140P7T35R)                      0.04      0.04       0.67 r
  u_config/n106 (net)                           5                   0.00       0.67 r
  u_config/U195/ZN (NAND2XBV2_140P7T35R)                  0.02      0.02       0.69 f
  u_config/n28 (net)                            2                   0.00       0.69 f
  u_config/U197/ZN (NOR2V2_140P7T35R)                     0.03      0.02       0.71 r
  u_config/weight_load_en_o (net)               2                   0.00       0.71 r
  u_config/weight_load_en_o (stage1_config_frontend)                0.00       0.71 r
  weight_load_en_i (net)                                            0.00       0.71 r
  U1506/ZN (INV2_140P7T35R)                               0.02      0.02       0.73 f
  n771 (net)                                    4                   0.00       0.73 f
  U1525/ZN (NOR3V2_140P7T35R)                             0.05      0.04       0.77 r
  n774 (net)                                    4                   0.00       0.77 r
  U1531/ZN (NAND2V2_140P7T35R)                            0.38      0.23       0.99 f
  n369 (net)                                   17                   0.00       0.99 f
  U1711/ZN (AOI22V2_140P7T35R)                            0.31      0.32       1.32 r
  weight_addr[110] (net)                        8                   0.00       1.32 r
  g_weight_0__u_weight/addr_i[5] (sram_bank_128x256_15)             0.00       1.32 r
  g_weight_0__u_weight/addr_i[5] (net)                              0.00       1.32 r
  g_weight_0__u_weight/g_bank_5__u_macro/addr_i[5] (hs128x32_wrapper_122)
                                                                    0.00       1.32 r
  g_weight_0__u_weight/g_bank_5__u_macro/addr_i[5] (net)            0.00       1.32 r
  g_weight_0__u_weight/g_bank_5__u_macro/u_sram/A[5] (HS128X32)
                                                          0.31      0.00       1.32 r
  data arrival time                                                            1.32

  clock clk (rise edge)                                             4.00       4.00
  clock network delay (ideal)                                       0.00       4.00
  clock uncertainty                                                -0.15       3.85
  g_weight_0__u_weight/g_bank_5__u_macro/u_sram/CLK (HS128X32)      0.00       3.85 r
  library setup time                                               -0.18       3.67
  data required time                                                           3.67
  ------------------------------------------------------------------------------------
  data required time                                                           3.67
  data arrival time                                                           -1.32
  ------------------------------------------------------------------------------------
  slack (MET)                                                                  2.36


  Startpoint: cfg_word_i[0]
              (input port clocked by clk)
  Endpoint: g_weight_0__u_weight/g_bank_5__u_macro/u_sram
            (rising edge-triggered flip-flop clocked by clk)
  Path Group: clk
  Path Type: max

  Point                                       Fanout     Trans      Incr       Path
  ------------------------------------------------------------------------------------
  clock clk (rise edge)                                             0.00       0.00
  clock network delay (ideal)                                       0.00       0.00
  input external delay                                              0.50       0.50 r
  cfg_word_i[0] (in)                                      0.01      0.01       0.51 r
  cfg_word_i[0] (net)                           5                   0.00       0.51 r
  u_config/cfg_word_i[0] (stage1_config_frontend)                   0.00       0.51 r
  u_config/cfg_word_i[0] (net)                                      0.00       0.51 r
  u_config/U79/ZN (INV2_140P7T35R)                        0.02      0.01       0.52 f
  u_config/n34 (net)                            5                   0.00       0.52 f
  u_config/U96/ZN (AOI22V2_140P7T35R)                     0.02      0.02       0.54 r
  u_config/n3 (net)                             1                   0.00       0.54 r
  u_config/U97/ZN (OAI212V2_140P7T35R)                    0.02      0.02       0.56 f
  u_config/n6 (net)                             1                   0.00       0.56 f
  u_config/U102/ZN (NOR4V2_140P7T35R)                     0.03      0.03       0.60 r
  u_config/n19 (net)                            1                   0.00       0.60 r
  u_config/U118/ZN (NAND4V1P5_140P7T35R)                  0.04      0.03       0.63 f
  u_config/n207 (net)                           3                   0.00       0.63 f
  u_config/U41/ZN (NOR2V2_140P7T35R)                      0.04      0.04       0.67 r
  u_config/n106 (net)                           5                   0.00       0.67 r
  u_config/U195/ZN (NAND2XBV2_140P7T35R)                  0.02      0.02       0.69 f
  u_config/n28 (net)                            2                   0.00       0.69 f
  u_config/U197/ZN (NOR2V2_140P7T35R)                     0.03      0.02       0.71 r
  u_config/weight_load_en_o (net)               2                   0.00       0.71 r
  u_config/weight_load_en_o (stage1_config_frontend)                0.00       0.71 r
  weight_load_en_i (net)                                            0.00       0.71 r
  U1506/ZN (INV2_140P7T35R)                               0.02      0.02       0.73 f
  n771 (net)                                    4                   0.00       0.73 f
  U1525/ZN (NOR3V2_140P7T35R)                             0.05      0.04       0.77 r
  n774 (net)                                    4                   0.00       0.77 r
  U1531/ZN (NAND2V2_140P7T35R)                            0.38      0.23       0.99 f
  n369 (net)                                   17                   0.00       0.99 f
  U1712/ZN (AOI22V2_140P7T35R)                            0.31      0.32       1.32 r
  weight_addr[111] (net)                        8                   0.00       1.32 r
  g_weight_0__u_weight/addr_i[6] (sram_bank_128x256_15)             0.00       1.32 r
  g_weight_0__u_weight/addr_i[6] (net)                              0.00       1.32 r
  g_weight_0__u_weight/g_bank_5__u_macro/addr_i[6] (hs128x32_wrapper_122)
                                                                    0.00       1.32 r
  g_weight_0__u_weight/g_bank_5__u_macro/addr_i[6] (net)            0.00       1.32 r
  g_weight_0__u_weight/g_bank_5__u_macro/u_sram/A[6] (HS128X32)
                                                          0.31      0.00       1.32 r
  data arrival time                                                            1.32

  clock clk (rise edge)                                             4.00       4.00
  clock network delay (ideal)                                       0.00       4.00
  clock uncertainty                                                -0.15       3.85
  g_weight_0__u_weight/g_bank_5__u_macro/u_sram/CLK (HS128X32)      0.00       3.85 r
  library setup time                                               -0.18       3.67
  data required time                                                           3.67
  ------------------------------------------------------------------------------------
  data required time                                                           3.67
  data arrival time                                                           -1.32
  ------------------------------------------------------------------------------------
  slack (MET)                                                                  2.36


  Startpoint: cfg_word_i[0]
              (input port clocked by clk)
  Endpoint: g_weight_0__u_weight/g_bank_6__u_macro/u_sram
            (rising edge-triggered flip-flop clocked by clk)
  Path Group: clk
  Path Type: max

  Point                                       Fanout     Trans      Incr       Path
  ------------------------------------------------------------------------------------
  clock clk (rise edge)                                             0.00       0.00
  clock network delay (ideal)                                       0.00       0.00
  input external delay                                              0.50       0.50 r
  cfg_word_i[0] (in)                                      0.01      0.01       0.51 r
  cfg_word_i[0] (net)                           5                   0.00       0.51 r
  u_config/cfg_word_i[0] (stage1_config_frontend)                   0.00       0.51 r
  u_config/cfg_word_i[0] (net)                                      0.00       0.51 r
  u_config/U79/ZN (INV2_140P7T35R)                        0.02      0.01       0.52 f
  u_config/n34 (net)                            5                   0.00       0.52 f
  u_config/U96/ZN (AOI22V2_140P7T35R)                     0.02      0.02       0.54 r
  u_config/n3 (net)                             1                   0.00       0.54 r
  u_config/U97/ZN (OAI212V2_140P7T35R)                    0.02      0.02       0.56 f
  u_config/n6 (net)                             1                   0.00       0.56 f
  u_config/U102/ZN (NOR4V2_140P7T35R)                     0.03      0.03       0.60 r
  u_config/n19 (net)                            1                   0.00       0.60 r
  u_config/U118/ZN (NAND4V1P5_140P7T35R)                  0.04      0.03       0.63 f
  u_config/n207 (net)                           3                   0.00       0.63 f
  u_config/U41/ZN (NOR2V2_140P7T35R)                      0.04      0.04       0.67 r
  u_config/n106 (net)                           5                   0.00       0.67 r
  u_config/U195/ZN (NAND2XBV2_140P7T35R)                  0.02      0.02       0.69 f
  u_config/n28 (net)                            2                   0.00       0.69 f
  u_config/U197/ZN (NOR2V2_140P7T35R)                     0.03      0.02       0.71 r
  u_config/weight_load_en_o (net)               2                   0.00       0.71 r
  u_config/weight_load_en_o (stage1_config_frontend)                0.00       0.71 r
  weight_load_en_i (net)                                            0.00       0.71 r
  U1506/ZN (INV2_140P7T35R)                               0.02      0.02       0.73 f
  n771 (net)                                    4                   0.00       0.73 f
  U1525/ZN (NOR3V2_140P7T35R)                             0.05      0.04       0.77 r
  n774 (net)                                    4                   0.00       0.77 r
  U1531/ZN (NAND2V2_140P7T35R)                            0.38      0.23       0.99 f
  n369 (net)                                   17                   0.00       0.99 f
  U1706/ZN (AOI22V2_140P7T35R)                            0.31      0.32       1.32 r
  weight_addr[105] (net)                        8                   0.00       1.32 r
  g_weight_0__u_weight/addr_i[0] (sram_bank_128x256_15)             0.00       1.32 r
  g_weight_0__u_weight/addr_i[0] (net)                              0.00       1.32 r
  g_weight_0__u_weight/g_bank_6__u_macro/addr_i[0] (hs128x32_wrapper_121)
                                                                    0.00       1.32 r
  g_weight_0__u_weight/g_bank_6__u_macro/addr_i[0] (net)            0.00       1.32 r
  g_weight_0__u_weight/g_bank_6__u_macro/u_sram/A[0] (HS128X32)
                                                          0.31      0.00       1.32 r
  data arrival time                                                            1.32

  clock clk (rise edge)                                             4.00       4.00
  clock network delay (ideal)                                       0.00       4.00
  clock uncertainty                                                -0.15       3.85
  g_weight_0__u_weight/g_bank_6__u_macro/u_sram/CLK (HS128X32)      0.00       3.85 r
  library setup time                                               -0.18       3.67
  data required time                                                           3.67
  ------------------------------------------------------------------------------------
  data required time                                                           3.67
  data arrival time                                                           -1.32
  ------------------------------------------------------------------------------------
  slack (MET)                                                                  2.36


  Startpoint: cfg_word_i[0]
              (input port clocked by clk)
  Endpoint: g_weight_0__u_weight/g_bank_6__u_macro/u_sram
            (rising edge-triggered flip-flop clocked by clk)
  Path Group: clk
  Path Type: max

  Point                                       Fanout     Trans      Incr       Path
  ------------------------------------------------------------------------------------
  clock clk (rise edge)                                             0.00       0.00
  clock network delay (ideal)                                       0.00       0.00
  input external delay                                              0.50       0.50 r
  cfg_word_i[0] (in)                                      0.01      0.01       0.51 r
  cfg_word_i[0] (net)                           5                   0.00       0.51 r
  u_config/cfg_word_i[0] (stage1_config_frontend)                   0.00       0.51 r
  u_config/cfg_word_i[0] (net)                                      0.00       0.51 r
  u_config/U79/ZN (INV2_140P7T35R)                        0.02      0.01       0.52 f
  u_config/n34 (net)                            5                   0.00       0.52 f
  u_config/U96/ZN (AOI22V2_140P7T35R)                     0.02      0.02       0.54 r
  u_config/n3 (net)                             1                   0.00       0.54 r
  u_config/U97/ZN (OAI212V2_140P7T35R)                    0.02      0.02       0.56 f
  u_config/n6 (net)                             1                   0.00       0.56 f
  u_config/U102/ZN (NOR4V2_140P7T35R)                     0.03      0.03       0.60 r
  u_config/n19 (net)                            1                   0.00       0.60 r
  u_config/U118/ZN (NAND4V1P5_140P7T35R)                  0.04      0.03       0.63 f
  u_config/n207 (net)                           3                   0.00       0.63 f
  u_config/U41/ZN (NOR2V2_140P7T35R)                      0.04      0.04       0.67 r
  u_config/n106 (net)                           5                   0.00       0.67 r
  u_config/U195/ZN (NAND2XBV2_140P7T35R)                  0.02      0.02       0.69 f
  u_config/n28 (net)                            2                   0.00       0.69 f
  u_config/U197/ZN (NOR2V2_140P7T35R)                     0.03      0.02       0.71 r
  u_config/weight_load_en_o (net)               2                   0.00       0.71 r
  u_config/weight_load_en_o (stage1_config_frontend)                0.00       0.71 r
  weight_load_en_i (net)                                            0.00       0.71 r
  U1506/ZN (INV2_140P7T35R)                               0.02      0.02       0.73 f
  n771 (net)                                    4                   0.00       0.73 f
  U1525/ZN (NOR3V2_140P7T35R)                             0.05      0.04       0.77 r
  n774 (net)                                    4                   0.00       0.77 r
  U1531/ZN (NAND2V2_140P7T35R)                            0.38      0.23       0.99 f
  n369 (net)                                   17                   0.00       0.99 f
  U1707/ZN (AOI22V2_140P7T35R)                            0.31      0.32       1.32 r
  weight_addr[106] (net)                        8                   0.00       1.32 r
  g_weight_0__u_weight/addr_i[1] (sram_bank_128x256_15)             0.00       1.32 r
  g_weight_0__u_weight/addr_i[1] (net)                              0.00       1.32 r
  g_weight_0__u_weight/g_bank_6__u_macro/addr_i[1] (hs128x32_wrapper_121)
                                                                    0.00       1.32 r
  g_weight_0__u_weight/g_bank_6__u_macro/addr_i[1] (net)            0.00       1.32 r
  g_weight_0__u_weight/g_bank_6__u_macro/u_sram/A[1] (HS128X32)
                                                          0.31      0.00       1.32 r
  data arrival time                                                            1.32

  clock clk (rise edge)                                             4.00       4.00
  clock network delay (ideal)                                       0.00       4.00
  clock uncertainty                                                -0.15       3.85
  g_weight_0__u_weight/g_bank_6__u_macro/u_sram/CLK (HS128X32)      0.00       3.85 r
  library setup time                                               -0.18       3.67
  data required time                                                           3.67
  ------------------------------------------------------------------------------------
  data required time                                                           3.67
  data arrival time                                                           -1.32
  ------------------------------------------------------------------------------------
  slack (MET)                                                                  2.36


  Startpoint: cfg_word_i[0]
              (input port clocked by clk)
  Endpoint: g_weight_0__u_weight/g_bank_6__u_macro/u_sram
            (rising edge-triggered flip-flop clocked by clk)
  Path Group: clk
  Path Type: max

  Point                                       Fanout     Trans      Incr       Path
  ------------------------------------------------------------------------------------
  clock clk (rise edge)                                             0.00       0.00
  clock network delay (ideal)                                       0.00       0.00
  input external delay                                              0.50       0.50 r
  cfg_word_i[0] (in)                                      0.01      0.01       0.51 r
  cfg_word_i[0] (net)                           5                   0.00       0.51 r
  u_config/cfg_word_i[0] (stage1_config_frontend)                   0.00       0.51 r
  u_config/cfg_word_i[0] (net)                                      0.00       0.51 r
  u_config/U79/ZN (INV2_140P7T35R)                        0.02      0.01       0.52 f
  u_config/n34 (net)                            5                   0.00       0.52 f
  u_config/U96/ZN (AOI22V2_140P7T35R)                     0.02      0.02       0.54 r
  u_config/n3 (net)                             1                   0.00       0.54 r
  u_config/U97/ZN (OAI212V2_140P7T35R)                    0.02      0.02       0.56 f
  u_config/n6 (net)                             1                   0.00       0.56 f
  u_config/U102/ZN (NOR4V2_140P7T35R)                     0.03      0.03       0.60 r
  u_config/n19 (net)                            1                   0.00       0.60 r
  u_config/U118/ZN (NAND4V1P5_140P7T35R)                  0.04      0.03       0.63 f
  u_config/n207 (net)                           3                   0.00       0.63 f
  u_config/U41/ZN (NOR2V2_140P7T35R)                      0.04      0.04       0.67 r
  u_config/n106 (net)                           5                   0.00       0.67 r
  u_config/U195/ZN (NAND2XBV2_140P7T35R)                  0.02      0.02       0.69 f
  u_config/n28 (net)                            2                   0.00       0.69 f
  u_config/U197/ZN (NOR2V2_140P7T35R)                     0.03      0.02       0.71 r
  u_config/weight_load_en_o (net)               2                   0.00       0.71 r
  u_config/weight_load_en_o (stage1_config_frontend)                0.00       0.71 r
  weight_load_en_i (net)                                            0.00       0.71 r
  U1506/ZN (INV2_140P7T35R)                               0.02      0.02       0.73 f
  n771 (net)                                    4                   0.00       0.73 f
  U1525/ZN (NOR3V2_140P7T35R)                             0.05      0.04       0.77 r
  n774 (net)                                    4                   0.00       0.77 r
  U1531/ZN (NAND2V2_140P7T35R)                            0.38      0.23       0.99 f
  n369 (net)                                   17                   0.00       0.99 f
  U1708/ZN (AOI22V2_140P7T35R)                            0.31      0.32       1.32 r
  weight_addr[107] (net)                        8                   0.00       1.32 r
  g_weight_0__u_weight/addr_i[2] (sram_bank_128x256_15)             0.00       1.32 r
  g_weight_0__u_weight/addr_i[2] (net)                              0.00       1.32 r
  g_weight_0__u_weight/g_bank_6__u_macro/addr_i[2] (hs128x32_wrapper_121)
                                                                    0.00       1.32 r
  g_weight_0__u_weight/g_bank_6__u_macro/addr_i[2] (net)            0.00       1.32 r
  g_weight_0__u_weight/g_bank_6__u_macro/u_sram/A[2] (HS128X32)
                                                          0.31      0.00       1.32 r
  data arrival time                                                            1.32

  clock clk (rise edge)                                             4.00       4.00
  clock network delay (ideal)                                       0.00       4.00
  clock uncertainty                                                -0.15       3.85
  g_weight_0__u_weight/g_bank_6__u_macro/u_sram/CLK (HS128X32)      0.00       3.85 r
  library setup time                                               -0.18       3.67
  data required time                                                           3.67
  ------------------------------------------------------------------------------------
  data required time                                                           3.67
  data arrival time                                                           -1.32
  ------------------------------------------------------------------------------------
  slack (MET)                                                                  2.36


  Startpoint: cfg_word_i[0]
              (input port clocked by clk)
  Endpoint: g_weight_0__u_weight/g_bank_6__u_macro/u_sram
            (rising edge-triggered flip-flop clocked by clk)
  Path Group: clk
  Path Type: max

  Point                                       Fanout     Trans      Incr       Path
  ------------------------------------------------------------------------------------
  clock clk (rise edge)                                             0.00       0.00
  clock network delay (ideal)                                       0.00       0.00
  input external delay                                              0.50       0.50 r
  cfg_word_i[0] (in)                                      0.01      0.01       0.51 r
  cfg_word_i[0] (net)                           5                   0.00       0.51 r
  u_config/cfg_word_i[0] (stage1_config_frontend)                   0.00       0.51 r
  u_config/cfg_word_i[0] (net)                                      0.00       0.51 r
  u_config/U79/ZN (INV2_140P7T35R)                        0.02      0.01       0.52 f
  u_config/n34 (net)                            5                   0.00       0.52 f
  u_config/U96/ZN (AOI22V2_140P7T35R)                     0.02      0.02       0.54 r
  u_config/n3 (net)                             1                   0.00       0.54 r
  u_config/U97/ZN (OAI212V2_140P7T35R)                    0.02      0.02       0.56 f
  u_config/n6 (net)                             1                   0.00       0.56 f
  u_config/U102/ZN (NOR4V2_140P7T35R)                     0.03      0.03       0.60 r
  u_config/n19 (net)                            1                   0.00       0.60 r
  u_config/U118/ZN (NAND4V1P5_140P7T35R)                  0.04      0.03       0.63 f
  u_config/n207 (net)                           3                   0.00       0.63 f
  u_config/U41/ZN (NOR2V2_140P7T35R)                      0.04      0.04       0.67 r
  u_config/n106 (net)                           5                   0.00       0.67 r
  u_config/U195/ZN (NAND2XBV2_140P7T35R)                  0.02      0.02       0.69 f
  u_config/n28 (net)                            2                   0.00       0.69 f
  u_config/U197/ZN (NOR2V2_140P7T35R)                     0.03      0.02       0.71 r
  u_config/weight_load_en_o (net)               2                   0.00       0.71 r
  u_config/weight_load_en_o (stage1_config_frontend)                0.00       0.71 r
  weight_load_en_i (net)                                            0.00       0.71 r
  U1506/ZN (INV2_140P7T35R)                               0.02      0.02       0.73 f
  n771 (net)                                    4                   0.00       0.73 f
  U1525/ZN (NOR3V2_140P7T35R)                             0.05      0.04       0.77 r
  n774 (net)                                    4                   0.00       0.77 r
  U1531/ZN (NAND2V2_140P7T35R)                            0.38      0.23       0.99 f
  n369 (net)                                   17                   0.00       0.99 f
  U1709/ZN (AOI22V2_140P7T35R)                            0.31      0.32       1.32 r
  weight_addr[108] (net)                        8                   0.00       1.32 r
  g_weight_0__u_weight/addr_i[3] (sram_bank_128x256_15)             0.00       1.32 r
  g_weight_0__u_weight/addr_i[3] (net)                              0.00       1.32 r
  g_weight_0__u_weight/g_bank_6__u_macro/addr_i[3] (hs128x32_wrapper_121)
                                                                    0.00       1.32 r
  g_weight_0__u_weight/g_bank_6__u_macro/addr_i[3] (net)            0.00       1.32 r
  g_weight_0__u_weight/g_bank_6__u_macro/u_sram/A[3] (HS128X32)
                                                          0.31      0.00       1.32 r
  data arrival time                                                            1.32

  clock clk (rise edge)                                             4.00       4.00
  clock network delay (ideal)                                       0.00       4.00
  clock uncertainty                                                -0.15       3.85
  g_weight_0__u_weight/g_bank_6__u_macro/u_sram/CLK (HS128X32)      0.00       3.85 r
  library setup time                                               -0.18       3.67
  data required time                                                           3.67
  ------------------------------------------------------------------------------------
  data required time                                                           3.67
  data arrival time                                                           -1.32
  ------------------------------------------------------------------------------------
  slack (MET)                                                                  2.36


  Startpoint: cfg_word_i[0]
              (input port clocked by clk)
  Endpoint: g_weight_0__u_weight/g_bank_6__u_macro/u_sram
            (rising edge-triggered flip-flop clocked by clk)
  Path Group: clk
  Path Type: max

  Point                                       Fanout     Trans      Incr       Path
  ------------------------------------------------------------------------------------
  clock clk (rise edge)                                             0.00       0.00
  clock network delay (ideal)                                       0.00       0.00
  input external delay                                              0.50       0.50 r
  cfg_word_i[0] (in)                                      0.01      0.01       0.51 r
  cfg_word_i[0] (net)                           5                   0.00       0.51 r
  u_config/cfg_word_i[0] (stage1_config_frontend)                   0.00       0.51 r
  u_config/cfg_word_i[0] (net)                                      0.00       0.51 r
  u_config/U79/ZN (INV2_140P7T35R)                        0.02      0.01       0.52 f
  u_config/n34 (net)                            5                   0.00       0.52 f
  u_config/U96/ZN (AOI22V2_140P7T35R)                     0.02      0.02       0.54 r
  u_config/n3 (net)                             1                   0.00       0.54 r
  u_config/U97/ZN (OAI212V2_140P7T35R)                    0.02      0.02       0.56 f
  u_config/n6 (net)                             1                   0.00       0.56 f
  u_config/U102/ZN (NOR4V2_140P7T35R)                     0.03      0.03       0.60 r
  u_config/n19 (net)                            1                   0.00       0.60 r
  u_config/U118/ZN (NAND4V1P5_140P7T35R)                  0.04      0.03       0.63 f
  u_config/n207 (net)                           3                   0.00       0.63 f
  u_config/U41/ZN (NOR2V2_140P7T35R)                      0.04      0.04       0.67 r
  u_config/n106 (net)                           5                   0.00       0.67 r
  u_config/U195/ZN (NAND2XBV2_140P7T35R)                  0.02      0.02       0.69 f
  u_config/n28 (net)                            2                   0.00       0.69 f
  u_config/U197/ZN (NOR2V2_140P7T35R)                     0.03      0.02       0.71 r
  u_config/weight_load_en_o (net)               2                   0.00       0.71 r
  u_config/weight_load_en_o (stage1_config_frontend)                0.00       0.71 r
  weight_load_en_i (net)                                            0.00       0.71 r
  U1506/ZN (INV2_140P7T35R)                               0.02      0.02       0.73 f
  n771 (net)                                    4                   0.00       0.73 f
  U1525/ZN (NOR3V2_140P7T35R)                             0.05      0.04       0.77 r
  n774 (net)                                    4                   0.00       0.77 r
  U1531/ZN (NAND2V2_140P7T35R)                            0.38      0.23       0.99 f
  n369 (net)                                   17                   0.00       0.99 f
  U1710/ZN (AOI22V2_140P7T35R)                            0.31      0.32       1.32 r
  weight_addr[109] (net)                        8                   0.00       1.32 r
  g_weight_0__u_weight/addr_i[4] (sram_bank_128x256_15)             0.00       1.32 r
  g_weight_0__u_weight/addr_i[4] (net)                              0.00       1.32 r
  g_weight_0__u_weight/g_bank_6__u_macro/addr_i[4] (hs128x32_wrapper_121)
                                                                    0.00       1.32 r
  g_weight_0__u_weight/g_bank_6__u_macro/addr_i[4] (net)            0.00       1.32 r
  g_weight_0__u_weight/g_bank_6__u_macro/u_sram/A[4] (HS128X32)
                                                          0.31      0.00       1.32 r
  data arrival time                                                            1.32

  clock clk (rise edge)                                             4.00       4.00
  clock network delay (ideal)                                       0.00       4.00
  clock uncertainty                                                -0.15       3.85
  g_weight_0__u_weight/g_bank_6__u_macro/u_sram/CLK (HS128X32)      0.00       3.85 r
  library setup time                                               -0.18       3.67
  data required time                                                           3.67
  ------------------------------------------------------------------------------------
  data required time                                                           3.67
  data arrival time                                                           -1.32
  ------------------------------------------------------------------------------------
  slack (MET)                                                                  2.36


  Startpoint: cfg_word_i[0]
              (input port clocked by clk)
  Endpoint: g_weight_0__u_weight/g_bank_6__u_macro/u_sram
            (rising edge-triggered flip-flop clocked by clk)
  Path Group: clk
  Path Type: max

  Point                                       Fanout     Trans      Incr       Path
  ------------------------------------------------------------------------------------
  clock clk (rise edge)                                             0.00       0.00
  clock network delay (ideal)                                       0.00       0.00
  input external delay                                              0.50       0.50 r
  cfg_word_i[0] (in)                                      0.01      0.01       0.51 r
  cfg_word_i[0] (net)                           5                   0.00       0.51 r
  u_config/cfg_word_i[0] (stage1_config_frontend)                   0.00       0.51 r
  u_config/cfg_word_i[0] (net)                                      0.00       0.51 r
  u_config/U79/ZN (INV2_140P7T35R)                        0.02      0.01       0.52 f
  u_config/n34 (net)                            5                   0.00       0.52 f
  u_config/U96/ZN (AOI22V2_140P7T35R)                     0.02      0.02       0.54 r
  u_config/n3 (net)                             1                   0.00       0.54 r
  u_config/U97/ZN (OAI212V2_140P7T35R)                    0.02      0.02       0.56 f
  u_config/n6 (net)                             1                   0.00       0.56 f
  u_config/U102/ZN (NOR4V2_140P7T35R)                     0.03      0.03       0.60 r
  u_config/n19 (net)                            1                   0.00       0.60 r
  u_config/U118/ZN (NAND4V1P5_140P7T35R)                  0.04      0.03       0.63 f
  u_config/n207 (net)                           3                   0.00       0.63 f
  u_config/U41/ZN (NOR2V2_140P7T35R)                      0.04      0.04       0.67 r
  u_config/n106 (net)                           5                   0.00       0.67 r
  u_config/U195/ZN (NAND2XBV2_140P7T35R)                  0.02      0.02       0.69 f
  u_config/n28 (net)                            2                   0.00       0.69 f
  u_config/U197/ZN (NOR2V2_140P7T35R)                     0.03      0.02       0.71 r
  u_config/weight_load_en_o (net)               2                   0.00       0.71 r
  u_config/weight_load_en_o (stage1_config_frontend)                0.00       0.71 r
  weight_load_en_i (net)                                            0.00       0.71 r
  U1506/ZN (INV2_140P7T35R)                               0.02      0.02       0.73 f
  n771 (net)                                    4                   0.00       0.73 f
  U1525/ZN (NOR3V2_140P7T35R)                             0.05      0.04       0.77 r
  n774 (net)                                    4                   0.00       0.77 r
  U1531/ZN (NAND2V2_140P7T35R)                            0.38      0.23       0.99 f
  n369 (net)                                   17                   0.00       0.99 f
  U1711/ZN (AOI22V2_140P7T35R)                            0.31      0.32       1.32 r
  weight_addr[110] (net)                        8                   0.00       1.32 r
  g_weight_0__u_weight/addr_i[5] (sram_bank_128x256_15)             0.00       1.32 r
  g_weight_0__u_weight/addr_i[5] (net)                              0.00       1.32 r
  g_weight_0__u_weight/g_bank_6__u_macro/addr_i[5] (hs128x32_wrapper_121)
                                                                    0.00       1.32 r
  g_weight_0__u_weight/g_bank_6__u_macro/addr_i[5] (net)            0.00       1.32 r
  g_weight_0__u_weight/g_bank_6__u_macro/u_sram/A[5] (HS128X32)
                                                          0.31      0.00       1.32 r
  data arrival time                                                            1.32

  clock clk (rise edge)                                             4.00       4.00
  clock network delay (ideal)                                       0.00       4.00
  clock uncertainty                                                -0.15       3.85
  g_weight_0__u_weight/g_bank_6__u_macro/u_sram/CLK (HS128X32)      0.00       3.85 r
  library setup time                                               -0.18       3.67
  data required time                                                           3.67
  ------------------------------------------------------------------------------------
  data required time                                                           3.67
  data arrival time                                                           -1.32
  ------------------------------------------------------------------------------------
  slack (MET)                                                                  2.36


  Startpoint: cfg_word_i[0]
              (input port clocked by clk)
  Endpoint: g_weight_0__u_weight/g_bank_6__u_macro/u_sram
            (rising edge-triggered flip-flop clocked by clk)
  Path Group: clk
  Path Type: max

  Point                                       Fanout     Trans      Incr       Path
  ------------------------------------------------------------------------------------
  clock clk (rise edge)                                             0.00       0.00
  clock network delay (ideal)                                       0.00       0.00
  input external delay                                              0.50       0.50 r
  cfg_word_i[0] (in)                                      0.01      0.01       0.51 r
  cfg_word_i[0] (net)                           5                   0.00       0.51 r
  u_config/cfg_word_i[0] (stage1_config_frontend)                   0.00       0.51 r
  u_config/cfg_word_i[0] (net)                                      0.00       0.51 r
  u_config/U79/ZN (INV2_140P7T35R)                        0.02      0.01       0.52 f
  u_config/n34 (net)                            5                   0.00       0.52 f
  u_config/U96/ZN (AOI22V2_140P7T35R)                     0.02      0.02       0.54 r
  u_config/n3 (net)                             1                   0.00       0.54 r
  u_config/U97/ZN (OAI212V2_140P7T35R)                    0.02      0.02       0.56 f
  u_config/n6 (net)                             1                   0.00       0.56 f
  u_config/U102/ZN (NOR4V2_140P7T35R)                     0.03      0.03       0.60 r
  u_config/n19 (net)                            1                   0.00       0.60 r
  u_config/U118/ZN (NAND4V1P5_140P7T35R)                  0.04      0.03       0.63 f
  u_config/n207 (net)                           3                   0.00       0.63 f
  u_config/U41/ZN (NOR2V2_140P7T35R)                      0.04      0.04       0.67 r
  u_config/n106 (net)                           5                   0.00       0.67 r
  u_config/U195/ZN (NAND2XBV2_140P7T35R)                  0.02      0.02       0.69 f
  u_config/n28 (net)                            2                   0.00       0.69 f
  u_config/U197/ZN (NOR2V2_140P7T35R)                     0.03      0.02       0.71 r
  u_config/weight_load_en_o (net)               2                   0.00       0.71 r
  u_config/weight_load_en_o (stage1_config_frontend)                0.00       0.71 r
  weight_load_en_i (net)                                            0.00       0.71 r
  U1506/ZN (INV2_140P7T35R)                               0.02      0.02       0.73 f
  n771 (net)                                    4                   0.00       0.73 f
  U1525/ZN (NOR3V2_140P7T35R)                             0.05      0.04       0.77 r
  n774 (net)                                    4                   0.00       0.77 r
  U1531/ZN (NAND2V2_140P7T35R)                            0.38      0.23       0.99 f
  n369 (net)                                   17                   0.00       0.99 f
  U1712/ZN (AOI22V2_140P7T35R)                            0.31      0.32       1.32 r
  weight_addr[111] (net)                        8                   0.00       1.32 r
  g_weight_0__u_weight/addr_i[6] (sram_bank_128x256_15)             0.00       1.32 r
  g_weight_0__u_weight/addr_i[6] (net)                              0.00       1.32 r
  g_weight_0__u_weight/g_bank_6__u_macro/addr_i[6] (hs128x32_wrapper_121)
                                                                    0.00       1.32 r
  g_weight_0__u_weight/g_bank_6__u_macro/addr_i[6] (net)            0.00       1.32 r
  g_weight_0__u_weight/g_bank_6__u_macro/u_sram/A[6] (HS128X32)
                                                          0.31      0.00       1.32 r
  data arrival time                                                            1.32

  clock clk (rise edge)                                             4.00       4.00
  clock network delay (ideal)                                       0.00       4.00
  clock uncertainty                                                -0.15       3.85
  g_weight_0__u_weight/g_bank_6__u_macro/u_sram/CLK (HS128X32)      0.00       3.85 r
  library setup time                                               -0.18       3.67
  data required time                                                           3.67
  ------------------------------------------------------------------------------------
  data required time                                                           3.67
  data arrival time                                                           -1.32
  ------------------------------------------------------------------------------------
  slack (MET)                                                                  2.36


  Startpoint: cfg_word_i[0]
              (input port clocked by clk)
  Endpoint: g_weight_0__u_weight/g_bank_7__u_macro/u_sram
            (rising edge-triggered flip-flop clocked by clk)
  Path Group: clk
  Path Type: max

  Point                                       Fanout     Trans      Incr       Path
  ------------------------------------------------------------------------------------
  clock clk (rise edge)                                             0.00       0.00
  clock network delay (ideal)                                       0.00       0.00
  input external delay                                              0.50       0.50 r
  cfg_word_i[0] (in)                                      0.01      0.01       0.51 r
  cfg_word_i[0] (net)                           5                   0.00       0.51 r
  u_config/cfg_word_i[0] (stage1_config_frontend)                   0.00       0.51 r
  u_config/cfg_word_i[0] (net)                                      0.00       0.51 r
  u_config/U79/ZN (INV2_140P7T35R)                        0.02      0.01       0.52 f
  u_config/n34 (net)                            5                   0.00       0.52 f
  u_config/U96/ZN (AOI22V2_140P7T35R)                     0.02      0.02       0.54 r
  u_config/n3 (net)                             1                   0.00       0.54 r
  u_config/U97/ZN (OAI212V2_140P7T35R)                    0.02      0.02       0.56 f
  u_config/n6 (net)                             1                   0.00       0.56 f
  u_config/U102/ZN (NOR4V2_140P7T35R)                     0.03      0.03       0.60 r
  u_config/n19 (net)                            1                   0.00       0.60 r
  u_config/U118/ZN (NAND4V1P5_140P7T35R)                  0.04      0.03       0.63 f
  u_config/n207 (net)                           3                   0.00       0.63 f
  u_config/U41/ZN (NOR2V2_140P7T35R)                      0.04      0.04       0.67 r
  u_config/n106 (net)                           5                   0.00       0.67 r
  u_config/U195/ZN (NAND2XBV2_140P7T35R)                  0.02      0.02       0.69 f
  u_config/n28 (net)                            2                   0.00       0.69 f
  u_config/U197/ZN (NOR2V2_140P7T35R)                     0.03      0.02       0.71 r
  u_config/weight_load_en_o (net)               2                   0.00       0.71 r
  u_config/weight_load_en_o (stage1_config_frontend)                0.00       0.71 r
  weight_load_en_i (net)                                            0.00       0.71 r
  U1506/ZN (INV2_140P7T35R)                               0.02      0.02       0.73 f
  n771 (net)                                    4                   0.00       0.73 f
  U1525/ZN (NOR3V2_140P7T35R)                             0.05      0.04       0.77 r
  n774 (net)                                    4                   0.00       0.77 r
  U1531/ZN (NAND2V2_140P7T35R)                            0.38      0.23       0.99 f
  n369 (net)                                   17                   0.00       0.99 f
  U1706/ZN (AOI22V2_140P7T35R)                            0.31      0.32       1.32 r
  weight_addr[105] (net)                        8                   0.00       1.32 r
  g_weight_0__u_weight/addr_i[0] (sram_bank_128x256_15)             0.00       1.32 r
  g_weight_0__u_weight/addr_i[0] (net)                              0.00       1.32 r
  g_weight_0__u_weight/g_bank_7__u_macro/addr_i[0] (hs128x32_wrapper_120)
                                                                    0.00       1.32 r
  g_weight_0__u_weight/g_bank_7__u_macro/addr_i[0] (net)            0.00       1.32 r
  g_weight_0__u_weight/g_bank_7__u_macro/u_sram/A[0] (HS128X32)
                                                          0.31      0.00       1.32 r
  data arrival time                                                            1.32

  clock clk (rise edge)                                             4.00       4.00
  clock network delay (ideal)                                       0.00       4.00
  clock uncertainty                                                -0.15       3.85
  g_weight_0__u_weight/g_bank_7__u_macro/u_sram/CLK (HS128X32)      0.00       3.85 r
  library setup time                                               -0.18       3.67
  data required time                                                           3.67
  ------------------------------------------------------------------------------------
  data required time                                                           3.67
  data arrival time                                                           -1.32
  ------------------------------------------------------------------------------------
  slack (MET)                                                                  2.36


  Startpoint: cfg_word_i[0]
              (input port clocked by clk)
  Endpoint: g_weight_0__u_weight/g_bank_7__u_macro/u_sram
            (rising edge-triggered flip-flop clocked by clk)
  Path Group: clk
  Path Type: max

  Point                                       Fanout     Trans      Incr       Path
  ------------------------------------------------------------------------------------
  clock clk (rise edge)                                             0.00       0.00
  clock network delay (ideal)                                       0.00       0.00
  input external delay                                              0.50       0.50 r
  cfg_word_i[0] (in)                                      0.01      0.01       0.51 r
  cfg_word_i[0] (net)                           5                   0.00       0.51 r
  u_config/cfg_word_i[0] (stage1_config_frontend)                   0.00       0.51 r
  u_config/cfg_word_i[0] (net)                                      0.00       0.51 r
  u_config/U79/ZN (INV2_140P7T35R)                        0.02      0.01       0.52 f
  u_config/n34 (net)                            5                   0.00       0.52 f
  u_config/U96/ZN (AOI22V2_140P7T35R)                     0.02      0.02       0.54 r
  u_config/n3 (net)                             1                   0.00       0.54 r
  u_config/U97/ZN (OAI212V2_140P7T35R)                    0.02      0.02       0.56 f
  u_config/n6 (net)                             1                   0.00       0.56 f
  u_config/U102/ZN (NOR4V2_140P7T35R)                     0.03      0.03       0.60 r
  u_config/n19 (net)                            1                   0.00       0.60 r
  u_config/U118/ZN (NAND4V1P5_140P7T35R)                  0.04      0.03       0.63 f
  u_config/n207 (net)                           3                   0.00       0.63 f
  u_config/U41/ZN (NOR2V2_140P7T35R)                      0.04      0.04       0.67 r
  u_config/n106 (net)                           5                   0.00       0.67 r
  u_config/U195/ZN (NAND2XBV2_140P7T35R)                  0.02      0.02       0.69 f
  u_config/n28 (net)                            2                   0.00       0.69 f
  u_config/U197/ZN (NOR2V2_140P7T35R)                     0.03      0.02       0.71 r
  u_config/weight_load_en_o (net)               2                   0.00       0.71 r
  u_config/weight_load_en_o (stage1_config_frontend)                0.00       0.71 r
  weight_load_en_i (net)                                            0.00       0.71 r
  U1506/ZN (INV2_140P7T35R)                               0.02      0.02       0.73 f
  n771 (net)                                    4                   0.00       0.73 f
  U1525/ZN (NOR3V2_140P7T35R)                             0.05      0.04       0.77 r
  n774 (net)                                    4                   0.00       0.77 r
  U1531/ZN (NAND2V2_140P7T35R)                            0.38      0.23       0.99 f
  n369 (net)                                   17                   0.00       0.99 f
  U1707/ZN (AOI22V2_140P7T35R)                            0.31      0.32       1.32 r
  weight_addr[106] (net)                        8                   0.00       1.32 r
  g_weight_0__u_weight/addr_i[1] (sram_bank_128x256_15)             0.00       1.32 r
  g_weight_0__u_weight/addr_i[1] (net)                              0.00       1.32 r
  g_weight_0__u_weight/g_bank_7__u_macro/addr_i[1] (hs128x32_wrapper_120)
                                                                    0.00       1.32 r
  g_weight_0__u_weight/g_bank_7__u_macro/addr_i[1] (net)            0.00       1.32 r
  g_weight_0__u_weight/g_bank_7__u_macro/u_sram/A[1] (HS128X32)
                                                          0.31      0.00       1.32 r
  data arrival time                                                            1.32

  clock clk (rise edge)                                             4.00       4.00
  clock network delay (ideal)                                       0.00       4.00
  clock uncertainty                                                -0.15       3.85
  g_weight_0__u_weight/g_bank_7__u_macro/u_sram/CLK (HS128X32)      0.00       3.85 r
  library setup time                                               -0.18       3.67
  data required time                                                           3.67
  ------------------------------------------------------------------------------------
  data required time                                                           3.67
  data arrival time                                                           -1.32
  ------------------------------------------------------------------------------------
  slack (MET)                                                                  2.36


  Startpoint: cfg_word_i[0]
              (input port clocked by clk)
  Endpoint: g_weight_0__u_weight/g_bank_7__u_macro/u_sram
            (rising edge-triggered flip-flop clocked by clk)
  Path Group: clk
  Path Type: max

  Point                                       Fanout     Trans      Incr       Path
  ------------------------------------------------------------------------------------
  clock clk (rise edge)                                             0.00       0.00
  clock network delay (ideal)                                       0.00       0.00
  input external delay                                              0.50       0.50 r
  cfg_word_i[0] (in)                                      0.01      0.01       0.51 r
  cfg_word_i[0] (net)                           5                   0.00       0.51 r
  u_config/cfg_word_i[0] (stage1_config_frontend)                   0.00       0.51 r
  u_config/cfg_word_i[0] (net)                                      0.00       0.51 r
  u_config/U79/ZN (INV2_140P7T35R)                        0.02      0.01       0.52 f
  u_config/n34 (net)                            5                   0.00       0.52 f
  u_config/U96/ZN (AOI22V2_140P7T35R)                     0.02      0.02       0.54 r
  u_config/n3 (net)                             1                   0.00       0.54 r
  u_config/U97/ZN (OAI212V2_140P7T35R)                    0.02      0.02       0.56 f
  u_config/n6 (net)                             1                   0.00       0.56 f
  u_config/U102/ZN (NOR4V2_140P7T35R)                     0.03      0.03       0.60 r
  u_config/n19 (net)                            1                   0.00       0.60 r
  u_config/U118/ZN (NAND4V1P5_140P7T35R)                  0.04      0.03       0.63 f
  u_config/n207 (net)                           3                   0.00       0.63 f
  u_config/U41/ZN (NOR2V2_140P7T35R)                      0.04      0.04       0.67 r
  u_config/n106 (net)                           5                   0.00       0.67 r
  u_config/U195/ZN (NAND2XBV2_140P7T35R)                  0.02      0.02       0.69 f
  u_config/n28 (net)                            2                   0.00       0.69 f
  u_config/U197/ZN (NOR2V2_140P7T35R)                     0.03      0.02       0.71 r
  u_config/weight_load_en_o (net)               2                   0.00       0.71 r
  u_config/weight_load_en_o (stage1_config_frontend)                0.00       0.71 r
  weight_load_en_i (net)                                            0.00       0.71 r
  U1506/ZN (INV2_140P7T35R)                               0.02      0.02       0.73 f
  n771 (net)                                    4                   0.00       0.73 f
  U1525/ZN (NOR3V2_140P7T35R)                             0.05      0.04       0.77 r
  n774 (net)                                    4                   0.00       0.77 r
  U1531/ZN (NAND2V2_140P7T35R)                            0.38      0.23       0.99 f
  n369 (net)                                   17                   0.00       0.99 f
  U1708/ZN (AOI22V2_140P7T35R)                            0.31      0.32       1.32 r
  weight_addr[107] (net)                        8                   0.00       1.32 r
  g_weight_0__u_weight/addr_i[2] (sram_bank_128x256_15)             0.00       1.32 r
  g_weight_0__u_weight/addr_i[2] (net)                              0.00       1.32 r
  g_weight_0__u_weight/g_bank_7__u_macro/addr_i[2] (hs128x32_wrapper_120)
                                                                    0.00       1.32 r
  g_weight_0__u_weight/g_bank_7__u_macro/addr_i[2] (net)            0.00       1.32 r
  g_weight_0__u_weight/g_bank_7__u_macro/u_sram/A[2] (HS128X32)
                                                          0.31      0.00       1.32 r
  data arrival time                                                            1.32

  clock clk (rise edge)                                             4.00       4.00
  clock network delay (ideal)                                       0.00       4.00
  clock uncertainty                                                -0.15       3.85
  g_weight_0__u_weight/g_bank_7__u_macro/u_sram/CLK (HS128X32)      0.00       3.85 r
  library setup time                                               -0.18       3.67
  data required time                                                           3.67
  ------------------------------------------------------------------------------------
  data required time                                                           3.67
  data arrival time                                                           -1.32
  ------------------------------------------------------------------------------------
  slack (MET)                                                                  2.36


  Startpoint: cfg_word_i[0]
              (input port clocked by clk)
  Endpoint: g_weight_0__u_weight/g_bank_7__u_macro/u_sram
            (rising edge-triggered flip-flop clocked by clk)
  Path Group: clk
  Path Type: max

  Point                                       Fanout     Trans      Incr       Path
  ------------------------------------------------------------------------------------
  clock clk (rise edge)                                             0.00       0.00
  clock network delay (ideal)                                       0.00       0.00
  input external delay                                              0.50       0.50 r
  cfg_word_i[0] (in)                                      0.01      0.01       0.51 r
  cfg_word_i[0] (net)                           5                   0.00       0.51 r
  u_config/cfg_word_i[0] (stage1_config_frontend)                   0.00       0.51 r
  u_config/cfg_word_i[0] (net)                                      0.00       0.51 r
  u_config/U79/ZN (INV2_140P7T35R)                        0.02      0.01       0.52 f
  u_config/n34 (net)                            5                   0.00       0.52 f
  u_config/U96/ZN (AOI22V2_140P7T35R)                     0.02      0.02       0.54 r
  u_config/n3 (net)                             1                   0.00       0.54 r
  u_config/U97/ZN (OAI212V2_140P7T35R)                    0.02      0.02       0.56 f
  u_config/n6 (net)                             1                   0.00       0.56 f
  u_config/U102/ZN (NOR4V2_140P7T35R)                     0.03      0.03       0.60 r
  u_config/n19 (net)                            1                   0.00       0.60 r
  u_config/U118/ZN (NAND4V1P5_140P7T35R)                  0.04      0.03       0.63 f
  u_config/n207 (net)                           3                   0.00       0.63 f
  u_config/U41/ZN (NOR2V2_140P7T35R)                      0.04      0.04       0.67 r
  u_config/n106 (net)                           5                   0.00       0.67 r
  u_config/U195/ZN (NAND2XBV2_140P7T35R)                  0.02      0.02       0.69 f
  u_config/n28 (net)                            2                   0.00       0.69 f
  u_config/U197/ZN (NOR2V2_140P7T35R)                     0.03      0.02       0.71 r
  u_config/weight_load_en_o (net)               2                   0.00       0.71 r
  u_config/weight_load_en_o (stage1_config_frontend)                0.00       0.71 r
  weight_load_en_i (net)                                            0.00       0.71 r
  U1506/ZN (INV2_140P7T35R)                               0.02      0.02       0.73 f
  n771 (net)                                    4                   0.00       0.73 f
  U1525/ZN (NOR3V2_140P7T35R)                             0.05      0.04       0.77 r
  n774 (net)                                    4                   0.00       0.77 r
  U1531/ZN (NAND2V2_140P7T35R)                            0.38      0.23       0.99 f
  n369 (net)                                   17                   0.00       0.99 f
  U1709/ZN (AOI22V2_140P7T35R)                            0.31      0.32       1.32 r
  weight_addr[108] (net)                        8                   0.00       1.32 r
  g_weight_0__u_weight/addr_i[3] (sram_bank_128x256_15)             0.00       1.32 r
  g_weight_0__u_weight/addr_i[3] (net)                              0.00       1.32 r
  g_weight_0__u_weight/g_bank_7__u_macro/addr_i[3] (hs128x32_wrapper_120)
                                                                    0.00       1.32 r
  g_weight_0__u_weight/g_bank_7__u_macro/addr_i[3] (net)            0.00       1.32 r
  g_weight_0__u_weight/g_bank_7__u_macro/u_sram/A[3] (HS128X32)
                                                          0.31      0.00       1.32 r
  data arrival time                                                            1.32

  clock clk (rise edge)                                             4.00       4.00
  clock network delay (ideal)                                       0.00       4.00
  clock uncertainty                                                -0.15       3.85
  g_weight_0__u_weight/g_bank_7__u_macro/u_sram/CLK (HS128X32)      0.00       3.85 r
  library setup time                                               -0.18       3.67
  data required time                                                           3.67
  ------------------------------------------------------------------------------------
  data required time                                                           3.67
  data arrival time                                                           -1.32
  ------------------------------------------------------------------------------------
  slack (MET)                                                                  2.36


  Startpoint: cfg_word_i[0]
              (input port clocked by clk)
  Endpoint: g_weight_0__u_weight/g_bank_7__u_macro/u_sram
            (rising edge-triggered flip-flop clocked by clk)
  Path Group: clk
  Path Type: max

  Point                                       Fanout     Trans      Incr       Path
  ------------------------------------------------------------------------------------
  clock clk (rise edge)                                             0.00       0.00
  clock network delay (ideal)                                       0.00       0.00
  input external delay                                              0.50       0.50 r
  cfg_word_i[0] (in)                                      0.01      0.01       0.51 r
  cfg_word_i[0] (net)                           5                   0.00       0.51 r
  u_config/cfg_word_i[0] (stage1_config_frontend)                   0.00       0.51 r
  u_config/cfg_word_i[0] (net)                                      0.00       0.51 r
  u_config/U79/ZN (INV2_140P7T35R)                        0.02      0.01       0.52 f
  u_config/n34 (net)                            5                   0.00       0.52 f
  u_config/U96/ZN (AOI22V2_140P7T35R)                     0.02      0.02       0.54 r
  u_config/n3 (net)                             1                   0.00       0.54 r
  u_config/U97/ZN (OAI212V2_140P7T35R)                    0.02      0.02       0.56 f
  u_config/n6 (net)                             1                   0.00       0.56 f
  u_config/U102/ZN (NOR4V2_140P7T35R)                     0.03      0.03       0.60 r
  u_config/n19 (net)                            1                   0.00       0.60 r
  u_config/U118/ZN (NAND4V1P5_140P7T35R)                  0.04      0.03       0.63 f
  u_config/n207 (net)                           3                   0.00       0.63 f
  u_config/U41/ZN (NOR2V2_140P7T35R)                      0.04      0.04       0.67 r
  u_config/n106 (net)                           5                   0.00       0.67 r
  u_config/U195/ZN (NAND2XBV2_140P7T35R)                  0.02      0.02       0.69 f
  u_config/n28 (net)                            2                   0.00       0.69 f
  u_config/U197/ZN (NOR2V2_140P7T35R)                     0.03      0.02       0.71 r
  u_config/weight_load_en_o (net)               2                   0.00       0.71 r
  u_config/weight_load_en_o (stage1_config_frontend)                0.00       0.71 r
  weight_load_en_i (net)                                            0.00       0.71 r
  U1506/ZN (INV2_140P7T35R)                               0.02      0.02       0.73 f
  n771 (net)                                    4                   0.00       0.73 f
  U1525/ZN (NOR3V2_140P7T35R)                             0.05      0.04       0.77 r
  n774 (net)                                    4                   0.00       0.77 r
  U1531/ZN (NAND2V2_140P7T35R)                            0.38      0.23       0.99 f
  n369 (net)                                   17                   0.00       0.99 f
  U1710/ZN (AOI22V2_140P7T35R)                            0.31      0.32       1.32 r
  weight_addr[109] (net)                        8                   0.00       1.32 r
  g_weight_0__u_weight/addr_i[4] (sram_bank_128x256_15)             0.00       1.32 r
  g_weight_0__u_weight/addr_i[4] (net)                              0.00       1.32 r
  g_weight_0__u_weight/g_bank_7__u_macro/addr_i[4] (hs128x32_wrapper_120)
                                                                    0.00       1.32 r
  g_weight_0__u_weight/g_bank_7__u_macro/addr_i[4] (net)            0.00       1.32 r
  g_weight_0__u_weight/g_bank_7__u_macro/u_sram/A[4] (HS128X32)
                                                          0.31      0.00       1.32 r
  data arrival time                                                            1.32

  clock clk (rise edge)                                             4.00       4.00
  clock network delay (ideal)                                       0.00       4.00
  clock uncertainty                                                -0.15       3.85
  g_weight_0__u_weight/g_bank_7__u_macro/u_sram/CLK (HS128X32)      0.00       3.85 r
  library setup time                                               -0.18       3.67
  data required time                                                           3.67
  ------------------------------------------------------------------------------------
  data required time                                                           3.67
  data arrival time                                                           -1.32
  ------------------------------------------------------------------------------------
  slack (MET)                                                                  2.36


  Startpoint: cfg_word_i[0]
              (input port clocked by clk)
  Endpoint: g_weight_0__u_weight/g_bank_7__u_macro/u_sram
            (rising edge-triggered flip-flop clocked by clk)
  Path Group: clk
  Path Type: max

  Point                                       Fanout     Trans      Incr       Path
  ------------------------------------------------------------------------------------
  clock clk (rise edge)                                             0.00       0.00
  clock network delay (ideal)                                       0.00       0.00
  input external delay                                              0.50       0.50 r
  cfg_word_i[0] (in)                                      0.01      0.01       0.51 r
  cfg_word_i[0] (net)                           5                   0.00       0.51 r
  u_config/cfg_word_i[0] (stage1_config_frontend)                   0.00       0.51 r
  u_config/cfg_word_i[0] (net)                                      0.00       0.51 r
  u_config/U79/ZN (INV2_140P7T35R)                        0.02      0.01       0.52 f
  u_config/n34 (net)                            5                   0.00       0.52 f
  u_config/U96/ZN (AOI22V2_140P7T35R)                     0.02      0.02       0.54 r
  u_config/n3 (net)                             1                   0.00       0.54 r
  u_config/U97/ZN (OAI212V2_140P7T35R)                    0.02      0.02       0.56 f
  u_config/n6 (net)                             1                   0.00       0.56 f
  u_config/U102/ZN (NOR4V2_140P7T35R)                     0.03      0.03       0.60 r
  u_config/n19 (net)                            1                   0.00       0.60 r
  u_config/U118/ZN (NAND4V1P5_140P7T35R)                  0.04      0.03       0.63 f
  u_config/n207 (net)                           3                   0.00       0.63 f
  u_config/U41/ZN (NOR2V2_140P7T35R)                      0.04      0.04       0.67 r
  u_config/n106 (net)                           5                   0.00       0.67 r
  u_config/U195/ZN (NAND2XBV2_140P7T35R)                  0.02      0.02       0.69 f
  u_config/n28 (net)                            2                   0.00       0.69 f
  u_config/U197/ZN (NOR2V2_140P7T35R)                     0.03      0.02       0.71 r
  u_config/weight_load_en_o (net)               2                   0.00       0.71 r
  u_config/weight_load_en_o (stage1_config_frontend)                0.00       0.71 r
  weight_load_en_i (net)                                            0.00       0.71 r
  U1506/ZN (INV2_140P7T35R)                               0.02      0.02       0.73 f
  n771 (net)                                    4                   0.00       0.73 f
  U1525/ZN (NOR3V2_140P7T35R)                             0.05      0.04       0.77 r
  n774 (net)                                    4                   0.00       0.77 r
  U1531/ZN (NAND2V2_140P7T35R)                            0.38      0.23       0.99 f
  n369 (net)                                   17                   0.00       0.99 f
  U1711/ZN (AOI22V2_140P7T35R)                            0.31      0.32       1.32 r
  weight_addr[110] (net)                        8                   0.00       1.32 r
  g_weight_0__u_weight/addr_i[5] (sram_bank_128x256_15)             0.00       1.32 r
  g_weight_0__u_weight/addr_i[5] (net)                              0.00       1.32 r
  g_weight_0__u_weight/g_bank_7__u_macro/addr_i[5] (hs128x32_wrapper_120)
                                                                    0.00       1.32 r
  g_weight_0__u_weight/g_bank_7__u_macro/addr_i[5] (net)            0.00       1.32 r
  g_weight_0__u_weight/g_bank_7__u_macro/u_sram/A[5] (HS128X32)
                                                          0.31      0.00       1.32 r
  data arrival time                                                            1.32

  clock clk (rise edge)                                             4.00       4.00
  clock network delay (ideal)                                       0.00       4.00
  clock uncertainty                                                -0.15       3.85
  g_weight_0__u_weight/g_bank_7__u_macro/u_sram/CLK (HS128X32)      0.00       3.85 r
  library setup time                                               -0.18       3.67
  data required time                                                           3.67
  ------------------------------------------------------------------------------------
  data required time                                                           3.67
  data arrival time                                                           -1.32
  ------------------------------------------------------------------------------------
  slack (MET)                                                                  2.36


  Startpoint: cfg_word_i[0]
              (input port clocked by clk)
  Endpoint: g_weight_0__u_weight/g_bank_7__u_macro/u_sram
            (rising edge-triggered flip-flop clocked by clk)
  Path Group: clk
  Path Type: max

  Point                                       Fanout     Trans      Incr       Path
  ------------------------------------------------------------------------------------
  clock clk (rise edge)                                             0.00       0.00
  clock network delay (ideal)                                       0.00       0.00
  input external delay                                              0.50       0.50 r
  cfg_word_i[0] (in)                                      0.01      0.01       0.51 r
  cfg_word_i[0] (net)                           5                   0.00       0.51 r
  u_config/cfg_word_i[0] (stage1_config_frontend)                   0.00       0.51 r
  u_config/cfg_word_i[0] (net)                                      0.00       0.51 r
  u_config/U79/ZN (INV2_140P7T35R)                        0.02      0.01       0.52 f
  u_config/n34 (net)                            5                   0.00       0.52 f
  u_config/U96/ZN (AOI22V2_140P7T35R)                     0.02      0.02       0.54 r
  u_config/n3 (net)                             1                   0.00       0.54 r
  u_config/U97/ZN (OAI212V2_140P7T35R)                    0.02      0.02       0.56 f
  u_config/n6 (net)                             1                   0.00       0.56 f
  u_config/U102/ZN (NOR4V2_140P7T35R)                     0.03      0.03       0.60 r
  u_config/n19 (net)                            1                   0.00       0.60 r
  u_config/U118/ZN (NAND4V1P5_140P7T35R)                  0.04      0.03       0.63 f
  u_config/n207 (net)                           3                   0.00       0.63 f
  u_config/U41/ZN (NOR2V2_140P7T35R)                      0.04      0.04       0.67 r
  u_config/n106 (net)                           5                   0.00       0.67 r
  u_config/U195/ZN (NAND2XBV2_140P7T35R)                  0.02      0.02       0.69 f
  u_config/n28 (net)                            2                   0.00       0.69 f
  u_config/U197/ZN (NOR2V2_140P7T35R)                     0.03      0.02       0.71 r
  u_config/weight_load_en_o (net)               2                   0.00       0.71 r
  u_config/weight_load_en_o (stage1_config_frontend)                0.00       0.71 r
  weight_load_en_i (net)                                            0.00       0.71 r
  U1506/ZN (INV2_140P7T35R)                               0.02      0.02       0.73 f
  n771 (net)                                    4                   0.00       0.73 f
  U1525/ZN (NOR3V2_140P7T35R)                             0.05      0.04       0.77 r
  n774 (net)                                    4                   0.00       0.77 r
  U1531/ZN (NAND2V2_140P7T35R)                            0.38      0.23       0.99 f
  n369 (net)                                   17                   0.00       0.99 f
  U1712/ZN (AOI22V2_140P7T35R)                            0.31      0.32       1.32 r
  weight_addr[111] (net)                        8                   0.00       1.32 r
  g_weight_0__u_weight/addr_i[6] (sram_bank_128x256_15)             0.00       1.32 r
  g_weight_0__u_weight/addr_i[6] (net)                              0.00       1.32 r
  g_weight_0__u_weight/g_bank_7__u_macro/addr_i[6] (hs128x32_wrapper_120)
                                                                    0.00       1.32 r
  g_weight_0__u_weight/g_bank_7__u_macro/addr_i[6] (net)            0.00       1.32 r
  g_weight_0__u_weight/g_bank_7__u_macro/u_sram/A[6] (HS128X32)
                                                          0.31      0.00       1.32 r
  data arrival time                                                            1.32

  clock clk (rise edge)                                             4.00       4.00
  clock network delay (ideal)                                       0.00       4.00
  clock uncertainty                                                -0.15       3.85
  g_weight_0__u_weight/g_bank_7__u_macro/u_sram/CLK (HS128X32)      0.00       3.85 r
  library setup time                                               -0.18       3.67
  data required time                                                           3.67
  ------------------------------------------------------------------------------------
  data required time                                                           3.67
  data arrival time                                                           -1.32
  ------------------------------------------------------------------------------------
  slack (MET)                                                                  2.36


  Startpoint: cfg_word_i[0]
              (input port clocked by clk)
  Endpoint: g_weight_1__u_weight/g_bank_0__u_macro/u_sram
            (rising edge-triggered flip-flop clocked by clk)
  Path Group: clk
  Path Type: max

  Point                                       Fanout     Trans      Incr       Path
  ------------------------------------------------------------------------------------
  clock clk (rise edge)                                             0.00       0.00
  clock network delay (ideal)                                       0.00       0.00
  input external delay                                              0.50       0.50 r
  cfg_word_i[0] (in)                                      0.01      0.01       0.51 r
  cfg_word_i[0] (net)                           5                   0.00       0.51 r
  u_config/cfg_word_i[0] (stage1_config_frontend)                   0.00       0.51 r
  u_config/cfg_word_i[0] (net)                                      0.00       0.51 r
  u_config/U79/ZN (INV2_140P7T35R)                        0.02      0.01       0.52 f
  u_config/n34 (net)                            5                   0.00       0.52 f
  u_config/U96/ZN (AOI22V2_140P7T35R)                     0.02      0.02       0.54 r
  u_config/n3 (net)                             1                   0.00       0.54 r
  u_config/U97/ZN (OAI212V2_140P7T35R)                    0.02      0.02       0.56 f
  u_config/n6 (net)                             1                   0.00       0.56 f
  u_config/U102/ZN (NOR4V2_140P7T35R)                     0.03      0.03       0.60 r
  u_config/n19 (net)                            1                   0.00       0.60 r
  u_config/U118/ZN (NAND4V1P5_140P7T35R)                  0.04      0.03       0.63 f
  u_config/n207 (net)                           3                   0.00       0.63 f
  u_config/U41/ZN (NOR2V2_140P7T35R)                      0.04      0.04       0.67 r
  u_config/n106 (net)                           5                   0.00       0.67 r
  u_config/U195/ZN (NAND2XBV2_140P7T35R)                  0.02      0.02       0.69 f
  u_config/n28 (net)                            2                   0.00       0.69 f
  u_config/U197/ZN (NOR2V2_140P7T35R)                     0.03      0.02       0.71 r
  u_config/weight_load_en_o (net)               2                   0.00       0.71 r
  u_config/weight_load_en_o (stage1_config_frontend)                0.00       0.71 r
  weight_load_en_i (net)                                            0.00       0.71 r
  U1506/ZN (INV2_140P7T35R)                               0.02      0.02       0.73 f
  n771 (net)                                    4                   0.00       0.73 f
  U1516/ZN (NOR3V2_140P7T35R)                             0.05      0.04       0.77 r
  n773 (net)                                    4                   0.00       0.77 r
  U1524/ZN (NAND2V2_140P7T35R)                            0.38      0.23       0.99 f
  n368 (net)                                   17                   0.00       0.99 f
  U1698/ZN (AOI22V2_140P7T35R)                            0.31      0.32       1.32 r
  weight_addr[98] (net)                         8                   0.00       1.32 r
  g_weight_1__u_weight/addr_i[0] (sram_bank_128x256_14)             0.00       1.32 r
  g_weight_1__u_weight/addr_i[0] (net)                              0.00       1.32 r
  g_weight_1__u_weight/g_bank_0__u_macro/addr_i[0] (hs128x32_wrapper_119)
                                                                    0.00       1.32 r
  g_weight_1__u_weight/g_bank_0__u_macro/addr_i[0] (net)            0.00       1.32 r
  g_weight_1__u_weight/g_bank_0__u_macro/u_sram/A[0] (HS128X32)
                                                          0.31      0.00       1.32 r
  data arrival time                                                            1.32

  clock clk (rise edge)                                             4.00       4.00
  clock network delay (ideal)                                       0.00       4.00
  clock uncertainty                                                -0.15       3.85
  g_weight_1__u_weight/g_bank_0__u_macro/u_sram/CLK (HS128X32)      0.00       3.85 r
  library setup time                                               -0.18       3.67
  data required time                                                           3.67
  ------------------------------------------------------------------------------------
  data required time                                                           3.67
  data arrival time                                                           -1.32
  ------------------------------------------------------------------------------------
  slack (MET)                                                                  2.36


  Startpoint: cfg_word_i[0]
              (input port clocked by clk)
  Endpoint: g_weight_1__u_weight/g_bank_0__u_macro/u_sram
            (rising edge-triggered flip-flop clocked by clk)
  Path Group: clk
  Path Type: max

  Point                                       Fanout     Trans      Incr       Path
  ------------------------------------------------------------------------------------
  clock clk (rise edge)                                             0.00       0.00
  clock network delay (ideal)                                       0.00       0.00
  input external delay                                              0.50       0.50 r
  cfg_word_i[0] (in)                                      0.01      0.01       0.51 r
  cfg_word_i[0] (net)                           5                   0.00       0.51 r
  u_config/cfg_word_i[0] (stage1_config_frontend)                   0.00       0.51 r
  u_config/cfg_word_i[0] (net)                                      0.00       0.51 r
  u_config/U79/ZN (INV2_140P7T35R)                        0.02      0.01       0.52 f
  u_config/n34 (net)                            5                   0.00       0.52 f
  u_config/U96/ZN (AOI22V2_140P7T35R)                     0.02      0.02       0.54 r
  u_config/n3 (net)                             1                   0.00       0.54 r
  u_config/U97/ZN (OAI212V2_140P7T35R)                    0.02      0.02       0.56 f
  u_config/n6 (net)                             1                   0.00       0.56 f
  u_config/U102/ZN (NOR4V2_140P7T35R)                     0.03      0.03       0.60 r
  u_config/n19 (net)                            1                   0.00       0.60 r
  u_config/U118/ZN (NAND4V1P5_140P7T35R)                  0.04      0.03       0.63 f
  u_config/n207 (net)                           3                   0.00       0.63 f
  u_config/U41/ZN (NOR2V2_140P7T35R)                      0.04      0.04       0.67 r
  u_config/n106 (net)                           5                   0.00       0.67 r
  u_config/U195/ZN (NAND2XBV2_140P7T35R)                  0.02      0.02       0.69 f
  u_config/n28 (net)                            2                   0.00       0.69 f
  u_config/U197/ZN (NOR2V2_140P7T35R)                     0.03      0.02       0.71 r
  u_config/weight_load_en_o (net)               2                   0.00       0.71 r
  u_config/weight_load_en_o (stage1_config_frontend)                0.00       0.71 r
  weight_load_en_i (net)                                            0.00       0.71 r
  U1506/ZN (INV2_140P7T35R)                               0.02      0.02       0.73 f
  n771 (net)                                    4                   0.00       0.73 f
  U1516/ZN (NOR3V2_140P7T35R)                             0.05      0.04       0.77 r
  n773 (net)                                    4                   0.00       0.77 r
  U1524/ZN (NAND2V2_140P7T35R)                            0.38      0.23       0.99 f
  n368 (net)                                   17                   0.00       0.99 f
  U1699/ZN (AOI22V2_140P7T35R)                            0.31      0.32       1.32 r
  weight_addr[99] (net)                         8                   0.00       1.32 r
  g_weight_1__u_weight/addr_i[1] (sram_bank_128x256_14)             0.00       1.32 r
  g_weight_1__u_weight/addr_i[1] (net)                              0.00       1.32 r
  g_weight_1__u_weight/g_bank_0__u_macro/addr_i[1] (hs128x32_wrapper_119)
                                                                    0.00       1.32 r
  g_weight_1__u_weight/g_bank_0__u_macro/addr_i[1] (net)            0.00       1.32 r
  g_weight_1__u_weight/g_bank_0__u_macro/u_sram/A[1] (HS128X32)
                                                          0.31      0.00       1.32 r
  data arrival time                                                            1.32

  clock clk (rise edge)                                             4.00       4.00
  clock network delay (ideal)                                       0.00       4.00
  clock uncertainty                                                -0.15       3.85
  g_weight_1__u_weight/g_bank_0__u_macro/u_sram/CLK (HS128X32)      0.00       3.85 r
  library setup time                                               -0.18       3.67
  data required time                                                           3.67
  ------------------------------------------------------------------------------------
  data required time                                                           3.67
  data arrival time                                                           -1.32
  ------------------------------------------------------------------------------------
  slack (MET)                                                                  2.36


  Startpoint: cfg_word_i[0]
              (input port clocked by clk)
  Endpoint: g_weight_1__u_weight/g_bank_0__u_macro/u_sram
            (rising edge-triggered flip-flop clocked by clk)
  Path Group: clk
  Path Type: max

  Point                                       Fanout     Trans      Incr       Path
  ------------------------------------------------------------------------------------
  clock clk (rise edge)                                             0.00       0.00
  clock network delay (ideal)                                       0.00       0.00
  input external delay                                              0.50       0.50 r
  cfg_word_i[0] (in)                                      0.01      0.01       0.51 r
  cfg_word_i[0] (net)                           5                   0.00       0.51 r
  u_config/cfg_word_i[0] (stage1_config_frontend)                   0.00       0.51 r
  u_config/cfg_word_i[0] (net)                                      0.00       0.51 r
  u_config/U79/ZN (INV2_140P7T35R)                        0.02      0.01       0.52 f
  u_config/n34 (net)                            5                   0.00       0.52 f
  u_config/U96/ZN (AOI22V2_140P7T35R)                     0.02      0.02       0.54 r
  u_config/n3 (net)                             1                   0.00       0.54 r
  u_config/U97/ZN (OAI212V2_140P7T35R)                    0.02      0.02       0.56 f
  u_config/n6 (net)                             1                   0.00       0.56 f
  u_config/U102/ZN (NOR4V2_140P7T35R)                     0.03      0.03       0.60 r
  u_config/n19 (net)                            1                   0.00       0.60 r
  u_config/U118/ZN (NAND4V1P5_140P7T35R)                  0.04      0.03       0.63 f
  u_config/n207 (net)                           3                   0.00       0.63 f
  u_config/U41/ZN (NOR2V2_140P7T35R)                      0.04      0.04       0.67 r
  u_config/n106 (net)                           5                   0.00       0.67 r
  u_config/U195/ZN (NAND2XBV2_140P7T35R)                  0.02      0.02       0.69 f
  u_config/n28 (net)                            2                   0.00       0.69 f
  u_config/U197/ZN (NOR2V2_140P7T35R)                     0.03      0.02       0.71 r
  u_config/weight_load_en_o (net)               2                   0.00       0.71 r
  u_config/weight_load_en_o (stage1_config_frontend)                0.00       0.71 r
  weight_load_en_i (net)                                            0.00       0.71 r
  U1506/ZN (INV2_140P7T35R)                               0.02      0.02       0.73 f
  n771 (net)                                    4                   0.00       0.73 f
  U1516/ZN (NOR3V2_140P7T35R)                             0.05      0.04       0.77 r
  n773 (net)                                    4                   0.00       0.77 r
  U1524/ZN (NAND2V2_140P7T35R)                            0.38      0.23       0.99 f
  n368 (net)                                   17                   0.00       0.99 f
  U1700/ZN (AOI22V2_140P7T35R)                            0.31      0.32       1.32 r
  weight_addr[100] (net)                        8                   0.00       1.32 r
  g_weight_1__u_weight/addr_i[2] (sram_bank_128x256_14)             0.00       1.32 r
  g_weight_1__u_weight/addr_i[2] (net)                              0.00       1.32 r
  g_weight_1__u_weight/g_bank_0__u_macro/addr_i[2] (hs128x32_wrapper_119)
                                                                    0.00       1.32 r
  g_weight_1__u_weight/g_bank_0__u_macro/addr_i[2] (net)            0.00       1.32 r
  g_weight_1__u_weight/g_bank_0__u_macro/u_sram/A[2] (HS128X32)
                                                          0.31      0.00       1.32 r
  data arrival time                                                            1.32

  clock clk (rise edge)                                             4.00       4.00
  clock network delay (ideal)                                       0.00       4.00
  clock uncertainty                                                -0.15       3.85
  g_weight_1__u_weight/g_bank_0__u_macro/u_sram/CLK (HS128X32)      0.00       3.85 r
  library setup time                                               -0.18       3.67
  data required time                                                           3.67
  ------------------------------------------------------------------------------------
  data required time                                                           3.67
  data arrival time                                                           -1.32
  ------------------------------------------------------------------------------------
  slack (MET)                                                                  2.36


  Startpoint: cfg_word_i[0]
              (input port clocked by clk)
  Endpoint: g_weight_1__u_weight/g_bank_0__u_macro/u_sram
            (rising edge-triggered flip-flop clocked by clk)
  Path Group: clk
  Path Type: max

  Point                                       Fanout     Trans      Incr       Path
  ------------------------------------------------------------------------------------
  clock clk (rise edge)                                             0.00       0.00
  clock network delay (ideal)                                       0.00       0.00
  input external delay                                              0.50       0.50 r
  cfg_word_i[0] (in)                                      0.01      0.01       0.51 r
  cfg_word_i[0] (net)                           5                   0.00       0.51 r
  u_config/cfg_word_i[0] (stage1_config_frontend)                   0.00       0.51 r
  u_config/cfg_word_i[0] (net)                                      0.00       0.51 r
  u_config/U79/ZN (INV2_140P7T35R)                        0.02      0.01       0.52 f
  u_config/n34 (net)                            5                   0.00       0.52 f
  u_config/U96/ZN (AOI22V2_140P7T35R)                     0.02      0.02       0.54 r
  u_config/n3 (net)                             1                   0.00       0.54 r
  u_config/U97/ZN (OAI212V2_140P7T35R)                    0.02      0.02       0.56 f
  u_config/n6 (net)                             1                   0.00       0.56 f
  u_config/U102/ZN (NOR4V2_140P7T35R)                     0.03      0.03       0.60 r
  u_config/n19 (net)                            1                   0.00       0.60 r
  u_config/U118/ZN (NAND4V1P5_140P7T35R)                  0.04      0.03       0.63 f
  u_config/n207 (net)                           3                   0.00       0.63 f
  u_config/U41/ZN (NOR2V2_140P7T35R)                      0.04      0.04       0.67 r
  u_config/n106 (net)                           5                   0.00       0.67 r
  u_config/U195/ZN (NAND2XBV2_140P7T35R)                  0.02      0.02       0.69 f
  u_config/n28 (net)                            2                   0.00       0.69 f
  u_config/U197/ZN (NOR2V2_140P7T35R)                     0.03      0.02       0.71 r
  u_config/weight_load_en_o (net)               2                   0.00       0.71 r
  u_config/weight_load_en_o (stage1_config_frontend)                0.00       0.71 r
  weight_load_en_i (net)                                            0.00       0.71 r
  U1506/ZN (INV2_140P7T35R)                               0.02      0.02       0.73 f
  n771 (net)                                    4                   0.00       0.73 f
  U1516/ZN (NOR3V2_140P7T35R)                             0.05      0.04       0.77 r
  n773 (net)                                    4                   0.00       0.77 r
  U1524/ZN (NAND2V2_140P7T35R)                            0.38      0.23       0.99 f
  n368 (net)                                   17                   0.00       0.99 f
  U1701/ZN (AOI22V2_140P7T35R)                            0.31      0.32       1.32 r
  weight_addr[101] (net)                        8                   0.00       1.32 r
  g_weight_1__u_weight/addr_i[3] (sram_bank_128x256_14)             0.00       1.32 r
  g_weight_1__u_weight/addr_i[3] (net)                              0.00       1.32 r
  g_weight_1__u_weight/g_bank_0__u_macro/addr_i[3] (hs128x32_wrapper_119)
                                                                    0.00       1.32 r
  g_weight_1__u_weight/g_bank_0__u_macro/addr_i[3] (net)            0.00       1.32 r
  g_weight_1__u_weight/g_bank_0__u_macro/u_sram/A[3] (HS128X32)
                                                          0.31      0.00       1.32 r
  data arrival time                                                            1.32

  clock clk (rise edge)                                             4.00       4.00
  clock network delay (ideal)                                       0.00       4.00
  clock uncertainty                                                -0.15       3.85
  g_weight_1__u_weight/g_bank_0__u_macro/u_sram/CLK (HS128X32)      0.00       3.85 r
  library setup time                                               -0.18       3.67
  data required time                                                           3.67
  ------------------------------------------------------------------------------------
  data required time                                                           3.67
  data arrival time                                                           -1.32
  ------------------------------------------------------------------------------------
  slack (MET)                                                                  2.36


  Startpoint: cfg_word_i[0]
              (input port clocked by clk)
  Endpoint: g_weight_1__u_weight/g_bank_0__u_macro/u_sram
            (rising edge-triggered flip-flop clocked by clk)
  Path Group: clk
  Path Type: max

  Point                                       Fanout     Trans      Incr       Path
  ------------------------------------------------------------------------------------
  clock clk (rise edge)                                             0.00       0.00
  clock network delay (ideal)                                       0.00       0.00
  input external delay                                              0.50       0.50 r
  cfg_word_i[0] (in)                                      0.01      0.01       0.51 r
  cfg_word_i[0] (net)                           5                   0.00       0.51 r
  u_config/cfg_word_i[0] (stage1_config_frontend)                   0.00       0.51 r
  u_config/cfg_word_i[0] (net)                                      0.00       0.51 r
  u_config/U79/ZN (INV2_140P7T35R)                        0.02      0.01       0.52 f
  u_config/n34 (net)                            5                   0.00       0.52 f
  u_config/U96/ZN (AOI22V2_140P7T35R)                     0.02      0.02       0.54 r
  u_config/n3 (net)                             1                   0.00       0.54 r
  u_config/U97/ZN (OAI212V2_140P7T35R)                    0.02      0.02       0.56 f
  u_config/n6 (net)                             1                   0.00       0.56 f
  u_config/U102/ZN (NOR4V2_140P7T35R)                     0.03      0.03       0.60 r
  u_config/n19 (net)                            1                   0.00       0.60 r
  u_config/U118/ZN (NAND4V1P5_140P7T35R)                  0.04      0.03       0.63 f
  u_config/n207 (net)                           3                   0.00       0.63 f
  u_config/U41/ZN (NOR2V2_140P7T35R)                      0.04      0.04       0.67 r
  u_config/n106 (net)                           5                   0.00       0.67 r
  u_config/U195/ZN (NAND2XBV2_140P7T35R)                  0.02      0.02       0.69 f
  u_config/n28 (net)                            2                   0.00       0.69 f
  u_config/U197/ZN (NOR2V2_140P7T35R)                     0.03      0.02       0.71 r
  u_config/weight_load_en_o (net)               2                   0.00       0.71 r
  u_config/weight_load_en_o (stage1_config_frontend)                0.00       0.71 r
  weight_load_en_i (net)                                            0.00       0.71 r
  U1506/ZN (INV2_140P7T35R)                               0.02      0.02       0.73 f
  n771 (net)                                    4                   0.00       0.73 f
  U1516/ZN (NOR3V2_140P7T35R)                             0.05      0.04       0.77 r
  n773 (net)                                    4                   0.00       0.77 r
  U1524/ZN (NAND2V2_140P7T35R)                            0.38      0.23       0.99 f
  n368 (net)                                   17                   0.00       0.99 f
  U1702/ZN (AOI22V2_140P7T35R)                            0.31      0.32       1.32 r
  weight_addr[102] (net)                        8                   0.00       1.32 r
  g_weight_1__u_weight/addr_i[4] (sram_bank_128x256_14)             0.00       1.32 r
  g_weight_1__u_weight/addr_i[4] (net)                              0.00       1.32 r
  g_weight_1__u_weight/g_bank_0__u_macro/addr_i[4] (hs128x32_wrapper_119)
                                                                    0.00       1.32 r
  g_weight_1__u_weight/g_bank_0__u_macro/addr_i[4] (net)            0.00       1.32 r
  g_weight_1__u_weight/g_bank_0__u_macro/u_sram/A[4] (HS128X32)
                                                          0.31      0.00       1.32 r
  data arrival time                                                            1.32

  clock clk (rise edge)                                             4.00       4.00
  clock network delay (ideal)                                       0.00       4.00
  clock uncertainty                                                -0.15       3.85
  g_weight_1__u_weight/g_bank_0__u_macro/u_sram/CLK (HS128X32)      0.00       3.85 r
  library setup time                                               -0.18       3.67
  data required time                                                           3.67
  ------------------------------------------------------------------------------------
  data required time                                                           3.67
  data arrival time                                                           -1.32
  ------------------------------------------------------------------------------------
  slack (MET)                                                                  2.36


  Startpoint: cfg_word_i[0]
              (input port clocked by clk)
  Endpoint: g_weight_1__u_weight/g_bank_0__u_macro/u_sram
            (rising edge-triggered flip-flop clocked by clk)
  Path Group: clk
  Path Type: max

  Point                                       Fanout     Trans      Incr       Path
  ------------------------------------------------------------------------------------
  clock clk (rise edge)                                             0.00       0.00
  clock network delay (ideal)                                       0.00       0.00
  input external delay                                              0.50       0.50 r
  cfg_word_i[0] (in)                                      0.01      0.01       0.51 r
  cfg_word_i[0] (net)                           5                   0.00       0.51 r
  u_config/cfg_word_i[0] (stage1_config_frontend)                   0.00       0.51 r
  u_config/cfg_word_i[0] (net)                                      0.00       0.51 r
  u_config/U79/ZN (INV2_140P7T35R)                        0.02      0.01       0.52 f
  u_config/n34 (net)                            5                   0.00       0.52 f
  u_config/U96/ZN (AOI22V2_140P7T35R)                     0.02      0.02       0.54 r
  u_config/n3 (net)                             1                   0.00       0.54 r
  u_config/U97/ZN (OAI212V2_140P7T35R)                    0.02      0.02       0.56 f
  u_config/n6 (net)                             1                   0.00       0.56 f
  u_config/U102/ZN (NOR4V2_140P7T35R)                     0.03      0.03       0.60 r
  u_config/n19 (net)                            1                   0.00       0.60 r
  u_config/U118/ZN (NAND4V1P5_140P7T35R)                  0.04      0.03       0.63 f
  u_config/n207 (net)                           3                   0.00       0.63 f
  u_config/U41/ZN (NOR2V2_140P7T35R)                      0.04      0.04       0.67 r
  u_config/n106 (net)                           5                   0.00       0.67 r
  u_config/U195/ZN (NAND2XBV2_140P7T35R)                  0.02      0.02       0.69 f
  u_config/n28 (net)                            2                   0.00       0.69 f
  u_config/U197/ZN (NOR2V2_140P7T35R)                     0.03      0.02       0.71 r
  u_config/weight_load_en_o (net)               2                   0.00       0.71 r
  u_config/weight_load_en_o (stage1_config_frontend)                0.00       0.71 r
  weight_load_en_i (net)                                            0.00       0.71 r
  U1506/ZN (INV2_140P7T35R)                               0.02      0.02       0.73 f
  n771 (net)                                    4                   0.00       0.73 f
  U1516/ZN (NOR3V2_140P7T35R)                             0.05      0.04       0.77 r
  n773 (net)                                    4                   0.00       0.77 r
  U1524/ZN (NAND2V2_140P7T35R)                            0.38      0.23       0.99 f
  n368 (net)                                   17                   0.00       0.99 f
  U1703/ZN (AOI22V2_140P7T35R)                            0.31      0.32       1.32 r
  weight_addr[103] (net)                        8                   0.00       1.32 r
  g_weight_1__u_weight/addr_i[5] (sram_bank_128x256_14)             0.00       1.32 r
  g_weight_1__u_weight/addr_i[5] (net)                              0.00       1.32 r
  g_weight_1__u_weight/g_bank_0__u_macro/addr_i[5] (hs128x32_wrapper_119)
                                                                    0.00       1.32 r
  g_weight_1__u_weight/g_bank_0__u_macro/addr_i[5] (net)            0.00       1.32 r
  g_weight_1__u_weight/g_bank_0__u_macro/u_sram/A[5] (HS128X32)
                                                          0.31      0.00       1.32 r
  data arrival time                                                            1.32

  clock clk (rise edge)                                             4.00       4.00
  clock network delay (ideal)                                       0.00       4.00
  clock uncertainty                                                -0.15       3.85
  g_weight_1__u_weight/g_bank_0__u_macro/u_sram/CLK (HS128X32)      0.00       3.85 r
  library setup time                                               -0.18       3.67
  data required time                                                           3.67
  ------------------------------------------------------------------------------------
  data required time                                                           3.67
  data arrival time                                                           -1.32
  ------------------------------------------------------------------------------------
  slack (MET)                                                                  2.36


  Startpoint: cfg_word_i[0]
              (input port clocked by clk)
  Endpoint: g_weight_1__u_weight/g_bank_0__u_macro/u_sram
            (rising edge-triggered flip-flop clocked by clk)
  Path Group: clk
  Path Type: max

  Point                                       Fanout     Trans      Incr       Path
  ------------------------------------------------------------------------------------
  clock clk (rise edge)                                             0.00       0.00
  clock network delay (ideal)                                       0.00       0.00
  input external delay                                              0.50       0.50 r
  cfg_word_i[0] (in)                                      0.01      0.01       0.51 r
  cfg_word_i[0] (net)                           5                   0.00       0.51 r
  u_config/cfg_word_i[0] (stage1_config_frontend)                   0.00       0.51 r
  u_config/cfg_word_i[0] (net)                                      0.00       0.51 r
  u_config/U79/ZN (INV2_140P7T35R)                        0.02      0.01       0.52 f
  u_config/n34 (net)                            5                   0.00       0.52 f
  u_config/U96/ZN (AOI22V2_140P7T35R)                     0.02      0.02       0.54 r
  u_config/n3 (net)                             1                   0.00       0.54 r
  u_config/U97/ZN (OAI212V2_140P7T35R)                    0.02      0.02       0.56 f
  u_config/n6 (net)                             1                   0.00       0.56 f
  u_config/U102/ZN (NOR4V2_140P7T35R)                     0.03      0.03       0.60 r
  u_config/n19 (net)                            1                   0.00       0.60 r
  u_config/U118/ZN (NAND4V1P5_140P7T35R)                  0.04      0.03       0.63 f
  u_config/n207 (net)                           3                   0.00       0.63 f
  u_config/U41/ZN (NOR2V2_140P7T35R)                      0.04      0.04       0.67 r
  u_config/n106 (net)                           5                   0.00       0.67 r
  u_config/U195/ZN (NAND2XBV2_140P7T35R)                  0.02      0.02       0.69 f
  u_config/n28 (net)                            2                   0.00       0.69 f
  u_config/U197/ZN (NOR2V2_140P7T35R)                     0.03      0.02       0.71 r
  u_config/weight_load_en_o (net)               2                   0.00       0.71 r
  u_config/weight_load_en_o (stage1_config_frontend)                0.00       0.71 r
  weight_load_en_i (net)                                            0.00       0.71 r
  U1506/ZN (INV2_140P7T35R)                               0.02      0.02       0.73 f
  n771 (net)                                    4                   0.00       0.73 f
  U1516/ZN (NOR3V2_140P7T35R)                             0.05      0.04       0.77 r
  n773 (net)                                    4                   0.00       0.77 r
  U1524/ZN (NAND2V2_140P7T35R)                            0.38      0.23       0.99 f
  n368 (net)                                   17                   0.00       0.99 f
  U1704/ZN (AOI22V2_140P7T35R)                            0.31      0.32       1.32 r
  weight_addr[104] (net)                        8                   0.00       1.32 r
  g_weight_1__u_weight/addr_i[6] (sram_bank_128x256_14)             0.00       1.32 r
  g_weight_1__u_weight/addr_i[6] (net)                              0.00       1.32 r
  g_weight_1__u_weight/g_bank_0__u_macro/addr_i[6] (hs128x32_wrapper_119)
                                                                    0.00       1.32 r
  g_weight_1__u_weight/g_bank_0__u_macro/addr_i[6] (net)            0.00       1.32 r
  g_weight_1__u_weight/g_bank_0__u_macro/u_sram/A[6] (HS128X32)
                                                          0.31      0.00       1.32 r
  data arrival time                                                            1.32

  clock clk (rise edge)                                             4.00       4.00
  clock network delay (ideal)                                       0.00       4.00
  clock uncertainty                                                -0.15       3.85
  g_weight_1__u_weight/g_bank_0__u_macro/u_sram/CLK (HS128X32)      0.00       3.85 r
  library setup time                                               -0.18       3.67
  data required time                                                           3.67
  ------------------------------------------------------------------------------------
  data required time                                                           3.67
  data arrival time                                                           -1.32
  ------------------------------------------------------------------------------------
  slack (MET)                                                                  2.36


  Startpoint: cfg_word_i[0]
              (input port clocked by clk)
  Endpoint: g_weight_1__u_weight/g_bank_1__u_macro/u_sram
            (rising edge-triggered flip-flop clocked by clk)
  Path Group: clk
  Path Type: max

  Point                                       Fanout     Trans      Incr       Path
  ------------------------------------------------------------------------------------
  clock clk (rise edge)                                             0.00       0.00
  clock network delay (ideal)                                       0.00       0.00
  input external delay                                              0.50       0.50 r
  cfg_word_i[0] (in)                                      0.01      0.01       0.51 r
  cfg_word_i[0] (net)                           5                   0.00       0.51 r
  u_config/cfg_word_i[0] (stage1_config_frontend)                   0.00       0.51 r
  u_config/cfg_word_i[0] (net)                                      0.00       0.51 r
  u_config/U79/ZN (INV2_140P7T35R)                        0.02      0.01       0.52 f
  u_config/n34 (net)                            5                   0.00       0.52 f
  u_config/U96/ZN (AOI22V2_140P7T35R)                     0.02      0.02       0.54 r
  u_config/n3 (net)                             1                   0.00       0.54 r
  u_config/U97/ZN (OAI212V2_140P7T35R)                    0.02      0.02       0.56 f
  u_config/n6 (net)                             1                   0.00       0.56 f
  u_config/U102/ZN (NOR4V2_140P7T35R)                     0.03      0.03       0.60 r
  u_config/n19 (net)                            1                   0.00       0.60 r
  u_config/U118/ZN (NAND4V1P5_140P7T35R)                  0.04      0.03       0.63 f
  u_config/n207 (net)                           3                   0.00       0.63 f
  u_config/U41/ZN (NOR2V2_140P7T35R)                      0.04      0.04       0.67 r
  u_config/n106 (net)                           5                   0.00       0.67 r
  u_config/U195/ZN (NAND2XBV2_140P7T35R)                  0.02      0.02       0.69 f
  u_config/n28 (net)                            2                   0.00       0.69 f
  u_config/U197/ZN (NOR2V2_140P7T35R)                     0.03      0.02       0.71 r
  u_config/weight_load_en_o (net)               2                   0.00       0.71 r
  u_config/weight_load_en_o (stage1_config_frontend)                0.00       0.71 r
  weight_load_en_i (net)                                            0.00       0.71 r
  U1506/ZN (INV2_140P7T35R)                               0.02      0.02       0.73 f
  n771 (net)                                    4                   0.00       0.73 f
  U1516/ZN (NOR3V2_140P7T35R)                             0.05      0.04       0.77 r
  n773 (net)                                    4                   0.00       0.77 r
  U1524/ZN (NAND2V2_140P7T35R)                            0.38      0.23       0.99 f
  n368 (net)                                   17                   0.00       0.99 f
  U1698/ZN (AOI22V2_140P7T35R)                            0.31      0.32       1.32 r
  weight_addr[98] (net)                         8                   0.00       1.32 r
  g_weight_1__u_weight/addr_i[0] (sram_bank_128x256_14)             0.00       1.32 r
  g_weight_1__u_weight/addr_i[0] (net)                              0.00       1.32 r
  g_weight_1__u_weight/g_bank_1__u_macro/addr_i[0] (hs128x32_wrapper_118)
                                                                    0.00       1.32 r
  g_weight_1__u_weight/g_bank_1__u_macro/addr_i[0] (net)            0.00       1.32 r
  g_weight_1__u_weight/g_bank_1__u_macro/u_sram/A[0] (HS128X32)
                                                          0.31      0.00       1.32 r
  data arrival time                                                            1.32

  clock clk (rise edge)                                             4.00       4.00
  clock network delay (ideal)                                       0.00       4.00
  clock uncertainty                                                -0.15       3.85
  g_weight_1__u_weight/g_bank_1__u_macro/u_sram/CLK (HS128X32)      0.00       3.85 r
  library setup time                                               -0.18       3.67
  data required time                                                           3.67
  ------------------------------------------------------------------------------------
  data required time                                                           3.67
  data arrival time                                                           -1.32
  ------------------------------------------------------------------------------------
  slack (MET)                                                                  2.36


  Startpoint: cfg_word_i[0]
              (input port clocked by clk)
  Endpoint: g_weight_1__u_weight/g_bank_1__u_macro/u_sram
            (rising edge-triggered flip-flop clocked by clk)
  Path Group: clk
  Path Type: max

  Point                                       Fanout     Trans      Incr       Path
  ------------------------------------------------------------------------------------
  clock clk (rise edge)                                             0.00       0.00
  clock network delay (ideal)                                       0.00       0.00
  input external delay                                              0.50       0.50 r
  cfg_word_i[0] (in)                                      0.01      0.01       0.51 r
  cfg_word_i[0] (net)                           5                   0.00       0.51 r
  u_config/cfg_word_i[0] (stage1_config_frontend)                   0.00       0.51 r
  u_config/cfg_word_i[0] (net)                                      0.00       0.51 r
  u_config/U79/ZN (INV2_140P7T35R)                        0.02      0.01       0.52 f
  u_config/n34 (net)                            5                   0.00       0.52 f
  u_config/U96/ZN (AOI22V2_140P7T35R)                     0.02      0.02       0.54 r
  u_config/n3 (net)                             1                   0.00       0.54 r
  u_config/U97/ZN (OAI212V2_140P7T35R)                    0.02      0.02       0.56 f
  u_config/n6 (net)                             1                   0.00       0.56 f
  u_config/U102/ZN (NOR4V2_140P7T35R)                     0.03      0.03       0.60 r
  u_config/n19 (net)                            1                   0.00       0.60 r
  u_config/U118/ZN (NAND4V1P5_140P7T35R)                  0.04      0.03       0.63 f
  u_config/n207 (net)                           3                   0.00       0.63 f
  u_config/U41/ZN (NOR2V2_140P7T35R)                      0.04      0.04       0.67 r
  u_config/n106 (net)                           5                   0.00       0.67 r
  u_config/U195/ZN (NAND2XBV2_140P7T35R)                  0.02      0.02       0.69 f
  u_config/n28 (net)                            2                   0.00       0.69 f
  u_config/U197/ZN (NOR2V2_140P7T35R)                     0.03      0.02       0.71 r
  u_config/weight_load_en_o (net)               2                   0.00       0.71 r
  u_config/weight_load_en_o (stage1_config_frontend)                0.00       0.71 r
  weight_load_en_i (net)                                            0.00       0.71 r
  U1506/ZN (INV2_140P7T35R)                               0.02      0.02       0.73 f
  n771 (net)                                    4                   0.00       0.73 f
  U1516/ZN (NOR3V2_140P7T35R)                             0.05      0.04       0.77 r
  n773 (net)                                    4                   0.00       0.77 r
  U1524/ZN (NAND2V2_140P7T35R)                            0.38      0.23       0.99 f
  n368 (net)                                   17                   0.00       0.99 f
  U1699/ZN (AOI22V2_140P7T35R)                            0.31      0.32       1.32 r
  weight_addr[99] (net)                         8                   0.00       1.32 r
  g_weight_1__u_weight/addr_i[1] (sram_bank_128x256_14)             0.00       1.32 r
  g_weight_1__u_weight/addr_i[1] (net)                              0.00       1.32 r
  g_weight_1__u_weight/g_bank_1__u_macro/addr_i[1] (hs128x32_wrapper_118)
                                                                    0.00       1.32 r
  g_weight_1__u_weight/g_bank_1__u_macro/addr_i[1] (net)            0.00       1.32 r
  g_weight_1__u_weight/g_bank_1__u_macro/u_sram/A[1] (HS128X32)
                                                          0.31      0.00       1.32 r
  data arrival time                                                            1.32

  clock clk (rise edge)                                             4.00       4.00
  clock network delay (ideal)                                       0.00       4.00
  clock uncertainty                                                -0.15       3.85
  g_weight_1__u_weight/g_bank_1__u_macro/u_sram/CLK (HS128X32)      0.00       3.85 r
  library setup time                                               -0.18       3.67
  data required time                                                           3.67
  ------------------------------------------------------------------------------------
  data required time                                                           3.67
  data arrival time                                                           -1.32
  ------------------------------------------------------------------------------------
  slack (MET)                                                                  2.36


  Startpoint: cfg_word_i[0]
              (input port clocked by clk)
  Endpoint: g_weight_1__u_weight/g_bank_1__u_macro/u_sram
            (rising edge-triggered flip-flop clocked by clk)
  Path Group: clk
  Path Type: max

  Point                                       Fanout     Trans      Incr       Path
  ------------------------------------------------------------------------------------
  clock clk (rise edge)                                             0.00       0.00
  clock network delay (ideal)                                       0.00       0.00
  input external delay                                              0.50       0.50 r
  cfg_word_i[0] (in)                                      0.01      0.01       0.51 r
  cfg_word_i[0] (net)                           5                   0.00       0.51 r
  u_config/cfg_word_i[0] (stage1_config_frontend)                   0.00       0.51 r
  u_config/cfg_word_i[0] (net)                                      0.00       0.51 r
  u_config/U79/ZN (INV2_140P7T35R)                        0.02      0.01       0.52 f
  u_config/n34 (net)                            5                   0.00       0.52 f
  u_config/U96/ZN (AOI22V2_140P7T35R)                     0.02      0.02       0.54 r
  u_config/n3 (net)                             1                   0.00       0.54 r
  u_config/U97/ZN (OAI212V2_140P7T35R)                    0.02      0.02       0.56 f
  u_config/n6 (net)                             1                   0.00       0.56 f
  u_config/U102/ZN (NOR4V2_140P7T35R)                     0.03      0.03       0.60 r
  u_config/n19 (net)                            1                   0.00       0.60 r
  u_config/U118/ZN (NAND4V1P5_140P7T35R)                  0.04      0.03       0.63 f
  u_config/n207 (net)                           3                   0.00       0.63 f
  u_config/U41/ZN (NOR2V2_140P7T35R)                      0.04      0.04       0.67 r
  u_config/n106 (net)                           5                   0.00       0.67 r
  u_config/U195/ZN (NAND2XBV2_140P7T35R)                  0.02      0.02       0.69 f
  u_config/n28 (net)                            2                   0.00       0.69 f
  u_config/U197/ZN (NOR2V2_140P7T35R)                     0.03      0.02       0.71 r
  u_config/weight_load_en_o (net)               2                   0.00       0.71 r
  u_config/weight_load_en_o (stage1_config_frontend)                0.00       0.71 r
  weight_load_en_i (net)                                            0.00       0.71 r
  U1506/ZN (INV2_140P7T35R)                               0.02      0.02       0.73 f
  n771 (net)                                    4                   0.00       0.73 f
  U1516/ZN (NOR3V2_140P7T35R)                             0.05      0.04       0.77 r
  n773 (net)                                    4                   0.00       0.77 r
  U1524/ZN (NAND2V2_140P7T35R)                            0.38      0.23       0.99 f
  n368 (net)                                   17                   0.00       0.99 f
  U1700/ZN (AOI22V2_140P7T35R)                            0.31      0.32       1.32 r
  weight_addr[100] (net)                        8                   0.00       1.32 r
  g_weight_1__u_weight/addr_i[2] (sram_bank_128x256_14)             0.00       1.32 r
  g_weight_1__u_weight/addr_i[2] (net)                              0.00       1.32 r
  g_weight_1__u_weight/g_bank_1__u_macro/addr_i[2] (hs128x32_wrapper_118)
                                                                    0.00       1.32 r
  g_weight_1__u_weight/g_bank_1__u_macro/addr_i[2] (net)            0.00       1.32 r
  g_weight_1__u_weight/g_bank_1__u_macro/u_sram/A[2] (HS128X32)
                                                          0.31      0.00       1.32 r
  data arrival time                                                            1.32

  clock clk (rise edge)                                             4.00       4.00
  clock network delay (ideal)                                       0.00       4.00
  clock uncertainty                                                -0.15       3.85
  g_weight_1__u_weight/g_bank_1__u_macro/u_sram/CLK (HS128X32)      0.00       3.85 r
  library setup time                                               -0.18       3.67
  data required time                                                           3.67
  ------------------------------------------------------------------------------------
  data required time                                                           3.67
  data arrival time                                                           -1.32
  ------------------------------------------------------------------------------------
  slack (MET)                                                                  2.36


  Startpoint: cfg_word_i[0]
              (input port clocked by clk)
  Endpoint: g_weight_1__u_weight/g_bank_1__u_macro/u_sram
            (rising edge-triggered flip-flop clocked by clk)
  Path Group: clk
  Path Type: max

  Point                                       Fanout     Trans      Incr       Path
  ------------------------------------------------------------------------------------
  clock clk (rise edge)                                             0.00       0.00
  clock network delay (ideal)                                       0.00       0.00
  input external delay                                              0.50       0.50 r
  cfg_word_i[0] (in)                                      0.01      0.01       0.51 r
  cfg_word_i[0] (net)                           5                   0.00       0.51 r
  u_config/cfg_word_i[0] (stage1_config_frontend)                   0.00       0.51 r
  u_config/cfg_word_i[0] (net)                                      0.00       0.51 r
  u_config/U79/ZN (INV2_140P7T35R)                        0.02      0.01       0.52 f
  u_config/n34 (net)                            5                   0.00       0.52 f
  u_config/U96/ZN (AOI22V2_140P7T35R)                     0.02      0.02       0.54 r
  u_config/n3 (net)                             1                   0.00       0.54 r
  u_config/U97/ZN (OAI212V2_140P7T35R)                    0.02      0.02       0.56 f
  u_config/n6 (net)                             1                   0.00       0.56 f
  u_config/U102/ZN (NOR4V2_140P7T35R)                     0.03      0.03       0.60 r
  u_config/n19 (net)                            1                   0.00       0.60 r
  u_config/U118/ZN (NAND4V1P5_140P7T35R)                  0.04      0.03       0.63 f
  u_config/n207 (net)                           3                   0.00       0.63 f
  u_config/U41/ZN (NOR2V2_140P7T35R)                      0.04      0.04       0.67 r
  u_config/n106 (net)                           5                   0.00       0.67 r
  u_config/U195/ZN (NAND2XBV2_140P7T35R)                  0.02      0.02       0.69 f
  u_config/n28 (net)                            2                   0.00       0.69 f
  u_config/U197/ZN (NOR2V2_140P7T35R)                     0.03      0.02       0.71 r
  u_config/weight_load_en_o (net)               2                   0.00       0.71 r
  u_config/weight_load_en_o (stage1_config_frontend)                0.00       0.71 r
  weight_load_en_i (net)                                            0.00       0.71 r
  U1506/ZN (INV2_140P7T35R)                               0.02      0.02       0.73 f
  n771 (net)                                    4                   0.00       0.73 f
  U1516/ZN (NOR3V2_140P7T35R)                             0.05      0.04       0.77 r
  n773 (net)                                    4                   0.00       0.77 r
  U1524/ZN (NAND2V2_140P7T35R)                            0.38      0.23       0.99 f
  n368 (net)                                   17                   0.00       0.99 f
  U1701/ZN (AOI22V2_140P7T35R)                            0.31      0.32       1.32 r
  weight_addr[101] (net)                        8                   0.00       1.32 r
  g_weight_1__u_weight/addr_i[3] (sram_bank_128x256_14)             0.00       1.32 r
  g_weight_1__u_weight/addr_i[3] (net)                              0.00       1.32 r
  g_weight_1__u_weight/g_bank_1__u_macro/addr_i[3] (hs128x32_wrapper_118)
                                                                    0.00       1.32 r
  g_weight_1__u_weight/g_bank_1__u_macro/addr_i[3] (net)            0.00       1.32 r
  g_weight_1__u_weight/g_bank_1__u_macro/u_sram/A[3] (HS128X32)
                                                          0.31      0.00       1.32 r
  data arrival time                                                            1.32

  clock clk (rise edge)                                             4.00       4.00
  clock network delay (ideal)                                       0.00       4.00
  clock uncertainty                                                -0.15       3.85
  g_weight_1__u_weight/g_bank_1__u_macro/u_sram/CLK (HS128X32)      0.00       3.85 r
  library setup time                                               -0.18       3.67
  data required time                                                           3.67
  ------------------------------------------------------------------------------------
  data required time                                                           3.67
  data arrival time                                                           -1.32
  ------------------------------------------------------------------------------------
  slack (MET)                                                                  2.36


  Startpoint: cfg_word_i[0]
              (input port clocked by clk)
  Endpoint: g_weight_1__u_weight/g_bank_1__u_macro/u_sram
            (rising edge-triggered flip-flop clocked by clk)
  Path Group: clk
  Path Type: max

  Point                                       Fanout     Trans      Incr       Path
  ------------------------------------------------------------------------------------
  clock clk (rise edge)                                             0.00       0.00
  clock network delay (ideal)                                       0.00       0.00
  input external delay                                              0.50       0.50 r
  cfg_word_i[0] (in)                                      0.01      0.01       0.51 r
  cfg_word_i[0] (net)                           5                   0.00       0.51 r
  u_config/cfg_word_i[0] (stage1_config_frontend)                   0.00       0.51 r
  u_config/cfg_word_i[0] (net)                                      0.00       0.51 r
  u_config/U79/ZN (INV2_140P7T35R)                        0.02      0.01       0.52 f
  u_config/n34 (net)                            5                   0.00       0.52 f
  u_config/U96/ZN (AOI22V2_140P7T35R)                     0.02      0.02       0.54 r
  u_config/n3 (net)                             1                   0.00       0.54 r
  u_config/U97/ZN (OAI212V2_140P7T35R)                    0.02      0.02       0.56 f
  u_config/n6 (net)                             1                   0.00       0.56 f
  u_config/U102/ZN (NOR4V2_140P7T35R)                     0.03      0.03       0.60 r
  u_config/n19 (net)                            1                   0.00       0.60 r
  u_config/U118/ZN (NAND4V1P5_140P7T35R)                  0.04      0.03       0.63 f
  u_config/n207 (net)                           3                   0.00       0.63 f
  u_config/U41/ZN (NOR2V2_140P7T35R)                      0.04      0.04       0.67 r
  u_config/n106 (net)                           5                   0.00       0.67 r
  u_config/U195/ZN (NAND2XBV2_140P7T35R)                  0.02      0.02       0.69 f
  u_config/n28 (net)                            2                   0.00       0.69 f
  u_config/U197/ZN (NOR2V2_140P7T35R)                     0.03      0.02       0.71 r
  u_config/weight_load_en_o (net)               2                   0.00       0.71 r
  u_config/weight_load_en_o (stage1_config_frontend)                0.00       0.71 r
  weight_load_en_i (net)                                            0.00       0.71 r
  U1506/ZN (INV2_140P7T35R)                               0.02      0.02       0.73 f
  n771 (net)                                    4                   0.00       0.73 f
  U1516/ZN (NOR3V2_140P7T35R)                             0.05      0.04       0.77 r
  n773 (net)                                    4                   0.00       0.77 r
  U1524/ZN (NAND2V2_140P7T35R)                            0.38      0.23       0.99 f
  n368 (net)                                   17                   0.00       0.99 f
  U1702/ZN (AOI22V2_140P7T35R)                            0.31      0.32       1.32 r
  weight_addr[102] (net)                        8                   0.00       1.32 r
  g_weight_1__u_weight/addr_i[4] (sram_bank_128x256_14)             0.00       1.32 r
  g_weight_1__u_weight/addr_i[4] (net)                              0.00       1.32 r
  g_weight_1__u_weight/g_bank_1__u_macro/addr_i[4] (hs128x32_wrapper_118)
                                                                    0.00       1.32 r
  g_weight_1__u_weight/g_bank_1__u_macro/addr_i[4] (net)            0.00       1.32 r
  g_weight_1__u_weight/g_bank_1__u_macro/u_sram/A[4] (HS128X32)
                                                          0.31      0.00       1.32 r
  data arrival time                                                            1.32

  clock clk (rise edge)                                             4.00       4.00
  clock network delay (ideal)                                       0.00       4.00
  clock uncertainty                                                -0.15       3.85
  g_weight_1__u_weight/g_bank_1__u_macro/u_sram/CLK (HS128X32)      0.00       3.85 r
  library setup time                                               -0.18       3.67
  data required time                                                           3.67
  ------------------------------------------------------------------------------------
  data required time                                                           3.67
  data arrival time                                                           -1.32
  ------------------------------------------------------------------------------------
  slack (MET)                                                                  2.36


  Startpoint: cfg_word_i[0]
              (input port clocked by clk)
  Endpoint: g_weight_1__u_weight/g_bank_1__u_macro/u_sram
            (rising edge-triggered flip-flop clocked by clk)
  Path Group: clk
  Path Type: max

  Point                                       Fanout     Trans      Incr       Path
  ------------------------------------------------------------------------------------
  clock clk (rise edge)                                             0.00       0.00
  clock network delay (ideal)                                       0.00       0.00
  input external delay                                              0.50       0.50 r
  cfg_word_i[0] (in)                                      0.01      0.01       0.51 r
  cfg_word_i[0] (net)                           5                   0.00       0.51 r
  u_config/cfg_word_i[0] (stage1_config_frontend)                   0.00       0.51 r
  u_config/cfg_word_i[0] (net)                                      0.00       0.51 r
  u_config/U79/ZN (INV2_140P7T35R)                        0.02      0.01       0.52 f
  u_config/n34 (net)                            5                   0.00       0.52 f
  u_config/U96/ZN (AOI22V2_140P7T35R)                     0.02      0.02       0.54 r
  u_config/n3 (net)                             1                   0.00       0.54 r
  u_config/U97/ZN (OAI212V2_140P7T35R)                    0.02      0.02       0.56 f
  u_config/n6 (net)                             1                   0.00       0.56 f
  u_config/U102/ZN (NOR4V2_140P7T35R)                     0.03      0.03       0.60 r
  u_config/n19 (net)                            1                   0.00       0.60 r
  u_config/U118/ZN (NAND4V1P5_140P7T35R)                  0.04      0.03       0.63 f
  u_config/n207 (net)                           3                   0.00       0.63 f
  u_config/U41/ZN (NOR2V2_140P7T35R)                      0.04      0.04       0.67 r
  u_config/n106 (net)                           5                   0.00       0.67 r
  u_config/U195/ZN (NAND2XBV2_140P7T35R)                  0.02      0.02       0.69 f
  u_config/n28 (net)                            2                   0.00       0.69 f
  u_config/U197/ZN (NOR2V2_140P7T35R)                     0.03      0.02       0.71 r
  u_config/weight_load_en_o (net)               2                   0.00       0.71 r
  u_config/weight_load_en_o (stage1_config_frontend)                0.00       0.71 r
  weight_load_en_i (net)                                            0.00       0.71 r
  U1506/ZN (INV2_140P7T35R)                               0.02      0.02       0.73 f
  n771 (net)                                    4                   0.00       0.73 f
  U1516/ZN (NOR3V2_140P7T35R)                             0.05      0.04       0.77 r
  n773 (net)                                    4                   0.00       0.77 r
  U1524/ZN (NAND2V2_140P7T35R)                            0.38      0.23       0.99 f
  n368 (net)                                   17                   0.00       0.99 f
  U1703/ZN (AOI22V2_140P7T35R)                            0.31      0.32       1.32 r
  weight_addr[103] (net)                        8                   0.00       1.32 r
  g_weight_1__u_weight/addr_i[5] (sram_bank_128x256_14)             0.00       1.32 r
  g_weight_1__u_weight/addr_i[5] (net)                              0.00       1.32 r
  g_weight_1__u_weight/g_bank_1__u_macro/addr_i[5] (hs128x32_wrapper_118)
                                                                    0.00       1.32 r
  g_weight_1__u_weight/g_bank_1__u_macro/addr_i[5] (net)            0.00       1.32 r
  g_weight_1__u_weight/g_bank_1__u_macro/u_sram/A[5] (HS128X32)
                                                          0.31      0.00       1.32 r
  data arrival time                                                            1.32

  clock clk (rise edge)                                             4.00       4.00
  clock network delay (ideal)                                       0.00       4.00
  clock uncertainty                                                -0.15       3.85
  g_weight_1__u_weight/g_bank_1__u_macro/u_sram/CLK (HS128X32)      0.00       3.85 r
  library setup time                                               -0.18       3.67
  data required time                                                           3.67
  ------------------------------------------------------------------------------------
  data required time                                                           3.67
  data arrival time                                                           -1.32
  ------------------------------------------------------------------------------------
  slack (MET)                                                                  2.36


  Startpoint: cfg_word_i[0]
              (input port clocked by clk)
  Endpoint: g_weight_1__u_weight/g_bank_1__u_macro/u_sram
            (rising edge-triggered flip-flop clocked by clk)
  Path Group: clk
  Path Type: max

  Point                                       Fanout     Trans      Incr       Path
  ------------------------------------------------------------------------------------
  clock clk (rise edge)                                             0.00       0.00
  clock network delay (ideal)                                       0.00       0.00
  input external delay                                              0.50       0.50 r
  cfg_word_i[0] (in)                                      0.01      0.01       0.51 r
  cfg_word_i[0] (net)                           5                   0.00       0.51 r
  u_config/cfg_word_i[0] (stage1_config_frontend)                   0.00       0.51 r
  u_config/cfg_word_i[0] (net)                                      0.00       0.51 r
  u_config/U79/ZN (INV2_140P7T35R)                        0.02      0.01       0.52 f
  u_config/n34 (net)                            5                   0.00       0.52 f
  u_config/U96/ZN (AOI22V2_140P7T35R)                     0.02      0.02       0.54 r
  u_config/n3 (net)                             1                   0.00       0.54 r
  u_config/U97/ZN (OAI212V2_140P7T35R)                    0.02      0.02       0.56 f
  u_config/n6 (net)                             1                   0.00       0.56 f
  u_config/U102/ZN (NOR4V2_140P7T35R)                     0.03      0.03       0.60 r
  u_config/n19 (net)                            1                   0.00       0.60 r
  u_config/U118/ZN (NAND4V1P5_140P7T35R)                  0.04      0.03       0.63 f
  u_config/n207 (net)                           3                   0.00       0.63 f
  u_config/U41/ZN (NOR2V2_140P7T35R)                      0.04      0.04       0.67 r
  u_config/n106 (net)                           5                   0.00       0.67 r
  u_config/U195/ZN (NAND2XBV2_140P7T35R)                  0.02      0.02       0.69 f
  u_config/n28 (net)                            2                   0.00       0.69 f
  u_config/U197/ZN (NOR2V2_140P7T35R)                     0.03      0.02       0.71 r
  u_config/weight_load_en_o (net)               2                   0.00       0.71 r
  u_config/weight_load_en_o (stage1_config_frontend)                0.00       0.71 r
  weight_load_en_i (net)                                            0.00       0.71 r
  U1506/ZN (INV2_140P7T35R)                               0.02      0.02       0.73 f
  n771 (net)                                    4                   0.00       0.73 f
  U1516/ZN (NOR3V2_140P7T35R)                             0.05      0.04       0.77 r
  n773 (net)                                    4                   0.00       0.77 r
  U1524/ZN (NAND2V2_140P7T35R)                            0.38      0.23       0.99 f
  n368 (net)                                   17                   0.00       0.99 f
  U1704/ZN (AOI22V2_140P7T35R)                            0.31      0.32       1.32 r
  weight_addr[104] (net)                        8                   0.00       1.32 r
  g_weight_1__u_weight/addr_i[6] (sram_bank_128x256_14)             0.00       1.32 r
  g_weight_1__u_weight/addr_i[6] (net)                              0.00       1.32 r
  g_weight_1__u_weight/g_bank_1__u_macro/addr_i[6] (hs128x32_wrapper_118)
                                                                    0.00       1.32 r
  g_weight_1__u_weight/g_bank_1__u_macro/addr_i[6] (net)            0.00       1.32 r
  g_weight_1__u_weight/g_bank_1__u_macro/u_sram/A[6] (HS128X32)
                                                          0.31      0.00       1.32 r
  data arrival time                                                            1.32

  clock clk (rise edge)                                             4.00       4.00
  clock network delay (ideal)                                       0.00       4.00
  clock uncertainty                                                -0.15       3.85
  g_weight_1__u_weight/g_bank_1__u_macro/u_sram/CLK (HS128X32)      0.00       3.85 r
  library setup time                                               -0.18       3.67
  data required time                                                           3.67
  ------------------------------------------------------------------------------------
  data required time                                                           3.67
  data arrival time                                                           -1.32
  ------------------------------------------------------------------------------------
  slack (MET)                                                                  2.36


  Startpoint: cfg_word_i[0]
              (input port clocked by clk)
  Endpoint: g_weight_1__u_weight/g_bank_2__u_macro/u_sram
            (rising edge-triggered flip-flop clocked by clk)
  Path Group: clk
  Path Type: max

  Point                                       Fanout     Trans      Incr       Path
  ------------------------------------------------------------------------------------
  clock clk (rise edge)                                             0.00       0.00
  clock network delay (ideal)                                       0.00       0.00
  input external delay                                              0.50       0.50 r
  cfg_word_i[0] (in)                                      0.01      0.01       0.51 r
  cfg_word_i[0] (net)                           5                   0.00       0.51 r
  u_config/cfg_word_i[0] (stage1_config_frontend)                   0.00       0.51 r
  u_config/cfg_word_i[0] (net)                                      0.00       0.51 r
  u_config/U79/ZN (INV2_140P7T35R)                        0.02      0.01       0.52 f
  u_config/n34 (net)                            5                   0.00       0.52 f
  u_config/U96/ZN (AOI22V2_140P7T35R)                     0.02      0.02       0.54 r
  u_config/n3 (net)                             1                   0.00       0.54 r
  u_config/U97/ZN (OAI212V2_140P7T35R)                    0.02      0.02       0.56 f
  u_config/n6 (net)                             1                   0.00       0.56 f
  u_config/U102/ZN (NOR4V2_140P7T35R)                     0.03      0.03       0.60 r
  u_config/n19 (net)                            1                   0.00       0.60 r
  u_config/U118/ZN (NAND4V1P5_140P7T35R)                  0.04      0.03       0.63 f
  u_config/n207 (net)                           3                   0.00       0.63 f
  u_config/U41/ZN (NOR2V2_140P7T35R)                      0.04      0.04       0.67 r
  u_config/n106 (net)                           5                   0.00       0.67 r
  u_config/U195/ZN (NAND2XBV2_140P7T35R)                  0.02      0.02       0.69 f
  u_config/n28 (net)                            2                   0.00       0.69 f
  u_config/U197/ZN (NOR2V2_140P7T35R)                     0.03      0.02       0.71 r
  u_config/weight_load_en_o (net)               2                   0.00       0.71 r
  u_config/weight_load_en_o (stage1_config_frontend)                0.00       0.71 r
  weight_load_en_i (net)                                            0.00       0.71 r
  U1506/ZN (INV2_140P7T35R)                               0.02      0.02       0.73 f
  n771 (net)                                    4                   0.00       0.73 f
  U1516/ZN (NOR3V2_140P7T35R)                             0.05      0.04       0.77 r
  n773 (net)                                    4                   0.00       0.77 r
  U1524/ZN (NAND2V2_140P7T35R)                            0.38      0.23       0.99 f
  n368 (net)                                   17                   0.00       0.99 f
  U1698/ZN (AOI22V2_140P7T35R)                            0.31      0.32       1.32 r
  weight_addr[98] (net)                         8                   0.00       1.32 r
  g_weight_1__u_weight/addr_i[0] (sram_bank_128x256_14)             0.00       1.32 r
  g_weight_1__u_weight/addr_i[0] (net)                              0.00       1.32 r
  g_weight_1__u_weight/g_bank_2__u_macro/addr_i[0] (hs128x32_wrapper_117)
                                                                    0.00       1.32 r
  g_weight_1__u_weight/g_bank_2__u_macro/addr_i[0] (net)            0.00       1.32 r
  g_weight_1__u_weight/g_bank_2__u_macro/u_sram/A[0] (HS128X32)
                                                          0.31      0.00       1.32 r
  data arrival time                                                            1.32

  clock clk (rise edge)                                             4.00       4.00
  clock network delay (ideal)                                       0.00       4.00
  clock uncertainty                                                -0.15       3.85
  g_weight_1__u_weight/g_bank_2__u_macro/u_sram/CLK (HS128X32)      0.00       3.85 r
  library setup time                                               -0.18       3.67
  data required time                                                           3.67
  ------------------------------------------------------------------------------------
  data required time                                                           3.67
  data arrival time                                                           -1.32
  ------------------------------------------------------------------------------------
  slack (MET)                                                                  2.36


  Startpoint: cfg_word_i[0]
              (input port clocked by clk)
  Endpoint: g_weight_1__u_weight/g_bank_2__u_macro/u_sram
            (rising edge-triggered flip-flop clocked by clk)
  Path Group: clk
  Path Type: max

  Point                                       Fanout     Trans      Incr       Path
  ------------------------------------------------------------------------------------
  clock clk (rise edge)                                             0.00       0.00
  clock network delay (ideal)                                       0.00       0.00
  input external delay                                              0.50       0.50 r
  cfg_word_i[0] (in)                                      0.01      0.01       0.51 r
  cfg_word_i[0] (net)                           5                   0.00       0.51 r
  u_config/cfg_word_i[0] (stage1_config_frontend)                   0.00       0.51 r
  u_config/cfg_word_i[0] (net)                                      0.00       0.51 r
  u_config/U79/ZN (INV2_140P7T35R)                        0.02      0.01       0.52 f
  u_config/n34 (net)                            5                   0.00       0.52 f
  u_config/U96/ZN (AOI22V2_140P7T35R)                     0.02      0.02       0.54 r
  u_config/n3 (net)                             1                   0.00       0.54 r
  u_config/U97/ZN (OAI212V2_140P7T35R)                    0.02      0.02       0.56 f
  u_config/n6 (net)                             1                   0.00       0.56 f
  u_config/U102/ZN (NOR4V2_140P7T35R)                     0.03      0.03       0.60 r
  u_config/n19 (net)                            1                   0.00       0.60 r
  u_config/U118/ZN (NAND4V1P5_140P7T35R)                  0.04      0.03       0.63 f
  u_config/n207 (net)                           3                   0.00       0.63 f
  u_config/U41/ZN (NOR2V2_140P7T35R)                      0.04      0.04       0.67 r
  u_config/n106 (net)                           5                   0.00       0.67 r
  u_config/U195/ZN (NAND2XBV2_140P7T35R)                  0.02      0.02       0.69 f
  u_config/n28 (net)                            2                   0.00       0.69 f
  u_config/U197/ZN (NOR2V2_140P7T35R)                     0.03      0.02       0.71 r
  u_config/weight_load_en_o (net)               2                   0.00       0.71 r
  u_config/weight_load_en_o (stage1_config_frontend)                0.00       0.71 r
  weight_load_en_i (net)                                            0.00       0.71 r
  U1506/ZN (INV2_140P7T35R)                               0.02      0.02       0.73 f
  n771 (net)                                    4                   0.00       0.73 f
  U1516/ZN (NOR3V2_140P7T35R)                             0.05      0.04       0.77 r
  n773 (net)                                    4                   0.00       0.77 r
  U1524/ZN (NAND2V2_140P7T35R)                            0.38      0.23       0.99 f
  n368 (net)                                   17                   0.00       0.99 f
  U1699/ZN (AOI22V2_140P7T35R)                            0.31      0.32       1.32 r
  weight_addr[99] (net)                         8                   0.00       1.32 r
  g_weight_1__u_weight/addr_i[1] (sram_bank_128x256_14)             0.00       1.32 r
  g_weight_1__u_weight/addr_i[1] (net)                              0.00       1.32 r
  g_weight_1__u_weight/g_bank_2__u_macro/addr_i[1] (hs128x32_wrapper_117)
                                                                    0.00       1.32 r
  g_weight_1__u_weight/g_bank_2__u_macro/addr_i[1] (net)            0.00       1.32 r
  g_weight_1__u_weight/g_bank_2__u_macro/u_sram/A[1] (HS128X32)
                                                          0.31      0.00       1.32 r
  data arrival time                                                            1.32

  clock clk (rise edge)                                             4.00       4.00
  clock network delay (ideal)                                       0.00       4.00
  clock uncertainty                                                -0.15       3.85
  g_weight_1__u_weight/g_bank_2__u_macro/u_sram/CLK (HS128X32)      0.00       3.85 r
  library setup time                                               -0.18       3.67
  data required time                                                           3.67
  ------------------------------------------------------------------------------------
  data required time                                                           3.67
  data arrival time                                                           -1.32
  ------------------------------------------------------------------------------------
  slack (MET)                                                                  2.36


  Startpoint: cfg_word_i[0]
              (input port clocked by clk)
  Endpoint: g_weight_1__u_weight/g_bank_2__u_macro/u_sram
            (rising edge-triggered flip-flop clocked by clk)
  Path Group: clk
  Path Type: max

  Point                                       Fanout     Trans      Incr       Path
  ------------------------------------------------------------------------------------
  clock clk (rise edge)                                             0.00       0.00
  clock network delay (ideal)                                       0.00       0.00
  input external delay                                              0.50       0.50 r
  cfg_word_i[0] (in)                                      0.01      0.01       0.51 r
  cfg_word_i[0] (net)                           5                   0.00       0.51 r
  u_config/cfg_word_i[0] (stage1_config_frontend)                   0.00       0.51 r
  u_config/cfg_word_i[0] (net)                                      0.00       0.51 r
  u_config/U79/ZN (INV2_140P7T35R)                        0.02      0.01       0.52 f
  u_config/n34 (net)                            5                   0.00       0.52 f
  u_config/U96/ZN (AOI22V2_140P7T35R)                     0.02      0.02       0.54 r
  u_config/n3 (net)                             1                   0.00       0.54 r
  u_config/U97/ZN (OAI212V2_140P7T35R)                    0.02      0.02       0.56 f
  u_config/n6 (net)                             1                   0.00       0.56 f
  u_config/U102/ZN (NOR4V2_140P7T35R)                     0.03      0.03       0.60 r
  u_config/n19 (net)                            1                   0.00       0.60 r
  u_config/U118/ZN (NAND4V1P5_140P7T35R)                  0.04      0.03       0.63 f
  u_config/n207 (net)                           3                   0.00       0.63 f
  u_config/U41/ZN (NOR2V2_140P7T35R)                      0.04      0.04       0.67 r
  u_config/n106 (net)                           5                   0.00       0.67 r
  u_config/U195/ZN (NAND2XBV2_140P7T35R)                  0.02      0.02       0.69 f
  u_config/n28 (net)                            2                   0.00       0.69 f
  u_config/U197/ZN (NOR2V2_140P7T35R)                     0.03      0.02       0.71 r
  u_config/weight_load_en_o (net)               2                   0.00       0.71 r
  u_config/weight_load_en_o (stage1_config_frontend)                0.00       0.71 r
  weight_load_en_i (net)                                            0.00       0.71 r
  U1506/ZN (INV2_140P7T35R)                               0.02      0.02       0.73 f
  n771 (net)                                    4                   0.00       0.73 f
  U1516/ZN (NOR3V2_140P7T35R)                             0.05      0.04       0.77 r
  n773 (net)                                    4                   0.00       0.77 r
  U1524/ZN (NAND2V2_140P7T35R)                            0.38      0.23       0.99 f
  n368 (net)                                   17                   0.00       0.99 f
  U1700/ZN (AOI22V2_140P7T35R)                            0.31      0.32       1.32 r
  weight_addr[100] (net)                        8                   0.00       1.32 r
  g_weight_1__u_weight/addr_i[2] (sram_bank_128x256_14)             0.00       1.32 r
  g_weight_1__u_weight/addr_i[2] (net)                              0.00       1.32 r
  g_weight_1__u_weight/g_bank_2__u_macro/addr_i[2] (hs128x32_wrapper_117)
                                                                    0.00       1.32 r
  g_weight_1__u_weight/g_bank_2__u_macro/addr_i[2] (net)            0.00       1.32 r
  g_weight_1__u_weight/g_bank_2__u_macro/u_sram/A[2] (HS128X32)
                                                          0.31      0.00       1.32 r
  data arrival time                                                            1.32

  clock clk (rise edge)                                             4.00       4.00
  clock network delay (ideal)                                       0.00       4.00
  clock uncertainty                                                -0.15       3.85
  g_weight_1__u_weight/g_bank_2__u_macro/u_sram/CLK (HS128X32)      0.00       3.85 r
  library setup time                                               -0.18       3.67
  data required time                                                           3.67
  ------------------------------------------------------------------------------------
  data required time                                                           3.67
  data arrival time                                                           -1.32
  ------------------------------------------------------------------------------------
  slack (MET)                                                                  2.36


  Startpoint: cfg_word_i[0]
              (input port clocked by clk)
  Endpoint: g_weight_1__u_weight/g_bank_2__u_macro/u_sram
            (rising edge-triggered flip-flop clocked by clk)
  Path Group: clk
  Path Type: max

  Point                                       Fanout     Trans      Incr       Path
  ------------------------------------------------------------------------------------
  clock clk (rise edge)                                             0.00       0.00
  clock network delay (ideal)                                       0.00       0.00
  input external delay                                              0.50       0.50 r
  cfg_word_i[0] (in)                                      0.01      0.01       0.51 r
  cfg_word_i[0] (net)                           5                   0.00       0.51 r
  u_config/cfg_word_i[0] (stage1_config_frontend)                   0.00       0.51 r
  u_config/cfg_word_i[0] (net)                                      0.00       0.51 r
  u_config/U79/ZN (INV2_140P7T35R)                        0.02      0.01       0.52 f
  u_config/n34 (net)                            5                   0.00       0.52 f
  u_config/U96/ZN (AOI22V2_140P7T35R)                     0.02      0.02       0.54 r
  u_config/n3 (net)                             1                   0.00       0.54 r
  u_config/U97/ZN (OAI212V2_140P7T35R)                    0.02      0.02       0.56 f
  u_config/n6 (net)                             1                   0.00       0.56 f
  u_config/U102/ZN (NOR4V2_140P7T35R)                     0.03      0.03       0.60 r
  u_config/n19 (net)                            1                   0.00       0.60 r
  u_config/U118/ZN (NAND4V1P5_140P7T35R)                  0.04      0.03       0.63 f
  u_config/n207 (net)                           3                   0.00       0.63 f
  u_config/U41/ZN (NOR2V2_140P7T35R)                      0.04      0.04       0.67 r
  u_config/n106 (net)                           5                   0.00       0.67 r
  u_config/U195/ZN (NAND2XBV2_140P7T35R)                  0.02      0.02       0.69 f
  u_config/n28 (net)                            2                   0.00       0.69 f
  u_config/U197/ZN (NOR2V2_140P7T35R)                     0.03      0.02       0.71 r
  u_config/weight_load_en_o (net)               2                   0.00       0.71 r
  u_config/weight_load_en_o (stage1_config_frontend)                0.00       0.71 r
  weight_load_en_i (net)                                            0.00       0.71 r
  U1506/ZN (INV2_140P7T35R)                               0.02      0.02       0.73 f
  n771 (net)                                    4                   0.00       0.73 f
  U1516/ZN (NOR3V2_140P7T35R)                             0.05      0.04       0.77 r
  n773 (net)                                    4                   0.00       0.77 r
  U1524/ZN (NAND2V2_140P7T35R)                            0.38      0.23       0.99 f
  n368 (net)                                   17                   0.00       0.99 f
  U1701/ZN (AOI22V2_140P7T35R)                            0.31      0.32       1.32 r
  weight_addr[101] (net)                        8                   0.00       1.32 r
  g_weight_1__u_weight/addr_i[3] (sram_bank_128x256_14)             0.00       1.32 r
  g_weight_1__u_weight/addr_i[3] (net)                              0.00       1.32 r
  g_weight_1__u_weight/g_bank_2__u_macro/addr_i[3] (hs128x32_wrapper_117)
                                                                    0.00       1.32 r
  g_weight_1__u_weight/g_bank_2__u_macro/addr_i[3] (net)            0.00       1.32 r
  g_weight_1__u_weight/g_bank_2__u_macro/u_sram/A[3] (HS128X32)
                                                          0.31      0.00       1.32 r
  data arrival time                                                            1.32

  clock clk (rise edge)                                             4.00       4.00
  clock network delay (ideal)                                       0.00       4.00
  clock uncertainty                                                -0.15       3.85
  g_weight_1__u_weight/g_bank_2__u_macro/u_sram/CLK (HS128X32)      0.00       3.85 r
  library setup time                                               -0.18       3.67
  data required time                                                           3.67
  ------------------------------------------------------------------------------------
  data required time                                                           3.67
  data arrival time                                                           -1.32
  ------------------------------------------------------------------------------------
  slack (MET)                                                                  2.36


  Startpoint: cfg_word_i[0]
              (input port clocked by clk)
  Endpoint: g_weight_1__u_weight/g_bank_2__u_macro/u_sram
            (rising edge-triggered flip-flop clocked by clk)
  Path Group: clk
  Path Type: max

  Point                                       Fanout     Trans      Incr       Path
  ------------------------------------------------------------------------------------
  clock clk (rise edge)                                             0.00       0.00
  clock network delay (ideal)                                       0.00       0.00
  input external delay                                              0.50       0.50 r
  cfg_word_i[0] (in)                                      0.01      0.01       0.51 r
  cfg_word_i[0] (net)                           5                   0.00       0.51 r
  u_config/cfg_word_i[0] (stage1_config_frontend)                   0.00       0.51 r
  u_config/cfg_word_i[0] (net)                                      0.00       0.51 r
  u_config/U79/ZN (INV2_140P7T35R)                        0.02      0.01       0.52 f
  u_config/n34 (net)                            5                   0.00       0.52 f
  u_config/U96/ZN (AOI22V2_140P7T35R)                     0.02      0.02       0.54 r
  u_config/n3 (net)                             1                   0.00       0.54 r
  u_config/U97/ZN (OAI212V2_140P7T35R)                    0.02      0.02       0.56 f
  u_config/n6 (net)                             1                   0.00       0.56 f
  u_config/U102/ZN (NOR4V2_140P7T35R)                     0.03      0.03       0.60 r
  u_config/n19 (net)                            1                   0.00       0.60 r
  u_config/U118/ZN (NAND4V1P5_140P7T35R)                  0.04      0.03       0.63 f
  u_config/n207 (net)                           3                   0.00       0.63 f
  u_config/U41/ZN (NOR2V2_140P7T35R)                      0.04      0.04       0.67 r
  u_config/n106 (net)                           5                   0.00       0.67 r
  u_config/U195/ZN (NAND2XBV2_140P7T35R)                  0.02      0.02       0.69 f
  u_config/n28 (net)                            2                   0.00       0.69 f
  u_config/U197/ZN (NOR2V2_140P7T35R)                     0.03      0.02       0.71 r
  u_config/weight_load_en_o (net)               2                   0.00       0.71 r
  u_config/weight_load_en_o (stage1_config_frontend)                0.00       0.71 r
  weight_load_en_i (net)                                            0.00       0.71 r
  U1506/ZN (INV2_140P7T35R)                               0.02      0.02       0.73 f
  n771 (net)                                    4                   0.00       0.73 f
  U1516/ZN (NOR3V2_140P7T35R)                             0.05      0.04       0.77 r
  n773 (net)                                    4                   0.00       0.77 r
  U1524/ZN (NAND2V2_140P7T35R)                            0.38      0.23       0.99 f
  n368 (net)                                   17                   0.00       0.99 f
  U1702/ZN (AOI22V2_140P7T35R)                            0.31      0.32       1.32 r
  weight_addr[102] (net)                        8                   0.00       1.32 r
  g_weight_1__u_weight/addr_i[4] (sram_bank_128x256_14)             0.00       1.32 r
  g_weight_1__u_weight/addr_i[4] (net)                              0.00       1.32 r
  g_weight_1__u_weight/g_bank_2__u_macro/addr_i[4] (hs128x32_wrapper_117)
                                                                    0.00       1.32 r
  g_weight_1__u_weight/g_bank_2__u_macro/addr_i[4] (net)            0.00       1.32 r
  g_weight_1__u_weight/g_bank_2__u_macro/u_sram/A[4] (HS128X32)
                                                          0.31      0.00       1.32 r
  data arrival time                                                            1.32

  clock clk (rise edge)                                             4.00       4.00
  clock network delay (ideal)                                       0.00       4.00
  clock uncertainty                                                -0.15       3.85
  g_weight_1__u_weight/g_bank_2__u_macro/u_sram/CLK (HS128X32)      0.00       3.85 r
  library setup time                                               -0.18       3.67
  data required time                                                           3.67
  ------------------------------------------------------------------------------------
  data required time                                                           3.67
  data arrival time                                                           -1.32
  ------------------------------------------------------------------------------------
  slack (MET)                                                                  2.36


  Startpoint: cfg_word_i[0]
              (input port clocked by clk)
  Endpoint: g_weight_1__u_weight/g_bank_2__u_macro/u_sram
            (rising edge-triggered flip-flop clocked by clk)
  Path Group: clk
  Path Type: max

  Point                                       Fanout     Trans      Incr       Path
  ------------------------------------------------------------------------------------
  clock clk (rise edge)                                             0.00       0.00
  clock network delay (ideal)                                       0.00       0.00
  input external delay                                              0.50       0.50 r
  cfg_word_i[0] (in)                                      0.01      0.01       0.51 r
  cfg_word_i[0] (net)                           5                   0.00       0.51 r
  u_config/cfg_word_i[0] (stage1_config_frontend)                   0.00       0.51 r
  u_config/cfg_word_i[0] (net)                                      0.00       0.51 r
  u_config/U79/ZN (INV2_140P7T35R)                        0.02      0.01       0.52 f
  u_config/n34 (net)                            5                   0.00       0.52 f
  u_config/U96/ZN (AOI22V2_140P7T35R)                     0.02      0.02       0.54 r
  u_config/n3 (net)                             1                   0.00       0.54 r
  u_config/U97/ZN (OAI212V2_140P7T35R)                    0.02      0.02       0.56 f
  u_config/n6 (net)                             1                   0.00       0.56 f
  u_config/U102/ZN (NOR4V2_140P7T35R)                     0.03      0.03       0.60 r
  u_config/n19 (net)                            1                   0.00       0.60 r
  u_config/U118/ZN (NAND4V1P5_140P7T35R)                  0.04      0.03       0.63 f
  u_config/n207 (net)                           3                   0.00       0.63 f
  u_config/U41/ZN (NOR2V2_140P7T35R)                      0.04      0.04       0.67 r
  u_config/n106 (net)                           5                   0.00       0.67 r
  u_config/U195/ZN (NAND2XBV2_140P7T35R)                  0.02      0.02       0.69 f
  u_config/n28 (net)                            2                   0.00       0.69 f
  u_config/U197/ZN (NOR2V2_140P7T35R)                     0.03      0.02       0.71 r
  u_config/weight_load_en_o (net)               2                   0.00       0.71 r
  u_config/weight_load_en_o (stage1_config_frontend)                0.00       0.71 r
  weight_load_en_i (net)                                            0.00       0.71 r
  U1506/ZN (INV2_140P7T35R)                               0.02      0.02       0.73 f
  n771 (net)                                    4                   0.00       0.73 f
  U1516/ZN (NOR3V2_140P7T35R)                             0.05      0.04       0.77 r
  n773 (net)                                    4                   0.00       0.77 r
  U1524/ZN (NAND2V2_140P7T35R)                            0.38      0.23       0.99 f
  n368 (net)                                   17                   0.00       0.99 f
  U1703/ZN (AOI22V2_140P7T35R)                            0.31      0.32       1.32 r
  weight_addr[103] (net)                        8                   0.00       1.32 r
  g_weight_1__u_weight/addr_i[5] (sram_bank_128x256_14)             0.00       1.32 r
  g_weight_1__u_weight/addr_i[5] (net)                              0.00       1.32 r
  g_weight_1__u_weight/g_bank_2__u_macro/addr_i[5] (hs128x32_wrapper_117)
                                                                    0.00       1.32 r
  g_weight_1__u_weight/g_bank_2__u_macro/addr_i[5] (net)            0.00       1.32 r
  g_weight_1__u_weight/g_bank_2__u_macro/u_sram/A[5] (HS128X32)
                                                          0.31      0.00       1.32 r
  data arrival time                                                            1.32

  clock clk (rise edge)                                             4.00       4.00
  clock network delay (ideal)                                       0.00       4.00
  clock uncertainty                                                -0.15       3.85
  g_weight_1__u_weight/g_bank_2__u_macro/u_sram/CLK (HS128X32)      0.00       3.85 r
  library setup time                                               -0.18       3.67
  data required time                                                           3.67
  ------------------------------------------------------------------------------------
  data required time                                                           3.67
  data arrival time                                                           -1.32
  ------------------------------------------------------------------------------------
  slack (MET)                                                                  2.36


  Startpoint: cfg_word_i[0]
              (input port clocked by clk)
  Endpoint: g_weight_1__u_weight/g_bank_2__u_macro/u_sram
            (rising edge-triggered flip-flop clocked by clk)
  Path Group: clk
  Path Type: max

  Point                                       Fanout     Trans      Incr       Path
  ------------------------------------------------------------------------------------
  clock clk (rise edge)                                             0.00       0.00
  clock network delay (ideal)                                       0.00       0.00
  input external delay                                              0.50       0.50 r
  cfg_word_i[0] (in)                                      0.01      0.01       0.51 r
  cfg_word_i[0] (net)                           5                   0.00       0.51 r
  u_config/cfg_word_i[0] (stage1_config_frontend)                   0.00       0.51 r
  u_config/cfg_word_i[0] (net)                                      0.00       0.51 r
  u_config/U79/ZN (INV2_140P7T35R)                        0.02      0.01       0.52 f
  u_config/n34 (net)                            5                   0.00       0.52 f
  u_config/U96/ZN (AOI22V2_140P7T35R)                     0.02      0.02       0.54 r
  u_config/n3 (net)                             1                   0.00       0.54 r
  u_config/U97/ZN (OAI212V2_140P7T35R)                    0.02      0.02       0.56 f
  u_config/n6 (net)                             1                   0.00       0.56 f
  u_config/U102/ZN (NOR4V2_140P7T35R)                     0.03      0.03       0.60 r
  u_config/n19 (net)                            1                   0.00       0.60 r
  u_config/U118/ZN (NAND4V1P5_140P7T35R)                  0.04      0.03       0.63 f
  u_config/n207 (net)                           3                   0.00       0.63 f
  u_config/U41/ZN (NOR2V2_140P7T35R)                      0.04      0.04       0.67 r
  u_config/n106 (net)                           5                   0.00       0.67 r
  u_config/U195/ZN (NAND2XBV2_140P7T35R)                  0.02      0.02       0.69 f
  u_config/n28 (net)                            2                   0.00       0.69 f
  u_config/U197/ZN (NOR2V2_140P7T35R)                     0.03      0.02       0.71 r
  u_config/weight_load_en_o (net)               2                   0.00       0.71 r
  u_config/weight_load_en_o (stage1_config_frontend)                0.00       0.71 r
  weight_load_en_i (net)                                            0.00       0.71 r
  U1506/ZN (INV2_140P7T35R)                               0.02      0.02       0.73 f
  n771 (net)                                    4                   0.00       0.73 f
  U1516/ZN (NOR3V2_140P7T35R)                             0.05      0.04       0.77 r
  n773 (net)                                    4                   0.00       0.77 r
  U1524/ZN (NAND2V2_140P7T35R)                            0.38      0.23       0.99 f
  n368 (net)                                   17                   0.00       0.99 f
  U1704/ZN (AOI22V2_140P7T35R)                            0.31      0.32       1.32 r
  weight_addr[104] (net)                        8                   0.00       1.32 r
  g_weight_1__u_weight/addr_i[6] (sram_bank_128x256_14)             0.00       1.32 r
  g_weight_1__u_weight/addr_i[6] (net)                              0.00       1.32 r
  g_weight_1__u_weight/g_bank_2__u_macro/addr_i[6] (hs128x32_wrapper_117)
                                                                    0.00       1.32 r
  g_weight_1__u_weight/g_bank_2__u_macro/addr_i[6] (net)            0.00       1.32 r
  g_weight_1__u_weight/g_bank_2__u_macro/u_sram/A[6] (HS128X32)
                                                          0.31      0.00       1.32 r
  data arrival time                                                            1.32

  clock clk (rise edge)                                             4.00       4.00
  clock network delay (ideal)                                       0.00       4.00
  clock uncertainty                                                -0.15       3.85
  g_weight_1__u_weight/g_bank_2__u_macro/u_sram/CLK (HS128X32)      0.00       3.85 r
  library setup time                                               -0.18       3.67
  data required time                                                           3.67
  ------------------------------------------------------------------------------------
  data required time                                                           3.67
  data arrival time                                                           -1.32
  ------------------------------------------------------------------------------------
  slack (MET)                                                                  2.36


  Startpoint: cfg_word_i[0]
              (input port clocked by clk)
  Endpoint: g_weight_1__u_weight/g_bank_3__u_macro/u_sram
            (rising edge-triggered flip-flop clocked by clk)
  Path Group: clk
  Path Type: max

  Point                                       Fanout     Trans      Incr       Path
  ------------------------------------------------------------------------------------
  clock clk (rise edge)                                             0.00       0.00
  clock network delay (ideal)                                       0.00       0.00
  input external delay                                              0.50       0.50 r
  cfg_word_i[0] (in)                                      0.01      0.01       0.51 r
  cfg_word_i[0] (net)                           5                   0.00       0.51 r
  u_config/cfg_word_i[0] (stage1_config_frontend)                   0.00       0.51 r
  u_config/cfg_word_i[0] (net)                                      0.00       0.51 r
  u_config/U79/ZN (INV2_140P7T35R)                        0.02      0.01       0.52 f
  u_config/n34 (net)                            5                   0.00       0.52 f
  u_config/U96/ZN (AOI22V2_140P7T35R)                     0.02      0.02       0.54 r
  u_config/n3 (net)                             1                   0.00       0.54 r
  u_config/U97/ZN (OAI212V2_140P7T35R)                    0.02      0.02       0.56 f
  u_config/n6 (net)                             1                   0.00       0.56 f
  u_config/U102/ZN (NOR4V2_140P7T35R)                     0.03      0.03       0.60 r
  u_config/n19 (net)                            1                   0.00       0.60 r
  u_config/U118/ZN (NAND4V1P5_140P7T35R)                  0.04      0.03       0.63 f
  u_config/n207 (net)                           3                   0.00       0.63 f
  u_config/U41/ZN (NOR2V2_140P7T35R)                      0.04      0.04       0.67 r
  u_config/n106 (net)                           5                   0.00       0.67 r
  u_config/U195/ZN (NAND2XBV2_140P7T35R)                  0.02      0.02       0.69 f
  u_config/n28 (net)                            2                   0.00       0.69 f
  u_config/U197/ZN (NOR2V2_140P7T35R)                     0.03      0.02       0.71 r
  u_config/weight_load_en_o (net)               2                   0.00       0.71 r
  u_config/weight_load_en_o (stage1_config_frontend)                0.00       0.71 r
  weight_load_en_i (net)                                            0.00       0.71 r
  U1506/ZN (INV2_140P7T35R)                               0.02      0.02       0.73 f
  n771 (net)                                    4                   0.00       0.73 f
  U1516/ZN (NOR3V2_140P7T35R)                             0.05      0.04       0.77 r
  n773 (net)                                    4                   0.00       0.77 r
  U1524/ZN (NAND2V2_140P7T35R)                            0.38      0.23       0.99 f
  n368 (net)                                   17                   0.00       0.99 f
  U1698/ZN (AOI22V2_140P7T35R)                            0.31      0.32       1.32 r
  weight_addr[98] (net)                         8                   0.00       1.32 r
  g_weight_1__u_weight/addr_i[0] (sram_bank_128x256_14)             0.00       1.32 r
  g_weight_1__u_weight/addr_i[0] (net)                              0.00       1.32 r
  g_weight_1__u_weight/g_bank_3__u_macro/addr_i[0] (hs128x32_wrapper_116)
                                                                    0.00       1.32 r
  g_weight_1__u_weight/g_bank_3__u_macro/addr_i[0] (net)            0.00       1.32 r
  g_weight_1__u_weight/g_bank_3__u_macro/u_sram/A[0] (HS128X32)
                                                          0.31      0.00       1.32 r
  data arrival time                                                            1.32

  clock clk (rise edge)                                             4.00       4.00
  clock network delay (ideal)                                       0.00       4.00
  clock uncertainty                                                -0.15       3.85
  g_weight_1__u_weight/g_bank_3__u_macro/u_sram/CLK (HS128X32)      0.00       3.85 r
  library setup time                                               -0.18       3.67
  data required time                                                           3.67
  ------------------------------------------------------------------------------------
  data required time                                                           3.67
  data arrival time                                                           -1.32
  ------------------------------------------------------------------------------------
  slack (MET)                                                                  2.36


  Startpoint: cfg_word_i[0]
              (input port clocked by clk)
  Endpoint: g_weight_1__u_weight/g_bank_3__u_macro/u_sram
            (rising edge-triggered flip-flop clocked by clk)
  Path Group: clk
  Path Type: max

  Point                                       Fanout     Trans      Incr       Path
  ------------------------------------------------------------------------------------
  clock clk (rise edge)                                             0.00       0.00
  clock network delay (ideal)                                       0.00       0.00
  input external delay                                              0.50       0.50 r
  cfg_word_i[0] (in)                                      0.01      0.01       0.51 r
  cfg_word_i[0] (net)                           5                   0.00       0.51 r
  u_config/cfg_word_i[0] (stage1_config_frontend)                   0.00       0.51 r
  u_config/cfg_word_i[0] (net)                                      0.00       0.51 r
  u_config/U79/ZN (INV2_140P7T35R)                        0.02      0.01       0.52 f
  u_config/n34 (net)                            5                   0.00       0.52 f
  u_config/U96/ZN (AOI22V2_140P7T35R)                     0.02      0.02       0.54 r
  u_config/n3 (net)                             1                   0.00       0.54 r
  u_config/U97/ZN (OAI212V2_140P7T35R)                    0.02      0.02       0.56 f
  u_config/n6 (net)                             1                   0.00       0.56 f
  u_config/U102/ZN (NOR4V2_140P7T35R)                     0.03      0.03       0.60 r
  u_config/n19 (net)                            1                   0.00       0.60 r
  u_config/U118/ZN (NAND4V1P5_140P7T35R)                  0.04      0.03       0.63 f
  u_config/n207 (net)                           3                   0.00       0.63 f
  u_config/U41/ZN (NOR2V2_140P7T35R)                      0.04      0.04       0.67 r
  u_config/n106 (net)                           5                   0.00       0.67 r
  u_config/U195/ZN (NAND2XBV2_140P7T35R)                  0.02      0.02       0.69 f
  u_config/n28 (net)                            2                   0.00       0.69 f
  u_config/U197/ZN (NOR2V2_140P7T35R)                     0.03      0.02       0.71 r
  u_config/weight_load_en_o (net)               2                   0.00       0.71 r
  u_config/weight_load_en_o (stage1_config_frontend)                0.00       0.71 r
  weight_load_en_i (net)                                            0.00       0.71 r
  U1506/ZN (INV2_140P7T35R)                               0.02      0.02       0.73 f
  n771 (net)                                    4                   0.00       0.73 f
  U1516/ZN (NOR3V2_140P7T35R)                             0.05      0.04       0.77 r
  n773 (net)                                    4                   0.00       0.77 r
  U1524/ZN (NAND2V2_140P7T35R)                            0.38      0.23       0.99 f
  n368 (net)                                   17                   0.00       0.99 f
  U1699/ZN (AOI22V2_140P7T35R)                            0.31      0.32       1.32 r
  weight_addr[99] (net)                         8                   0.00       1.32 r
  g_weight_1__u_weight/addr_i[1] (sram_bank_128x256_14)             0.00       1.32 r
  g_weight_1__u_weight/addr_i[1] (net)                              0.00       1.32 r
  g_weight_1__u_weight/g_bank_3__u_macro/addr_i[1] (hs128x32_wrapper_116)
                                                                    0.00       1.32 r
  g_weight_1__u_weight/g_bank_3__u_macro/addr_i[1] (net)            0.00       1.32 r
  g_weight_1__u_weight/g_bank_3__u_macro/u_sram/A[1] (HS128X32)
                                                          0.31      0.00       1.32 r
  data arrival time                                                            1.32

  clock clk (rise edge)                                             4.00       4.00
  clock network delay (ideal)                                       0.00       4.00
  clock uncertainty                                                -0.15       3.85
  g_weight_1__u_weight/g_bank_3__u_macro/u_sram/CLK (HS128X32)      0.00       3.85 r
  library setup time                                               -0.18       3.67
  data required time                                                           3.67
  ------------------------------------------------------------------------------------
  data required time                                                           3.67
  data arrival time                                                           -1.32
  ------------------------------------------------------------------------------------
  slack (MET)                                                                  2.36


  Startpoint: cfg_word_i[0]
              (input port clocked by clk)
  Endpoint: g_weight_1__u_weight/g_bank_3__u_macro/u_sram
            (rising edge-triggered flip-flop clocked by clk)
  Path Group: clk
  Path Type: max

  Point                                       Fanout     Trans      Incr       Path
  ------------------------------------------------------------------------------------
  clock clk (rise edge)                                             0.00       0.00
  clock network delay (ideal)                                       0.00       0.00
  input external delay                                              0.50       0.50 r
  cfg_word_i[0] (in)                                      0.01      0.01       0.51 r
  cfg_word_i[0] (net)                           5                   0.00       0.51 r
  u_config/cfg_word_i[0] (stage1_config_frontend)                   0.00       0.51 r
  u_config/cfg_word_i[0] (net)                                      0.00       0.51 r
  u_config/U79/ZN (INV2_140P7T35R)                        0.02      0.01       0.52 f
  u_config/n34 (net)                            5                   0.00       0.52 f
  u_config/U96/ZN (AOI22V2_140P7T35R)                     0.02      0.02       0.54 r
  u_config/n3 (net)                             1                   0.00       0.54 r
  u_config/U97/ZN (OAI212V2_140P7T35R)                    0.02      0.02       0.56 f
  u_config/n6 (net)                             1                   0.00       0.56 f
  u_config/U102/ZN (NOR4V2_140P7T35R)                     0.03      0.03       0.60 r
  u_config/n19 (net)                            1                   0.00       0.60 r
  u_config/U118/ZN (NAND4V1P5_140P7T35R)                  0.04      0.03       0.63 f
  u_config/n207 (net)                           3                   0.00       0.63 f
  u_config/U41/ZN (NOR2V2_140P7T35R)                      0.04      0.04       0.67 r
  u_config/n106 (net)                           5                   0.00       0.67 r
  u_config/U195/ZN (NAND2XBV2_140P7T35R)                  0.02      0.02       0.69 f
  u_config/n28 (net)                            2                   0.00       0.69 f
  u_config/U197/ZN (NOR2V2_140P7T35R)                     0.03      0.02       0.71 r
  u_config/weight_load_en_o (net)               2                   0.00       0.71 r
  u_config/weight_load_en_o (stage1_config_frontend)                0.00       0.71 r
  weight_load_en_i (net)                                            0.00       0.71 r
  U1506/ZN (INV2_140P7T35R)                               0.02      0.02       0.73 f
  n771 (net)                                    4                   0.00       0.73 f
  U1516/ZN (NOR3V2_140P7T35R)                             0.05      0.04       0.77 r
  n773 (net)                                    4                   0.00       0.77 r
  U1524/ZN (NAND2V2_140P7T35R)                            0.38      0.23       0.99 f
  n368 (net)                                   17                   0.00       0.99 f
  U1700/ZN (AOI22V2_140P7T35R)                            0.31      0.32       1.32 r
  weight_addr[100] (net)                        8                   0.00       1.32 r
  g_weight_1__u_weight/addr_i[2] (sram_bank_128x256_14)             0.00       1.32 r
  g_weight_1__u_weight/addr_i[2] (net)                              0.00       1.32 r
  g_weight_1__u_weight/g_bank_3__u_macro/addr_i[2] (hs128x32_wrapper_116)
                                                                    0.00       1.32 r
  g_weight_1__u_weight/g_bank_3__u_macro/addr_i[2] (net)            0.00       1.32 r
  g_weight_1__u_weight/g_bank_3__u_macro/u_sram/A[2] (HS128X32)
                                                          0.31      0.00       1.32 r
  data arrival time                                                            1.32

  clock clk (rise edge)                                             4.00       4.00
  clock network delay (ideal)                                       0.00       4.00
  clock uncertainty                                                -0.15       3.85
  g_weight_1__u_weight/g_bank_3__u_macro/u_sram/CLK (HS128X32)      0.00       3.85 r
  library setup time                                               -0.18       3.67
  data required time                                                           3.67
  ------------------------------------------------------------------------------------
  data required time                                                           3.67
  data arrival time                                                           -1.32
  ------------------------------------------------------------------------------------
  slack (MET)                                                                  2.36


  Startpoint: cfg_word_i[0]
              (input port clocked by clk)
  Endpoint: g_weight_1__u_weight/g_bank_3__u_macro/u_sram
            (rising edge-triggered flip-flop clocked by clk)
  Path Group: clk
  Path Type: max

  Point                                       Fanout     Trans      Incr       Path
  ------------------------------------------------------------------------------------
  clock clk (rise edge)                                             0.00       0.00
  clock network delay (ideal)                                       0.00       0.00
  input external delay                                              0.50       0.50 r
  cfg_word_i[0] (in)                                      0.01      0.01       0.51 r
  cfg_word_i[0] (net)                           5                   0.00       0.51 r
  u_config/cfg_word_i[0] (stage1_config_frontend)                   0.00       0.51 r
  u_config/cfg_word_i[0] (net)                                      0.00       0.51 r
  u_config/U79/ZN (INV2_140P7T35R)                        0.02      0.01       0.52 f
  u_config/n34 (net)                            5                   0.00       0.52 f
  u_config/U96/ZN (AOI22V2_140P7T35R)                     0.02      0.02       0.54 r
  u_config/n3 (net)                             1                   0.00       0.54 r
  u_config/U97/ZN (OAI212V2_140P7T35R)                    0.02      0.02       0.56 f
  u_config/n6 (net)                             1                   0.00       0.56 f
  u_config/U102/ZN (NOR4V2_140P7T35R)                     0.03      0.03       0.60 r
  u_config/n19 (net)                            1                   0.00       0.60 r
  u_config/U118/ZN (NAND4V1P5_140P7T35R)                  0.04      0.03       0.63 f
  u_config/n207 (net)                           3                   0.00       0.63 f
  u_config/U41/ZN (NOR2V2_140P7T35R)                      0.04      0.04       0.67 r
  u_config/n106 (net)                           5                   0.00       0.67 r
  u_config/U195/ZN (NAND2XBV2_140P7T35R)                  0.02      0.02       0.69 f
  u_config/n28 (net)                            2                   0.00       0.69 f
  u_config/U197/ZN (NOR2V2_140P7T35R)                     0.03      0.02       0.71 r
  u_config/weight_load_en_o (net)               2                   0.00       0.71 r
  u_config/weight_load_en_o (stage1_config_frontend)                0.00       0.71 r
  weight_load_en_i (net)                                            0.00       0.71 r
  U1506/ZN (INV2_140P7T35R)                               0.02      0.02       0.73 f
  n771 (net)                                    4                   0.00       0.73 f
  U1516/ZN (NOR3V2_140P7T35R)                             0.05      0.04       0.77 r
  n773 (net)                                    4                   0.00       0.77 r
  U1524/ZN (NAND2V2_140P7T35R)                            0.38      0.23       0.99 f
  n368 (net)                                   17                   0.00       0.99 f
  U1701/ZN (AOI22V2_140P7T35R)                            0.31      0.32       1.32 r
  weight_addr[101] (net)                        8                   0.00       1.32 r
  g_weight_1__u_weight/addr_i[3] (sram_bank_128x256_14)             0.00       1.32 r
  g_weight_1__u_weight/addr_i[3] (net)                              0.00       1.32 r
  g_weight_1__u_weight/g_bank_3__u_macro/addr_i[3] (hs128x32_wrapper_116)
                                                                    0.00       1.32 r
  g_weight_1__u_weight/g_bank_3__u_macro/addr_i[3] (net)            0.00       1.32 r
  g_weight_1__u_weight/g_bank_3__u_macro/u_sram/A[3] (HS128X32)
                                                          0.31      0.00       1.32 r
  data arrival time                                                            1.32

  clock clk (rise edge)                                             4.00       4.00
  clock network delay (ideal)                                       0.00       4.00
  clock uncertainty                                                -0.15       3.85
  g_weight_1__u_weight/g_bank_3__u_macro/u_sram/CLK (HS128X32)      0.00       3.85 r
  library setup time                                               -0.18       3.67
  data required time                                                           3.67
  ------------------------------------------------------------------------------------
  data required time                                                           3.67
  data arrival time                                                           -1.32
  ------------------------------------------------------------------------------------
  slack (MET)                                                                  2.36


  Startpoint: cfg_word_i[0]
              (input port clocked by clk)
  Endpoint: g_weight_1__u_weight/g_bank_3__u_macro/u_sram
            (rising edge-triggered flip-flop clocked by clk)
  Path Group: clk
  Path Type: max

  Point                                       Fanout     Trans      Incr       Path
  ------------------------------------------------------------------------------------
  clock clk (rise edge)                                             0.00       0.00
  clock network delay (ideal)                                       0.00       0.00
  input external delay                                              0.50       0.50 r
  cfg_word_i[0] (in)                                      0.01      0.01       0.51 r
  cfg_word_i[0] (net)                           5                   0.00       0.51 r
  u_config/cfg_word_i[0] (stage1_config_frontend)                   0.00       0.51 r
  u_config/cfg_word_i[0] (net)                                      0.00       0.51 r
  u_config/U79/ZN (INV2_140P7T35R)                        0.02      0.01       0.52 f
  u_config/n34 (net)                            5                   0.00       0.52 f
  u_config/U96/ZN (AOI22V2_140P7T35R)                     0.02      0.02       0.54 r
  u_config/n3 (net)                             1                   0.00       0.54 r
  u_config/U97/ZN (OAI212V2_140P7T35R)                    0.02      0.02       0.56 f
  u_config/n6 (net)                             1                   0.00       0.56 f
  u_config/U102/ZN (NOR4V2_140P7T35R)                     0.03      0.03       0.60 r
  u_config/n19 (net)                            1                   0.00       0.60 r
  u_config/U118/ZN (NAND4V1P5_140P7T35R)                  0.04      0.03       0.63 f
  u_config/n207 (net)                           3                   0.00       0.63 f
  u_config/U41/ZN (NOR2V2_140P7T35R)                      0.04      0.04       0.67 r
  u_config/n106 (net)                           5                   0.00       0.67 r
  u_config/U195/ZN (NAND2XBV2_140P7T35R)                  0.02      0.02       0.69 f
  u_config/n28 (net)                            2                   0.00       0.69 f
  u_config/U197/ZN (NOR2V2_140P7T35R)                     0.03      0.02       0.71 r
  u_config/weight_load_en_o (net)               2                   0.00       0.71 r
  u_config/weight_load_en_o (stage1_config_frontend)                0.00       0.71 r
  weight_load_en_i (net)                                            0.00       0.71 r
  U1506/ZN (INV2_140P7T35R)                               0.02      0.02       0.73 f
  n771 (net)                                    4                   0.00       0.73 f
  U1516/ZN (NOR3V2_140P7T35R)                             0.05      0.04       0.77 r
  n773 (net)                                    4                   0.00       0.77 r
  U1524/ZN (NAND2V2_140P7T35R)                            0.38      0.23       0.99 f
  n368 (net)                                   17                   0.00       0.99 f
  U1702/ZN (AOI22V2_140P7T35R)                            0.31      0.32       1.32 r
  weight_addr[102] (net)                        8                   0.00       1.32 r
  g_weight_1__u_weight/addr_i[4] (sram_bank_128x256_14)             0.00       1.32 r
  g_weight_1__u_weight/addr_i[4] (net)                              0.00       1.32 r
  g_weight_1__u_weight/g_bank_3__u_macro/addr_i[4] (hs128x32_wrapper_116)
                                                                    0.00       1.32 r
  g_weight_1__u_weight/g_bank_3__u_macro/addr_i[4] (net)            0.00       1.32 r
  g_weight_1__u_weight/g_bank_3__u_macro/u_sram/A[4] (HS128X32)
                                                          0.31      0.00       1.32 r
  data arrival time                                                            1.32

  clock clk (rise edge)                                             4.00       4.00
  clock network delay (ideal)                                       0.00       4.00
  clock uncertainty                                                -0.15       3.85
  g_weight_1__u_weight/g_bank_3__u_macro/u_sram/CLK (HS128X32)      0.00       3.85 r
  library setup time                                               -0.18       3.67
  data required time                                                           3.67
  ------------------------------------------------------------------------------------
  data required time                                                           3.67
  data arrival time                                                           -1.32
  ------------------------------------------------------------------------------------
  slack (MET)                                                                  2.36


  Startpoint: cfg_word_i[0]
              (input port clocked by clk)
  Endpoint: g_weight_1__u_weight/g_bank_3__u_macro/u_sram
            (rising edge-triggered flip-flop clocked by clk)
  Path Group: clk
  Path Type: max

  Point                                       Fanout     Trans      Incr       Path
  ------------------------------------------------------------------------------------
  clock clk (rise edge)                                             0.00       0.00
  clock network delay (ideal)                                       0.00       0.00
  input external delay                                              0.50       0.50 r
  cfg_word_i[0] (in)                                      0.01      0.01       0.51 r
  cfg_word_i[0] (net)                           5                   0.00       0.51 r
  u_config/cfg_word_i[0] (stage1_config_frontend)                   0.00       0.51 r
  u_config/cfg_word_i[0] (net)                                      0.00       0.51 r
  u_config/U79/ZN (INV2_140P7T35R)                        0.02      0.01       0.52 f
  u_config/n34 (net)                            5                   0.00       0.52 f
  u_config/U96/ZN (AOI22V2_140P7T35R)                     0.02      0.02       0.54 r
  u_config/n3 (net)                             1                   0.00       0.54 r
  u_config/U97/ZN (OAI212V2_140P7T35R)                    0.02      0.02       0.56 f
  u_config/n6 (net)                             1                   0.00       0.56 f
  u_config/U102/ZN (NOR4V2_140P7T35R)                     0.03      0.03       0.60 r
  u_config/n19 (net)                            1                   0.00       0.60 r
  u_config/U118/ZN (NAND4V1P5_140P7T35R)                  0.04      0.03       0.63 f
  u_config/n207 (net)                           3                   0.00       0.63 f
  u_config/U41/ZN (NOR2V2_140P7T35R)                      0.04      0.04       0.67 r
  u_config/n106 (net)                           5                   0.00       0.67 r
  u_config/U195/ZN (NAND2XBV2_140P7T35R)                  0.02      0.02       0.69 f
  u_config/n28 (net)                            2                   0.00       0.69 f
  u_config/U197/ZN (NOR2V2_140P7T35R)                     0.03      0.02       0.71 r
  u_config/weight_load_en_o (net)               2                   0.00       0.71 r
  u_config/weight_load_en_o (stage1_config_frontend)                0.00       0.71 r
  weight_load_en_i (net)                                            0.00       0.71 r
  U1506/ZN (INV2_140P7T35R)                               0.02      0.02       0.73 f
  n771 (net)                                    4                   0.00       0.73 f
  U1516/ZN (NOR3V2_140P7T35R)                             0.05      0.04       0.77 r
  n773 (net)                                    4                   0.00       0.77 r
  U1524/ZN (NAND2V2_140P7T35R)                            0.38      0.23       0.99 f
  n368 (net)                                   17                   0.00       0.99 f
  U1703/ZN (AOI22V2_140P7T35R)                            0.31      0.32       1.32 r
  weight_addr[103] (net)                        8                   0.00       1.32 r
  g_weight_1__u_weight/addr_i[5] (sram_bank_128x256_14)             0.00       1.32 r
  g_weight_1__u_weight/addr_i[5] (net)                              0.00       1.32 r
  g_weight_1__u_weight/g_bank_3__u_macro/addr_i[5] (hs128x32_wrapper_116)
                                                                    0.00       1.32 r
  g_weight_1__u_weight/g_bank_3__u_macro/addr_i[5] (net)            0.00       1.32 r
  g_weight_1__u_weight/g_bank_3__u_macro/u_sram/A[5] (HS128X32)
                                                          0.31      0.00       1.32 r
  data arrival time                                                            1.32

  clock clk (rise edge)                                             4.00       4.00
  clock network delay (ideal)                                       0.00       4.00
  clock uncertainty                                                -0.15       3.85
  g_weight_1__u_weight/g_bank_3__u_macro/u_sram/CLK (HS128X32)      0.00       3.85 r
  library setup time                                               -0.18       3.67
  data required time                                                           3.67
  ------------------------------------------------------------------------------------
  data required time                                                           3.67
  data arrival time                                                           -1.32
  ------------------------------------------------------------------------------------
  slack (MET)                                                                  2.36


  Startpoint: cfg_word_i[0]
              (input port clocked by clk)
  Endpoint: g_weight_1__u_weight/g_bank_3__u_macro/u_sram
            (rising edge-triggered flip-flop clocked by clk)
  Path Group: clk
  Path Type: max

  Point                                       Fanout     Trans      Incr       Path
  ------------------------------------------------------------------------------------
  clock clk (rise edge)                                             0.00       0.00
  clock network delay (ideal)                                       0.00       0.00
  input external delay                                              0.50       0.50 r
  cfg_word_i[0] (in)                                      0.01      0.01       0.51 r
  cfg_word_i[0] (net)                           5                   0.00       0.51 r
  u_config/cfg_word_i[0] (stage1_config_frontend)                   0.00       0.51 r
  u_config/cfg_word_i[0] (net)                                      0.00       0.51 r
  u_config/U79/ZN (INV2_140P7T35R)                        0.02      0.01       0.52 f
  u_config/n34 (net)                            5                   0.00       0.52 f
  u_config/U96/ZN (AOI22V2_140P7T35R)                     0.02      0.02       0.54 r
  u_config/n3 (net)                             1                   0.00       0.54 r
  u_config/U97/ZN (OAI212V2_140P7T35R)                    0.02      0.02       0.56 f
  u_config/n6 (net)                             1                   0.00       0.56 f
  u_config/U102/ZN (NOR4V2_140P7T35R)                     0.03      0.03       0.60 r
  u_config/n19 (net)                            1                   0.00       0.60 r
  u_config/U118/ZN (NAND4V1P5_140P7T35R)                  0.04      0.03       0.63 f
  u_config/n207 (net)                           3                   0.00       0.63 f
  u_config/U41/ZN (NOR2V2_140P7T35R)                      0.04      0.04       0.67 r
  u_config/n106 (net)                           5                   0.00       0.67 r
  u_config/U195/ZN (NAND2XBV2_140P7T35R)                  0.02      0.02       0.69 f
  u_config/n28 (net)                            2                   0.00       0.69 f
  u_config/U197/ZN (NOR2V2_140P7T35R)                     0.03      0.02       0.71 r
  u_config/weight_load_en_o (net)               2                   0.00       0.71 r
  u_config/weight_load_en_o (stage1_config_frontend)                0.00       0.71 r
  weight_load_en_i (net)                                            0.00       0.71 r
  U1506/ZN (INV2_140P7T35R)                               0.02      0.02       0.73 f
  n771 (net)                                    4                   0.00       0.73 f
  U1516/ZN (NOR3V2_140P7T35R)                             0.05      0.04       0.77 r
  n773 (net)                                    4                   0.00       0.77 r
  U1524/ZN (NAND2V2_140P7T35R)                            0.38      0.23       0.99 f
  n368 (net)                                   17                   0.00       0.99 f
  U1704/ZN (AOI22V2_140P7T35R)                            0.31      0.32       1.32 r
  weight_addr[104] (net)                        8                   0.00       1.32 r
  g_weight_1__u_weight/addr_i[6] (sram_bank_128x256_14)             0.00       1.32 r
  g_weight_1__u_weight/addr_i[6] (net)                              0.00       1.32 r
  g_weight_1__u_weight/g_bank_3__u_macro/addr_i[6] (hs128x32_wrapper_116)
                                                                    0.00       1.32 r
  g_weight_1__u_weight/g_bank_3__u_macro/addr_i[6] (net)            0.00       1.32 r
  g_weight_1__u_weight/g_bank_3__u_macro/u_sram/A[6] (HS128X32)
                                                          0.31      0.00       1.32 r
  data arrival time                                                            1.32

  clock clk (rise edge)                                             4.00       4.00
  clock network delay (ideal)                                       0.00       4.00
  clock uncertainty                                                -0.15       3.85
  g_weight_1__u_weight/g_bank_3__u_macro/u_sram/CLK (HS128X32)      0.00       3.85 r
  library setup time                                               -0.18       3.67
  data required time                                                           3.67
  ------------------------------------------------------------------------------------
  data required time                                                           3.67
  data arrival time                                                           -1.32
  ------------------------------------------------------------------------------------
  slack (MET)                                                                  2.36


  Startpoint: cfg_word_i[0]
              (input port clocked by clk)
  Endpoint: g_weight_1__u_weight/g_bank_4__u_macro/u_sram
            (rising edge-triggered flip-flop clocked by clk)
  Path Group: clk
  Path Type: max

  Point                                       Fanout     Trans      Incr       Path
  ------------------------------------------------------------------------------------
  clock clk (rise edge)                                             0.00       0.00
  clock network delay (ideal)                                       0.00       0.00
  input external delay                                              0.50       0.50 r
  cfg_word_i[0] (in)                                      0.01      0.01       0.51 r
  cfg_word_i[0] (net)                           5                   0.00       0.51 r
  u_config/cfg_word_i[0] (stage1_config_frontend)                   0.00       0.51 r
  u_config/cfg_word_i[0] (net)                                      0.00       0.51 r
  u_config/U79/ZN (INV2_140P7T35R)                        0.02      0.01       0.52 f
  u_config/n34 (net)                            5                   0.00       0.52 f
  u_config/U96/ZN (AOI22V2_140P7T35R)                     0.02      0.02       0.54 r
  u_config/n3 (net)                             1                   0.00       0.54 r
  u_config/U97/ZN (OAI212V2_140P7T35R)                    0.02      0.02       0.56 f
  u_config/n6 (net)                             1                   0.00       0.56 f
  u_config/U102/ZN (NOR4V2_140P7T35R)                     0.03      0.03       0.60 r
  u_config/n19 (net)                            1                   0.00       0.60 r
  u_config/U118/ZN (NAND4V1P5_140P7T35R)                  0.04      0.03       0.63 f
  u_config/n207 (net)                           3                   0.00       0.63 f
  u_config/U41/ZN (NOR2V2_140P7T35R)                      0.04      0.04       0.67 r
  u_config/n106 (net)                           5                   0.00       0.67 r
  u_config/U195/ZN (NAND2XBV2_140P7T35R)                  0.02      0.02       0.69 f
  u_config/n28 (net)                            2                   0.00       0.69 f
  u_config/U197/ZN (NOR2V2_140P7T35R)                     0.03      0.02       0.71 r
  u_config/weight_load_en_o (net)               2                   0.00       0.71 r
  u_config/weight_load_en_o (stage1_config_frontend)                0.00       0.71 r
  weight_load_en_i (net)                                            0.00       0.71 r
  U1506/ZN (INV2_140P7T35R)                               0.02      0.02       0.73 f
  n771 (net)                                    4                   0.00       0.73 f
  U1516/ZN (NOR3V2_140P7T35R)                             0.05      0.04       0.77 r
  n773 (net)                                    4                   0.00       0.77 r
  U1524/ZN (NAND2V2_140P7T35R)                            0.38      0.23       0.99 f
  n368 (net)                                   17                   0.00       0.99 f
  U1698/ZN (AOI22V2_140P7T35R)                            0.31      0.32       1.32 r
  weight_addr[98] (net)                         8                   0.00       1.32 r
  g_weight_1__u_weight/addr_i[0] (sram_bank_128x256_14)             0.00       1.32 r
  g_weight_1__u_weight/addr_i[0] (net)                              0.00       1.32 r
  g_weight_1__u_weight/g_bank_4__u_macro/addr_i[0] (hs128x32_wrapper_115)
                                                                    0.00       1.32 r
  g_weight_1__u_weight/g_bank_4__u_macro/addr_i[0] (net)            0.00       1.32 r
  g_weight_1__u_weight/g_bank_4__u_macro/u_sram/A[0] (HS128X32)
                                                          0.31      0.00       1.32 r
  data arrival time                                                            1.32

  clock clk (rise edge)                                             4.00       4.00
  clock network delay (ideal)                                       0.00       4.00
  clock uncertainty                                                -0.15       3.85
  g_weight_1__u_weight/g_bank_4__u_macro/u_sram/CLK (HS128X32)      0.00       3.85 r
  library setup time                                               -0.18       3.67
  data required time                                                           3.67
  ------------------------------------------------------------------------------------
  data required time                                                           3.67
  data arrival time                                                           -1.32
  ------------------------------------------------------------------------------------
  slack (MET)                                                                  2.36


  Startpoint: cfg_word_i[0]
              (input port clocked by clk)
  Endpoint: g_weight_1__u_weight/g_bank_4__u_macro/u_sram
            (rising edge-triggered flip-flop clocked by clk)
  Path Group: clk
  Path Type: max

  Point                                       Fanout     Trans      Incr       Path
  ------------------------------------------------------------------------------------
  clock clk (rise edge)                                             0.00       0.00
  clock network delay (ideal)                                       0.00       0.00
  input external delay                                              0.50       0.50 r
  cfg_word_i[0] (in)                                      0.01      0.01       0.51 r
  cfg_word_i[0] (net)                           5                   0.00       0.51 r
  u_config/cfg_word_i[0] (stage1_config_frontend)                   0.00       0.51 r
  u_config/cfg_word_i[0] (net)                                      0.00       0.51 r
  u_config/U79/ZN (INV2_140P7T35R)                        0.02      0.01       0.52 f
  u_config/n34 (net)                            5                   0.00       0.52 f
  u_config/U96/ZN (AOI22V2_140P7T35R)                     0.02      0.02       0.54 r
  u_config/n3 (net)                             1                   0.00       0.54 r
  u_config/U97/ZN (OAI212V2_140P7T35R)                    0.02      0.02       0.56 f
  u_config/n6 (net)                             1                   0.00       0.56 f
  u_config/U102/ZN (NOR4V2_140P7T35R)                     0.03      0.03       0.60 r
  u_config/n19 (net)                            1                   0.00       0.60 r
  u_config/U118/ZN (NAND4V1P5_140P7T35R)                  0.04      0.03       0.63 f
  u_config/n207 (net)                           3                   0.00       0.63 f
  u_config/U41/ZN (NOR2V2_140P7T35R)                      0.04      0.04       0.67 r
  u_config/n106 (net)                           5                   0.00       0.67 r
  u_config/U195/ZN (NAND2XBV2_140P7T35R)                  0.02      0.02       0.69 f
  u_config/n28 (net)                            2                   0.00       0.69 f
  u_config/U197/ZN (NOR2V2_140P7T35R)                     0.03      0.02       0.71 r
  u_config/weight_load_en_o (net)               2                   0.00       0.71 r
  u_config/weight_load_en_o (stage1_config_frontend)                0.00       0.71 r
  weight_load_en_i (net)                                            0.00       0.71 r
  U1506/ZN (INV2_140P7T35R)                               0.02      0.02       0.73 f
  n771 (net)                                    4                   0.00       0.73 f
  U1516/ZN (NOR3V2_140P7T35R)                             0.05      0.04       0.77 r
  n773 (net)                                    4                   0.00       0.77 r
  U1524/ZN (NAND2V2_140P7T35R)                            0.38      0.23       0.99 f
  n368 (net)                                   17                   0.00       0.99 f
  U1699/ZN (AOI22V2_140P7T35R)                            0.31      0.32       1.32 r
  weight_addr[99] (net)                         8                   0.00       1.32 r
  g_weight_1__u_weight/addr_i[1] (sram_bank_128x256_14)             0.00       1.32 r
  g_weight_1__u_weight/addr_i[1] (net)                              0.00       1.32 r
  g_weight_1__u_weight/g_bank_4__u_macro/addr_i[1] (hs128x32_wrapper_115)
                                                                    0.00       1.32 r
  g_weight_1__u_weight/g_bank_4__u_macro/addr_i[1] (net)            0.00       1.32 r
  g_weight_1__u_weight/g_bank_4__u_macro/u_sram/A[1] (HS128X32)
                                                          0.31      0.00       1.32 r
  data arrival time                                                            1.32

  clock clk (rise edge)                                             4.00       4.00
  clock network delay (ideal)                                       0.00       4.00
  clock uncertainty                                                -0.15       3.85
  g_weight_1__u_weight/g_bank_4__u_macro/u_sram/CLK (HS128X32)      0.00       3.85 r
  library setup time                                               -0.18       3.67
  data required time                                                           3.67
  ------------------------------------------------------------------------------------
  data required time                                                           3.67
  data arrival time                                                           -1.32
  ------------------------------------------------------------------------------------
  slack (MET)                                                                  2.36


  Startpoint: cfg_word_i[0]
              (input port clocked by clk)
  Endpoint: g_weight_1__u_weight/g_bank_4__u_macro/u_sram
            (rising edge-triggered flip-flop clocked by clk)
  Path Group: clk
  Path Type: max

  Point                                       Fanout     Trans      Incr       Path
  ------------------------------------------------------------------------------------
  clock clk (rise edge)                                             0.00       0.00
  clock network delay (ideal)                                       0.00       0.00
  input external delay                                              0.50       0.50 r
  cfg_word_i[0] (in)                                      0.01      0.01       0.51 r
  cfg_word_i[0] (net)                           5                   0.00       0.51 r
  u_config/cfg_word_i[0] (stage1_config_frontend)                   0.00       0.51 r
  u_config/cfg_word_i[0] (net)                                      0.00       0.51 r
  u_config/U79/ZN (INV2_140P7T35R)                        0.02      0.01       0.52 f
  u_config/n34 (net)                            5                   0.00       0.52 f
  u_config/U96/ZN (AOI22V2_140P7T35R)                     0.02      0.02       0.54 r
  u_config/n3 (net)                             1                   0.00       0.54 r
  u_config/U97/ZN (OAI212V2_140P7T35R)                    0.02      0.02       0.56 f
  u_config/n6 (net)                             1                   0.00       0.56 f
  u_config/U102/ZN (NOR4V2_140P7T35R)                     0.03      0.03       0.60 r
  u_config/n19 (net)                            1                   0.00       0.60 r
  u_config/U118/ZN (NAND4V1P5_140P7T35R)                  0.04      0.03       0.63 f
  u_config/n207 (net)                           3                   0.00       0.63 f
  u_config/U41/ZN (NOR2V2_140P7T35R)                      0.04      0.04       0.67 r
  u_config/n106 (net)                           5                   0.00       0.67 r
  u_config/U195/ZN (NAND2XBV2_140P7T35R)                  0.02      0.02       0.69 f
  u_config/n28 (net)                            2                   0.00       0.69 f
  u_config/U197/ZN (NOR2V2_140P7T35R)                     0.03      0.02       0.71 r
  u_config/weight_load_en_o (net)               2                   0.00       0.71 r
  u_config/weight_load_en_o (stage1_config_frontend)                0.00       0.71 r
  weight_load_en_i (net)                                            0.00       0.71 r
  U1506/ZN (INV2_140P7T35R)                               0.02      0.02       0.73 f
  n771 (net)                                    4                   0.00       0.73 f
  U1516/ZN (NOR3V2_140P7T35R)                             0.05      0.04       0.77 r
  n773 (net)                                    4                   0.00       0.77 r
  U1524/ZN (NAND2V2_140P7T35R)                            0.38      0.23       0.99 f
  n368 (net)                                   17                   0.00       0.99 f
  U1700/ZN (AOI22V2_140P7T35R)                            0.31      0.32       1.32 r
  weight_addr[100] (net)                        8                   0.00       1.32 r
  g_weight_1__u_weight/addr_i[2] (sram_bank_128x256_14)             0.00       1.32 r
  g_weight_1__u_weight/addr_i[2] (net)                              0.00       1.32 r
  g_weight_1__u_weight/g_bank_4__u_macro/addr_i[2] (hs128x32_wrapper_115)
                                                                    0.00       1.32 r
  g_weight_1__u_weight/g_bank_4__u_macro/addr_i[2] (net)            0.00       1.32 r
  g_weight_1__u_weight/g_bank_4__u_macro/u_sram/A[2] (HS128X32)
                                                          0.31      0.00       1.32 r
  data arrival time                                                            1.32

  clock clk (rise edge)                                             4.00       4.00
  clock network delay (ideal)                                       0.00       4.00
  clock uncertainty                                                -0.15       3.85
  g_weight_1__u_weight/g_bank_4__u_macro/u_sram/CLK (HS128X32)      0.00       3.85 r
  library setup time                                               -0.18       3.67
  data required time                                                           3.67
  ------------------------------------------------------------------------------------
  data required time                                                           3.67
  data arrival time                                                           -1.32
  ------------------------------------------------------------------------------------
  slack (MET)                                                                  2.36


  Startpoint: cfg_word_i[0]
              (input port clocked by clk)
  Endpoint: g_weight_1__u_weight/g_bank_4__u_macro/u_sram
            (rising edge-triggered flip-flop clocked by clk)
  Path Group: clk
  Path Type: max

  Point                                       Fanout     Trans      Incr       Path
  ------------------------------------------------------------------------------------
  clock clk (rise edge)                                             0.00       0.00
  clock network delay (ideal)                                       0.00       0.00
  input external delay                                              0.50       0.50 r
  cfg_word_i[0] (in)                                      0.01      0.01       0.51 r
  cfg_word_i[0] (net)                           5                   0.00       0.51 r
  u_config/cfg_word_i[0] (stage1_config_frontend)                   0.00       0.51 r
  u_config/cfg_word_i[0] (net)                                      0.00       0.51 r
  u_config/U79/ZN (INV2_140P7T35R)                        0.02      0.01       0.52 f
  u_config/n34 (net)                            5                   0.00       0.52 f
  u_config/U96/ZN (AOI22V2_140P7T35R)                     0.02      0.02       0.54 r
  u_config/n3 (net)                             1                   0.00       0.54 r
  u_config/U97/ZN (OAI212V2_140P7T35R)                    0.02      0.02       0.56 f
  u_config/n6 (net)                             1                   0.00       0.56 f
  u_config/U102/ZN (NOR4V2_140P7T35R)                     0.03      0.03       0.60 r
  u_config/n19 (net)                            1                   0.00       0.60 r
  u_config/U118/ZN (NAND4V1P5_140P7T35R)                  0.04      0.03       0.63 f
  u_config/n207 (net)                           3                   0.00       0.63 f
  u_config/U41/ZN (NOR2V2_140P7T35R)                      0.04      0.04       0.67 r
  u_config/n106 (net)                           5                   0.00       0.67 r
  u_config/U195/ZN (NAND2XBV2_140P7T35R)                  0.02      0.02       0.69 f
  u_config/n28 (net)                            2                   0.00       0.69 f
  u_config/U197/ZN (NOR2V2_140P7T35R)                     0.03      0.02       0.71 r
  u_config/weight_load_en_o (net)               2                   0.00       0.71 r
  u_config/weight_load_en_o (stage1_config_frontend)                0.00       0.71 r
  weight_load_en_i (net)                                            0.00       0.71 r
  U1506/ZN (INV2_140P7T35R)                               0.02      0.02       0.73 f
  n771 (net)                                    4                   0.00       0.73 f
  U1516/ZN (NOR3V2_140P7T35R)                             0.05      0.04       0.77 r
  n773 (net)                                    4                   0.00       0.77 r
  U1524/ZN (NAND2V2_140P7T35R)                            0.38      0.23       0.99 f
  n368 (net)                                   17                   0.00       0.99 f
  U1701/ZN (AOI22V2_140P7T35R)                            0.31      0.32       1.32 r
  weight_addr[101] (net)                        8                   0.00       1.32 r
  g_weight_1__u_weight/addr_i[3] (sram_bank_128x256_14)             0.00       1.32 r
  g_weight_1__u_weight/addr_i[3] (net)                              0.00       1.32 r
  g_weight_1__u_weight/g_bank_4__u_macro/addr_i[3] (hs128x32_wrapper_115)
                                                                    0.00       1.32 r
  g_weight_1__u_weight/g_bank_4__u_macro/addr_i[3] (net)            0.00       1.32 r
  g_weight_1__u_weight/g_bank_4__u_macro/u_sram/A[3] (HS128X32)
                                                          0.31      0.00       1.32 r
  data arrival time                                                            1.32

  clock clk (rise edge)                                             4.00       4.00
  clock network delay (ideal)                                       0.00       4.00
  clock uncertainty                                                -0.15       3.85
  g_weight_1__u_weight/g_bank_4__u_macro/u_sram/CLK (HS128X32)      0.00       3.85 r
  library setup time                                               -0.18       3.67
  data required time                                                           3.67
  ------------------------------------------------------------------------------------
  data required time                                                           3.67
  data arrival time                                                           -1.32
  ------------------------------------------------------------------------------------
  slack (MET)                                                                  2.36


  Startpoint: cfg_word_i[0]
              (input port clocked by clk)
  Endpoint: g_weight_1__u_weight/g_bank_4__u_macro/u_sram
            (rising edge-triggered flip-flop clocked by clk)
  Path Group: clk
  Path Type: max

  Point                                       Fanout     Trans      Incr       Path
  ------------------------------------------------------------------------------------
  clock clk (rise edge)                                             0.00       0.00
  clock network delay (ideal)                                       0.00       0.00
  input external delay                                              0.50       0.50 r
  cfg_word_i[0] (in)                                      0.01      0.01       0.51 r
  cfg_word_i[0] (net)                           5                   0.00       0.51 r
  u_config/cfg_word_i[0] (stage1_config_frontend)                   0.00       0.51 r
  u_config/cfg_word_i[0] (net)                                      0.00       0.51 r
  u_config/U79/ZN (INV2_140P7T35R)                        0.02      0.01       0.52 f
  u_config/n34 (net)                            5                   0.00       0.52 f
  u_config/U96/ZN (AOI22V2_140P7T35R)                     0.02      0.02       0.54 r
  u_config/n3 (net)                             1                   0.00       0.54 r
  u_config/U97/ZN (OAI212V2_140P7T35R)                    0.02      0.02       0.56 f
  u_config/n6 (net)                             1                   0.00       0.56 f
  u_config/U102/ZN (NOR4V2_140P7T35R)                     0.03      0.03       0.60 r
  u_config/n19 (net)                            1                   0.00       0.60 r
  u_config/U118/ZN (NAND4V1P5_140P7T35R)                  0.04      0.03       0.63 f
  u_config/n207 (net)                           3                   0.00       0.63 f
  u_config/U41/ZN (NOR2V2_140P7T35R)                      0.04      0.04       0.67 r
  u_config/n106 (net)                           5                   0.00       0.67 r
  u_config/U195/ZN (NAND2XBV2_140P7T35R)                  0.02      0.02       0.69 f
  u_config/n28 (net)                            2                   0.00       0.69 f
  u_config/U197/ZN (NOR2V2_140P7T35R)                     0.03      0.02       0.71 r
  u_config/weight_load_en_o (net)               2                   0.00       0.71 r
  u_config/weight_load_en_o (stage1_config_frontend)                0.00       0.71 r
  weight_load_en_i (net)                                            0.00       0.71 r
  U1506/ZN (INV2_140P7T35R)                               0.02      0.02       0.73 f
  n771 (net)                                    4                   0.00       0.73 f
  U1516/ZN (NOR3V2_140P7T35R)                             0.05      0.04       0.77 r
  n773 (net)                                    4                   0.00       0.77 r
  U1524/ZN (NAND2V2_140P7T35R)                            0.38      0.23       0.99 f
  n368 (net)                                   17                   0.00       0.99 f
  U1702/ZN (AOI22V2_140P7T35R)                            0.31      0.32       1.32 r
  weight_addr[102] (net)                        8                   0.00       1.32 r
  g_weight_1__u_weight/addr_i[4] (sram_bank_128x256_14)             0.00       1.32 r
  g_weight_1__u_weight/addr_i[4] (net)                              0.00       1.32 r
  g_weight_1__u_weight/g_bank_4__u_macro/addr_i[4] (hs128x32_wrapper_115)
                                                                    0.00       1.32 r
  g_weight_1__u_weight/g_bank_4__u_macro/addr_i[4] (net)            0.00       1.32 r
  g_weight_1__u_weight/g_bank_4__u_macro/u_sram/A[4] (HS128X32)
                                                          0.31      0.00       1.32 r
  data arrival time                                                            1.32

  clock clk (rise edge)                                             4.00       4.00
  clock network delay (ideal)                                       0.00       4.00
  clock uncertainty                                                -0.15       3.85
  g_weight_1__u_weight/g_bank_4__u_macro/u_sram/CLK (HS128X32)      0.00       3.85 r
  library setup time                                               -0.18       3.67
  data required time                                                           3.67
  ------------------------------------------------------------------------------------
  data required time                                                           3.67
  data arrival time                                                           -1.32
  ------------------------------------------------------------------------------------
  slack (MET)                                                                  2.36


  Startpoint: cfg_word_i[0]
              (input port clocked by clk)
  Endpoint: g_weight_1__u_weight/g_bank_4__u_macro/u_sram
            (rising edge-triggered flip-flop clocked by clk)
  Path Group: clk
  Path Type: max

  Point                                       Fanout     Trans      Incr       Path
  ------------------------------------------------------------------------------------
  clock clk (rise edge)                                             0.00       0.00
  clock network delay (ideal)                                       0.00       0.00
  input external delay                                              0.50       0.50 r
  cfg_word_i[0] (in)                                      0.01      0.01       0.51 r
  cfg_word_i[0] (net)                           5                   0.00       0.51 r
  u_config/cfg_word_i[0] (stage1_config_frontend)                   0.00       0.51 r
  u_config/cfg_word_i[0] (net)                                      0.00       0.51 r
  u_config/U79/ZN (INV2_140P7T35R)                        0.02      0.01       0.52 f
  u_config/n34 (net)                            5                   0.00       0.52 f
  u_config/U96/ZN (AOI22V2_140P7T35R)                     0.02      0.02       0.54 r
  u_config/n3 (net)                             1                   0.00       0.54 r
  u_config/U97/ZN (OAI212V2_140P7T35R)                    0.02      0.02       0.56 f
  u_config/n6 (net)                             1                   0.00       0.56 f
  u_config/U102/ZN (NOR4V2_140P7T35R)                     0.03      0.03       0.60 r
  u_config/n19 (net)                            1                   0.00       0.60 r
  u_config/U118/ZN (NAND4V1P5_140P7T35R)                  0.04      0.03       0.63 f
  u_config/n207 (net)                           3                   0.00       0.63 f
  u_config/U41/ZN (NOR2V2_140P7T35R)                      0.04      0.04       0.67 r
  u_config/n106 (net)                           5                   0.00       0.67 r
  u_config/U195/ZN (NAND2XBV2_140P7T35R)                  0.02      0.02       0.69 f
  u_config/n28 (net)                            2                   0.00       0.69 f
  u_config/U197/ZN (NOR2V2_140P7T35R)                     0.03      0.02       0.71 r
  u_config/weight_load_en_o (net)               2                   0.00       0.71 r
  u_config/weight_load_en_o (stage1_config_frontend)                0.00       0.71 r
  weight_load_en_i (net)                                            0.00       0.71 r
  U1506/ZN (INV2_140P7T35R)                               0.02      0.02       0.73 f
  n771 (net)                                    4                   0.00       0.73 f
  U1516/ZN (NOR3V2_140P7T35R)                             0.05      0.04       0.77 r
  n773 (net)                                    4                   0.00       0.77 r
  U1524/ZN (NAND2V2_140P7T35R)                            0.38      0.23       0.99 f
  n368 (net)                                   17                   0.00       0.99 f
  U1703/ZN (AOI22V2_140P7T35R)                            0.31      0.32       1.32 r
  weight_addr[103] (net)                        8                   0.00       1.32 r
  g_weight_1__u_weight/addr_i[5] (sram_bank_128x256_14)             0.00       1.32 r
  g_weight_1__u_weight/addr_i[5] (net)                              0.00       1.32 r
  g_weight_1__u_weight/g_bank_4__u_macro/addr_i[5] (hs128x32_wrapper_115)
                                                                    0.00       1.32 r
  g_weight_1__u_weight/g_bank_4__u_macro/addr_i[5] (net)            0.00       1.32 r
  g_weight_1__u_weight/g_bank_4__u_macro/u_sram/A[5] (HS128X32)
                                                          0.31      0.00       1.32 r
  data arrival time                                                            1.32

  clock clk (rise edge)                                             4.00       4.00
  clock network delay (ideal)                                       0.00       4.00
  clock uncertainty                                                -0.15       3.85
  g_weight_1__u_weight/g_bank_4__u_macro/u_sram/CLK (HS128X32)      0.00       3.85 r
  library setup time                                               -0.18       3.67
  data required time                                                           3.67
  ------------------------------------------------------------------------------------
  data required time                                                           3.67
  data arrival time                                                           -1.32
  ------------------------------------------------------------------------------------
  slack (MET)                                                                  2.36


  Startpoint: cfg_word_i[0]
              (input port clocked by clk)
  Endpoint: g_weight_1__u_weight/g_bank_4__u_macro/u_sram
            (rising edge-triggered flip-flop clocked by clk)
  Path Group: clk
  Path Type: max

  Point                                       Fanout     Trans      Incr       Path
  ------------------------------------------------------------------------------------
  clock clk (rise edge)                                             0.00       0.00
  clock network delay (ideal)                                       0.00       0.00
  input external delay                                              0.50       0.50 r
  cfg_word_i[0] (in)                                      0.01      0.01       0.51 r
  cfg_word_i[0] (net)                           5                   0.00       0.51 r
  u_config/cfg_word_i[0] (stage1_config_frontend)                   0.00       0.51 r
  u_config/cfg_word_i[0] (net)                                      0.00       0.51 r
  u_config/U79/ZN (INV2_140P7T35R)                        0.02      0.01       0.52 f
  u_config/n34 (net)                            5                   0.00       0.52 f
  u_config/U96/ZN (AOI22V2_140P7T35R)                     0.02      0.02       0.54 r
  u_config/n3 (net)                             1                   0.00       0.54 r
  u_config/U97/ZN (OAI212V2_140P7T35R)                    0.02      0.02       0.56 f
  u_config/n6 (net)                             1                   0.00       0.56 f
  u_config/U102/ZN (NOR4V2_140P7T35R)                     0.03      0.03       0.60 r
  u_config/n19 (net)                            1                   0.00       0.60 r
  u_config/U118/ZN (NAND4V1P5_140P7T35R)                  0.04      0.03       0.63 f
  u_config/n207 (net)                           3                   0.00       0.63 f
  u_config/U41/ZN (NOR2V2_140P7T35R)                      0.04      0.04       0.67 r
  u_config/n106 (net)                           5                   0.00       0.67 r
  u_config/U195/ZN (NAND2XBV2_140P7T35R)                  0.02      0.02       0.69 f
  u_config/n28 (net)                            2                   0.00       0.69 f
  u_config/U197/ZN (NOR2V2_140P7T35R)                     0.03      0.02       0.71 r
  u_config/weight_load_en_o (net)               2                   0.00       0.71 r
  u_config/weight_load_en_o (stage1_config_frontend)                0.00       0.71 r
  weight_load_en_i (net)                                            0.00       0.71 r
  U1506/ZN (INV2_140P7T35R)                               0.02      0.02       0.73 f
  n771 (net)                                    4                   0.00       0.73 f
  U1516/ZN (NOR3V2_140P7T35R)                             0.05      0.04       0.77 r
  n773 (net)                                    4                   0.00       0.77 r
  U1524/ZN (NAND2V2_140P7T35R)                            0.38      0.23       0.99 f
  n368 (net)                                   17                   0.00       0.99 f
  U1704/ZN (AOI22V2_140P7T35R)                            0.31      0.32       1.32 r
  weight_addr[104] (net)                        8                   0.00       1.32 r
  g_weight_1__u_weight/addr_i[6] (sram_bank_128x256_14)             0.00       1.32 r
  g_weight_1__u_weight/addr_i[6] (net)                              0.00       1.32 r
  g_weight_1__u_weight/g_bank_4__u_macro/addr_i[6] (hs128x32_wrapper_115)
                                                                    0.00       1.32 r
  g_weight_1__u_weight/g_bank_4__u_macro/addr_i[6] (net)            0.00       1.32 r
  g_weight_1__u_weight/g_bank_4__u_macro/u_sram/A[6] (HS128X32)
                                                          0.31      0.00       1.32 r
  data arrival time                                                            1.32

  clock clk (rise edge)                                             4.00       4.00
  clock network delay (ideal)                                       0.00       4.00
  clock uncertainty                                                -0.15       3.85
  g_weight_1__u_weight/g_bank_4__u_macro/u_sram/CLK (HS128X32)      0.00       3.85 r
  library setup time                                               -0.18       3.67
  data required time                                                           3.67
  ------------------------------------------------------------------------------------
  data required time                                                           3.67
  data arrival time                                                           -1.32
  ------------------------------------------------------------------------------------
  slack (MET)                                                                  2.36


  Startpoint: cfg_word_i[0]
              (input port clocked by clk)
  Endpoint: g_weight_1__u_weight/g_bank_5__u_macro/u_sram
            (rising edge-triggered flip-flop clocked by clk)
  Path Group: clk
  Path Type: max

  Point                                       Fanout     Trans      Incr       Path
  ------------------------------------------------------------------------------------
  clock clk (rise edge)                                             0.00       0.00
  clock network delay (ideal)                                       0.00       0.00
  input external delay                                              0.50       0.50 r
  cfg_word_i[0] (in)                                      0.01      0.01       0.51 r
  cfg_word_i[0] (net)                           5                   0.00       0.51 r
  u_config/cfg_word_i[0] (stage1_config_frontend)                   0.00       0.51 r
  u_config/cfg_word_i[0] (net)                                      0.00       0.51 r
  u_config/U79/ZN (INV2_140P7T35R)                        0.02      0.01       0.52 f
  u_config/n34 (net)                            5                   0.00       0.52 f
  u_config/U96/ZN (AOI22V2_140P7T35R)                     0.02      0.02       0.54 r
  u_config/n3 (net)                             1                   0.00       0.54 r
  u_config/U97/ZN (OAI212V2_140P7T35R)                    0.02      0.02       0.56 f
  u_config/n6 (net)                             1                   0.00       0.56 f
  u_config/U102/ZN (NOR4V2_140P7T35R)                     0.03      0.03       0.60 r
  u_config/n19 (net)                            1                   0.00       0.60 r
  u_config/U118/ZN (NAND4V1P5_140P7T35R)                  0.04      0.03       0.63 f
  u_config/n207 (net)                           3                   0.00       0.63 f
  u_config/U41/ZN (NOR2V2_140P7T35R)                      0.04      0.04       0.67 r
  u_config/n106 (net)                           5                   0.00       0.67 r
  u_config/U195/ZN (NAND2XBV2_140P7T35R)                  0.02      0.02       0.69 f
  u_config/n28 (net)                            2                   0.00       0.69 f
  u_config/U197/ZN (NOR2V2_140P7T35R)                     0.03      0.02       0.71 r
  u_config/weight_load_en_o (net)               2                   0.00       0.71 r
  u_config/weight_load_en_o (stage1_config_frontend)                0.00       0.71 r
  weight_load_en_i (net)                                            0.00       0.71 r
  U1506/ZN (INV2_140P7T35R)                               0.02      0.02       0.73 f
  n771 (net)                                    4                   0.00       0.73 f
  U1516/ZN (NOR3V2_140P7T35R)                             0.05      0.04       0.77 r
  n773 (net)                                    4                   0.00       0.77 r
  U1524/ZN (NAND2V2_140P7T35R)                            0.38      0.23       0.99 f
  n368 (net)                                   17                   0.00       0.99 f
  U1698/ZN (AOI22V2_140P7T35R)                            0.31      0.32       1.32 r
  weight_addr[98] (net)                         8                   0.00       1.32 r
  g_weight_1__u_weight/addr_i[0] (sram_bank_128x256_14)             0.00       1.32 r
  g_weight_1__u_weight/addr_i[0] (net)                              0.00       1.32 r
  g_weight_1__u_weight/g_bank_5__u_macro/addr_i[0] (hs128x32_wrapper_114)
                                                                    0.00       1.32 r
  g_weight_1__u_weight/g_bank_5__u_macro/addr_i[0] (net)            0.00       1.32 r
  g_weight_1__u_weight/g_bank_5__u_macro/u_sram/A[0] (HS128X32)
                                                          0.31      0.00       1.32 r
  data arrival time                                                            1.32

  clock clk (rise edge)                                             4.00       4.00
  clock network delay (ideal)                                       0.00       4.00
  clock uncertainty                                                -0.15       3.85
  g_weight_1__u_weight/g_bank_5__u_macro/u_sram/CLK (HS128X32)      0.00       3.85 r
  library setup time                                               -0.18       3.67
  data required time                                                           3.67
  ------------------------------------------------------------------------------------
  data required time                                                           3.67
  data arrival time                                                           -1.32
  ------------------------------------------------------------------------------------
  slack (MET)                                                                  2.36


  Startpoint: cfg_word_i[0]
              (input port clocked by clk)
  Endpoint: g_weight_1__u_weight/g_bank_5__u_macro/u_sram
            (rising edge-triggered flip-flop clocked by clk)
  Path Group: clk
  Path Type: max

  Point                                       Fanout     Trans      Incr       Path
  ------------------------------------------------------------------------------------
  clock clk (rise edge)                                             0.00       0.00
  clock network delay (ideal)                                       0.00       0.00
  input external delay                                              0.50       0.50 r
  cfg_word_i[0] (in)                                      0.01      0.01       0.51 r
  cfg_word_i[0] (net)                           5                   0.00       0.51 r
  u_config/cfg_word_i[0] (stage1_config_frontend)                   0.00       0.51 r
  u_config/cfg_word_i[0] (net)                                      0.00       0.51 r
  u_config/U79/ZN (INV2_140P7T35R)                        0.02      0.01       0.52 f
  u_config/n34 (net)                            5                   0.00       0.52 f
  u_config/U96/ZN (AOI22V2_140P7T35R)                     0.02      0.02       0.54 r
  u_config/n3 (net)                             1                   0.00       0.54 r
  u_config/U97/ZN (OAI212V2_140P7T35R)                    0.02      0.02       0.56 f
  u_config/n6 (net)                             1                   0.00       0.56 f
  u_config/U102/ZN (NOR4V2_140P7T35R)                     0.03      0.03       0.60 r
  u_config/n19 (net)                            1                   0.00       0.60 r
  u_config/U118/ZN (NAND4V1P5_140P7T35R)                  0.04      0.03       0.63 f
  u_config/n207 (net)                           3                   0.00       0.63 f
  u_config/U41/ZN (NOR2V2_140P7T35R)                      0.04      0.04       0.67 r
  u_config/n106 (net)                           5                   0.00       0.67 r
  u_config/U195/ZN (NAND2XBV2_140P7T35R)                  0.02      0.02       0.69 f
  u_config/n28 (net)                            2                   0.00       0.69 f
  u_config/U197/ZN (NOR2V2_140P7T35R)                     0.03      0.02       0.71 r
  u_config/weight_load_en_o (net)               2                   0.00       0.71 r
  u_config/weight_load_en_o (stage1_config_frontend)                0.00       0.71 r
  weight_load_en_i (net)                                            0.00       0.71 r
  U1506/ZN (INV2_140P7T35R)                               0.02      0.02       0.73 f
  n771 (net)                                    4                   0.00       0.73 f
  U1516/ZN (NOR3V2_140P7T35R)                             0.05      0.04       0.77 r
  n773 (net)                                    4                   0.00       0.77 r
  U1524/ZN (NAND2V2_140P7T35R)                            0.38      0.23       0.99 f
  n368 (net)                                   17                   0.00       0.99 f
  U1699/ZN (AOI22V2_140P7T35R)                            0.31      0.32       1.32 r
  weight_addr[99] (net)                         8                   0.00       1.32 r
  g_weight_1__u_weight/addr_i[1] (sram_bank_128x256_14)             0.00       1.32 r
  g_weight_1__u_weight/addr_i[1] (net)                              0.00       1.32 r
  g_weight_1__u_weight/g_bank_5__u_macro/addr_i[1] (hs128x32_wrapper_114)
                                                                    0.00       1.32 r
  g_weight_1__u_weight/g_bank_5__u_macro/addr_i[1] (net)            0.00       1.32 r
  g_weight_1__u_weight/g_bank_5__u_macro/u_sram/A[1] (HS128X32)
                                                          0.31      0.00       1.32 r
  data arrival time                                                            1.32

  clock clk (rise edge)                                             4.00       4.00
  clock network delay (ideal)                                       0.00       4.00
  clock uncertainty                                                -0.15       3.85
  g_weight_1__u_weight/g_bank_5__u_macro/u_sram/CLK (HS128X32)      0.00       3.85 r
  library setup time                                               -0.18       3.67
  data required time                                                           3.67
  ------------------------------------------------------------------------------------
  data required time                                                           3.67
  data arrival time                                                           -1.32
  ------------------------------------------------------------------------------------
  slack (MET)                                                                  2.36


  Startpoint: cfg_word_i[0]
              (input port clocked by clk)
  Endpoint: g_weight_1__u_weight/g_bank_5__u_macro/u_sram
            (rising edge-triggered flip-flop clocked by clk)
  Path Group: clk
  Path Type: max

  Point                                       Fanout     Trans      Incr       Path
  ------------------------------------------------------------------------------------
  clock clk (rise edge)                                             0.00       0.00
  clock network delay (ideal)                                       0.00       0.00
  input external delay                                              0.50       0.50 r
  cfg_word_i[0] (in)                                      0.01      0.01       0.51 r
  cfg_word_i[0] (net)                           5                   0.00       0.51 r
  u_config/cfg_word_i[0] (stage1_config_frontend)                   0.00       0.51 r
  u_config/cfg_word_i[0] (net)                                      0.00       0.51 r
  u_config/U79/ZN (INV2_140P7T35R)                        0.02      0.01       0.52 f
  u_config/n34 (net)                            5                   0.00       0.52 f
  u_config/U96/ZN (AOI22V2_140P7T35R)                     0.02      0.02       0.54 r
  u_config/n3 (net)                             1                   0.00       0.54 r
  u_config/U97/ZN (OAI212V2_140P7T35R)                    0.02      0.02       0.56 f
  u_config/n6 (net)                             1                   0.00       0.56 f
  u_config/U102/ZN (NOR4V2_140P7T35R)                     0.03      0.03       0.60 r
  u_config/n19 (net)                            1                   0.00       0.60 r
  u_config/U118/ZN (NAND4V1P5_140P7T35R)                  0.04      0.03       0.63 f
  u_config/n207 (net)                           3                   0.00       0.63 f
  u_config/U41/ZN (NOR2V2_140P7T35R)                      0.04      0.04       0.67 r
  u_config/n106 (net)                           5                   0.00       0.67 r
  u_config/U195/ZN (NAND2XBV2_140P7T35R)                  0.02      0.02       0.69 f
  u_config/n28 (net)                            2                   0.00       0.69 f
  u_config/U197/ZN (NOR2V2_140P7T35R)                     0.03      0.02       0.71 r
  u_config/weight_load_en_o (net)               2                   0.00       0.71 r
  u_config/weight_load_en_o (stage1_config_frontend)                0.00       0.71 r
  weight_load_en_i (net)                                            0.00       0.71 r
  U1506/ZN (INV2_140P7T35R)                               0.02      0.02       0.73 f
  n771 (net)                                    4                   0.00       0.73 f
  U1516/ZN (NOR3V2_140P7T35R)                             0.05      0.04       0.77 r
  n773 (net)                                    4                   0.00       0.77 r
  U1524/ZN (NAND2V2_140P7T35R)                            0.38      0.23       0.99 f
  n368 (net)                                   17                   0.00       0.99 f
  U1700/ZN (AOI22V2_140P7T35R)                            0.31      0.32       1.32 r
  weight_addr[100] (net)                        8                   0.00       1.32 r
  g_weight_1__u_weight/addr_i[2] (sram_bank_128x256_14)             0.00       1.32 r
  g_weight_1__u_weight/addr_i[2] (net)                              0.00       1.32 r
  g_weight_1__u_weight/g_bank_5__u_macro/addr_i[2] (hs128x32_wrapper_114)
                                                                    0.00       1.32 r
  g_weight_1__u_weight/g_bank_5__u_macro/addr_i[2] (net)            0.00       1.32 r
  g_weight_1__u_weight/g_bank_5__u_macro/u_sram/A[2] (HS128X32)
                                                          0.31      0.00       1.32 r
  data arrival time                                                            1.32

  clock clk (rise edge)                                             4.00       4.00
  clock network delay (ideal)                                       0.00       4.00
  clock uncertainty                                                -0.15       3.85
  g_weight_1__u_weight/g_bank_5__u_macro/u_sram/CLK (HS128X32)      0.00       3.85 r
  library setup time                                               -0.18       3.67
  data required time                                                           3.67
  ------------------------------------------------------------------------------------
  data required time                                                           3.67
  data arrival time                                                           -1.32
  ------------------------------------------------------------------------------------
  slack (MET)                                                                  2.36


  Startpoint: cfg_word_i[0]
              (input port clocked by clk)
  Endpoint: g_weight_1__u_weight/g_bank_5__u_macro/u_sram
            (rising edge-triggered flip-flop clocked by clk)
  Path Group: clk
  Path Type: max

  Point                                       Fanout     Trans      Incr       Path
  ------------------------------------------------------------------------------------
  clock clk (rise edge)                                             0.00       0.00
  clock network delay (ideal)                                       0.00       0.00
  input external delay                                              0.50       0.50 r
  cfg_word_i[0] (in)                                      0.01      0.01       0.51 r
  cfg_word_i[0] (net)                           5                   0.00       0.51 r
  u_config/cfg_word_i[0] (stage1_config_frontend)                   0.00       0.51 r
  u_config/cfg_word_i[0] (net)                                      0.00       0.51 r
  u_config/U79/ZN (INV2_140P7T35R)                        0.02      0.01       0.52 f
  u_config/n34 (net)                            5                   0.00       0.52 f
  u_config/U96/ZN (AOI22V2_140P7T35R)                     0.02      0.02       0.54 r
  u_config/n3 (net)                             1                   0.00       0.54 r
  u_config/U97/ZN (OAI212V2_140P7T35R)                    0.02      0.02       0.56 f
  u_config/n6 (net)                             1                   0.00       0.56 f
  u_config/U102/ZN (NOR4V2_140P7T35R)                     0.03      0.03       0.60 r
  u_config/n19 (net)                            1                   0.00       0.60 r
  u_config/U118/ZN (NAND4V1P5_140P7T35R)                  0.04      0.03       0.63 f
  u_config/n207 (net)                           3                   0.00       0.63 f
  u_config/U41/ZN (NOR2V2_140P7T35R)                      0.04      0.04       0.67 r
  u_config/n106 (net)                           5                   0.00       0.67 r
  u_config/U195/ZN (NAND2XBV2_140P7T35R)                  0.02      0.02       0.69 f
  u_config/n28 (net)                            2                   0.00       0.69 f
  u_config/U197/ZN (NOR2V2_140P7T35R)                     0.03      0.02       0.71 r
  u_config/weight_load_en_o (net)               2                   0.00       0.71 r
  u_config/weight_load_en_o (stage1_config_frontend)                0.00       0.71 r
  weight_load_en_i (net)                                            0.00       0.71 r
  U1506/ZN (INV2_140P7T35R)                               0.02      0.02       0.73 f
  n771 (net)                                    4                   0.00       0.73 f
  U1516/ZN (NOR3V2_140P7T35R)                             0.05      0.04       0.77 r
  n773 (net)                                    4                   0.00       0.77 r
  U1524/ZN (NAND2V2_140P7T35R)                            0.38      0.23       0.99 f
  n368 (net)                                   17                   0.00       0.99 f
  U1701/ZN (AOI22V2_140P7T35R)                            0.31      0.32       1.32 r
  weight_addr[101] (net)                        8                   0.00       1.32 r
  g_weight_1__u_weight/addr_i[3] (sram_bank_128x256_14)             0.00       1.32 r
  g_weight_1__u_weight/addr_i[3] (net)                              0.00       1.32 r
  g_weight_1__u_weight/g_bank_5__u_macro/addr_i[3] (hs128x32_wrapper_114)
                                                                    0.00       1.32 r
  g_weight_1__u_weight/g_bank_5__u_macro/addr_i[3] (net)            0.00       1.32 r
  g_weight_1__u_weight/g_bank_5__u_macro/u_sram/A[3] (HS128X32)
                                                          0.31      0.00       1.32 r
  data arrival time                                                            1.32

  clock clk (rise edge)                                             4.00       4.00
  clock network delay (ideal)                                       0.00       4.00
  clock uncertainty                                                -0.15       3.85
  g_weight_1__u_weight/g_bank_5__u_macro/u_sram/CLK (HS128X32)      0.00       3.85 r
  library setup time                                               -0.18       3.67
  data required time                                                           3.67
  ------------------------------------------------------------------------------------
  data required time                                                           3.67
  data arrival time                                                           -1.32
  ------------------------------------------------------------------------------------
  slack (MET)                                                                  2.36


  Startpoint: cfg_word_i[0]
              (input port clocked by clk)
  Endpoint: g_weight_1__u_weight/g_bank_5__u_macro/u_sram
            (rising edge-triggered flip-flop clocked by clk)
  Path Group: clk
  Path Type: max

  Point                                       Fanout     Trans      Incr       Path
  ------------------------------------------------------------------------------------
  clock clk (rise edge)                                             0.00       0.00
  clock network delay (ideal)                                       0.00       0.00
  input external delay                                              0.50       0.50 r
  cfg_word_i[0] (in)                                      0.01      0.01       0.51 r
  cfg_word_i[0] (net)                           5                   0.00       0.51 r
  u_config/cfg_word_i[0] (stage1_config_frontend)                   0.00       0.51 r
  u_config/cfg_word_i[0] (net)                                      0.00       0.51 r
  u_config/U79/ZN (INV2_140P7T35R)                        0.02      0.01       0.52 f
  u_config/n34 (net)                            5                   0.00       0.52 f
  u_config/U96/ZN (AOI22V2_140P7T35R)                     0.02      0.02       0.54 r
  u_config/n3 (net)                             1                   0.00       0.54 r
  u_config/U97/ZN (OAI212V2_140P7T35R)                    0.02      0.02       0.56 f
  u_config/n6 (net)                             1                   0.00       0.56 f
  u_config/U102/ZN (NOR4V2_140P7T35R)                     0.03      0.03       0.60 r
  u_config/n19 (net)                            1                   0.00       0.60 r
  u_config/U118/ZN (NAND4V1P5_140P7T35R)                  0.04      0.03       0.63 f
  u_config/n207 (net)                           3                   0.00       0.63 f
  u_config/U41/ZN (NOR2V2_140P7T35R)                      0.04      0.04       0.67 r
  u_config/n106 (net)                           5                   0.00       0.67 r
  u_config/U195/ZN (NAND2XBV2_140P7T35R)                  0.02      0.02       0.69 f
  u_config/n28 (net)                            2                   0.00       0.69 f
  u_config/U197/ZN (NOR2V2_140P7T35R)                     0.03      0.02       0.71 r
  u_config/weight_load_en_o (net)               2                   0.00       0.71 r
  u_config/weight_load_en_o (stage1_config_frontend)                0.00       0.71 r
  weight_load_en_i (net)                                            0.00       0.71 r
  U1506/ZN (INV2_140P7T35R)                               0.02      0.02       0.73 f
  n771 (net)                                    4                   0.00       0.73 f
  U1516/ZN (NOR3V2_140P7T35R)                             0.05      0.04       0.77 r
  n773 (net)                                    4                   0.00       0.77 r
  U1524/ZN (NAND2V2_140P7T35R)                            0.38      0.23       0.99 f
  n368 (net)                                   17                   0.00       0.99 f
  U1702/ZN (AOI22V2_140P7T35R)                            0.31      0.32       1.32 r
  weight_addr[102] (net)                        8                   0.00       1.32 r
  g_weight_1__u_weight/addr_i[4] (sram_bank_128x256_14)             0.00       1.32 r
  g_weight_1__u_weight/addr_i[4] (net)                              0.00       1.32 r
  g_weight_1__u_weight/g_bank_5__u_macro/addr_i[4] (hs128x32_wrapper_114)
                                                                    0.00       1.32 r
  g_weight_1__u_weight/g_bank_5__u_macro/addr_i[4] (net)            0.00       1.32 r
  g_weight_1__u_weight/g_bank_5__u_macro/u_sram/A[4] (HS128X32)
                                                          0.31      0.00       1.32 r
  data arrival time                                                            1.32

  clock clk (rise edge)                                             4.00       4.00
  clock network delay (ideal)                                       0.00       4.00
  clock uncertainty                                                -0.15       3.85
  g_weight_1__u_weight/g_bank_5__u_macro/u_sram/CLK (HS128X32)      0.00       3.85 r
  library setup time                                               -0.18       3.67
  data required time                                                           3.67
  ------------------------------------------------------------------------------------
  data required time                                                           3.67
  data arrival time                                                           -1.32
  ------------------------------------------------------------------------------------
  slack (MET)                                                                  2.36


  Startpoint: cfg_word_i[0]
              (input port clocked by clk)
  Endpoint: g_weight_1__u_weight/g_bank_5__u_macro/u_sram
            (rising edge-triggered flip-flop clocked by clk)
  Path Group: clk
  Path Type: max

  Point                                       Fanout     Trans      Incr       Path
  ------------------------------------------------------------------------------------
  clock clk (rise edge)                                             0.00       0.00
  clock network delay (ideal)                                       0.00       0.00
  input external delay                                              0.50       0.50 r
  cfg_word_i[0] (in)                                      0.01      0.01       0.51 r
  cfg_word_i[0] (net)                           5                   0.00       0.51 r
  u_config/cfg_word_i[0] (stage1_config_frontend)                   0.00       0.51 r
  u_config/cfg_word_i[0] (net)                                      0.00       0.51 r
  u_config/U79/ZN (INV2_140P7T35R)                        0.02      0.01       0.52 f
  u_config/n34 (net)                            5                   0.00       0.52 f
  u_config/U96/ZN (AOI22V2_140P7T35R)                     0.02      0.02       0.54 r
  u_config/n3 (net)                             1                   0.00       0.54 r
  u_config/U97/ZN (OAI212V2_140P7T35R)                    0.02      0.02       0.56 f
  u_config/n6 (net)                             1                   0.00       0.56 f
  u_config/U102/ZN (NOR4V2_140P7T35R)                     0.03      0.03       0.60 r
  u_config/n19 (net)                            1                   0.00       0.60 r
  u_config/U118/ZN (NAND4V1P5_140P7T35R)                  0.04      0.03       0.63 f
  u_config/n207 (net)                           3                   0.00       0.63 f
  u_config/U41/ZN (NOR2V2_140P7T35R)                      0.04      0.04       0.67 r
  u_config/n106 (net)                           5                   0.00       0.67 r
  u_config/U195/ZN (NAND2XBV2_140P7T35R)                  0.02      0.02       0.69 f
  u_config/n28 (net)                            2                   0.00       0.69 f
  u_config/U197/ZN (NOR2V2_140P7T35R)                     0.03      0.02       0.71 r
  u_config/weight_load_en_o (net)               2                   0.00       0.71 r
  u_config/weight_load_en_o (stage1_config_frontend)                0.00       0.71 r
  weight_load_en_i (net)                                            0.00       0.71 r
  U1506/ZN (INV2_140P7T35R)                               0.02      0.02       0.73 f
  n771 (net)                                    4                   0.00       0.73 f
  U1516/ZN (NOR3V2_140P7T35R)                             0.05      0.04       0.77 r
  n773 (net)                                    4                   0.00       0.77 r
  U1524/ZN (NAND2V2_140P7T35R)                            0.38      0.23       0.99 f
  n368 (net)                                   17                   0.00       0.99 f
  U1703/ZN (AOI22V2_140P7T35R)                            0.31      0.32       1.32 r
  weight_addr[103] (net)                        8                   0.00       1.32 r
  g_weight_1__u_weight/addr_i[5] (sram_bank_128x256_14)             0.00       1.32 r
  g_weight_1__u_weight/addr_i[5] (net)                              0.00       1.32 r
  g_weight_1__u_weight/g_bank_5__u_macro/addr_i[5] (hs128x32_wrapper_114)
                                                                    0.00       1.32 r
  g_weight_1__u_weight/g_bank_5__u_macro/addr_i[5] (net)            0.00       1.32 r
  g_weight_1__u_weight/g_bank_5__u_macro/u_sram/A[5] (HS128X32)
                                                          0.31      0.00       1.32 r
  data arrival time                                                            1.32

  clock clk (rise edge)                                             4.00       4.00
  clock network delay (ideal)                                       0.00       4.00
  clock uncertainty                                                -0.15       3.85
  g_weight_1__u_weight/g_bank_5__u_macro/u_sram/CLK (HS128X32)      0.00       3.85 r
  library setup time                                               -0.18       3.67
  data required time                                                           3.67
  ------------------------------------------------------------------------------------
  data required time                                                           3.67
  data arrival time                                                           -1.32
  ------------------------------------------------------------------------------------
  slack (MET)                                                                  2.36


  Startpoint: cfg_word_i[0]
              (input port clocked by clk)
  Endpoint: g_weight_1__u_weight/g_bank_5__u_macro/u_sram
            (rising edge-triggered flip-flop clocked by clk)
  Path Group: clk
  Path Type: max

  Point                                       Fanout     Trans      Incr       Path
  ------------------------------------------------------------------------------------
  clock clk (rise edge)                                             0.00       0.00
  clock network delay (ideal)                                       0.00       0.00
  input external delay                                              0.50       0.50 r
  cfg_word_i[0] (in)                                      0.01      0.01       0.51 r
  cfg_word_i[0] (net)                           5                   0.00       0.51 r
  u_config/cfg_word_i[0] (stage1_config_frontend)                   0.00       0.51 r
  u_config/cfg_word_i[0] (net)                                      0.00       0.51 r
  u_config/U79/ZN (INV2_140P7T35R)                        0.02      0.01       0.52 f
  u_config/n34 (net)                            5                   0.00       0.52 f
  u_config/U96/ZN (AOI22V2_140P7T35R)                     0.02      0.02       0.54 r
  u_config/n3 (net)                             1                   0.00       0.54 r
  u_config/U97/ZN (OAI212V2_140P7T35R)                    0.02      0.02       0.56 f
  u_config/n6 (net)                             1                   0.00       0.56 f
  u_config/U102/ZN (NOR4V2_140P7T35R)                     0.03      0.03       0.60 r
  u_config/n19 (net)                            1                   0.00       0.60 r
  u_config/U118/ZN (NAND4V1P5_140P7T35R)                  0.04      0.03       0.63 f
  u_config/n207 (net)                           3                   0.00       0.63 f
  u_config/U41/ZN (NOR2V2_140P7T35R)                      0.04      0.04       0.67 r
  u_config/n106 (net)                           5                   0.00       0.67 r
  u_config/U195/ZN (NAND2XBV2_140P7T35R)                  0.02      0.02       0.69 f
  u_config/n28 (net)                            2                   0.00       0.69 f
  u_config/U197/ZN (NOR2V2_140P7T35R)                     0.03      0.02       0.71 r
  u_config/weight_load_en_o (net)               2                   0.00       0.71 r
  u_config/weight_load_en_o (stage1_config_frontend)                0.00       0.71 r
  weight_load_en_i (net)                                            0.00       0.71 r
  U1506/ZN (INV2_140P7T35R)                               0.02      0.02       0.73 f
  n771 (net)                                    4                   0.00       0.73 f
  U1516/ZN (NOR3V2_140P7T35R)                             0.05      0.04       0.77 r
  n773 (net)                                    4                   0.00       0.77 r
  U1524/ZN (NAND2V2_140P7T35R)                            0.38      0.23       0.99 f
  n368 (net)                                   17                   0.00       0.99 f
  U1704/ZN (AOI22V2_140P7T35R)                            0.31      0.32       1.32 r
  weight_addr[104] (net)                        8                   0.00       1.32 r
  g_weight_1__u_weight/addr_i[6] (sram_bank_128x256_14)             0.00       1.32 r
  g_weight_1__u_weight/addr_i[6] (net)                              0.00       1.32 r
  g_weight_1__u_weight/g_bank_5__u_macro/addr_i[6] (hs128x32_wrapper_114)
                                                                    0.00       1.32 r
  g_weight_1__u_weight/g_bank_5__u_macro/addr_i[6] (net)            0.00       1.32 r
  g_weight_1__u_weight/g_bank_5__u_macro/u_sram/A[6] (HS128X32)
                                                          0.31      0.00       1.32 r
  data arrival time                                                            1.32

  clock clk (rise edge)                                             4.00       4.00
  clock network delay (ideal)                                       0.00       4.00
  clock uncertainty                                                -0.15       3.85
  g_weight_1__u_weight/g_bank_5__u_macro/u_sram/CLK (HS128X32)      0.00       3.85 r
  library setup time                                               -0.18       3.67
  data required time                                                           3.67
  ------------------------------------------------------------------------------------
  data required time                                                           3.67
  data arrival time                                                           -1.32
  ------------------------------------------------------------------------------------
  slack (MET)                                                                  2.36


  Startpoint: cfg_word_i[0]
              (input port clocked by clk)
  Endpoint: g_weight_1__u_weight/g_bank_6__u_macro/u_sram
            (rising edge-triggered flip-flop clocked by clk)
  Path Group: clk
  Path Type: max

  Point                                       Fanout     Trans      Incr       Path
  ------------------------------------------------------------------------------------
  clock clk (rise edge)                                             0.00       0.00
  clock network delay (ideal)                                       0.00       0.00
  input external delay                                              0.50       0.50 r
  cfg_word_i[0] (in)                                      0.01      0.01       0.51 r
  cfg_word_i[0] (net)                           5                   0.00       0.51 r
  u_config/cfg_word_i[0] (stage1_config_frontend)                   0.00       0.51 r
  u_config/cfg_word_i[0] (net)                                      0.00       0.51 r
  u_config/U79/ZN (INV2_140P7T35R)                        0.02      0.01       0.52 f
  u_config/n34 (net)                            5                   0.00       0.52 f
  u_config/U96/ZN (AOI22V2_140P7T35R)                     0.02      0.02       0.54 r
  u_config/n3 (net)                             1                   0.00       0.54 r
  u_config/U97/ZN (OAI212V2_140P7T35R)                    0.02      0.02       0.56 f
  u_config/n6 (net)                             1                   0.00       0.56 f
  u_config/U102/ZN (NOR4V2_140P7T35R)                     0.03      0.03       0.60 r
  u_config/n19 (net)                            1                   0.00       0.60 r
  u_config/U118/ZN (NAND4V1P5_140P7T35R)                  0.04      0.03       0.63 f
  u_config/n207 (net)                           3                   0.00       0.63 f
  u_config/U41/ZN (NOR2V2_140P7T35R)                      0.04      0.04       0.67 r
  u_config/n106 (net)                           5                   0.00       0.67 r
  u_config/U195/ZN (NAND2XBV2_140P7T35R)                  0.02      0.02       0.69 f
  u_config/n28 (net)                            2                   0.00       0.69 f
  u_config/U197/ZN (NOR2V2_140P7T35R)                     0.03      0.02       0.71 r
  u_config/weight_load_en_o (net)               2                   0.00       0.71 r
  u_config/weight_load_en_o (stage1_config_frontend)                0.00       0.71 r
  weight_load_en_i (net)                                            0.00       0.71 r
  U1506/ZN (INV2_140P7T35R)                               0.02      0.02       0.73 f
  n771 (net)                                    4                   0.00       0.73 f
  U1516/ZN (NOR3V2_140P7T35R)                             0.05      0.04       0.77 r
  n773 (net)                                    4                   0.00       0.77 r
  U1524/ZN (NAND2V2_140P7T35R)                            0.38      0.23       0.99 f
  n368 (net)                                   17                   0.00       0.99 f
  U1698/ZN (AOI22V2_140P7T35R)                            0.31      0.32       1.32 r
  weight_addr[98] (net)                         8                   0.00       1.32 r
  g_weight_1__u_weight/addr_i[0] (sram_bank_128x256_14)             0.00       1.32 r
  g_weight_1__u_weight/addr_i[0] (net)                              0.00       1.32 r
  g_weight_1__u_weight/g_bank_6__u_macro/addr_i[0] (hs128x32_wrapper_113)
                                                                    0.00       1.32 r
  g_weight_1__u_weight/g_bank_6__u_macro/addr_i[0] (net)            0.00       1.32 r
  g_weight_1__u_weight/g_bank_6__u_macro/u_sram/A[0] (HS128X32)
                                                          0.31      0.00       1.32 r
  data arrival time                                                            1.32

  clock clk (rise edge)                                             4.00       4.00
  clock network delay (ideal)                                       0.00       4.00
  clock uncertainty                                                -0.15       3.85
  g_weight_1__u_weight/g_bank_6__u_macro/u_sram/CLK (HS128X32)      0.00       3.85 r
  library setup time                                               -0.18       3.67
  data required time                                                           3.67
  ------------------------------------------------------------------------------------
  data required time                                                           3.67
  data arrival time                                                           -1.32
  ------------------------------------------------------------------------------------
  slack (MET)                                                                  2.36


  Startpoint: cfg_word_i[0]
              (input port clocked by clk)
  Endpoint: g_weight_1__u_weight/g_bank_6__u_macro/u_sram
            (rising edge-triggered flip-flop clocked by clk)
  Path Group: clk
  Path Type: max

  Point                                       Fanout     Trans      Incr       Path
  ------------------------------------------------------------------------------------
  clock clk (rise edge)                                             0.00       0.00
  clock network delay (ideal)                                       0.00       0.00
  input external delay                                              0.50       0.50 r
  cfg_word_i[0] (in)                                      0.01      0.01       0.51 r
  cfg_word_i[0] (net)                           5                   0.00       0.51 r
  u_config/cfg_word_i[0] (stage1_config_frontend)                   0.00       0.51 r
  u_config/cfg_word_i[0] (net)                                      0.00       0.51 r
  u_config/U79/ZN (INV2_140P7T35R)                        0.02      0.01       0.52 f
  u_config/n34 (net)                            5                   0.00       0.52 f
  u_config/U96/ZN (AOI22V2_140P7T35R)                     0.02      0.02       0.54 r
  u_config/n3 (net)                             1                   0.00       0.54 r
  u_config/U97/ZN (OAI212V2_140P7T35R)                    0.02      0.02       0.56 f
  u_config/n6 (net)                             1                   0.00       0.56 f
  u_config/U102/ZN (NOR4V2_140P7T35R)                     0.03      0.03       0.60 r
  u_config/n19 (net)                            1                   0.00       0.60 r
  u_config/U118/ZN (NAND4V1P5_140P7T35R)                  0.04      0.03       0.63 f
  u_config/n207 (net)                           3                   0.00       0.63 f
  u_config/U41/ZN (NOR2V2_140P7T35R)                      0.04      0.04       0.67 r
  u_config/n106 (net)                           5                   0.00       0.67 r
  u_config/U195/ZN (NAND2XBV2_140P7T35R)                  0.02      0.02       0.69 f
  u_config/n28 (net)                            2                   0.00       0.69 f
  u_config/U197/ZN (NOR2V2_140P7T35R)                     0.03      0.02       0.71 r
  u_config/weight_load_en_o (net)               2                   0.00       0.71 r
  u_config/weight_load_en_o (stage1_config_frontend)                0.00       0.71 r
  weight_load_en_i (net)                                            0.00       0.71 r
  U1506/ZN (INV2_140P7T35R)                               0.02      0.02       0.73 f
  n771 (net)                                    4                   0.00       0.73 f
  U1516/ZN (NOR3V2_140P7T35R)                             0.05      0.04       0.77 r
  n773 (net)                                    4                   0.00       0.77 r
  U1524/ZN (NAND2V2_140P7T35R)                            0.38      0.23       0.99 f
  n368 (net)                                   17                   0.00       0.99 f
  U1699/ZN (AOI22V2_140P7T35R)                            0.31      0.32       1.32 r
  weight_addr[99] (net)                         8                   0.00       1.32 r
  g_weight_1__u_weight/addr_i[1] (sram_bank_128x256_14)             0.00       1.32 r
  g_weight_1__u_weight/addr_i[1] (net)                              0.00       1.32 r
  g_weight_1__u_weight/g_bank_6__u_macro/addr_i[1] (hs128x32_wrapper_113)
                                                                    0.00       1.32 r
  g_weight_1__u_weight/g_bank_6__u_macro/addr_i[1] (net)            0.00       1.32 r
  g_weight_1__u_weight/g_bank_6__u_macro/u_sram/A[1] (HS128X32)
                                                          0.31      0.00       1.32 r
  data arrival time                                                            1.32

  clock clk (rise edge)                                             4.00       4.00
  clock network delay (ideal)                                       0.00       4.00
  clock uncertainty                                                -0.15       3.85
  g_weight_1__u_weight/g_bank_6__u_macro/u_sram/CLK (HS128X32)      0.00       3.85 r
  library setup time                                               -0.18       3.67
  data required time                                                           3.67
  ------------------------------------------------------------------------------------
  data required time                                                           3.67
  data arrival time                                                           -1.32
  ------------------------------------------------------------------------------------
  slack (MET)                                                                  2.36


1
