****************************************
Report : Averaged Power
	-hierarchy
	-levels 4
	-verbose
Design : stage1_tile
Version: V-2023.12-SP5-2
Date   : Tue Aug 18 18:15:51 2026
****************************************

Library(s) Used:

    scc28nhkcp_hdc35p140_rvt_tt_v0p9_25c_basic (File: /share/ScLib/smic/smic28hkmg/SCC28NHKCP_HDC35P140_RVT_CDK_V0.2/SCC28NHKCP_HDC35P140_RVT_V0p2/liberty/0.9v/scc28nhkcp_hdc35p140_rvt_tt_v0p9_25c_basic.db)
    HS128X32_tt_ctypical_0p90v_0p90v_25c (File: /share/home/ST015_YRR/work/07_AI_work/HSS/stage1_tile/memory/HS128X32/db/HS128X32_tt_ctypical_0p90v_0p90v_25c.db)


Operating Conditions: tt_v0p9_25c   Library: scc28nhkcp_hdc35p140_rvt_tt_v0p9_25c_basic
Wire Load Model Mode: top

<no wire load model is set>

Power-specific unit information :
    Voltage Units = 1 V
    Capacitance Units = 1 pf
    Time Units = 1 ns
    Dynamic Power Units = 1 W
    Leakage Power Units = 1 W



                                      Int      Switch   Leak     Total
Hierarchy                             Power    Power    Power    Power    %
----------------------------------------------------------------------------------
stage1_tile                           2.36e-02 1.50e-03 2.03e-03 2.71e-02 100.0
  g_pair_6__u_pair (stage1_lane_pair_1)
                                      1.51e-03 1.31e-04 5.00e-05 1.69e-03   6.2
    u_gate (stage1_path_engine_3)     7.55e-04 6.51e-05 2.50e-05 8.45e-04   3.1
      DP_OP_657J3_147_2117 (stage1_path_engine_0_DP_OP_657J3_147_2117_J3_0_3)
                                      2.14e-07 6.54e-08 7.44e-08 3.54e-07   0.0
      DP_OP_670J3_160_8083 (stage1_path_engine_0_DP_OP_670J3_160_8083_J3_0_3)
                                         0.000    0.000 3.25e-07 3.25e-07   0.0
      DP_OP_673J3_163_589 (stage1_path_engine_0_DP_OP_673J3_163_589_J3_0_3)
                                         0.000    0.000 3.66e-07 3.66e-07   0.0
      DP_OP_643J3_133_2117 (stage1_path_engine_0_DP_OP_643J3_133_2117_J3_0_3)
                                      2.16e-07 6.16e-08 7.46e-08 3.53e-07   0.0
      add_x_33 (stage1_path_engine_0_DW01_add_J3_1_3)
                                         0.000    0.000 1.37e-07 1.37e-07   0.0
      DP_OP_660J3_150_2117 (stage1_path_engine_0_DP_OP_660J3_150_2117_J3_0_3)
                                      2.33e-07 6.94e-08 7.36e-08 3.76e-07   0.0
      DP_OP_658J3_148_2117 (stage1_path_engine_0_DP_OP_658J3_148_2117_J3_0_3)
                                      2.13e-07 6.14e-08 7.52e-08 3.49e-07   0.0
      DP_OP_671J3_161_8083 (stage1_path_engine_0_DP_OP_671J3_161_8083_J3_0_3)
                                         0.000    0.000 3.25e-07 3.25e-07   0.0
      DP_OP_644J3_134_2117 (stage1_path_engine_0_DP_OP_644J3_134_2117_J3_0_3)
                                      2.33e-07 6.94e-08 7.36e-08 3.76e-07   0.0
      DP_OP_667J3_157_8083 (stage1_path_engine_0_DP_OP_667J3_157_8083_J3_0_3)
                                         0.000    0.000 3.25e-07 3.25e-07   0.0
      DP_OP_661J3_151_2117 (stage1_path_engine_0_DP_OP_661J3_151_2117_J3_0_3)
                                      2.31e-07 6.98e-08 7.20e-08 3.73e-07   0.0
      DP_OP_659J3_149_2117 (stage1_path_engine_0_DP_OP_659J3_149_2117_J3_0_3)
                                      2.16e-07 6.16e-08 7.46e-08 3.53e-07   0.0
      add_x_194 (stage1_path_engine_0_DW01_add_J3_0_3)
                                         0.000    0.000 1.90e-07 1.90e-07   0.0
      DP_OP_645J3_135_2117 (stage1_path_engine_0_DP_OP_645J3_135_2117_J3_0_3)
                                      2.31e-07 6.98e-08 7.20e-08 3.73e-07   0.0
      DP_OP_668J3_158_8083 (stage1_path_engine_0_DP_OP_668J3_158_8083_J3_0_3)
                                         0.000    0.000 3.25e-07 3.25e-07   0.0
      DP_OP_662J3_152_2117 (stage1_path_engine_0_DP_OP_662J3_152_2117_J3_0_3)
                                      2.37e-07 7.17e-08 7.16e-08 3.80e-07   0.0
      DP_OP_646J3_136_2117 (stage1_path_engine_0_DP_OP_646J3_136_2117_J3_0_3)
                                      2.37e-07 7.17e-08 7.16e-08 3.80e-07   0.0
      DP_OP_669J3_159_8083 (stage1_path_engine_0_DP_OP_669J3_159_8083_J3_0_3)
                                         0.000    0.000 3.25e-07 3.25e-07   0.0
      DP_OP_663J3_153_2117 (stage1_path_engine_0_DP_OP_663J3_153_2117_J3_0_3)
                                      2.41e-07 7.41e-08 7.16e-08 3.87e-07   0.0
      DP_OP_632J3_122_2117 (stage1_path_engine_0_DP_OP_632J3_122_2117_J3_0_3)
                                      2.19e-07 6.81e-08 7.26e-08 3.60e-07   0.0
      DP_OP_647J3_137_2117 (stage1_path_engine_0_DP_OP_647J3_137_2117_J3_0_3)
                                      2.41e-07 7.41e-08 7.16e-08 3.87e-07   0.0
      DP_OP_633J3_123_2117 (stage1_path_engine_0_DP_OP_633J3_123_2117_J3_0_3)
                                      2.14e-07 6.54e-08 7.44e-08 3.54e-07   0.0
      DP_OP_650J3_140_2117 (stage1_path_engine_0_DP_OP_650J3_140_2117_J3_0_3)
                                      2.13e-07 6.14e-08 7.52e-08 3.49e-07   0.0
      DP_OP_648J3_138_2117 (stage1_path_engine_0_DP_OP_648J3_138_2117_J3_0_3)
                                      2.19e-07 6.81e-08 7.26e-08 3.60e-07   0.0
      DP_OP_634J3_124_2117 (stage1_path_engine_0_DP_OP_634J3_124_2117_J3_0_3)
                                      2.13e-07 6.14e-08 7.52e-08 3.49e-07   0.0
      DP_OP_651J3_141_2117 (stage1_path_engine_0_DP_OP_651J3_141_2117_J3_0_3)
                                      2.16e-07 6.16e-08 7.46e-08 3.53e-07   0.0
      DP_OP_649J3_139_2117 (stage1_path_engine_0_DP_OP_649J3_139_2117_J3_0_3)
                                      2.14e-07 6.54e-08 7.44e-08 3.54e-07   0.0
      DP_OP_635J3_125_2117 (stage1_path_engine_0_DP_OP_635J3_125_2117_J3_0_3)
                                      2.16e-07 6.16e-08 7.46e-08 3.53e-07   0.0
      DP_OP_652J3_142_2117 (stage1_path_engine_0_DP_OP_652J3_142_2117_J3_0_3)
                                      2.33e-07 6.94e-08 7.36e-08 3.76e-07   0.0
      DP_OP_636J3_126_2117 (stage1_path_engine_0_DP_OP_636J3_126_2117_J3_0_3)
                                      2.33e-07 6.94e-08 7.36e-08 3.76e-07   0.0
      mult_x_10 (stage1_path_engine_0_DW_mult_tc_J3_22_3)
                                      2.34e-06 1.41e-06 3.17e-07 4.07e-06   0.0
      mult_x_11 (stage1_path_engine_0_DW_mult_tc_J3_21_3)
                                      2.34e-06 1.42e-06 3.30e-07 4.08e-06   0.0
      mult_x_12 (stage1_path_engine_0_DW_mult_tc_J3_20_3)
                                      2.40e-06 1.45e-06 3.33e-07 4.18e-06   0.0
      mult_x_13 (stage1_path_engine_0_DW_mult_tc_J3_19_3)
                                      2.36e-06 1.42e-06 3.19e-07 4.10e-06   0.0
      mult_x_14 (stage1_path_engine_0_DW_mult_tc_J3_18_3)
                                      2.42e-06 1.44e-06 3.31e-07 4.20e-06   0.0
      mult_x_15 (stage1_path_engine_0_DW_mult_tc_J3_17_3)
                                      2.34e-06 1.41e-06 3.17e-07 4.07e-06   0.0
      mult_x_16 (stage1_path_engine_0_DW_mult_tc_J3_16_3)
                                      2.35e-06 1.42e-06 3.30e-07 4.11e-06   0.0
      mult_x_17 (stage1_path_engine_0_DW_mult_tc_J3_15_3)
                                      2.40e-06 1.44e-06 3.33e-07 4.18e-06   0.0
      mult_x_18 (stage1_path_engine_0_DW_mult_tc_J3_14_3)
                                      2.34e-06 1.41e-06 3.19e-07 4.08e-06   0.0
      mult_x_19 (stage1_path_engine_0_DW_mult_tc_J3_13_3)
                                      2.40e-06 1.43e-06 3.31e-07 4.17e-06   0.0
      DP_OP_653J3_143_2117 (stage1_path_engine_0_DP_OP_653J3_143_2117_J3_0_3)
                                      2.31e-07 6.98e-08 7.20e-08 3.73e-07   0.0
      mult_x_20 (stage1_path_engine_0_DW_mult_tc_J3_12_3)
                                      2.36e-06 1.42e-06 3.17e-07 4.09e-06   0.0
      mult_x_21 (stage1_path_engine_0_DW_mult_tc_J3_11_3)
                                      2.35e-06 1.42e-06 3.30e-07 4.10e-06   0.0
      mult_x_22 (stage1_path_engine_0_DW_mult_tc_J3_10_3)
                                      2.40e-06 1.44e-06 3.33e-07 4.17e-06   0.0
      mult_x_23 (stage1_path_engine_0_DW_mult_tc_J3_9_3)
                                      2.34e-06 1.41e-06 3.19e-07 4.07e-06   0.0
      mult_x_24 (stage1_path_engine_0_DW_mult_tc_J3_8_3)
                                      2.42e-06 1.44e-06 3.31e-07 4.19e-06   0.0
      mult_x_25 (stage1_path_engine_0_DW_mult_tc_J3_7_3)
                                      2.36e-06 1.42e-06 3.17e-07 4.09e-06   0.0
      mult_x_26 (stage1_path_engine_0_DW_mult_tc_J3_6_3)
                                      2.33e-06 1.41e-06 3.30e-07 4.08e-06   0.0
      mult_x_27 (stage1_path_engine_0_DW_mult_tc_J3_5_3)
                                      2.39e-06 1.44e-06 3.33e-07 4.16e-06   0.0
      mult_x_28 (stage1_path_engine_0_DW_mult_tc_J3_4_3)
                                      2.37e-06 1.42e-06 3.19e-07 4.12e-06   0.0
      mult_x_29 (stage1_path_engine_0_DW_mult_tc_J3_3_3)
                                      2.41e-06 1.44e-06 3.31e-07 4.18e-06   0.0
      mult_x_30 (stage1_path_engine_0_DW_mult_tc_J3_2_3)
                                      2.36e-06 1.42e-06 3.17e-07 4.09e-06   0.0
      mult_x_31 (stage1_path_engine_0_DW_mult_tc_J3_1_3)
                                      2.33e-06 1.41e-06 3.30e-07 4.07e-06   0.0
      mult_x_32 (stage1_path_engine_0_DW_mult_tc_J3_0_3)
                                      2.38e-06 1.44e-06 3.33e-07 4.15e-06   0.0
      DP_OP_664J3_154_8083 (stage1_path_engine_0_DP_OP_664J3_154_8083_J3_0_3)
                                         0.000    0.000 3.25e-07 3.25e-07   0.0
      mult_x_1 (stage1_path_engine_0_DW_mult_tc_J3_31_3)
                                      2.34e-06 1.42e-06 3.30e-07 4.09e-06   0.0
      mult_x_2 (stage1_path_engine_0_DW_mult_tc_J3_30_3)
                                      2.38e-06 1.44e-06 3.33e-07 4.15e-06   0.0
      mult_x_3 (stage1_path_engine_0_DW_mult_tc_J3_29_3)
                                      2.38e-06 1.43e-06 3.19e-07 4.13e-06   0.0
      mult_x_4 (stage1_path_engine_0_DW_mult_tc_J3_28_3)
                                      2.43e-06 1.45e-06 3.31e-07 4.21e-06   0.0
      mult_x_5 (stage1_path_engine_0_DW_mult_tc_J3_27_3)
                                      2.34e-06 1.41e-06 3.17e-07 4.06e-06   0.0
      mult_x_6 (stage1_path_engine_0_DW_mult_tc_J3_26_3)
                                      2.33e-06 1.41e-06 3.30e-07 4.07e-06   0.0
      mult_x_7 (stage1_path_engine_0_DW_mult_tc_J3_25_3)
                                      2.40e-06 1.45e-06 3.33e-07 4.18e-06   0.0
      mult_x_8 (stage1_path_engine_0_DW_mult_tc_J3_24_3)
                                      2.37e-06 1.43e-06 3.19e-07 4.12e-06   0.0
      mult_x_9 (stage1_path_engine_0_DW_mult_tc_J3_23_3)
                                      2.41e-06 1.44e-06 3.31e-07 4.18e-06   0.0
      DP_OP_637J3_127_2117 (stage1_path_engine_0_DP_OP_637J3_127_2117_J3_0_3)
                                      2.31e-07 6.98e-08 7.20e-08 3.73e-07   0.0
      DP_OP_654J3_144_2117 (stage1_path_engine_0_DP_OP_654J3_144_2117_J3_0_3)
                                      2.37e-07 7.17e-08 7.16e-08 3.80e-07   0.0
      DP_OP_665J3_155_8083 (stage1_path_engine_0_DP_OP_665J3_155_8083_J3_0_3)
                                         0.000    0.000 3.25e-07 3.25e-07   0.0
      DP_OP_640J3_130_2117 (stage1_path_engine_0_DP_OP_640J3_130_2117_J3_0_3)
                                      2.19e-07 6.81e-08 7.26e-08 3.60e-07   0.0
      DP_OP_638J3_128_2117 (stage1_path_engine_0_DP_OP_638J3_128_2117_J3_0_3)
                                      2.37e-07 7.17e-08 7.16e-08 3.80e-07   0.0
      DP_OP_655J3_145_2117 (stage1_path_engine_0_DP_OP_655J3_145_2117_J3_0_3)
                                      2.41e-07 7.41e-08 7.16e-08 3.87e-07   0.0
      DP_OP_666J3_156_8083 (stage1_path_engine_0_DP_OP_666J3_156_8083_J3_0_3)
                                         0.000    0.000 3.25e-07 3.25e-07   0.0
      DP_OP_641J3_131_2117 (stage1_path_engine_0_DP_OP_641J3_131_2117_J3_0_3)
                                      2.14e-07 6.54e-08 7.44e-08 3.54e-07   0.0
      DP_OP_639J3_129_2117 (stage1_path_engine_0_DP_OP_639J3_129_2117_J3_0_3)
                                      2.41e-07 7.41e-08 7.16e-08 3.87e-07   0.0
      DP_OP_656J3_146_2117 (stage1_path_engine_0_DP_OP_656J3_146_2117_J3_0_3)
                                      2.19e-07 6.81e-08 7.26e-08 3.60e-07   0.0
      DP_OP_672J3_162_589 (stage1_path_engine_0_DP_OP_672J3_162_589_J3_0_3)
                                         0.000    0.000 3.66e-07 3.66e-07   0.0
      DP_OP_642J3_132_2117 (stage1_path_engine_0_DP_OP_642J3_132_2117_J3_0_3)
                                      2.13e-07 6.14e-08 7.52e-08 3.49e-07   0.0
    u_up (stage1_path_engine_2)       7.56e-04 6.55e-05 2.49e-05 8.46e-04   3.1
      DP_OP_657J3_147_2117 (stage1_path_engine_0_DP_OP_657J3_147_2117_J3_0_2)
                                      2.55e-07 8.06e-08 7.27e-08 4.08e-07   0.0
      DP_OP_670J3_160_8083 (stage1_path_engine_0_DP_OP_670J3_160_8083_J3_0_2)
                                         0.000    0.000 3.25e-07 3.25e-07   0.0
      DP_OP_673J3_163_589 (stage1_path_engine_0_DP_OP_673J3_163_589_J3_0_2)
                                         0.000    0.000 3.66e-07 3.66e-07   0.0
      DP_OP_643J3_133_2117 (stage1_path_engine_0_DP_OP_643J3_133_2117_J3_0_2)
                                      2.53e-07 7.52e-08 7.44e-08 4.02e-07   0.0
      add_x_33 (stage1_path_engine_0_DW01_add_J3_1_2)
                                         0.000    0.000 1.37e-07 1.37e-07   0.0
      DP_OP_660J3_150_2117 (stage1_path_engine_0_DP_OP_660J3_150_2117_J3_0_2)
                                      2.67e-07 8.32e-08 7.30e-08 4.23e-07   0.0
      DP_OP_658J3_148_2117 (stage1_path_engine_0_DP_OP_658J3_148_2117_J3_0_2)
                                      2.74e-07 8.47e-08 7.38e-08 4.32e-07   0.0
      DP_OP_671J3_161_8083 (stage1_path_engine_0_DP_OP_671J3_161_8083_J3_0_2)
                                         0.000    0.000 3.25e-07 3.25e-07   0.0
      DP_OP_644J3_134_2117 (stage1_path_engine_0_DP_OP_644J3_134_2117_J3_0_2)
                                      2.67e-07 8.32e-08 7.30e-08 4.23e-07   0.0
      DP_OP_667J3_157_8083 (stage1_path_engine_0_DP_OP_667J3_157_8083_J3_0_2)
                                         0.000    0.000 3.25e-07 3.25e-07   0.0
      DP_OP_661J3_151_2117 (stage1_path_engine_0_DP_OP_661J3_151_2117_J3_0_2)
                                      2.56e-07 7.92e-08 7.19e-08 4.07e-07   0.0
      DP_OP_659J3_149_2117 (stage1_path_engine_0_DP_OP_659J3_149_2117_J3_0_2)
                                      2.53e-07 7.52e-08 7.44e-08 4.02e-07   0.0
      add_x_194 (stage1_path_engine_0_DW01_add_J3_0_2)
                                         0.000    0.000 1.90e-07 1.90e-07   0.0
      DP_OP_645J3_135_2117 (stage1_path_engine_0_DP_OP_645J3_135_2117_J3_0_2)
                                      2.56e-07 7.92e-08 7.19e-08 4.07e-07   0.0
      DP_OP_668J3_158_8083 (stage1_path_engine_0_DP_OP_668J3_158_8083_J3_0_2)
                                         0.000    0.000 3.25e-07 3.25e-07   0.0
      DP_OP_662J3_152_2117 (stage1_path_engine_0_DP_OP_662J3_152_2117_J3_0_2)
                                      2.59e-07 8.09e-08 7.06e-08 4.11e-07   0.0
      DP_OP_646J3_136_2117 (stage1_path_engine_0_DP_OP_646J3_136_2117_J3_0_2)
                                      2.59e-07 8.09e-08 7.06e-08 4.11e-07   0.0
      DP_OP_669J3_159_8083 (stage1_path_engine_0_DP_OP_669J3_159_8083_J3_0_2)
                                         0.000    0.000 3.25e-07 3.25e-07   0.0
      DP_OP_663J3_153_2117 (stage1_path_engine_0_DP_OP_663J3_153_2117_J3_0_2)
                                      2.63e-07 8.26e-08 7.05e-08 4.16e-07   0.0
      DP_OP_632J3_122_2117 (stage1_path_engine_0_DP_OP_632J3_122_2117_J3_0_2)
                                      2.42e-07 7.76e-08 7.05e-08 3.91e-07   0.0
      DP_OP_647J3_137_2117 (stage1_path_engine_0_DP_OP_647J3_137_2117_J3_0_2)
                                      2.63e-07 8.26e-08 7.05e-08 4.16e-07   0.0
      DP_OP_633J3_123_2117 (stage1_path_engine_0_DP_OP_633J3_123_2117_J3_0_2)
                                      2.55e-07 8.06e-08 7.27e-08 4.08e-07   0.0
      DP_OP_650J3_140_2117 (stage1_path_engine_0_DP_OP_650J3_140_2117_J3_0_2)
                                      2.74e-07 8.47e-08 7.38e-08 4.32e-07   0.0
      DP_OP_648J3_138_2117 (stage1_path_engine_0_DP_OP_648J3_138_2117_J3_0_2)
                                      2.42e-07 7.76e-08 7.05e-08 3.91e-07   0.0
      DP_OP_634J3_124_2117 (stage1_path_engine_0_DP_OP_634J3_124_2117_J3_0_2)
                                      2.74e-07 8.47e-08 7.38e-08 4.32e-07   0.0
      DP_OP_651J3_141_2117 (stage1_path_engine_0_DP_OP_651J3_141_2117_J3_0_2)
                                      2.53e-07 7.52e-08 7.44e-08 4.02e-07   0.0
      DP_OP_649J3_139_2117 (stage1_path_engine_0_DP_OP_649J3_139_2117_J3_0_2)
                                      2.55e-07 8.06e-08 7.27e-08 4.08e-07   0.0
      DP_OP_635J3_125_2117 (stage1_path_engine_0_DP_OP_635J3_125_2117_J3_0_2)
                                      2.53e-07 7.52e-08 7.44e-08 4.02e-07   0.0
      DP_OP_652J3_142_2117 (stage1_path_engine_0_DP_OP_652J3_142_2117_J3_0_2)
                                      2.67e-07 8.32e-08 7.30e-08 4.23e-07   0.0
      DP_OP_636J3_126_2117 (stage1_path_engine_0_DP_OP_636J3_126_2117_J3_0_2)
                                      2.67e-07 8.32e-08 7.30e-08 4.23e-07   0.0
      mult_x_10 (stage1_path_engine_0_DW_mult_tc_J3_22_2)
                                      2.42e-06 1.44e-06 3.31e-07 4.19e-06   0.0
      mult_x_11 (stage1_path_engine_0_DW_mult_tc_J3_21_2)
                                      2.34e-06 1.41e-06 3.17e-07 4.06e-06   0.0
      mult_x_12 (stage1_path_engine_0_DW_mult_tc_J3_20_2)
                                      2.36e-06 1.43e-06 3.30e-07 4.11e-06   0.0
      mult_x_13 (stage1_path_engine_0_DW_mult_tc_J3_19_2)
                                      2.37e-06 1.43e-06 3.33e-07 4.13e-06   0.0
      mult_x_14 (stage1_path_engine_0_DW_mult_tc_J3_18_2)
                                      2.37e-06 1.42e-06 3.19e-07 4.11e-06   0.0
      mult_x_15 (stage1_path_engine_0_DW_mult_tc_J3_17_2)
                                      2.41e-06 1.44e-06 3.31e-07 4.18e-06   0.0
      mult_x_16 (stage1_path_engine_0_DW_mult_tc_J3_16_2)
                                      2.34e-06 1.41e-06 3.17e-07 4.07e-06   0.0
      mult_x_17 (stage1_path_engine_0_DW_mult_tc_J3_15_2)
                                      2.36e-06 1.43e-06 3.30e-07 4.11e-06   0.0
      mult_x_18 (stage1_path_engine_0_DW_mult_tc_J3_14_2)
                                      2.38e-06 1.43e-06 3.33e-07 4.14e-06   0.0
      mult_x_19 (stage1_path_engine_0_DW_mult_tc_J3_13_2)
                                      2.37e-06 1.43e-06 3.19e-07 4.11e-06   0.0
      DP_OP_653J3_143_2117 (stage1_path_engine_0_DP_OP_653J3_143_2117_J3_0_2)
                                      2.56e-07 7.92e-08 7.19e-08 4.07e-07   0.0
      mult_x_20 (stage1_path_engine_0_DW_mult_tc_J3_12_2)
                                      2.42e-06 1.44e-06 3.31e-07 4.19e-06   0.0
      mult_x_21 (stage1_path_engine_0_DW_mult_tc_J3_11_2)
                                      2.37e-06 1.42e-06 3.17e-07 4.10e-06   0.0
      mult_x_22 (stage1_path_engine_0_DW_mult_tc_J3_10_2)
                                      2.34e-06 1.42e-06 3.29e-07 4.08e-06   0.0
      mult_x_23 (stage1_path_engine_0_DW_mult_tc_J3_9_2)
                                      2.36e-06 1.42e-06 3.33e-07 4.11e-06   0.0
      mult_x_24 (stage1_path_engine_0_DW_mult_tc_J3_8_2)
                                      2.38e-06 1.43e-06 3.19e-07 4.14e-06   0.0
      mult_x_25 (stage1_path_engine_0_DW_mult_tc_J3_7_2)
                                      2.41e-06 1.44e-06 3.31e-07 4.18e-06   0.0
      mult_x_26 (stage1_path_engine_0_DW_mult_tc_J3_6_2)
                                      2.34e-06 1.41e-06 3.17e-07 4.07e-06   0.0
      mult_x_27 (stage1_path_engine_0_DW_mult_tc_J3_5_2)
                                      2.34e-06 1.42e-06 3.30e-07 4.09e-06   0.0
      mult_x_28 (stage1_path_engine_0_DW_mult_tc_J3_4_2)
                                      2.37e-06 1.43e-06 3.33e-07 4.13e-06   0.0
      mult_x_29 (stage1_path_engine_0_DW_mult_tc_J3_3_2)
                                      2.39e-06 1.44e-06 3.19e-07 4.14e-06   0.0
      mult_x_30 (stage1_path_engine_0_DW_mult_tc_J3_2_2)
                                      2.39e-06 1.42e-06 3.31e-07 4.15e-06   0.0
      mult_x_31 (stage1_path_engine_0_DW_mult_tc_J3_1_2)
                                      2.35e-06 1.41e-06 3.17e-07 4.08e-06   0.0
      mult_x_32 (stage1_path_engine_0_DW_mult_tc_J3_0_2)
                                      2.34e-06 1.42e-06 3.29e-07 4.09e-06   0.0
      DP_OP_664J3_154_8083 (stage1_path_engine_0_DP_OP_664J3_154_8083_J3_0_2)
                                         0.000    0.000 3.25e-07 3.25e-07   0.0
      mult_x_1 (stage1_path_engine_0_DW_mult_tc_J3_31_2)
                                      2.31e-06 1.40e-06 3.16e-07 4.02e-06   0.0
      mult_x_2 (stage1_path_engine_0_DW_mult_tc_J3_30_2)
                                      2.34e-06 1.42e-06 3.30e-07 4.10e-06   0.0
      mult_x_3 (stage1_path_engine_0_DW_mult_tc_J3_29_2)
                                      2.39e-06 1.44e-06 3.33e-07 4.16e-06   0.0
      mult_x_4 (stage1_path_engine_0_DW_mult_tc_J3_28_2)
                                      2.39e-06 1.44e-06 3.19e-07 4.15e-06   0.0
      mult_x_5 (stage1_path_engine_0_DW_mult_tc_J3_27_2)
                                      2.42e-06 1.44e-06 3.31e-07 4.19e-06   0.0
      mult_x_6 (stage1_path_engine_0_DW_mult_tc_J3_26_2)
                                      2.31e-06 1.39e-06 3.17e-07 4.02e-06   0.0
      mult_x_7 (stage1_path_engine_0_DW_mult_tc_J3_25_2)
                                      2.36e-06 1.43e-06 3.30e-07 4.12e-06   0.0
      mult_x_8 (stage1_path_engine_0_DW_mult_tc_J3_24_2)
                                      2.39e-06 1.44e-06 3.33e-07 4.16e-06   0.0
      mult_x_9 (stage1_path_engine_0_DW_mult_tc_J3_23_2)
                                      2.37e-06 1.43e-06 3.19e-07 4.12e-06   0.0
      DP_OP_637J3_127_2117 (stage1_path_engine_0_DP_OP_637J3_127_2117_J3_0_2)
                                      2.56e-07 7.92e-08 7.19e-08 4.07e-07   0.0
      DP_OP_654J3_144_2117 (stage1_path_engine_0_DP_OP_654J3_144_2117_J3_0_2)
                                      2.59e-07 8.09e-08 7.06e-08 4.11e-07   0.0
      DP_OP_665J3_155_8083 (stage1_path_engine_0_DP_OP_665J3_155_8083_J3_0_2)
                                         0.000    0.000 3.25e-07 3.25e-07   0.0
      DP_OP_640J3_130_2117 (stage1_path_engine_0_DP_OP_640J3_130_2117_J3_0_2)
                                      2.42e-07 7.76e-08 7.05e-08 3.91e-07   0.0
      DP_OP_638J3_128_2117 (stage1_path_engine_0_DP_OP_638J3_128_2117_J3_0_2)
                                      2.59e-07 8.09e-08 7.06e-08 4.11e-07   0.0
      DP_OP_655J3_145_2117 (stage1_path_engine_0_DP_OP_655J3_145_2117_J3_0_2)
                                      2.63e-07 8.26e-08 7.05e-08 4.16e-07   0.0
      DP_OP_666J3_156_8083 (stage1_path_engine_0_DP_OP_666J3_156_8083_J3_0_2)
                                         0.000    0.000 3.25e-07 3.25e-07   0.0
      DP_OP_641J3_131_2117 (stage1_path_engine_0_DP_OP_641J3_131_2117_J3_0_2)
                                      2.55e-07 8.06e-08 7.27e-08 4.08e-07   0.0
      DP_OP_639J3_129_2117 (stage1_path_engine_0_DP_OP_639J3_129_2117_J3_0_2)
                                      2.63e-07 8.26e-08 7.05e-08 4.16e-07   0.0
      DP_OP_656J3_146_2117 (stage1_path_engine_0_DP_OP_656J3_146_2117_J3_0_2)
                                      2.42e-07 7.76e-08 7.05e-08 3.91e-07   0.0
      DP_OP_672J3_162_589 (stage1_path_engine_0_DP_OP_672J3_162_589_J3_0_2)
                                         0.000    0.000 3.66e-07 3.66e-07   0.0
      DP_OP_642J3_132_2117 (stage1_path_engine_0_DP_OP_642J3_132_2117_J3_0_2)
                                      2.74e-07 8.47e-08 7.38e-08 4.32e-07   0.0
  DP_OP_264J1_122_5275 (stage1_tile_DP_OP_264J1_122_5275_J1_0)
                                      1.14e-06 4.76e-07 1.35e-07 1.75e-06   0.0
  g_weight_1__u_weight (sram_bank_128x256_14)
                                      4.91e-04 6.20e-06 9.45e-05 5.92e-04   2.2
    g_bank_6__u_macro (hs128x32_wrapper_113)
                                      6.14e-05 7.76e-07 1.18e-05 7.40e-05   0.3
    g_bank_5__u_macro (hs128x32_wrapper_114)
                                      6.14e-05 7.75e-07 1.18e-05 7.40e-05   0.3
    g_bank_4__u_macro (hs128x32_wrapper_115)
                                      6.14e-05 7.76e-07 1.18e-05 7.40e-05   0.3
    g_bank_0__u_macro (hs128x32_wrapper_119)
                                      6.14e-05 7.75e-07 1.18e-05 7.40e-05   0.3
    g_bank_3__u_macro (hs128x32_wrapper_116)
                                      6.14e-05 7.75e-07 1.18e-05 7.40e-05   0.3
    g_bank_2__u_macro (hs128x32_wrapper_117)
                                      6.14e-05 7.75e-07 1.18e-05 7.40e-05   0.3
    g_bank_1__u_macro (hs128x32_wrapper_118)
                                      6.14e-05 7.76e-07 1.18e-05 7.40e-05   0.3
    g_bank_7__u_macro (hs128x32_wrapper_112)
                                      6.14e-05 7.75e-07 1.18e-05 7.40e-05   0.3
  DP_OP_277J1_135_5275 (stage1_tile_DP_OP_277J1_135_5275_J1_0)
                                      8.44e-07 3.60e-07 1.38e-07 1.34e-06   0.0
  u_delay (sram_bank_128x128_0)       5.19e-04 9.86e-06 4.73e-05 5.76e-04   2.1
    g_bank_1__u_macro (hs128x32_wrapper_130)
                                      1.30e-04 2.47e-06 1.18e-05 1.44e-04   0.5
    g_bank_2__u_macro (hs128x32_wrapper_129)
                                      1.30e-04 2.47e-06 1.18e-05 1.44e-04   0.5
    g_bank_3__u_macro (hs128x32_wrapper_128)
                                      1.30e-04 2.47e-06 1.18e-05 1.44e-04   0.5
    g_bank_0__u_macro (hs128x32_wrapper_131)
                                      1.30e-04 2.47e-06 1.18e-05 1.44e-04   0.5
  g_pair_5__u_pair (stage1_lane_pair_2)
                                      1.62e-03 1.76e-04 4.95e-05 1.84e-03   6.8
    u_gate (stage1_path_engine_5)     8.08e-04 8.73e-05 2.47e-05 9.20e-04   3.4
      DP_OP_657J3_147_2117 (stage1_path_engine_0_DP_OP_657J3_147_2117_J3_0_5)
                                      1.68e-07 4.91e-08 6.51e-08 2.82e-07   0.0
      DP_OP_670J3_160_8083 (stage1_path_engine_0_DP_OP_670J3_160_8083_J3_0_5)
                                      1.67e-06 5.76e-07 3.29e-07 2.58e-06   0.0
      DP_OP_673J3_163_589 (stage1_path_engine_0_DP_OP_673J3_163_589_J3_0_5)
                                      2.38e-06 7.68e-07 3.66e-07 3.51e-06   0.0
      DP_OP_643J3_133_2117 (stage1_path_engine_0_DP_OP_643J3_133_2117_J3_0_5)
                                      2.55e-07 7.87e-08 6.82e-08 4.02e-07   0.0
      add_x_33 (stage1_path_engine_0_DW01_add_J3_1_5)
                                      7.85e-07 1.78e-07 1.36e-07 1.10e-06   0.0
      DP_OP_660J3_150_2117 (stage1_path_engine_0_DP_OP_660J3_150_2117_J3_0_5)
                                      2.51e-07 7.83e-08 6.88e-08 3.98e-07   0.0
      DP_OP_658J3_148_2117 (stage1_path_engine_0_DP_OP_658J3_148_2117_J3_0_5)
                                      2.29e-07 6.96e-08 6.65e-08 3.65e-07   0.0
      DP_OP_671J3_161_8083 (stage1_path_engine_0_DP_OP_671J3_161_8083_J3_0_5)
                                      1.51e-06 5.24e-07 3.28e-07 2.37e-06   0.0
      DP_OP_644J3_134_2117 (stage1_path_engine_0_DP_OP_644J3_134_2117_J3_0_5)
                                      2.51e-07 7.83e-08 6.88e-08 3.98e-07   0.0
      DP_OP_667J3_157_8083 (stage1_path_engine_0_DP_OP_667J3_157_8083_J3_0_5)
                                      1.52e-06 5.29e-07 3.29e-07 2.38e-06   0.0
      DP_OP_661J3_151_2117 (stage1_path_engine_0_DP_OP_661J3_151_2117_J3_0_5)
                                      2.28e-07 7.04e-08 6.90e-08 3.67e-07   0.0
      DP_OP_659J3_149_2117 (stage1_path_engine_0_DP_OP_659J3_149_2117_J3_0_5)
                                      2.55e-07 7.87e-08 6.82e-08 4.02e-07   0.0
      add_x_194 (stage1_path_engine_0_DW01_add_J3_0_5)
                                      1.08e-06 2.26e-07 1.89e-07 1.50e-06   0.0
      DP_OP_645J3_135_2117 (stage1_path_engine_0_DP_OP_645J3_135_2117_J3_0_5)
                                      2.28e-07 7.04e-08 6.90e-08 3.67e-07   0.0
      DP_OP_668J3_158_8083 (stage1_path_engine_0_DP_OP_668J3_158_8083_J3_0_5)
                                      1.70e-06 5.79e-07 3.28e-07 2.61e-06   0.0
      DP_OP_662J3_152_2117 (stage1_path_engine_0_DP_OP_662J3_152_2117_J3_0_5)
                                      2.12e-07 6.36e-08 6.86e-08 3.44e-07   0.0
      DP_OP_646J3_136_2117 (stage1_path_engine_0_DP_OP_646J3_136_2117_J3_0_5)
                                      2.12e-07 6.36e-08 6.86e-08 3.44e-07   0.0
      DP_OP_669J3_159_8083 (stage1_path_engine_0_DP_OP_669J3_159_8083_J3_0_5)
                                      1.68e-06 5.66e-07 3.28e-07 2.58e-06   0.0
      DP_OP_663J3_153_2117 (stage1_path_engine_0_DP_OP_663J3_153_2117_J3_0_5)
                                      1.94e-07 5.75e-08 6.65e-08 3.17e-07   0.0
      DP_OP_632J3_122_2117 (stage1_path_engine_0_DP_OP_632J3_122_2117_J3_0_5)
                                      1.49e-07 4.26e-08 6.51e-08 2.57e-07   0.0
      DP_OP_647J3_137_2117 (stage1_path_engine_0_DP_OP_647J3_137_2117_J3_0_5)
                                      1.94e-07 5.75e-08 6.65e-08 3.17e-07   0.0
      DP_OP_633J3_123_2117 (stage1_path_engine_0_DP_OP_633J3_123_2117_J3_0_5)
                                      1.68e-07 4.91e-08 6.51e-08 2.82e-07   0.0
      DP_OP_650J3_140_2117 (stage1_path_engine_0_DP_OP_650J3_140_2117_J3_0_5)
                                      2.29e-07 6.96e-08 6.65e-08 3.65e-07   0.0
      DP_OP_648J3_138_2117 (stage1_path_engine_0_DP_OP_648J3_138_2117_J3_0_5)
                                      1.49e-07 4.26e-08 6.51e-08 2.57e-07   0.0
      DP_OP_634J3_124_2117 (stage1_path_engine_0_DP_OP_634J3_124_2117_J3_0_5)
                                      2.29e-07 6.96e-08 6.65e-08 3.65e-07   0.0
      DP_OP_651J3_141_2117 (stage1_path_engine_0_DP_OP_651J3_141_2117_J3_0_5)
                                      2.55e-07 7.87e-08 6.82e-08 4.02e-07   0.0
      DP_OP_649J3_139_2117 (stage1_path_engine_0_DP_OP_649J3_139_2117_J3_0_5)
                                      1.68e-07 4.91e-08 6.51e-08 2.82e-07   0.0
      DP_OP_635J3_125_2117 (stage1_path_engine_0_DP_OP_635J3_125_2117_J3_0_5)
                                      2.55e-07 7.87e-08 6.82e-08 4.02e-07   0.0
      DP_OP_652J3_142_2117 (stage1_path_engine_0_DP_OP_652J3_142_2117_J3_0_5)
                                      2.51e-07 7.83e-08 6.88e-08 3.98e-07   0.0
      DP_OP_636J3_126_2117 (stage1_path_engine_0_DP_OP_636J3_126_2117_J3_0_5)
                                      2.51e-07 7.83e-08 6.88e-08 3.98e-07   0.0
      mult_x_10 (stage1_path_engine_0_DW_mult_tc_J3_22_5)
                                      2.37e-06 1.43e-06 3.33e-07 4.13e-06   0.0
      mult_x_11 (stage1_path_engine_0_DW_mult_tc_J3_21_5)
                                      2.38e-06 1.43e-06 3.19e-07 4.13e-06   0.0
      mult_x_12 (stage1_path_engine_0_DW_mult_tc_J3_20_5)
                                      2.43e-06 1.45e-06 3.31e-07 4.21e-06   0.0
      mult_x_13 (stage1_path_engine_0_DW_mult_tc_J3_19_5)
                                      2.33e-06 1.40e-06 3.17e-07 4.05e-06   0.0
      mult_x_14 (stage1_path_engine_0_DW_mult_tc_J3_18_5)
                                      2.37e-06 1.43e-06 3.30e-07 4.12e-06   0.0
      mult_x_15 (stage1_path_engine_0_DW_mult_tc_J3_17_5)
                                      2.38e-06 1.44e-06 3.33e-07 4.15e-06   0.0
      mult_x_16 (stage1_path_engine_0_DW_mult_tc_J3_16_5)
                                      2.38e-06 1.43e-06 3.19e-07 4.13e-06   0.0
      mult_x_17 (stage1_path_engine_0_DW_mult_tc_J3_15_5)
                                      2.42e-06 1.44e-06 3.31e-07 4.20e-06   0.0
      mult_x_18 (stage1_path_engine_0_DW_mult_tc_J3_14_5)
                                      2.31e-06 1.40e-06 3.16e-07 4.02e-06   0.0
      mult_x_19 (stage1_path_engine_0_DW_mult_tc_J3_13_5)
                                      2.34e-06 1.42e-06 3.30e-07 4.09e-06   0.0
      DP_OP_653J3_143_2117 (stage1_path_engine_0_DP_OP_653J3_143_2117_J3_0_5)
                                      2.28e-07 7.04e-08 6.90e-08 3.67e-07   0.0
      mult_x_20 (stage1_path_engine_0_DW_mult_tc_J3_12_5)
                                      2.39e-06 1.44e-06 3.33e-07 4.16e-06   0.0
      mult_x_21 (stage1_path_engine_0_DW_mult_tc_J3_11_5)
                                      2.39e-06 1.44e-06 3.19e-07 4.15e-06   0.0
      mult_x_22 (stage1_path_engine_0_DW_mult_tc_J3_10_5)
                                      2.42e-06 1.44e-06 3.31e-07 4.19e-06   0.0
      mult_x_23 (stage1_path_engine_0_DW_mult_tc_J3_9_5)
                                      2.31e-06 1.39e-06 3.17e-07 4.02e-06   0.0
      mult_x_24 (stage1_path_engine_0_DW_mult_tc_J3_8_5)
                                      2.36e-06 1.43e-06 3.30e-07 4.12e-06   0.0
      mult_x_25 (stage1_path_engine_0_DW_mult_tc_J3_7_5)
                                      2.39e-06 1.44e-06 3.33e-07 4.16e-06   0.0
      mult_x_26 (stage1_path_engine_0_DW_mult_tc_J3_6_5)
                                      2.37e-06 1.43e-06 3.19e-07 4.12e-06   0.0
      mult_x_27 (stage1_path_engine_0_DW_mult_tc_J3_5_5)
                                      2.42e-06 1.44e-06 3.31e-07 4.19e-06   0.0
      mult_x_28 (stage1_path_engine_0_DW_mult_tc_J3_4_5)
                                      2.34e-06 1.41e-06 3.17e-07 4.06e-06   0.0
      mult_x_29 (stage1_path_engine_0_DW_mult_tc_J3_3_5)
                                      2.36e-06 1.43e-06 3.30e-07 4.11e-06   0.0
      mult_x_30 (stage1_path_engine_0_DW_mult_tc_J3_2_5)
                                      2.37e-06 1.43e-06 3.33e-07 4.13e-06   0.0
      mult_x_31 (stage1_path_engine_0_DW_mult_tc_J3_1_5)
                                      2.37e-06 1.42e-06 3.19e-07 4.11e-06   0.0
      mult_x_32 (stage1_path_engine_0_DW_mult_tc_J3_0_5)
                                      2.41e-06 1.44e-06 3.31e-07 4.18e-06   0.0
      DP_OP_664J3_154_8083 (stage1_path_engine_0_DP_OP_664J3_154_8083_J3_0_5)
                                      1.83e-06 6.20e-07 3.28e-07 2.78e-06   0.0
      mult_x_1 (stage1_path_engine_0_DW_mult_tc_J3_31_5)
                                      2.38e-06 1.43e-06 3.19e-07 4.13e-06   0.0
      mult_x_2 (stage1_path_engine_0_DW_mult_tc_J3_30_5)
                                      2.42e-06 1.44e-06 3.31e-07 4.19e-06   0.0
      mult_x_3 (stage1_path_engine_0_DW_mult_tc_J3_29_5)
                                      2.35e-06 1.42e-06 3.16e-07 4.09e-06   0.0
      mult_x_4 (stage1_path_engine_0_DW_mult_tc_J3_28_5)
                                      2.38e-06 1.44e-06 3.30e-07 4.14e-06   0.0
      mult_x_5 (stage1_path_engine_0_DW_mult_tc_J3_27_5)
                                      2.36e-06 1.43e-06 3.33e-07 4.12e-06   0.0
      mult_x_6 (stage1_path_engine_0_DW_mult_tc_J3_26_5)
                                      2.36e-06 1.42e-06 3.19e-07 4.10e-06   0.0
      mult_x_7 (stage1_path_engine_0_DW_mult_tc_J3_25_5)
                                      2.43e-06 1.44e-06 3.31e-07 4.21e-06   0.0
      mult_x_8 (stage1_path_engine_0_DW_mult_tc_J3_24_5)
                                      2.35e-06 1.42e-06 3.16e-07 4.08e-06   0.0
      mult_x_9 (stage1_path_engine_0_DW_mult_tc_J3_23_5)
                                      2.36e-06 1.43e-06 3.30e-07 4.12e-06   0.0
      DP_OP_637J3_127_2117 (stage1_path_engine_0_DP_OP_637J3_127_2117_J3_0_5)
                                      2.28e-07 7.04e-08 6.90e-08 3.67e-07   0.0
      DP_OP_654J3_144_2117 (stage1_path_engine_0_DP_OP_654J3_144_2117_J3_0_5)
                                      2.12e-07 6.36e-08 6.86e-08 3.44e-07   0.0
      DP_OP_665J3_155_8083 (stage1_path_engine_0_DP_OP_665J3_155_8083_J3_0_5)
                                      1.62e-06 5.66e-07 3.29e-07 2.51e-06   0.0
      DP_OP_640J3_130_2117 (stage1_path_engine_0_DP_OP_640J3_130_2117_J3_0_5)
                                      1.49e-07 4.26e-08 6.51e-08 2.57e-07   0.0
      DP_OP_638J3_128_2117 (stage1_path_engine_0_DP_OP_638J3_128_2117_J3_0_5)
                                      2.12e-07 6.36e-08 6.86e-08 3.44e-07   0.0
      DP_OP_655J3_145_2117 (stage1_path_engine_0_DP_OP_655J3_145_2117_J3_0_5)
                                      1.94e-07 5.75e-08 6.65e-08 3.17e-07   0.0
      DP_OP_666J3_156_8083 (stage1_path_engine_0_DP_OP_666J3_156_8083_J3_0_5)
                                      1.64e-06 5.74e-07 3.28e-07 2.54e-06   0.0
      DP_OP_641J3_131_2117 (stage1_path_engine_0_DP_OP_641J3_131_2117_J3_0_5)
                                      1.68e-07 4.91e-08 6.51e-08 2.82e-07   0.0
      DP_OP_639J3_129_2117 (stage1_path_engine_0_DP_OP_639J3_129_2117_J3_0_5)
                                      1.94e-07 5.75e-08 6.65e-08 3.17e-07   0.0
      DP_OP_656J3_146_2117 (stage1_path_engine_0_DP_OP_656J3_146_2117_J3_0_5)
                                      1.49e-07 4.26e-08 6.51e-08 2.57e-07   0.0
      DP_OP_672J3_162_589 (stage1_path_engine_0_DP_OP_672J3_162_589_J3_0_5)
                                      2.31e-06 7.47e-07 3.66e-07 3.42e-06   0.0
      DP_OP_642J3_132_2117 (stage1_path_engine_0_DP_OP_642J3_132_2117_J3_0_5)
                                      2.29e-07 6.96e-08 6.65e-08 3.65e-07   0.0
    u_up (stage1_path_engine_4)       8.11e-04 8.85e-05 2.47e-05 9.24e-04   3.4
      DP_OP_657J3_147_2117 (stage1_path_engine_0_DP_OP_657J3_147_2117_J3_0_4)
                                      1.87e-07 5.60e-08 6.59e-08 3.09e-07   0.0
      DP_OP_670J3_160_8083 (stage1_path_engine_0_DP_OP_670J3_160_8083_J3_0_4)
                                      1.74e-06 6.07e-07 3.27e-07 2.67e-06   0.0
      DP_OP_673J3_163_589 (stage1_path_engine_0_DP_OP_673J3_163_589_J3_0_4)
                                      2.34e-06 7.41e-07 3.64e-07 3.45e-06   0.0
      DP_OP_643J3_133_2117 (stage1_path_engine_0_DP_OP_643J3_133_2117_J3_0_4)
                                      2.77e-07 8.56e-08 6.79e-08 4.31e-07   0.0
      add_x_33 (stage1_path_engine_0_DW01_add_J3_1_4)
                                      7.88e-07 1.81e-07 1.36e-07 1.10e-06   0.0
      DP_OP_660J3_150_2117 (stage1_path_engine_0_DP_OP_660J3_150_2117_J3_0_4)
                                      2.80e-07 8.78e-08 6.85e-08 4.36e-07   0.0
      DP_OP_658J3_148_2117 (stage1_path_engine_0_DP_OP_658J3_148_2117_J3_0_4)
                                      2.35e-07 7.07e-08 6.69e-08 3.72e-07   0.0
      DP_OP_671J3_161_8083 (stage1_path_engine_0_DP_OP_671J3_161_8083_J3_0_4)
                                      1.53e-06 5.39e-07 3.30e-07 2.40e-06   0.0
      DP_OP_644J3_134_2117 (stage1_path_engine_0_DP_OP_644J3_134_2117_J3_0_4)
                                      2.80e-07 8.78e-08 6.85e-08 4.36e-07   0.0
      DP_OP_667J3_157_8083 (stage1_path_engine_0_DP_OP_667J3_157_8083_J3_0_4)
                                      1.66e-06 5.73e-07 3.28e-07 2.56e-06   0.0
      DP_OP_661J3_151_2117 (stage1_path_engine_0_DP_OP_661J3_151_2117_J3_0_4)
                                      2.65e-07 8.34e-08 6.86e-08 4.17e-07   0.0
      DP_OP_659J3_149_2117 (stage1_path_engine_0_DP_OP_659J3_149_2117_J3_0_4)
                                      2.77e-07 8.56e-08 6.79e-08 4.31e-07   0.0
      add_x_194 (stage1_path_engine_0_DW01_add_J3_0_4)
                                      1.13e-06 2.35e-07 1.90e-07 1.55e-06   0.0
      DP_OP_645J3_135_2117 (stage1_path_engine_0_DP_OP_645J3_135_2117_J3_0_4)
                                      2.65e-07 8.34e-08 6.86e-08 4.17e-07   0.0
      DP_OP_668J3_158_8083 (stage1_path_engine_0_DP_OP_668J3_158_8083_J3_0_4)
                                      1.89e-06 6.40e-07 3.28e-07 2.85e-06   0.0
      DP_OP_662J3_152_2117 (stage1_path_engine_0_DP_OP_662J3_152_2117_J3_0_4)
                                      2.50e-07 7.72e-08 6.85e-08 3.96e-07   0.0
      DP_OP_646J3_136_2117 (stage1_path_engine_0_DP_OP_646J3_136_2117_J3_0_4)
                                      2.50e-07 7.72e-08 6.85e-08 3.96e-07   0.0
      DP_OP_669J3_159_8083 (stage1_path_engine_0_DP_OP_669J3_159_8083_J3_0_4)
                                      1.61e-06 5.63e-07 3.29e-07 2.50e-06   0.0
      DP_OP_663J3_153_2117 (stage1_path_engine_0_DP_OP_663J3_153_2117_J3_0_4)
                                      2.23e-07 6.81e-08 6.73e-08 3.58e-07   0.0
      DP_OP_632J3_122_2117 (stage1_path_engine_0_DP_OP_632J3_122_2117_J3_0_4)
                                      1.62e-07 4.69e-08 6.60e-08 2.75e-07   0.0
      DP_OP_647J3_137_2117 (stage1_path_engine_0_DP_OP_647J3_137_2117_J3_0_4)
                                      2.23e-07 6.81e-08 6.73e-08 3.58e-07   0.0
      DP_OP_633J3_123_2117 (stage1_path_engine_0_DP_OP_633J3_123_2117_J3_0_4)
                                      1.87e-07 5.60e-08 6.59e-08 3.09e-07   0.0
      DP_OP_650J3_140_2117 (stage1_path_engine_0_DP_OP_650J3_140_2117_J3_0_4)
                                      2.35e-07 7.07e-08 6.69e-08 3.72e-07   0.0
      DP_OP_648J3_138_2117 (stage1_path_engine_0_DP_OP_648J3_138_2117_J3_0_4)
                                      1.62e-07 4.69e-08 6.60e-08 2.75e-07   0.0
      DP_OP_634J3_124_2117 (stage1_path_engine_0_DP_OP_634J3_124_2117_J3_0_4)
                                      2.35e-07 7.07e-08 6.69e-08 3.72e-07   0.0
      DP_OP_651J3_141_2117 (stage1_path_engine_0_DP_OP_651J3_141_2117_J3_0_4)
                                      2.77e-07 8.56e-08 6.79e-08 4.31e-07   0.0
      DP_OP_649J3_139_2117 (stage1_path_engine_0_DP_OP_649J3_139_2117_J3_0_4)
                                      1.87e-07 5.60e-08 6.59e-08 3.09e-07   0.0
      DP_OP_635J3_125_2117 (stage1_path_engine_0_DP_OP_635J3_125_2117_J3_0_4)
                                      2.77e-07 8.56e-08 6.79e-08 4.31e-07   0.0
      DP_OP_652J3_142_2117 (stage1_path_engine_0_DP_OP_652J3_142_2117_J3_0_4)
                                      2.80e-07 8.78e-08 6.85e-08 4.36e-07   0.0
      DP_OP_636J3_126_2117 (stage1_path_engine_0_DP_OP_636J3_126_2117_J3_0_4)
                                      2.80e-07 8.78e-08 6.85e-08 4.36e-07   0.0
      mult_x_10 (stage1_path_engine_0_DW_mult_tc_J3_22_4)
                                      2.36e-06 1.43e-06 3.30e-07 4.12e-06   0.0
      mult_x_11 (stage1_path_engine_0_DW_mult_tc_J3_21_4)
                                      2.40e-06 1.44e-06 3.33e-07 4.17e-06   0.0
      mult_x_12 (stage1_path_engine_0_DW_mult_tc_J3_20_4)
                                      2.38e-06 1.43e-06 3.19e-07 4.14e-06   0.0
      mult_x_13 (stage1_path_engine_0_DW_mult_tc_J3_19_4)
                                      2.39e-06 1.43e-06 3.32e-07 4.15e-06   0.0
      mult_x_14 (stage1_path_engine_0_DW_mult_tc_J3_18_4)
                                      2.34e-06 1.41e-06 3.17e-07 4.07e-06   0.0
      mult_x_15 (stage1_path_engine_0_DW_mult_tc_J3_17_4)
                                      2.35e-06 1.42e-06 3.30e-07 4.10e-06   0.0
      mult_x_16 (stage1_path_engine_0_DW_mult_tc_J3_16_4)
                                      2.40e-06 1.45e-06 3.33e-07 4.18e-06   0.0
      mult_x_17 (stage1_path_engine_0_DW_mult_tc_J3_15_4)
                                      2.39e-06 1.43e-06 3.19e-07 4.14e-06   0.0
      mult_x_18 (stage1_path_engine_0_DW_mult_tc_J3_14_4)
                                      2.40e-06 1.43e-06 3.32e-07 4.16e-06   0.0
      mult_x_19 (stage1_path_engine_0_DW_mult_tc_J3_13_4)
                                      2.34e-06 1.41e-06 3.17e-07 4.06e-06   0.0
      DP_OP_653J3_143_2117 (stage1_path_engine_0_DP_OP_653J3_143_2117_J3_0_4)
                                      2.65e-07 8.34e-08 6.86e-08 4.17e-07   0.0
      mult_x_20 (stage1_path_engine_0_DW_mult_tc_J3_12_4)
                                      2.36e-06 1.43e-06 3.30e-07 4.12e-06   0.0
      mult_x_21 (stage1_path_engine_0_DW_mult_tc_J3_11_4)
                                      2.41e-06 1.44e-06 3.33e-07 4.18e-06   0.0
      mult_x_22 (stage1_path_engine_0_DW_mult_tc_J3_10_4)
                                      2.37e-06 1.43e-06 3.19e-07 4.11e-06   0.0
      mult_x_23 (stage1_path_engine_0_DW_mult_tc_J3_9_4)
                                      2.39e-06 1.42e-06 3.32e-07 4.14e-06   0.0
      mult_x_24 (stage1_path_engine_0_DW_mult_tc_J3_8_4)
                                      2.35e-06 1.42e-06 3.17e-07 4.08e-06   0.0
      mult_x_25 (stage1_path_engine_0_DW_mult_tc_J3_7_4)
                                      2.35e-06 1.43e-06 3.30e-07 4.11e-06   0.0
      mult_x_26 (stage1_path_engine_0_DW_mult_tc_J3_6_4)
                                      2.39e-06 1.44e-06 3.33e-07 4.16e-06   0.0
      mult_x_27 (stage1_path_engine_0_DW_mult_tc_J3_5_4)
                                      2.38e-06 1.43e-06 3.19e-07 4.12e-06   0.0
      mult_x_28 (stage1_path_engine_0_DW_mult_tc_J3_4_4)
                                      2.40e-06 1.43e-06 3.31e-07 4.16e-06   0.0
      mult_x_29 (stage1_path_engine_0_DW_mult_tc_J3_3_4)
                                      2.36e-06 1.42e-06 3.17e-07 4.09e-06   0.0
      mult_x_30 (stage1_path_engine_0_DW_mult_tc_J3_2_4)
                                      2.33e-06 1.41e-06 3.30e-07 4.08e-06   0.0
      mult_x_31 (stage1_path_engine_0_DW_mult_tc_J3_1_4)
                                      2.39e-06 1.44e-06 3.33e-07 4.16e-06   0.0
      mult_x_32 (stage1_path_engine_0_DW_mult_tc_J3_0_4)
                                      2.37e-06 1.43e-06 3.19e-07 4.12e-06   0.0
      DP_OP_664J3_154_8083 (stage1_path_engine_0_DP_OP_664J3_154_8083_J3_0_4)
                                      1.76e-06 6.09e-07 3.29e-07 2.70e-06   0.0
      mult_x_1 (stage1_path_engine_0_DW_mult_tc_J3_31_4)
                                      2.36e-06 1.43e-06 3.33e-07 4.12e-06   0.0
      mult_x_2 (stage1_path_engine_0_DW_mult_tc_J3_30_4)
                                      2.37e-06 1.43e-06 3.19e-07 4.12e-06   0.0
      mult_x_3 (stage1_path_engine_0_DW_mult_tc_J3_29_4)
                                      2.42e-06 1.44e-06 3.32e-07 4.20e-06   0.0
      mult_x_4 (stage1_path_engine_0_DW_mult_tc_J3_28_4)
                                      2.36e-06 1.42e-06 3.17e-07 4.10e-06   0.0
      mult_x_5 (stage1_path_engine_0_DW_mult_tc_J3_27_4)
                                      2.36e-06 1.43e-06 3.30e-07 4.12e-06   0.0
      mult_x_6 (stage1_path_engine_0_DW_mult_tc_J3_26_4)
                                      2.36e-06 1.43e-06 3.33e-07 4.12e-06   0.0
      mult_x_7 (stage1_path_engine_0_DW_mult_tc_J3_25_4)
                                      2.39e-06 1.44e-06 3.19e-07 4.15e-06   0.0
      mult_x_8 (stage1_path_engine_0_DW_mult_tc_J3_24_4)
                                      2.42e-06 1.44e-06 3.32e-07 4.19e-06   0.0
      mult_x_9 (stage1_path_engine_0_DW_mult_tc_J3_23_4)
                                      2.35e-06 1.41e-06 3.17e-07 4.08e-06   0.0
      DP_OP_637J3_127_2117 (stage1_path_engine_0_DP_OP_637J3_127_2117_J3_0_4)
                                      2.65e-07 8.34e-08 6.86e-08 4.17e-07   0.0
      DP_OP_654J3_144_2117 (stage1_path_engine_0_DP_OP_654J3_144_2117_J3_0_4)
                                      2.50e-07 7.72e-08 6.85e-08 3.96e-07   0.0
      DP_OP_665J3_155_8083 (stage1_path_engine_0_DP_OP_665J3_155_8083_J3_0_4)
                                      1.56e-06 5.45e-07 3.28e-07 2.43e-06   0.0
      DP_OP_640J3_130_2117 (stage1_path_engine_0_DP_OP_640J3_130_2117_J3_0_4)
                                      1.62e-07 4.69e-08 6.60e-08 2.75e-07   0.0
      DP_OP_638J3_128_2117 (stage1_path_engine_0_DP_OP_638J3_128_2117_J3_0_4)
                                      2.50e-07 7.72e-08 6.85e-08 3.96e-07   0.0
      DP_OP_655J3_145_2117 (stage1_path_engine_0_DP_OP_655J3_145_2117_J3_0_4)
                                      2.23e-07 6.81e-08 6.73e-08 3.58e-07   0.0
      DP_OP_666J3_156_8083 (stage1_path_engine_0_DP_OP_666J3_156_8083_J3_0_4)
                                      1.77e-06 6.05e-07 3.29e-07 2.71e-06   0.0
      DP_OP_641J3_131_2117 (stage1_path_engine_0_DP_OP_641J3_131_2117_J3_0_4)
                                      1.87e-07 5.60e-08 6.59e-08 3.09e-07   0.0
      DP_OP_639J3_129_2117 (stage1_path_engine_0_DP_OP_639J3_129_2117_J3_0_4)
                                      2.23e-07 6.81e-08 6.73e-08 3.58e-07   0.0
      DP_OP_656J3_146_2117 (stage1_path_engine_0_DP_OP_656J3_146_2117_J3_0_4)
                                      1.62e-07 4.69e-08 6.60e-08 2.75e-07   0.0
      DP_OP_672J3_162_589 (stage1_path_engine_0_DP_OP_672J3_162_589_J3_0_4)
                                      2.22e-06 7.09e-07 3.64e-07 3.29e-06   0.0
      DP_OP_642J3_132_2117 (stage1_path_engine_0_DP_OP_642J3_132_2117_J3_0_4)
                                      2.35e-07 7.07e-08 6.69e-08 3.72e-07   0.0
  g_weight_4__u_weight (sram_bank_128x256_11)
                                      4.91e-04 6.20e-06 9.45e-05 5.92e-04   2.2
    g_bank_6__u_macro (hs128x32_wrapper_89)
                                      6.14e-05 7.76e-07 1.18e-05 7.40e-05   0.3
    g_bank_5__u_macro (hs128x32_wrapper_90)
                                      6.14e-05 7.75e-07 1.18e-05 7.40e-05   0.3
    g_bank_4__u_macro (hs128x32_wrapper_91)
                                      6.14e-05 7.75e-07 1.18e-05 7.40e-05   0.3
    g_bank_0__u_macro (hs128x32_wrapper_95)
                                      6.14e-05 7.75e-07 1.18e-05 7.40e-05   0.3
    g_bank_3__u_macro (hs128x32_wrapper_92)
                                      6.14e-05 7.76e-07 1.18e-05 7.40e-05   0.3
    g_bank_2__u_macro (hs128x32_wrapper_93)
                                      6.14e-05 7.75e-07 1.18e-05 7.40e-05   0.3
    g_bank_1__u_macro (hs128x32_wrapper_94)
                                      6.14e-05 7.76e-07 1.18e-05 7.40e-05   0.3
    g_bank_7__u_macro (hs128x32_wrapper_88)
                                      6.14e-05 7.75e-07 1.18e-05 7.40e-05   0.3
  add_x_86 (stage1_tile_DW01_inc_J1_0)
                                      2.14e-07 4.38e-08 2.48e-08 2.83e-07   0.0
  u_activation (activation_dff_store) 1.27e-03 6.07e-05 1.31e-05 1.34e-03   4.9
  g_pair_4__u_pair (stage1_lane_pair_3)
                                      1.60e-03 1.70e-04 4.98e-05 1.82e-03   6.7
    u_gate (stage1_path_engine_7)     8.00e-04 8.45e-05 2.50e-05 9.09e-04   3.4
      DP_OP_657J3_147_2117 (stage1_path_engine_0_DP_OP_657J3_147_2117_J3_0_7)
                                      2.29e-07 7.80e-08 6.97e-08 3.77e-07   0.0
      DP_OP_670J3_160_8083 (stage1_path_engine_0_DP_OP_670J3_160_8083_J3_0_7)
                                      1.31e-06 4.65e-07 3.28e-07 2.10e-06   0.0
      DP_OP_673J3_163_589 (stage1_path_engine_0_DP_OP_673J3_163_589_J3_0_7)
                                      2.21e-06 7.23e-07 3.68e-07 3.30e-06   0.0
      DP_OP_643J3_133_2117 (stage1_path_engine_0_DP_OP_643J3_133_2117_J3_0_7)
                                      2.66e-07 8.69e-08 7.25e-08 4.25e-07   0.0
      add_x_33 (stage1_path_engine_0_DW01_add_J3_1_7)
                                      7.97e-07 1.75e-07 1.35e-07 1.11e-06   0.0
      DP_OP_660J3_150_2117 (stage1_path_engine_0_DP_OP_660J3_150_2117_J3_0_7)
                                      2.55e-07 8.49e-08 7.21e-08 4.12e-07   0.0
      DP_OP_658J3_148_2117 (stage1_path_engine_0_DP_OP_658J3_148_2117_J3_0_7)
                                      2.66e-07 8.82e-08 7.14e-08 4.26e-07   0.0
      DP_OP_671J3_161_8083 (stage1_path_engine_0_DP_OP_671J3_161_8083_J3_0_7)
                                      1.35e-06 4.83e-07 3.28e-07 2.16e-06   0.0
      DP_OP_644J3_134_2117 (stage1_path_engine_0_DP_OP_644J3_134_2117_J3_0_7)
                                      2.55e-07 8.49e-08 7.21e-08 4.12e-07   0.0
      DP_OP_667J3_157_8083 (stage1_path_engine_0_DP_OP_667J3_157_8083_J3_0_7)
                                      1.23e-06 4.54e-07 3.28e-07 2.01e-06   0.0
      DP_OP_661J3_151_2117 (stage1_path_engine_0_DP_OP_661J3_151_2117_J3_0_7)
                                      2.31e-07 7.71e-08 7.05e-08 3.79e-07   0.0
      DP_OP_659J3_149_2117 (stage1_path_engine_0_DP_OP_659J3_149_2117_J3_0_7)
                                      2.66e-07 8.69e-08 7.25e-08 4.25e-07   0.0
      add_x_194 (stage1_path_engine_0_DW01_add_J3_0_7)
                                      1.30e-06 2.72e-07 1.89e-07 1.76e-06   0.0
      DP_OP_645J3_135_2117 (stage1_path_engine_0_DP_OP_645J3_135_2117_J3_0_7)
                                      2.31e-07 7.71e-08 7.05e-08 3.79e-07   0.0
      DP_OP_668J3_158_8083 (stage1_path_engine_0_DP_OP_668J3_158_8083_J3_0_7)
                                      1.19e-06 4.37e-07 3.28e-07 1.96e-06   0.0
      DP_OP_662J3_152_2117 (stage1_path_engine_0_DP_OP_662J3_152_2117_J3_0_7)
                                      2.26e-07 7.47e-08 6.97e-08 3.70e-07   0.0
      DP_OP_646J3_136_2117 (stage1_path_engine_0_DP_OP_646J3_136_2117_J3_0_7)
                                      2.26e-07 7.47e-08 6.97e-08 3.70e-07   0.0
      DP_OP_669J3_159_8083 (stage1_path_engine_0_DP_OP_669J3_159_8083_J3_0_7)
                                      1.16e-06 4.24e-07 3.28e-07 1.91e-06   0.0
      DP_OP_663J3_153_2117 (stage1_path_engine_0_DP_OP_663J3_153_2117_J3_0_7)
                                      2.28e-07 7.63e-08 6.85e-08 3.72e-07   0.0
      DP_OP_632J3_122_2117 (stage1_path_engine_0_DP_OP_632J3_122_2117_J3_0_7)
                                      2.05e-07 6.96e-08 6.83e-08 3.43e-07   0.0
      DP_OP_647J3_137_2117 (stage1_path_engine_0_DP_OP_647J3_137_2117_J3_0_7)
                                      2.28e-07 7.63e-08 6.85e-08 3.72e-07   0.0
      DP_OP_633J3_123_2117 (stage1_path_engine_0_DP_OP_633J3_123_2117_J3_0_7)
                                      2.29e-07 7.80e-08 6.97e-08 3.77e-07   0.0
      DP_OP_650J3_140_2117 (stage1_path_engine_0_DP_OP_650J3_140_2117_J3_0_7)
                                      2.66e-07 8.82e-08 7.14e-08 4.26e-07   0.0
      DP_OP_648J3_138_2117 (stage1_path_engine_0_DP_OP_648J3_138_2117_J3_0_7)
                                      2.05e-07 6.96e-08 6.83e-08 3.43e-07   0.0
      DP_OP_634J3_124_2117 (stage1_path_engine_0_DP_OP_634J3_124_2117_J3_0_7)
                                      2.66e-07 8.82e-08 7.14e-08 4.26e-07   0.0
      DP_OP_651J3_141_2117 (stage1_path_engine_0_DP_OP_651J3_141_2117_J3_0_7)
                                      2.66e-07 8.69e-08 7.25e-08 4.25e-07   0.0
      DP_OP_649J3_139_2117 (stage1_path_engine_0_DP_OP_649J3_139_2117_J3_0_7)
                                      2.29e-07 7.80e-08 6.97e-08 3.77e-07   0.0
      DP_OP_635J3_125_2117 (stage1_path_engine_0_DP_OP_635J3_125_2117_J3_0_7)
                                      2.66e-07 8.69e-08 7.25e-08 4.25e-07   0.0
      DP_OP_652J3_142_2117 (stage1_path_engine_0_DP_OP_652J3_142_2117_J3_0_7)
                                      2.55e-07 8.49e-08 7.21e-08 4.12e-07   0.0
      DP_OP_636J3_126_2117 (stage1_path_engine_0_DP_OP_636J3_126_2117_J3_0_7)
                                      2.55e-07 8.49e-08 7.21e-08 4.12e-07   0.0
      mult_x_10 (stage1_path_engine_0_DW_mult_tc_J3_22_7)
                                      2.40e-06 1.42e-06 3.32e-07 4.16e-06   0.0
      mult_x_11 (stage1_path_engine_0_DW_mult_tc_J3_21_7)
                                      2.35e-06 1.41e-06 3.17e-07 4.07e-06   0.0
      mult_x_12 (stage1_path_engine_0_DW_mult_tc_J3_20_7)
                                      2.37e-06 1.43e-06 3.30e-07 4.12e-06   0.0
      mult_x_13 (stage1_path_engine_0_DW_mult_tc_J3_19_7)
                                      2.35e-06 1.42e-06 3.33e-07 4.10e-06   0.0
      mult_x_14 (stage1_path_engine_0_DW_mult_tc_J3_18_7)
                                      2.38e-06 1.43e-06 3.19e-07 4.13e-06   0.0
      mult_x_15 (stage1_path_engine_0_DW_mult_tc_J3_17_7)
                                      2.40e-06 1.43e-06 3.32e-07 4.16e-06   0.0
      mult_x_16 (stage1_path_engine_0_DW_mult_tc_J3_16_7)
                                      2.35e-06 1.39e-06 3.15e-07 4.06e-06   0.0
      mult_x_17 (stage1_path_engine_0_DW_mult_tc_J3_15_7)
                                      2.36e-06 1.42e-06 3.30e-07 4.11e-06   0.0
      mult_x_18 (stage1_path_engine_0_DW_mult_tc_J3_14_7)
                                      2.35e-06 1.42e-06 3.33e-07 4.10e-06   0.0
      mult_x_19 (stage1_path_engine_0_DW_mult_tc_J3_13_7)
                                      2.35e-06 1.39e-06 3.17e-07 4.06e-06   0.0
      DP_OP_653J3_143_2117 (stage1_path_engine_0_DP_OP_653J3_143_2117_J3_0_7)
                                      2.31e-07 7.71e-08 7.05e-08 3.79e-07   0.0
      mult_x_20 (stage1_path_engine_0_DW_mult_tc_J3_12_7)
                                      2.41e-06 1.43e-06 3.32e-07 4.18e-06   0.0
      mult_x_21 (stage1_path_engine_0_DW_mult_tc_J3_11_7)
                                      2.36e-06 1.41e-06 3.17e-07 4.09e-06   0.0
      mult_x_22 (stage1_path_engine_0_DW_mult_tc_J3_10_7)
                                      2.35e-06 1.42e-06 3.30e-07 4.10e-06   0.0
      mult_x_23 (stage1_path_engine_0_DW_mult_tc_J3_9_7)
                                      2.35e-06 1.42e-06 3.33e-07 4.10e-06   0.0
      mult_x_24 (stage1_path_engine_0_DW_mult_tc_J3_8_7)
                                      2.38e-06 1.43e-06 3.19e-07 4.13e-06   0.0
      mult_x_25 (stage1_path_engine_0_DW_mult_tc_J3_7_7)
                                      2.41e-06 1.43e-06 3.32e-07 4.17e-06   0.0
      mult_x_26 (stage1_path_engine_0_DW_mult_tc_J3_6_7)
                                      2.34e-06 1.40e-06 3.17e-07 4.06e-06   0.0
      mult_x_27 (stage1_path_engine_0_DW_mult_tc_J3_5_7)
                                      2.35e-06 1.42e-06 3.30e-07 4.10e-06   0.0
      mult_x_28 (stage1_path_engine_0_DW_mult_tc_J3_4_7)
                                      2.38e-06 1.43e-06 3.33e-07 4.15e-06   0.0
      mult_x_29 (stage1_path_engine_0_DW_mult_tc_J3_3_7)
                                      2.37e-06 1.43e-06 3.19e-07 4.12e-06   0.0
      mult_x_30 (stage1_path_engine_0_DW_mult_tc_J3_2_7)
                                      2.38e-06 1.42e-06 3.32e-07 4.13e-06   0.0
      mult_x_31 (stage1_path_engine_0_DW_mult_tc_J3_1_7)
                                      2.33e-06 1.40e-06 3.17e-07 4.05e-06   0.0
      mult_x_32 (stage1_path_engine_0_DW_mult_tc_J3_0_7)
                                      2.34e-06 1.42e-06 3.30e-07 4.08e-06   0.0
      DP_OP_664J3_154_8083 (stage1_path_engine_0_DP_OP_664J3_154_8083_J3_0_7)
                                      1.34e-06 4.77e-07 3.28e-07 2.15e-06   0.0
      mult_x_1 (stage1_path_engine_0_DW_mult_tc_J3_31_7)
                                      2.35e-06 1.41e-06 3.17e-07 4.07e-06   0.0
      mult_x_2 (stage1_path_engine_0_DW_mult_tc_J3_30_7)
                                      2.34e-06 1.42e-06 3.30e-07 4.09e-06   0.0
      mult_x_3 (stage1_path_engine_0_DW_mult_tc_J3_29_7)
                                      2.34e-06 1.42e-06 3.33e-07 4.09e-06   0.0
      mult_x_4 (stage1_path_engine_0_DW_mult_tc_J3_28_7)
                                      2.40e-06 1.44e-06 3.19e-07 4.16e-06   0.0
      mult_x_5 (stage1_path_engine_0_DW_mult_tc_J3_27_7)
                                      2.40e-06 1.42e-06 3.32e-07 4.15e-06   0.0
      mult_x_6 (stage1_path_engine_0_DW_mult_tc_J3_26_7)
                                      2.33e-06 1.40e-06 3.17e-07 4.05e-06   0.0
      mult_x_7 (stage1_path_engine_0_DW_mult_tc_J3_25_7)
                                      2.36e-06 1.42e-06 3.30e-07 4.11e-06   0.0
      mult_x_8 (stage1_path_engine_0_DW_mult_tc_J3_24_7)
                                      2.34e-06 1.42e-06 3.33e-07 4.10e-06   0.0
      mult_x_9 (stage1_path_engine_0_DW_mult_tc_J3_23_7)
                                      2.38e-06 1.43e-06 3.19e-07 4.12e-06   0.0
      DP_OP_637J3_127_2117 (stage1_path_engine_0_DP_OP_637J3_127_2117_J3_0_7)
                                      2.31e-07 7.71e-08 7.05e-08 3.79e-07   0.0
      DP_OP_654J3_144_2117 (stage1_path_engine_0_DP_OP_654J3_144_2117_J3_0_7)
                                      2.26e-07 7.47e-08 6.97e-08 3.70e-07   0.0
      DP_OP_665J3_155_8083 (stage1_path_engine_0_DP_OP_665J3_155_8083_J3_0_7)
                                      1.29e-06 4.66e-07 3.28e-07 2.08e-06   0.0
      DP_OP_640J3_130_2117 (stage1_path_engine_0_DP_OP_640J3_130_2117_J3_0_7)
                                      2.05e-07 6.96e-08 6.83e-08 3.43e-07   0.0
      DP_OP_638J3_128_2117 (stage1_path_engine_0_DP_OP_638J3_128_2117_J3_0_7)
                                      2.26e-07 7.47e-08 6.97e-08 3.70e-07   0.0
      DP_OP_655J3_145_2117 (stage1_path_engine_0_DP_OP_655J3_145_2117_J3_0_7)
                                      2.28e-07 7.63e-08 6.85e-08 3.72e-07   0.0
      DP_OP_666J3_156_8083 (stage1_path_engine_0_DP_OP_666J3_156_8083_J3_0_7)
                                      1.40e-06 4.93e-07 3.28e-07 2.23e-06   0.0
      DP_OP_641J3_131_2117 (stage1_path_engine_0_DP_OP_641J3_131_2117_J3_0_7)
                                      2.29e-07 7.80e-08 6.97e-08 3.77e-07   0.0
      DP_OP_639J3_129_2117 (stage1_path_engine_0_DP_OP_639J3_129_2117_J3_0_7)
                                      2.28e-07 7.63e-08 6.85e-08 3.72e-07   0.0
      DP_OP_656J3_146_2117 (stage1_path_engine_0_DP_OP_656J3_146_2117_J3_0_7)
                                      2.05e-07 6.96e-08 6.83e-08 3.43e-07   0.0
      DP_OP_672J3_162_589 (stage1_path_engine_0_DP_OP_672J3_162_589_J3_0_7)
                                      2.17e-06 7.22e-07 3.69e-07 3.27e-06   0.0
      DP_OP_642J3_132_2117 (stage1_path_engine_0_DP_OP_642J3_132_2117_J3_0_7)
                                      2.66e-07 8.82e-08 7.14e-08 4.26e-07   0.0
    u_up (stage1_path_engine_6)       8.04e-04 8.55e-05 2.48e-05 9.14e-04   3.4
      DP_OP_657J3_147_2117 (stage1_path_engine_0_DP_OP_657J3_147_2117_J3_0_6)
                                      2.09e-07 6.96e-08 6.72e-08 3.45e-07   0.0
      DP_OP_670J3_160_8083 (stage1_path_engine_0_DP_OP_670J3_160_8083_J3_0_6)
                                      1.68e-06 5.80e-07 3.28e-07 2.59e-06   0.0
      DP_OP_673J3_163_589 (stage1_path_engine_0_DP_OP_673J3_163_589_J3_0_6)
                                      2.25e-06 7.20e-07 3.66e-07 3.33e-06   0.0
      DP_OP_643J3_133_2117 (stage1_path_engine_0_DP_OP_643J3_133_2117_J3_0_6)
                                      2.72e-07 8.94e-08 7.01e-08 4.32e-07   0.0
      add_x_33 (stage1_path_engine_0_DW01_add_J3_1_6)
                                      8.30e-07 1.89e-07 1.36e-07 1.15e-06   0.0
      DP_OP_660J3_150_2117 (stage1_path_engine_0_DP_OP_660J3_150_2117_J3_0_6)
                                      2.59e-07 8.60e-08 6.97e-08 4.15e-07   0.0
      DP_OP_658J3_148_2117 (stage1_path_engine_0_DP_OP_658J3_148_2117_J3_0_6)
                                      2.52e-07 8.29e-08 6.81e-08 4.03e-07   0.0
      DP_OP_671J3_161_8083 (stage1_path_engine_0_DP_OP_671J3_161_8083_J3_0_6)
                                      1.33e-06 4.73e-07 3.28e-07 2.13e-06   0.0
      DP_OP_644J3_134_2117 (stage1_path_engine_0_DP_OP_644J3_134_2117_J3_0_6)
                                      2.59e-07 8.60e-08 6.97e-08 4.15e-07   0.0
      DP_OP_667J3_157_8083 (stage1_path_engine_0_DP_OP_667J3_157_8083_J3_0_6)
                                      1.26e-06 4.46e-07 3.28e-07 2.03e-06   0.0
      DP_OP_661J3_151_2117 (stage1_path_engine_0_DP_OP_661J3_151_2117_J3_0_6)
                                      2.36e-07 7.84e-08 6.93e-08 3.84e-07   0.0
      DP_OP_659J3_149_2117 (stage1_path_engine_0_DP_OP_659J3_149_2117_J3_0_6)
                                      2.72e-07 8.94e-08 7.01e-08 4.32e-07   0.0
      add_x_194 (stage1_path_engine_0_DW01_add_J3_0_6)
                                      1.22e-06 2.53e-07 1.90e-07 1.66e-06   0.0
      DP_OP_645J3_135_2117 (stage1_path_engine_0_DP_OP_645J3_135_2117_J3_0_6)
                                      2.36e-07 7.84e-08 6.93e-08 3.84e-07   0.0
      DP_OP_668J3_158_8083 (stage1_path_engine_0_DP_OP_668J3_158_8083_J3_0_6)
                                      1.55e-06 5.42e-07 3.29e-07 2.42e-06   0.0
      DP_OP_662J3_152_2117 (stage1_path_engine_0_DP_OP_662J3_152_2117_J3_0_6)
                                      2.15e-07 7.03e-08 6.78e-08 3.53e-07   0.0
      DP_OP_646J3_136_2117 (stage1_path_engine_0_DP_OP_646J3_136_2117_J3_0_6)
                                      2.15e-07 7.03e-08 6.78e-08 3.53e-07   0.0
      DP_OP_669J3_159_8083 (stage1_path_engine_0_DP_OP_669J3_159_8083_J3_0_6)
                                      1.26e-06 4.59e-07 3.28e-07 2.05e-06   0.0
      DP_OP_663J3_153_2117 (stage1_path_engine_0_DP_OP_663J3_153_2117_J3_0_6)
                                      2.13e-07 7.01e-08 6.72e-08 3.50e-07   0.0
      DP_OP_632J3_122_2117 (stage1_path_engine_0_DP_OP_632J3_122_2117_J3_0_6)
                                      1.63e-07 5.33e-08 6.57e-08 2.82e-07   0.0
      DP_OP_647J3_137_2117 (stage1_path_engine_0_DP_OP_647J3_137_2117_J3_0_6)
                                      2.13e-07 7.01e-08 6.72e-08 3.50e-07   0.0
      DP_OP_633J3_123_2117 (stage1_path_engine_0_DP_OP_633J3_123_2117_J3_0_6)
                                      2.09e-07 6.96e-08 6.72e-08 3.45e-07   0.0
      DP_OP_650J3_140_2117 (stage1_path_engine_0_DP_OP_650J3_140_2117_J3_0_6)
                                      2.52e-07 8.29e-08 6.81e-08 4.03e-07   0.0
      DP_OP_648J3_138_2117 (stage1_path_engine_0_DP_OP_648J3_138_2117_J3_0_6)
                                      1.63e-07 5.33e-08 6.57e-08 2.82e-07   0.0
      DP_OP_634J3_124_2117 (stage1_path_engine_0_DP_OP_634J3_124_2117_J3_0_6)
                                      2.52e-07 8.29e-08 6.81e-08 4.03e-07   0.0
      DP_OP_651J3_141_2117 (stage1_path_engine_0_DP_OP_651J3_141_2117_J3_0_6)
                                      2.72e-07 8.94e-08 7.01e-08 4.32e-07   0.0
      DP_OP_649J3_139_2117 (stage1_path_engine_0_DP_OP_649J3_139_2117_J3_0_6)
                                      2.09e-07 6.96e-08 6.72e-08 3.45e-07   0.0
      DP_OP_635J3_125_2117 (stage1_path_engine_0_DP_OP_635J3_125_2117_J3_0_6)
                                      2.72e-07 8.94e-08 7.01e-08 4.32e-07   0.0
      DP_OP_652J3_142_2117 (stage1_path_engine_0_DP_OP_652J3_142_2117_J3_0_6)
                                      2.59e-07 8.60e-08 6.97e-08 4.15e-07   0.0
      DP_OP_636J3_126_2117 (stage1_path_engine_0_DP_OP_636J3_126_2117_J3_0_6)
                                      2.59e-07 8.60e-08 6.97e-08 4.15e-07   0.0
      mult_x_10 (stage1_path_engine_0_DW_mult_tc_J3_22_6)
                                      2.37e-06 1.42e-06 3.19e-07 4.11e-06   0.0
      mult_x_11 (stage1_path_engine_0_DW_mult_tc_J3_21_6)
                                      2.42e-06 1.43e-06 3.31e-07 4.18e-06   0.0
      mult_x_12 (stage1_path_engine_0_DW_mult_tc_J3_20_6)
                                      2.35e-06 1.41e-06 3.17e-07 4.08e-06   0.0
      mult_x_13 (stage1_path_engine_0_DW_mult_tc_J3_19_6)
                                      2.33e-06 1.41e-06 3.30e-07 4.07e-06   0.0
      mult_x_14 (stage1_path_engine_0_DW_mult_tc_J3_18_6)
                                      2.37e-06 1.43e-06 3.33e-07 4.13e-06   0.0
      mult_x_15 (stage1_path_engine_0_DW_mult_tc_J3_17_6)
                                      2.36e-06 1.42e-06 3.19e-07 4.09e-06   0.0
      mult_x_16 (stage1_path_engine_0_DW_mult_tc_J3_16_6)
                                      2.42e-06 1.44e-06 3.31e-07 4.18e-06   0.0
      mult_x_17 (stage1_path_engine_0_DW_mult_tc_J3_15_6)
                                      2.35e-06 1.41e-06 3.17e-07 4.08e-06   0.0
      mult_x_18 (stage1_path_engine_0_DW_mult_tc_J3_14_6)
                                      2.33e-06 1.41e-06 3.30e-07 4.07e-06   0.0
      mult_x_19 (stage1_path_engine_0_DW_mult_tc_J3_13_6)
                                      2.36e-06 1.40e-06 3.31e-07 4.09e-06   0.0
      DP_OP_653J3_143_2117 (stage1_path_engine_0_DP_OP_653J3_143_2117_J3_0_6)
                                      2.36e-07 7.84e-08 6.93e-08 3.84e-07   0.0
      mult_x_20 (stage1_path_engine_0_DW_mult_tc_J3_12_6)
                                      2.37e-06 1.42e-06 3.19e-07 4.12e-06   0.0
      mult_x_21 (stage1_path_engine_0_DW_mult_tc_J3_11_6)
                                      2.42e-06 1.44e-06 3.31e-07 4.19e-06   0.0
      mult_x_22 (stage1_path_engine_0_DW_mult_tc_J3_10_6)
                                      2.33e-06 1.40e-06 3.17e-07 4.05e-06   0.0
      mult_x_23 (stage1_path_engine_0_DW_mult_tc_J3_9_6)
                                      2.32e-06 1.40e-06 3.30e-07 4.05e-06   0.0
      mult_x_24 (stage1_path_engine_0_DW_mult_tc_J3_8_6)
                                      2.39e-06 1.44e-06 3.33e-07 4.16e-06   0.0
      mult_x_25 (stage1_path_engine_0_DW_mult_tc_J3_7_6)
                                      2.36e-06 1.42e-06 3.19e-07 4.10e-06   0.0
      mult_x_26 (stage1_path_engine_0_DW_mult_tc_J3_6_6)
                                      2.40e-06 1.43e-06 3.31e-07 4.16e-06   0.0
      mult_x_27 (stage1_path_engine_0_DW_mult_tc_J3_5_6)
                                      2.34e-06 1.40e-06 3.17e-07 4.05e-06   0.0
      mult_x_28 (stage1_path_engine_0_DW_mult_tc_J3_4_6)
                                      2.33e-06 1.41e-06 3.30e-07 4.06e-06   0.0
      mult_x_29 (stage1_path_engine_0_DW_mult_tc_J3_3_6)
                                      2.39e-06 1.44e-06 3.33e-07 4.16e-06   0.0
      mult_x_30 (stage1_path_engine_0_DW_mult_tc_J3_2_6)
                                      2.35e-06 1.41e-06 3.19e-07 4.08e-06   0.0
      mult_x_31 (stage1_path_engine_0_DW_mult_tc_J3_1_6)
                                      2.41e-06 1.43e-06 3.31e-07 4.18e-06   0.0
      mult_x_32 (stage1_path_engine_0_DW_mult_tc_J3_0_6)
                                      2.33e-06 1.40e-06 3.17e-07 4.05e-06   0.0
      DP_OP_664J3_154_8083 (stage1_path_engine_0_DP_OP_664J3_154_8083_J3_0_6)
                                      1.58e-06 5.54e-07 3.28e-07 2.46e-06   0.0
      mult_x_1 (stage1_path_engine_0_DW_mult_tc_J3_31_6)
                                      2.39e-06 1.42e-06 3.31e-07 4.14e-06   0.0
      mult_x_2 (stage1_path_engine_0_DW_mult_tc_J3_30_6)
                                      2.34e-06 1.41e-06 3.17e-07 4.06e-06   0.0
      mult_x_3 (stage1_path_engine_0_DW_mult_tc_J3_29_6)
                                      2.36e-06 1.42e-06 3.30e-07 4.11e-06   0.0
      mult_x_4 (stage1_path_engine_0_DW_mult_tc_J3_28_6)
                                      2.36e-06 1.43e-06 3.33e-07 4.12e-06   0.0
      mult_x_5 (stage1_path_engine_0_DW_mult_tc_J3_27_6)
                                      2.37e-06 1.42e-06 3.19e-07 4.11e-06   0.0
      mult_x_6 (stage1_path_engine_0_DW_mult_tc_J3_26_6)
                                      2.39e-06 1.42e-06 3.31e-07 4.14e-06   0.0
      mult_x_7 (stage1_path_engine_0_DW_mult_tc_J3_25_6)
                                      2.36e-06 1.41e-06 3.17e-07 4.09e-06   0.0
      mult_x_8 (stage1_path_engine_0_DW_mult_tc_J3_24_6)
                                      2.35e-06 1.42e-06 3.30e-07 4.10e-06   0.0
      mult_x_9 (stage1_path_engine_0_DW_mult_tc_J3_23_6)
                                      2.35e-06 1.42e-06 3.33e-07 4.10e-06   0.0
      DP_OP_637J3_127_2117 (stage1_path_engine_0_DP_OP_637J3_127_2117_J3_0_6)
                                      2.36e-07 7.84e-08 6.93e-08 3.84e-07   0.0
      DP_OP_654J3_144_2117 (stage1_path_engine_0_DP_OP_654J3_144_2117_J3_0_6)
                                      2.15e-07 7.03e-08 6.78e-08 3.53e-07   0.0
      DP_OP_665J3_155_8083 (stage1_path_engine_0_DP_OP_665J3_155_8083_J3_0_6)
                                      1.47e-06 5.24e-07 3.28e-07 2.33e-06   0.0
      DP_OP_640J3_130_2117 (stage1_path_engine_0_DP_OP_640J3_130_2117_J3_0_6)
                                      1.63e-07 5.33e-08 6.57e-08 2.82e-07   0.0
      DP_OP_638J3_128_2117 (stage1_path_engine_0_DP_OP_638J3_128_2117_J3_0_6)
                                      2.15e-07 7.03e-08 6.78e-08 3.53e-07   0.0
      DP_OP_655J3_145_2117 (stage1_path_engine_0_DP_OP_655J3_145_2117_J3_0_6)
                                      2.13e-07 7.01e-08 6.72e-08 3.50e-07   0.0
      DP_OP_666J3_156_8083 (stage1_path_engine_0_DP_OP_666J3_156_8083_J3_0_6)
                                      1.53e-06 5.40e-07 3.29e-07 2.40e-06   0.0
      DP_OP_641J3_131_2117 (stage1_path_engine_0_DP_OP_641J3_131_2117_J3_0_6)
                                      2.09e-07 6.96e-08 6.72e-08 3.45e-07   0.0
      DP_OP_639J3_129_2117 (stage1_path_engine_0_DP_OP_639J3_129_2117_J3_0_6)
                                      2.13e-07 7.01e-08 6.72e-08 3.50e-07   0.0
      DP_OP_656J3_146_2117 (stage1_path_engine_0_DP_OP_656J3_146_2117_J3_0_6)
                                      1.63e-07 5.33e-08 6.57e-08 2.82e-07   0.0
      DP_OP_672J3_162_589 (stage1_path_engine_0_DP_OP_672J3_162_589_J3_0_6)
                                      2.29e-06 7.35e-07 3.67e-07 3.39e-06   0.0
      DP_OP_642J3_132_2117 (stage1_path_engine_0_DP_OP_642J3_132_2117_J3_0_6)
                                      2.52e-07 8.29e-08 6.81e-08 4.03e-07   0.0
  g_weight_12__u_weight (sram_bank_128x256_3)
                                      4.91e-04 6.21e-06 9.45e-05 5.92e-04   2.2
    g_bank_6__u_macro (hs128x32_wrapper_25)
                                      6.14e-05 7.76e-07 1.18e-05 7.40e-05   0.3
    g_bank_5__u_macro (hs128x32_wrapper_26)
                                      6.14e-05 7.76e-07 1.18e-05 7.40e-05   0.3
    g_bank_4__u_macro (hs128x32_wrapper_27)
                                      6.14e-05 7.77e-07 1.18e-05 7.40e-05   0.3
    g_bank_0__u_macro (hs128x32_wrapper_31)
                                      6.14e-05 7.76e-07 1.18e-05 7.40e-05   0.3
    g_bank_3__u_macro (hs128x32_wrapper_28)
                                      6.14e-05 7.76e-07 1.18e-05 7.40e-05   0.3
    g_bank_2__u_macro (hs128x32_wrapper_29)
                                      6.14e-05 7.76e-07 1.18e-05 7.40e-05   0.3
    g_bank_1__u_macro (hs128x32_wrapper_30)
                                      6.14e-05 7.76e-07 1.18e-05 7.40e-05   0.3
    g_bank_7__u_macro (hs128x32_wrapper_24)
                                      6.14e-05 7.76e-07 1.18e-05 7.40e-05   0.3
  DP_OP_276J1_134_5275 (stage1_tile_DP_OP_276J1_134_5275_J1_0)
                                      6.89e-07 3.16e-07 1.34e-07 1.14e-06   0.0
  g_weight_7__u_weight (sram_bank_128x256_8)
                                      4.91e-04 6.20e-06 9.45e-05 5.92e-04   2.2
    g_bank_6__u_macro (hs128x32_wrapper_65)
                                      6.14e-05 7.75e-07 1.18e-05 7.40e-05   0.3
    g_bank_5__u_macro (hs128x32_wrapper_66)
                                      6.14e-05 7.76e-07 1.18e-05 7.40e-05   0.3
    g_bank_4__u_macro (hs128x32_wrapper_67)
                                      6.14e-05 7.75e-07 1.18e-05 7.40e-05   0.3
    g_bank_0__u_macro (hs128x32_wrapper_71)
                                      6.14e-05 7.76e-07 1.18e-05 7.40e-05   0.3
    g_bank_3__u_macro (hs128x32_wrapper_68)
                                      6.14e-05 7.76e-07 1.18e-05 7.40e-05   0.3
    g_bank_2__u_macro (hs128x32_wrapper_69)
                                      6.14e-05 7.75e-07 1.18e-05 7.40e-05   0.3
    g_bank_1__u_macro (hs128x32_wrapper_70)
                                      6.14e-05 7.75e-07 1.18e-05 7.40e-05   0.3
    g_bank_7__u_macro (hs128x32_wrapper_64)
                                      6.14e-05 7.75e-07 1.18e-05 7.40e-05   0.3
  DP_OP_269J1_127_5275 (stage1_tile_DP_OP_269J1_127_5275_J1_0)
                                      8.43e-07 3.60e-07 1.37e-07 1.34e-06   0.0
  g_weight_0__u_weight (sram_bank_128x256_15)
                                      4.91e-04 6.21e-06 9.45e-05 5.92e-04   2.2
    g_bank_6__u_macro (hs128x32_wrapper_121)
                                      6.14e-05 7.77e-07 1.18e-05 7.40e-05   0.3
    g_bank_5__u_macro (hs128x32_wrapper_122)
                                      6.14e-05 7.76e-07 1.18e-05 7.40e-05   0.3
    g_bank_4__u_macro (hs128x32_wrapper_123)
                                      6.14e-05 7.76e-07 1.18e-05 7.40e-05   0.3
    g_bank_0__u_macro (hs128x32_wrapper_127)
                                      6.14e-05 7.76e-07 1.18e-05 7.40e-05   0.3
    g_bank_3__u_macro (hs128x32_wrapper_124)
                                      6.14e-05 7.76e-07 1.18e-05 7.40e-05   0.3
    g_bank_2__u_macro (hs128x32_wrapper_125)
                                      6.14e-05 7.76e-07 1.18e-05 7.40e-05   0.3
    g_bank_1__u_macro (hs128x32_wrapper_126)
                                      6.14e-05 7.77e-07 1.18e-05 7.40e-05   0.3
    g_bank_7__u_macro (hs128x32_wrapper_120)
                                      6.14e-05 7.76e-07 1.18e-05 7.40e-05   0.3
  g_weight_15__u_weight (sram_bank_128x256_0)
                                      4.91e-04 6.21e-06 9.45e-05 5.92e-04   2.2
    g_bank_6__u_macro (hs128x32_wrapper_1)
                                      6.14e-05 7.77e-07 1.18e-05 7.40e-05   0.3
    g_bank_5__u_macro (hs128x32_wrapper_2)
                                      6.14e-05 7.76e-07 1.18e-05 7.40e-05   0.3
    g_bank_4__u_macro (hs128x32_wrapper_3)
                                      6.14e-05 7.76e-07 1.18e-05 7.40e-05   0.3
    g_bank_0__u_macro (hs128x32_wrapper_7)
                                      6.14e-05 7.76e-07 1.18e-05 7.40e-05   0.3
    g_bank_3__u_macro (hs128x32_wrapper_4)
                                      6.14e-05 7.76e-07 1.18e-05 7.40e-05   0.3
    g_bank_2__u_macro (hs128x32_wrapper_5)
                                      6.14e-05 7.76e-07 1.18e-05 7.40e-05   0.3
    g_bank_1__u_macro (hs128x32_wrapper_6)
                                      6.14e-05 7.77e-07 1.18e-05 7.40e-05   0.3
    g_bank_7__u_macro (hs128x32_wrapper_0)
                                      6.14e-05 7.76e-07 1.18e-05 7.40e-05   0.3
  g_pair_3__u_pair (stage1_lane_pair_4)
                                      1.51e-03 1.30e-04 4.99e-05 1.69e-03   6.2
    u_gate (stage1_path_engine_9)     7.54e-04 6.43e-05 2.49e-05 8.44e-04   3.1
      DP_OP_657J3_147_2117 (stage1_path_engine_0_DP_OP_657J3_147_2117_J3_0_9)
                                      2.15e-07 6.54e-08 7.44e-08 3.54e-07   0.0
      DP_OP_670J3_160_8083 (stage1_path_engine_0_DP_OP_670J3_160_8083_J3_0_9)
                                         0.000    0.000 3.25e-07 3.25e-07   0.0
      DP_OP_673J3_163_589 (stage1_path_engine_0_DP_OP_673J3_163_589_J3_0_9)
                                         0.000    0.000 3.66e-07 3.66e-07   0.0
      DP_OP_643J3_133_2117 (stage1_path_engine_0_DP_OP_643J3_133_2117_J3_0_9)
                                      2.17e-07 6.16e-08 7.46e-08 3.53e-07   0.0
      add_x_33 (stage1_path_engine_0_DW01_add_J3_1_9)
                                         0.000    0.000 1.37e-07 1.37e-07   0.0
      DP_OP_660J3_150_2117 (stage1_path_engine_0_DP_OP_660J3_150_2117_J3_0_9)
                                      2.34e-07 6.94e-08 7.36e-08 3.77e-07   0.0
      DP_OP_658J3_148_2117 (stage1_path_engine_0_DP_OP_658J3_148_2117_J3_0_9)
                                      2.13e-07 6.14e-08 7.52e-08 3.50e-07   0.0
      DP_OP_671J3_161_8083 (stage1_path_engine_0_DP_OP_671J3_161_8083_J3_0_9)
                                         0.000    0.000 3.25e-07 3.25e-07   0.0
      DP_OP_644J3_134_2117 (stage1_path_engine_0_DP_OP_644J3_134_2117_J3_0_9)
                                      2.34e-07 6.94e-08 7.36e-08 3.77e-07   0.0
      DP_OP_667J3_157_8083 (stage1_path_engine_0_DP_OP_667J3_157_8083_J3_0_9)
                                         0.000    0.000 3.25e-07 3.25e-07   0.0
      DP_OP_661J3_151_2117 (stage1_path_engine_0_DP_OP_661J3_151_2117_J3_0_9)
                                      2.32e-07 6.98e-08 7.20e-08 3.73e-07   0.0
      DP_OP_659J3_149_2117 (stage1_path_engine_0_DP_OP_659J3_149_2117_J3_0_9)
                                      2.17e-07 6.16e-08 7.46e-08 3.53e-07   0.0
      add_x_194 (stage1_path_engine_0_DW01_add_J3_0_9)
                                         0.000    0.000 1.90e-07 1.90e-07   0.0
      DP_OP_645J3_135_2117 (stage1_path_engine_0_DP_OP_645J3_135_2117_J3_0_9)
                                      2.32e-07 6.98e-08 7.20e-08 3.73e-07   0.0
      DP_OP_668J3_158_8083 (stage1_path_engine_0_DP_OP_668J3_158_8083_J3_0_9)
                                         0.000    0.000 3.25e-07 3.25e-07   0.0
      DP_OP_662J3_152_2117 (stage1_path_engine_0_DP_OP_662J3_152_2117_J3_0_9)
                                      2.37e-07 7.17e-08 7.16e-08 3.81e-07   0.0
      DP_OP_646J3_136_2117 (stage1_path_engine_0_DP_OP_646J3_136_2117_J3_0_9)
                                      2.37e-07 7.17e-08 7.16e-08 3.81e-07   0.0
      DP_OP_669J3_159_8083 (stage1_path_engine_0_DP_OP_669J3_159_8083_J3_0_9)
                                         0.000    0.000 3.25e-07 3.25e-07   0.0
      DP_OP_663J3_153_2117 (stage1_path_engine_0_DP_OP_663J3_153_2117_J3_0_9)
                                      2.41e-07 7.41e-08 7.16e-08 3.87e-07   0.0
      DP_OP_632J3_122_2117 (stage1_path_engine_0_DP_OP_632J3_122_2117_J3_0_9)
                                      2.20e-07 6.81e-08 7.26e-08 3.61e-07   0.0
      DP_OP_647J3_137_2117 (stage1_path_engine_0_DP_OP_647J3_137_2117_J3_0_9)
                                      2.41e-07 7.41e-08 7.16e-08 3.87e-07   0.0
      DP_OP_633J3_123_2117 (stage1_path_engine_0_DP_OP_633J3_123_2117_J3_0_9)
                                      2.15e-07 6.54e-08 7.44e-08 3.54e-07   0.0
      DP_OP_650J3_140_2117 (stage1_path_engine_0_DP_OP_650J3_140_2117_J3_0_9)
                                      2.13e-07 6.14e-08 7.52e-08 3.50e-07   0.0
      DP_OP_648J3_138_2117 (stage1_path_engine_0_DP_OP_648J3_138_2117_J3_0_9)
                                      2.20e-07 6.81e-08 7.26e-08 3.61e-07   0.0
      DP_OP_634J3_124_2117 (stage1_path_engine_0_DP_OP_634J3_124_2117_J3_0_9)
                                      2.13e-07 6.14e-08 7.52e-08 3.50e-07   0.0
      DP_OP_651J3_141_2117 (stage1_path_engine_0_DP_OP_651J3_141_2117_J3_0_9)
                                      2.17e-07 6.16e-08 7.46e-08 3.53e-07   0.0
      DP_OP_649J3_139_2117 (stage1_path_engine_0_DP_OP_649J3_139_2117_J3_0_9)
                                      2.15e-07 6.54e-08 7.44e-08 3.54e-07   0.0
      DP_OP_635J3_125_2117 (stage1_path_engine_0_DP_OP_635J3_125_2117_J3_0_9)
                                      2.17e-07 6.16e-08 7.46e-08 3.53e-07   0.0
      DP_OP_652J3_142_2117 (stage1_path_engine_0_DP_OP_652J3_142_2117_J3_0_9)
                                      2.34e-07 6.94e-08 7.36e-08 3.77e-07   0.0
      DP_OP_636J3_126_2117 (stage1_path_engine_0_DP_OP_636J3_126_2117_J3_0_9)
                                      2.34e-07 6.94e-08 7.36e-08 3.77e-07   0.0
      mult_x_10 (stage1_path_engine_0_DW_mult_tc_J3_22_9)
                                      2.33e-06 1.37e-06 3.26e-07 4.02e-06   0.0
      mult_x_11 (stage1_path_engine_0_DW_mult_tc_J3_21_9)
                                      2.33e-06 1.38e-06 3.28e-07 4.04e-06   0.0
      mult_x_12 (stage1_path_engine_0_DW_mult_tc_J3_20_9)
                                      2.37e-06 1.39e-06 3.14e-07 4.08e-06   0.0
      mult_x_13 (stage1_path_engine_0_DW_mult_tc_J3_19_9)
                                      2.39e-06 1.38e-06 3.27e-07 4.10e-06   0.0
      mult_x_14 (stage1_path_engine_0_DW_mult_tc_J3_18_9)
                                      2.35e-06 1.37e-06 3.12e-07 4.03e-06   0.0
      mult_x_15 (stage1_path_engine_0_DW_mult_tc_J3_17_9)
                                      2.33e-06 1.37e-06 3.25e-07 4.03e-06   0.0
      mult_x_16 (stage1_path_engine_0_DW_mult_tc_J3_16_9)
                                      2.33e-06 1.38e-06 3.28e-07 4.04e-06   0.0
      mult_x_17 (stage1_path_engine_0_DW_mult_tc_J3_15_9)
                                      2.37e-06 1.39e-06 3.15e-07 4.08e-06   0.0
      mult_x_18 (stage1_path_engine_0_DW_mult_tc_J3_14_9)
                                      2.38e-06 1.38e-06 3.27e-07 4.09e-06   0.0
      mult_x_19 (stage1_path_engine_0_DW_mult_tc_J3_13_9)
                                      2.32e-06 1.36e-06 3.12e-07 3.99e-06   0.0
      DP_OP_653J3_143_2117 (stage1_path_engine_0_DP_OP_653J3_143_2117_J3_0_9)
                                      2.32e-07 6.98e-08 7.20e-08 3.73e-07   0.0
      mult_x_20 (stage1_path_engine_0_DW_mult_tc_J3_12_9)
                                      2.35e-06 1.38e-06 3.26e-07 4.05e-06   0.0
      mult_x_21 (stage1_path_engine_0_DW_mult_tc_J3_11_9)
                                      2.35e-06 1.39e-06 3.28e-07 4.07e-06   0.0
      mult_x_22 (stage1_path_engine_0_DW_mult_tc_J3_10_9)
                                      2.35e-06 1.38e-06 3.14e-07 4.05e-06   0.0
      mult_x_23 (stage1_path_engine_0_DW_mult_tc_J3_9_9)
                                      2.38e-06 1.38e-06 3.27e-07 4.09e-06   0.0
      mult_x_24 (stage1_path_engine_0_DW_mult_tc_J3_8_9)
                                      2.34e-06 1.37e-06 3.12e-07 4.03e-06   0.0
      mult_x_25 (stage1_path_engine_0_DW_mult_tc_J3_7_9)
                                      2.34e-06 1.38e-06 3.26e-07 4.05e-06   0.0
      mult_x_26 (stage1_path_engine_0_DW_mult_tc_J3_6_9)
                                      2.34e-06 1.38e-06 3.28e-07 4.05e-06   0.0
      mult_x_27 (stage1_path_engine_0_DW_mult_tc_J3_5_9)
                                      2.36e-06 1.38e-06 3.14e-07 4.05e-06   0.0
      mult_x_28 (stage1_path_engine_0_DW_mult_tc_J3_4_9)
                                      2.41e-06 1.39e-06 3.27e-07 4.13e-06   0.0
      mult_x_29 (stage1_path_engine_0_DW_mult_tc_J3_3_9)
                                      2.34e-06 1.37e-06 3.12e-07 4.02e-06   0.0
      mult_x_30 (stage1_path_engine_0_DW_mult_tc_J3_2_9)
                                      2.32e-06 1.37e-06 3.26e-07 4.01e-06   0.0
      mult_x_31 (stage1_path_engine_0_DW_mult_tc_J3_1_9)
                                      2.36e-06 1.39e-06 3.28e-07 4.07e-06   0.0
      mult_x_32 (stage1_path_engine_0_DW_mult_tc_J3_0_9)
                                      2.34e-06 1.38e-06 3.14e-07 4.03e-06   0.0
      DP_OP_664J3_154_8083 (stage1_path_engine_0_DP_OP_664J3_154_8083_J3_0_9)
                                         0.000    0.000 3.25e-07 3.25e-07   0.0
      mult_x_1 (stage1_path_engine_0_DW_mult_tc_J3_31_9)
                                      2.32e-06 1.37e-06 3.28e-07 4.01e-06   0.0
      mult_x_2 (stage1_path_engine_0_DW_mult_tc_J3_30_9)
                                      2.36e-06 1.38e-06 3.14e-07 4.05e-06   0.0
      mult_x_3 (stage1_path_engine_0_DW_mult_tc_J3_29_9)
                                      2.40e-06 1.39e-06 3.27e-07 4.11e-06   0.0
      mult_x_4 (stage1_path_engine_0_DW_mult_tc_J3_28_9)
                                      2.37e-06 1.38e-06 3.12e-07 4.07e-06   0.0
      mult_x_5 (stage1_path_engine_0_DW_mult_tc_J3_27_9)
                                      2.33e-06 1.37e-06 3.26e-07 4.02e-06   0.0
      mult_x_6 (stage1_path_engine_0_DW_mult_tc_J3_26_9)
                                      2.31e-06 1.37e-06 3.28e-07 4.01e-06   0.0
      mult_x_7 (stage1_path_engine_0_DW_mult_tc_J3_25_9)
                                      2.38e-06 1.39e-06 3.14e-07 4.08e-06   0.0
      mult_x_8 (stage1_path_engine_0_DW_mult_tc_J3_24_9)
                                      2.39e-06 1.38e-06 3.27e-07 4.10e-06   0.0
      mult_x_9 (stage1_path_engine_0_DW_mult_tc_J3_23_9)
                                      2.34e-06 1.37e-06 3.12e-07 4.03e-06   0.0
      DP_OP_637J3_127_2117 (stage1_path_engine_0_DP_OP_637J3_127_2117_J3_0_9)
                                      2.32e-07 6.98e-08 7.20e-08 3.73e-07   0.0
      DP_OP_654J3_144_2117 (stage1_path_engine_0_DP_OP_654J3_144_2117_J3_0_9)
                                      2.37e-07 7.17e-08 7.16e-08 3.81e-07   0.0
      DP_OP_665J3_155_8083 (stage1_path_engine_0_DP_OP_665J3_155_8083_J3_0_9)
                                         0.000    0.000 3.25e-07 3.25e-07   0.0
      DP_OP_640J3_130_2117 (stage1_path_engine_0_DP_OP_640J3_130_2117_J3_0_9)
                                      2.20e-07 6.81e-08 7.26e-08 3.61e-07   0.0
      DP_OP_638J3_128_2117 (stage1_path_engine_0_DP_OP_638J3_128_2117_J3_0_9)
                                      2.37e-07 7.17e-08 7.16e-08 3.81e-07   0.0
      DP_OP_655J3_145_2117 (stage1_path_engine_0_DP_OP_655J3_145_2117_J3_0_9)
                                      2.41e-07 7.41e-08 7.16e-08 3.87e-07   0.0
      DP_OP_666J3_156_8083 (stage1_path_engine_0_DP_OP_666J3_156_8083_J3_0_9)
                                         0.000    0.000 3.25e-07 3.25e-07   0.0
      DP_OP_641J3_131_2117 (stage1_path_engine_0_DP_OP_641J3_131_2117_J3_0_9)
                                      2.15e-07 6.54e-08 7.44e-08 3.54e-07   0.0
      DP_OP_639J3_129_2117 (stage1_path_engine_0_DP_OP_639J3_129_2117_J3_0_9)
                                      2.41e-07 7.41e-08 7.16e-08 3.87e-07   0.0
      DP_OP_656J3_146_2117 (stage1_path_engine_0_DP_OP_656J3_146_2117_J3_0_9)
                                      2.20e-07 6.81e-08 7.26e-08 3.61e-07   0.0
      DP_OP_672J3_162_589 (stage1_path_engine_0_DP_OP_672J3_162_589_J3_0_9)
                                         0.000    0.000 3.66e-07 3.66e-07   0.0
      DP_OP_642J3_132_2117 (stage1_path_engine_0_DP_OP_642J3_132_2117_J3_0_9)
                                      2.13e-07 6.14e-08 7.52e-08 3.50e-07   0.0
    u_up (stage1_path_engine_8)       7.56e-04 6.53e-05 2.49e-05 8.46e-04   3.1
      DP_OP_657J3_147_2117 (stage1_path_engine_0_DP_OP_657J3_147_2117_J3_0_8)
                                      2.55e-07 8.06e-08 7.27e-08 4.09e-07   0.0
      DP_OP_670J3_160_8083 (stage1_path_engine_0_DP_OP_670J3_160_8083_J3_0_8)
                                         0.000    0.000 3.25e-07 3.25e-07   0.0
      DP_OP_673J3_163_589 (stage1_path_engine_0_DP_OP_673J3_163_589_J3_0_8)
                                         0.000    0.000 3.66e-07 3.66e-07   0.0
      DP_OP_643J3_133_2117 (stage1_path_engine_0_DP_OP_643J3_133_2117_J3_0_8)
                                      2.53e-07 7.52e-08 7.44e-08 4.03e-07   0.0
      add_x_33 (stage1_path_engine_0_DW01_add_J3_1_8)
                                         0.000    0.000 1.37e-07 1.37e-07   0.0
      DP_OP_660J3_150_2117 (stage1_path_engine_0_DP_OP_660J3_150_2117_J3_0_8)
                                      2.68e-07 8.32e-08 7.30e-08 4.24e-07   0.0
      DP_OP_658J3_148_2117 (stage1_path_engine_0_DP_OP_658J3_148_2117_J3_0_8)
                                      2.74e-07 8.47e-08 7.38e-08 4.33e-07   0.0
      DP_OP_671J3_161_8083 (stage1_path_engine_0_DP_OP_671J3_161_8083_J3_0_8)
                                         0.000    0.000 3.25e-07 3.25e-07   0.0
      DP_OP_644J3_134_2117 (stage1_path_engine_0_DP_OP_644J3_134_2117_J3_0_8)
                                      2.68e-07 8.32e-08 7.30e-08 4.24e-07   0.0
      DP_OP_667J3_157_8083 (stage1_path_engine_0_DP_OP_667J3_157_8083_J3_0_8)
                                         0.000    0.000 3.25e-07 3.25e-07   0.0
      DP_OP_661J3_151_2117 (stage1_path_engine_0_DP_OP_661J3_151_2117_J3_0_8)
                                      2.56e-07 7.92e-08 7.19e-08 4.07e-07   0.0
      DP_OP_659J3_149_2117 (stage1_path_engine_0_DP_OP_659J3_149_2117_J3_0_8)
                                      2.53e-07 7.52e-08 7.44e-08 4.03e-07   0.0
      add_x_194 (stage1_path_engine_0_DW01_add_J3_0_8)
                                         0.000    0.000 1.90e-07 1.90e-07   0.0
      DP_OP_645J3_135_2117 (stage1_path_engine_0_DP_OP_645J3_135_2117_J3_0_8)
                                      2.56e-07 7.92e-08 7.19e-08 4.07e-07   0.0
      DP_OP_668J3_158_8083 (stage1_path_engine_0_DP_OP_668J3_158_8083_J3_0_8)
                                         0.000    0.000 3.25e-07 3.25e-07   0.0
      DP_OP_662J3_152_2117 (stage1_path_engine_0_DP_OP_662J3_152_2117_J3_0_8)
                                      2.60e-07 8.09e-08 7.06e-08 4.11e-07   0.0
      DP_OP_646J3_136_2117 (stage1_path_engine_0_DP_OP_646J3_136_2117_J3_0_8)
                                      2.60e-07 8.09e-08 7.06e-08 4.11e-07   0.0
      DP_OP_669J3_159_8083 (stage1_path_engine_0_DP_OP_669J3_159_8083_J3_0_8)
                                         0.000    0.000 3.25e-07 3.25e-07   0.0
      DP_OP_663J3_153_2117 (stage1_path_engine_0_DP_OP_663J3_153_2117_J3_0_8)
                                      2.64e-07 8.26e-08 7.05e-08 4.17e-07   0.0
      DP_OP_632J3_122_2117 (stage1_path_engine_0_DP_OP_632J3_122_2117_J3_0_8)
                                      2.43e-07 7.76e-08 7.05e-08 3.91e-07   0.0
      DP_OP_647J3_137_2117 (stage1_path_engine_0_DP_OP_647J3_137_2117_J3_0_8)
                                      2.64e-07 8.26e-08 7.05e-08 4.17e-07   0.0
      DP_OP_633J3_123_2117 (stage1_path_engine_0_DP_OP_633J3_123_2117_J3_0_8)
                                      2.55e-07 8.06e-08 7.27e-08 4.09e-07   0.0
      DP_OP_650J3_140_2117 (stage1_path_engine_0_DP_OP_650J3_140_2117_J3_0_8)
                                      2.74e-07 8.47e-08 7.38e-08 4.33e-07   0.0
      DP_OP_648J3_138_2117 (stage1_path_engine_0_DP_OP_648J3_138_2117_J3_0_8)
                                      2.43e-07 7.76e-08 7.05e-08 3.91e-07   0.0
      DP_OP_634J3_124_2117 (stage1_path_engine_0_DP_OP_634J3_124_2117_J3_0_8)
                                      2.74e-07 8.47e-08 7.38e-08 4.33e-07   0.0
      DP_OP_651J3_141_2117 (stage1_path_engine_0_DP_OP_651J3_141_2117_J3_0_8)
                                      2.53e-07 7.52e-08 7.44e-08 4.03e-07   0.0
      DP_OP_649J3_139_2117 (stage1_path_engine_0_DP_OP_649J3_139_2117_J3_0_8)
                                      2.55e-07 8.06e-08 7.27e-08 4.09e-07   0.0
      DP_OP_635J3_125_2117 (stage1_path_engine_0_DP_OP_635J3_125_2117_J3_0_8)
                                      2.53e-07 7.52e-08 7.44e-08 4.03e-07   0.0
      DP_OP_652J3_142_2117 (stage1_path_engine_0_DP_OP_652J3_142_2117_J3_0_8)
                                      2.68e-07 8.32e-08 7.30e-08 4.24e-07   0.0
      DP_OP_636J3_126_2117 (stage1_path_engine_0_DP_OP_636J3_126_2117_J3_0_8)
                                      2.68e-07 8.32e-08 7.30e-08 4.24e-07   0.0
      mult_x_10 (stage1_path_engine_0_DW_mult_tc_J3_22_8)
                                      2.34e-06 1.39e-06 3.14e-07 4.04e-06   0.0
      mult_x_11 (stage1_path_engine_0_DW_mult_tc_J3_21_8)
                                      2.35e-06 1.40e-06 3.27e-07 4.08e-06   0.0
      mult_x_12 (stage1_path_engine_0_DW_mult_tc_J3_20_8)
                                      2.33e-06 1.40e-06 3.31e-07 4.06e-06   0.0
      mult_x_13 (stage1_path_engine_0_DW_mult_tc_J3_19_8)
                                      2.36e-06 1.40e-06 3.17e-07 4.08e-06   0.0
      mult_x_14 (stage1_path_engine_0_DW_mult_tc_J3_18_8)
                                      2.40e-06 1.41e-06 3.29e-07 4.14e-06   0.0
      mult_x_15 (stage1_path_engine_0_DW_mult_tc_J3_17_8)
                                      2.33e-06 1.38e-06 3.14e-07 4.02e-06   0.0
      mult_x_16 (stage1_path_engine_0_DW_mult_tc_J3_16_8)
                                      2.38e-06 1.46e-06 3.32e-07 4.17e-06   0.0
      mult_x_17 (stage1_path_engine_0_DW_mult_tc_J3_15_8)
                                      2.34e-06 1.40e-06 3.31e-07 4.07e-06   0.0
      mult_x_18 (stage1_path_engine_0_DW_mult_tc_J3_14_8)
                                      2.36e-06 1.40e-06 3.17e-07 4.08e-06   0.0
      mult_x_19 (stage1_path_engine_0_DW_mult_tc_J3_13_8)
                                      2.39e-06 1.34e-06 3.22e-07 4.05e-06   0.0
      DP_OP_653J3_143_2117 (stage1_path_engine_0_DP_OP_653J3_143_2117_J3_0_8)
                                      2.56e-07 7.92e-08 7.19e-08 4.07e-07   0.0
      mult_x_20 (stage1_path_engine_0_DW_mult_tc_J3_12_8)
                                      2.34e-06 1.39e-06 3.14e-07 4.05e-06   0.0
      mult_x_21 (stage1_path_engine_0_DW_mult_tc_J3_11_8)
                                      2.36e-06 1.41e-06 3.28e-07 4.10e-06   0.0
      mult_x_22 (stage1_path_engine_0_DW_mult_tc_J3_10_8)
                                      2.34e-06 1.40e-06 3.31e-07 4.07e-06   0.0
      mult_x_23 (stage1_path_engine_0_DW_mult_tc_J3_9_8)
                                      2.35e-06 1.39e-06 3.17e-07 4.06e-06   0.0
      mult_x_24 (stage1_path_engine_0_DW_mult_tc_J3_8_8)
                                      2.42e-06 1.42e-06 3.29e-07 4.16e-06   0.0
      mult_x_25 (stage1_path_engine_0_DW_mult_tc_J3_7_8)
                                      2.33e-06 1.39e-06 3.14e-07 4.03e-06   0.0
      mult_x_26 (stage1_path_engine_0_DW_mult_tc_J3_6_8)
                                      2.34e-06 1.40e-06 3.27e-07 4.07e-06   0.0
      mult_x_27 (stage1_path_engine_0_DW_mult_tc_J3_5_8)
                                      2.35e-06 1.40e-06 3.31e-07 4.09e-06   0.0
      mult_x_28 (stage1_path_engine_0_DW_mult_tc_J3_4_8)
                                      2.36e-06 1.40e-06 3.17e-07 4.08e-06   0.0
      mult_x_29 (stage1_path_engine_0_DW_mult_tc_J3_3_8)
                                      2.42e-06 1.42e-06 3.29e-07 4.16e-06   0.0
      mult_x_30 (stage1_path_engine_0_DW_mult_tc_J3_2_8)
                                      2.32e-06 1.38e-06 3.14e-07 4.01e-06   0.0
      mult_x_31 (stage1_path_engine_0_DW_mult_tc_J3_1_8)
                                      2.35e-06 1.40e-06 3.27e-07 4.08e-06   0.0
      mult_x_32 (stage1_path_engine_0_DW_mult_tc_J3_0_8)
                                      2.36e-06 1.41e-06 3.31e-07 4.10e-06   0.0
      DP_OP_664J3_154_8083 (stage1_path_engine_0_DP_OP_664J3_154_8083_J3_0_8)
                                         0.000    0.000 3.25e-07 3.25e-07   0.0
      mult_x_1 (stage1_path_engine_0_DW_mult_tc_J3_31_8)
                                      2.33e-06 1.39e-06 3.27e-07 4.04e-06   0.0
      mult_x_2 (stage1_path_engine_0_DW_mult_tc_J3_30_8)
                                      2.32e-06 1.39e-06 3.31e-07 4.04e-06   0.0
      mult_x_3 (stage1_path_engine_0_DW_mult_tc_J3_29_8)
                                      2.39e-06 1.42e-06 3.17e-07 4.13e-06   0.0
      mult_x_4 (stage1_path_engine_0_DW_mult_tc_J3_28_8)
                                      2.41e-06 1.41e-06 3.29e-07 4.15e-06   0.0
      mult_x_5 (stage1_path_engine_0_DW_mult_tc_J3_27_8)
                                      2.34e-06 1.39e-06 3.14e-07 4.04e-06   0.0
      mult_x_6 (stage1_path_engine_0_DW_mult_tc_J3_26_8)
                                      2.33e-06 1.39e-06 3.28e-07 4.04e-06   0.0
      mult_x_7 (stage1_path_engine_0_DW_mult_tc_J3_25_8)
                                      2.33e-06 1.40e-06 3.31e-07 4.05e-06   0.0
      mult_x_8 (stage1_path_engine_0_DW_mult_tc_J3_24_8)
                                      2.38e-06 1.41e-06 3.17e-07 4.11e-06   0.0
      mult_x_9 (stage1_path_engine_0_DW_mult_tc_J3_23_8)
                                      2.40e-06 1.40e-06 3.29e-07 4.14e-06   0.0
      DP_OP_637J3_127_2117 (stage1_path_engine_0_DP_OP_637J3_127_2117_J3_0_8)
                                      2.56e-07 7.92e-08 7.19e-08 4.07e-07   0.0
      DP_OP_654J3_144_2117 (stage1_path_engine_0_DP_OP_654J3_144_2117_J3_0_8)
                                      2.60e-07 8.09e-08 7.06e-08 4.11e-07   0.0
      DP_OP_665J3_155_8083 (stage1_path_engine_0_DP_OP_665J3_155_8083_J3_0_8)
                                         0.000    0.000 3.25e-07 3.25e-07   0.0
      DP_OP_640J3_130_2117 (stage1_path_engine_0_DP_OP_640J3_130_2117_J3_0_8)
                                      2.43e-07 7.76e-08 7.05e-08 3.91e-07   0.0
      DP_OP_638J3_128_2117 (stage1_path_engine_0_DP_OP_638J3_128_2117_J3_0_8)
                                      2.60e-07 8.09e-08 7.06e-08 4.11e-07   0.0
      DP_OP_655J3_145_2117 (stage1_path_engine_0_DP_OP_655J3_145_2117_J3_0_8)
                                      2.64e-07 8.26e-08 7.05e-08 4.17e-07   0.0
      DP_OP_666J3_156_8083 (stage1_path_engine_0_DP_OP_666J3_156_8083_J3_0_8)
                                         0.000    0.000 3.25e-07 3.25e-07   0.0
      DP_OP_641J3_131_2117 (stage1_path_engine_0_DP_OP_641J3_131_2117_J3_0_8)
                                      2.55e-07 8.06e-08 7.27e-08 4.09e-07   0.0
      DP_OP_639J3_129_2117 (stage1_path_engine_0_DP_OP_639J3_129_2117_J3_0_8)
                                      2.64e-07 8.26e-08 7.05e-08 4.17e-07   0.0
      DP_OP_656J3_146_2117 (stage1_path_engine_0_DP_OP_656J3_146_2117_J3_0_8)
                                      2.43e-07 7.76e-08 7.05e-08 3.91e-07   0.0
      DP_OP_672J3_162_589 (stage1_path_engine_0_DP_OP_672J3_162_589_J3_0_8)
                                         0.000    0.000 3.66e-07 3.66e-07   0.0
      DP_OP_642J3_132_2117 (stage1_path_engine_0_DP_OP_642J3_132_2117_J3_0_8)
                                      2.74e-07 8.47e-08 7.38e-08 4.33e-07   0.0
  DP_OP_275J1_133_5275 (stage1_tile_DP_OP_275J1_133_5275_J1_0)
                                      1.06e-06 4.27e-07 1.43e-07 1.63e-06   0.0
  DP_OP_268J1_126_5275 (stage1_tile_DP_OP_268J1_126_5275_J1_0)
                                      6.89e-07 3.16e-07 1.33e-07 1.14e-06   0.0
  g_weight_3__u_weight (sram_bank_128x256_12)
                                      4.91e-04 6.21e-06 9.45e-05 5.92e-04   2.2
    g_bank_6__u_macro (hs128x32_wrapper_97)
                                      6.14e-05 7.76e-07 1.18e-05 7.40e-05   0.3
    g_bank_5__u_macro (hs128x32_wrapper_98)
                                      6.14e-05 7.76e-07 1.18e-05 7.40e-05   0.3
    g_bank_4__u_macro (hs128x32_wrapper_99)
                                      6.14e-05 7.76e-07 1.18e-05 7.40e-05   0.3
    g_bank_0__u_macro (hs128x32_wrapper_103)
                                      6.14e-05 7.76e-07 1.18e-05 7.40e-05   0.3
    g_bank_3__u_macro (hs128x32_wrapper_100)
                                      6.14e-05 7.77e-07 1.18e-05 7.40e-05   0.3
    g_bank_2__u_macro (hs128x32_wrapper_101)
                                      6.14e-05 7.76e-07 1.18e-05 7.40e-05   0.3
    g_bank_1__u_macro (hs128x32_wrapper_102)
                                      6.14e-05 7.76e-07 1.18e-05 7.40e-05   0.3
    g_bank_7__u_macro (hs128x32_wrapper_96)
                                      6.14e-05 7.76e-07 1.18e-05 7.40e-05   0.3
  g_pair_2__u_pair (stage1_lane_pair_5)
                                      1.62e-03 1.74e-04 4.92e-05 1.84e-03   6.8
    u_gate (stage1_path_engine_11)    8.08e-04 8.61e-05 2.46e-05 9.19e-04   3.4
      DP_OP_657J3_147_2117 (stage1_path_engine_0_DP_OP_657J3_147_2117_J3_0_11)
                                      1.68e-07 4.91e-08 6.51e-08 2.82e-07   0.0
      DP_OP_670J3_160_8083 (stage1_path_engine_0_DP_OP_670J3_160_8083_J3_0_11)
                                      1.85e-06 6.24e-07 3.28e-07 2.80e-06   0.0
      DP_OP_673J3_163_589 (stage1_path_engine_0_DP_OP_673J3_163_589_J3_0_11)
                                      2.19e-06 7.01e-07 3.66e-07 3.26e-06   0.0
      DP_OP_643J3_133_2117 (stage1_path_engine_0_DP_OP_643J3_133_2117_J3_0_11)
                                      2.56e-07 7.87e-08 6.82e-08 4.03e-07   0.0
      add_x_33 (stage1_path_engine_0_DW01_add_J3_1_11)
                                      8.26e-07 1.87e-07 1.36e-07 1.15e-06   0.0
      DP_OP_660J3_150_2117 (stage1_path_engine_0_DP_OP_660J3_150_2117_J3_0_11)
                                      2.51e-07 7.83e-08 6.88e-08 3.99e-07   0.0
      DP_OP_658J3_148_2117 (stage1_path_engine_0_DP_OP_658J3_148_2117_J3_0_11)
                                      2.30e-07 6.96e-08 6.65e-08 3.66e-07   0.0
      DP_OP_671J3_161_8083 (stage1_path_engine_0_DP_OP_671J3_161_8083_J3_0_11)
                                      1.49e-06 5.29e-07 3.29e-07 2.35e-06   0.0
      DP_OP_644J3_134_2117 (stage1_path_engine_0_DP_OP_644J3_134_2117_J3_0_11)
                                      2.51e-07 7.83e-08 6.88e-08 3.99e-07   0.0
      DP_OP_667J3_157_8083 (stage1_path_engine_0_DP_OP_667J3_157_8083_J3_0_11)
                                      1.58e-06 5.55e-07 3.28e-07 2.46e-06   0.0
      DP_OP_661J3_151_2117 (stage1_path_engine_0_DP_OP_661J3_151_2117_J3_0_11)
                                      2.28e-07 7.04e-08 6.90e-08 3.68e-07   0.0
      DP_OP_659J3_149_2117 (stage1_path_engine_0_DP_OP_659J3_149_2117_J3_0_11)
                                      2.56e-07 7.87e-08 6.82e-08 4.03e-07   0.0
      add_x_194 (stage1_path_engine_0_DW01_add_J3_0_11)
                                      1.25e-06 2.59e-07 1.89e-07 1.70e-06   0.0
      DP_OP_645J3_135_2117 (stage1_path_engine_0_DP_OP_645J3_135_2117_J3_0_11)
                                      2.28e-07 7.04e-08 6.90e-08 3.68e-07   0.0
      DP_OP_668J3_158_8083 (stage1_path_engine_0_DP_OP_668J3_158_8083_J3_0_11)
                                      1.77e-06 6.16e-07 3.30e-07 2.71e-06   0.0
      DP_OP_662J3_152_2117 (stage1_path_engine_0_DP_OP_662J3_152_2117_J3_0_11)
                                      2.12e-07 6.36e-08 6.86e-08 3.44e-07   0.0
      DP_OP_646J3_136_2117 (stage1_path_engine_0_DP_OP_646J3_136_2117_J3_0_11)
                                      2.12e-07 6.36e-08 6.86e-08 3.44e-07   0.0
      DP_OP_669J3_159_8083 (stage1_path_engine_0_DP_OP_669J3_159_8083_J3_0_11)
                                      1.56e-06 5.43e-07 3.28e-07 2.43e-06   0.0
      DP_OP_663J3_153_2117 (stage1_path_engine_0_DP_OP_663J3_153_2117_J3_0_11)
                                      1.94e-07 5.75e-08 6.65e-08 3.18e-07   0.0
      DP_OP_632J3_122_2117 (stage1_path_engine_0_DP_OP_632J3_122_2117_J3_0_11)
                                      1.50e-07 4.26e-08 6.51e-08 2.57e-07   0.0
      DP_OP_647J3_137_2117 (stage1_path_engine_0_DP_OP_647J3_137_2117_J3_0_11)
                                      1.94e-07 5.75e-08 6.65e-08 3.18e-07   0.0
      DP_OP_633J3_123_2117 (stage1_path_engine_0_DP_OP_633J3_123_2117_J3_0_11)
                                      1.68e-07 4.91e-08 6.51e-08 2.82e-07   0.0
      DP_OP_650J3_140_2117 (stage1_path_engine_0_DP_OP_650J3_140_2117_J3_0_11)
                                      2.30e-07 6.96e-08 6.65e-08 3.66e-07   0.0
      DP_OP_648J3_138_2117 (stage1_path_engine_0_DP_OP_648J3_138_2117_J3_0_11)
                                      1.50e-07 4.26e-08 6.51e-08 2.57e-07   0.0
      DP_OP_634J3_124_2117 (stage1_path_engine_0_DP_OP_634J3_124_2117_J3_0_11)
                                      2.30e-07 6.96e-08 6.65e-08 3.66e-07   0.0
      DP_OP_651J3_141_2117 (stage1_path_engine_0_DP_OP_651J3_141_2117_J3_0_11)
                                      2.56e-07 7.87e-08 6.82e-08 4.03e-07   0.0
      DP_OP_649J3_139_2117 (stage1_path_engine_0_DP_OP_649J3_139_2117_J3_0_11)
                                      1.68e-07 4.91e-08 6.51e-08 2.82e-07   0.0
      DP_OP_635J3_125_2117 (stage1_path_engine_0_DP_OP_635J3_125_2117_J3_0_11)
                                      2.56e-07 7.87e-08 6.82e-08 4.03e-07   0.0
      DP_OP_652J3_142_2117 (stage1_path_engine_0_DP_OP_652J3_142_2117_J3_0_11)
                                      2.51e-07 7.83e-08 6.88e-08 3.99e-07   0.0
      DP_OP_636J3_126_2117 (stage1_path_engine_0_DP_OP_636J3_126_2117_J3_0_11)
                                      2.51e-07 7.83e-08 6.88e-08 3.99e-07   0.0
      mult_x_10 (stage1_path_engine_0_DW_mult_tc_J3_22_11)
                                      2.36e-06 1.37e-06 3.12e-07 4.04e-06   0.0
      mult_x_11 (stage1_path_engine_0_DW_mult_tc_J3_21_11)
                                      2.39e-06 1.36e-06 3.24e-07 4.08e-06   0.0
      mult_x_12 (stage1_path_engine_0_DW_mult_tc_J3_20_11)
                                      2.34e-06 1.36e-06 3.10e-07 4.01e-06   0.0
      mult_x_13 (stage1_path_engine_0_DW_mult_tc_J3_19_11)
                                      2.33e-06 1.35e-06 3.23e-07 4.01e-06   0.0
      mult_x_14 (stage1_path_engine_0_DW_mult_tc_J3_18_11)
                                      2.31e-06 1.35e-06 3.26e-07 3.99e-06   0.0
      mult_x_15 (stage1_path_engine_0_DW_mult_tc_J3_17_11)
                                      2.37e-06 1.37e-06 3.12e-07 4.05e-06   0.0
      mult_x_16 (stage1_path_engine_0_DW_mult_tc_J3_16_11)
                                      2.39e-06 1.36e-06 3.25e-07 4.08e-06   0.0
      mult_x_17 (stage1_path_engine_0_DW_mult_tc_J3_15_11)
                                      2.34e-06 1.36e-06 3.10e-07 4.01e-06   0.0
      mult_x_18 (stage1_path_engine_0_DW_mult_tc_J3_14_11)
                                      2.32e-06 1.35e-06 3.23e-07 3.99e-06   0.0
      mult_x_19 (stage1_path_engine_0_DW_mult_tc_J3_13_11)
                                      2.31e-06 1.34e-06 3.26e-07 3.97e-06   0.0
      DP_OP_653J3_143_2117 (stage1_path_engine_0_DP_OP_653J3_143_2117_J3_0_11)
                                      2.28e-07 7.04e-08 6.90e-08 3.68e-07   0.0
      mult_x_20 (stage1_path_engine_0_DW_mult_tc_J3_12_11)
                                      2.38e-06 1.38e-06 3.13e-07 4.07e-06   0.0
      mult_x_21 (stage1_path_engine_0_DW_mult_tc_J3_11_11)
                                      2.40e-06 1.37e-06 3.25e-07 4.10e-06   0.0
      mult_x_22 (stage1_path_engine_0_DW_mult_tc_J3_10_11)
                                      2.32e-06 1.35e-06 3.10e-07 3.98e-06   0.0
      mult_x_23 (stage1_path_engine_0_DW_mult_tc_J3_9_11)
                                      2.32e-06 1.35e-06 3.23e-07 3.99e-06   0.0
      mult_x_24 (stage1_path_engine_0_DW_mult_tc_J3_8_11)
                                      2.32e-06 1.36e-06 3.26e-07 4.00e-06   0.0
      mult_x_25 (stage1_path_engine_0_DW_mult_tc_J3_7_11)
                                      2.37e-06 1.37e-06 3.12e-07 4.06e-06   0.0
      mult_x_26 (stage1_path_engine_0_DW_mult_tc_J3_6_11)
                                      2.39e-06 1.36e-06 3.25e-07 4.08e-06   0.0
      mult_x_27 (stage1_path_engine_0_DW_mult_tc_J3_5_11)
                                      2.33e-06 1.35e-06 3.10e-07 3.99e-06   0.0
      mult_x_28 (stage1_path_engine_0_DW_mult_tc_J3_4_11)
                                      2.34e-06 1.36e-06 3.23e-07 4.03e-06   0.0
      mult_x_29 (stage1_path_engine_0_DW_mult_tc_J3_3_11)
                                      2.32e-06 1.36e-06 3.26e-07 4.01e-06   0.0
      mult_x_30 (stage1_path_engine_0_DW_mult_tc_J3_2_11)
                                      2.35e-06 1.36e-06 3.13e-07 4.03e-06   0.0
      mult_x_31 (stage1_path_engine_0_DW_mult_tc_J3_1_11)
                                      2.39e-06 1.37e-06 3.24e-07 4.09e-06   0.0
      mult_x_32 (stage1_path_engine_0_DW_mult_tc_J3_0_11)
                                      2.31e-06 1.34e-06 3.10e-07 3.97e-06   0.0
      DP_OP_664J3_154_8083 (stage1_path_engine_0_DP_OP_664J3_154_8083_J3_0_11)
                                      1.68e-06 5.79e-07 3.29e-07 2.58e-06   0.0
      mult_x_1 (stage1_path_engine_0_DW_mult_tc_J3_31_11)
                                      2.36e-06 1.35e-06 3.24e-07 4.04e-06   0.0
      mult_x_2 (stage1_path_engine_0_DW_mult_tc_J3_30_11)
                                      2.32e-06 1.35e-06 3.10e-07 3.98e-06   0.0
      mult_x_3 (stage1_path_engine_0_DW_mult_tc_J3_29_11)
                                      2.33e-06 1.36e-06 3.23e-07 4.01e-06   0.0
      mult_x_4 (stage1_path_engine_0_DW_mult_tc_J3_28_11)
                                      2.34e-06 1.36e-06 3.26e-07 4.03e-06   0.0
      mult_x_5 (stage1_path_engine_0_DW_mult_tc_J3_27_11)
                                      2.37e-06 1.37e-06 3.13e-07 4.04e-06   0.0
      mult_x_6 (stage1_path_engine_0_DW_mult_tc_J3_26_11)
                                      2.36e-06 1.35e-06 3.25e-07 4.03e-06   0.0
      mult_x_7 (stage1_path_engine_0_DW_mult_tc_J3_25_11)
                                      2.34e-06 1.36e-06 3.10e-07 4.01e-06   0.0
      mult_x_8 (stage1_path_engine_0_DW_mult_tc_J3_24_11)
                                      2.33e-06 1.36e-06 3.23e-07 4.01e-06   0.0
      mult_x_9 (stage1_path_engine_0_DW_mult_tc_J3_23_11)
                                      2.32e-06 1.35e-06 3.26e-07 3.99e-06   0.0
      DP_OP_637J3_127_2117 (stage1_path_engine_0_DP_OP_637J3_127_2117_J3_0_11)
                                      2.28e-07 7.04e-08 6.90e-08 3.68e-07   0.0
      DP_OP_654J3_144_2117 (stage1_path_engine_0_DP_OP_654J3_144_2117_J3_0_11)
                                      2.12e-07 6.36e-08 6.86e-08 3.44e-07   0.0
      DP_OP_665J3_155_8083 (stage1_path_engine_0_DP_OP_665J3_155_8083_J3_0_11)
                                      1.76e-06 5.95e-07 3.28e-07 2.69e-06   0.0
      DP_OP_640J3_130_2117 (stage1_path_engine_0_DP_OP_640J3_130_2117_J3_0_11)
                                      1.50e-07 4.26e-08 6.51e-08 2.57e-07   0.0
      DP_OP_638J3_128_2117 (stage1_path_engine_0_DP_OP_638J3_128_2117_J3_0_11)
                                      2.12e-07 6.36e-08 6.86e-08 3.44e-07   0.0
      DP_OP_655J3_145_2117 (stage1_path_engine_0_DP_OP_655J3_145_2117_J3_0_11)
                                      1.94e-07 5.75e-08 6.65e-08 3.18e-07   0.0
      DP_OP_666J3_156_8083 (stage1_path_engine_0_DP_OP_666J3_156_8083_J3_0_11)
                                      1.73e-06 6.06e-07 3.29e-07 2.67e-06   0.0
      DP_OP_641J3_131_2117 (stage1_path_engine_0_DP_OP_641J3_131_2117_J3_0_11)
                                      1.68e-07 4.91e-08 6.51e-08 2.82e-07   0.0
      DP_OP_639J3_129_2117 (stage1_path_engine_0_DP_OP_639J3_129_2117_J3_0_11)
                                      1.94e-07 5.75e-08 6.65e-08 3.18e-07   0.0
      DP_OP_656J3_146_2117 (stage1_path_engine_0_DP_OP_656J3_146_2117_J3_0_11)
                                      1.50e-07 4.26e-08 6.51e-08 2.57e-07   0.0
      DP_OP_672J3_162_589 (stage1_path_engine_0_DP_OP_672J3_162_589_J3_0_11)
                                      2.24e-06 7.20e-07 3.65e-07 3.33e-06   0.0
      DP_OP_642J3_132_2117 (stage1_path_engine_0_DP_OP_642J3_132_2117_J3_0_11)
                                      2.30e-07 6.96e-08 6.65e-08 3.66e-07   0.0
    u_up (stage1_path_engine_10)      8.12e-04 8.74e-05 2.46e-05 9.24e-04   3.4
      DP_OP_657J3_147_2117 (stage1_path_engine_0_DP_OP_657J3_147_2117_J3_0_10)
                                      1.88e-07 5.60e-08 6.59e-08 3.10e-07   0.0
      DP_OP_670J3_160_8083 (stage1_path_engine_0_DP_OP_670J3_160_8083_J3_0_10)
                                      1.78e-06 6.15e-07 3.29e-07 2.72e-06   0.0
      DP_OP_673J3_163_589 (stage1_path_engine_0_DP_OP_673J3_163_589_J3_0_10)
                                      2.31e-06 7.43e-07 3.64e-07 3.42e-06   0.0
      DP_OP_643J3_133_2117 (stage1_path_engine_0_DP_OP_643J3_133_2117_J3_0_10)
                                      2.78e-07 8.56e-08 6.79e-08 4.31e-07   0.0
      add_x_33 (stage1_path_engine_0_DW01_add_J3_1_10)
                                      7.98e-07 1.79e-07 1.35e-07 1.11e-06   0.0
      DP_OP_660J3_150_2117 (stage1_path_engine_0_DP_OP_660J3_150_2117_J3_0_10)
                                      2.80e-07 8.78e-08 6.85e-08 4.37e-07   0.0
      DP_OP_658J3_148_2117 (stage1_path_engine_0_DP_OP_658J3_148_2117_J3_0_10)
                                      2.35e-07 7.07e-08 6.69e-08 3.73e-07   0.0
      DP_OP_671J3_161_8083 (stage1_path_engine_0_DP_OP_671J3_161_8083_J3_0_10)
                                      1.60e-06 5.58e-07 3.27e-07 2.48e-06   0.0
      DP_OP_644J3_134_2117 (stage1_path_engine_0_DP_OP_644J3_134_2117_J3_0_10)
                                      2.80e-07 8.78e-08 6.85e-08 4.37e-07   0.0
      DP_OP_667J3_157_8083 (stage1_path_engine_0_DP_OP_667J3_157_8083_J3_0_10)
                                      1.67e-06 5.84e-07 3.29e-07 2.59e-06   0.0
      DP_OP_661J3_151_2117 (stage1_path_engine_0_DP_OP_661J3_151_2117_J3_0_10)
                                      2.66e-07 8.34e-08 6.86e-08 4.18e-07   0.0
      DP_OP_659J3_149_2117 (stage1_path_engine_0_DP_OP_659J3_149_2117_J3_0_10)
                                      2.78e-07 8.56e-08 6.79e-08 4.31e-07   0.0
      add_x_194 (stage1_path_engine_0_DW01_add_J3_0_10)
                                      1.21e-06 2.54e-07 1.90e-07 1.65e-06   0.0
      DP_OP_645J3_135_2117 (stage1_path_engine_0_DP_OP_645J3_135_2117_J3_0_10)
                                      2.66e-07 8.34e-08 6.86e-08 4.18e-07   0.0
      DP_OP_668J3_158_8083 (stage1_path_engine_0_DP_OP_668J3_158_8083_J3_0_10)
                                      1.82e-06 6.33e-07 3.28e-07 2.78e-06   0.0
      DP_OP_662J3_152_2117 (stage1_path_engine_0_DP_OP_662J3_152_2117_J3_0_10)
                                      2.51e-07 7.72e-08 6.85e-08 3.96e-07   0.0
      DP_OP_646J3_136_2117 (stage1_path_engine_0_DP_OP_646J3_136_2117_J3_0_10)
                                      2.51e-07 7.72e-08 6.85e-08 3.96e-07   0.0
      DP_OP_669J3_159_8083 (stage1_path_engine_0_DP_OP_669J3_159_8083_J3_0_10)
                                      1.83e-06 6.29e-07 3.28e-07 2.78e-06   0.0
      DP_OP_663J3_153_2117 (stage1_path_engine_0_DP_OP_663J3_153_2117_J3_0_10)
                                      2.23e-07 6.81e-08 6.73e-08 3.59e-07   0.0
      DP_OP_632J3_122_2117 (stage1_path_engine_0_DP_OP_632J3_122_2117_J3_0_10)
                                      1.63e-07 4.69e-08 6.60e-08 2.76e-07   0.0
      DP_OP_647J3_137_2117 (stage1_path_engine_0_DP_OP_647J3_137_2117_J3_0_10)
                                      2.23e-07 6.81e-08 6.73e-08 3.59e-07   0.0
      DP_OP_633J3_123_2117 (stage1_path_engine_0_DP_OP_633J3_123_2117_J3_0_10)
                                      1.88e-07 5.60e-08 6.59e-08 3.10e-07   0.0
      DP_OP_650J3_140_2117 (stage1_path_engine_0_DP_OP_650J3_140_2117_J3_0_10)
                                      2.35e-07 7.07e-08 6.69e-08 3.73e-07   0.0
      DP_OP_648J3_138_2117 (stage1_path_engine_0_DP_OP_648J3_138_2117_J3_0_10)
                                      1.63e-07 4.69e-08 6.60e-08 2.76e-07   0.0
      DP_OP_634J3_124_2117 (stage1_path_engine_0_DP_OP_634J3_124_2117_J3_0_10)
                                      2.35e-07 7.07e-08 6.69e-08 3.73e-07   0.0
      DP_OP_651J3_141_2117 (stage1_path_engine_0_DP_OP_651J3_141_2117_J3_0_10)
                                      2.78e-07 8.56e-08 6.79e-08 4.31e-07   0.0
      DP_OP_649J3_139_2117 (stage1_path_engine_0_DP_OP_649J3_139_2117_J3_0_10)
                                      1.88e-07 5.60e-08 6.59e-08 3.10e-07   0.0
      DP_OP_635J3_125_2117 (stage1_path_engine_0_DP_OP_635J3_125_2117_J3_0_10)
                                      2.78e-07 8.56e-08 6.79e-08 4.31e-07   0.0
      DP_OP_652J3_142_2117 (stage1_path_engine_0_DP_OP_652J3_142_2117_J3_0_10)
                                      2.80e-07 8.78e-08 6.85e-08 4.37e-07   0.0
      DP_OP_636J3_126_2117 (stage1_path_engine_0_DP_OP_636J3_126_2117_J3_0_10)
                                      2.80e-07 8.78e-08 6.85e-08 4.37e-07   0.0
      mult_x_10 (stage1_path_engine_0_DW_mult_tc_J3_22_10)
                                      2.32e-06 1.36e-06 3.26e-07 4.01e-06   0.0
      mult_x_11 (stage1_path_engine_0_DW_mult_tc_J3_21_10)
                                      2.37e-06 1.37e-06 3.12e-07 4.05e-06   0.0
      mult_x_12 (stage1_path_engine_0_DW_mult_tc_J3_20_10)
                                      2.38e-06 1.36e-06 3.25e-07 4.07e-06   0.0
      mult_x_13 (stage1_path_engine_0_DW_mult_tc_J3_19_10)
                                      2.33e-06 1.35e-06 3.10e-07 3.99e-06   0.0
      mult_x_14 (stage1_path_engine_0_DW_mult_tc_J3_18_10)
                                      2.33e-06 1.36e-06 3.23e-07 4.01e-06   0.0
      mult_x_15 (stage1_path_engine_0_DW_mult_tc_J3_17_10)
                                      2.32e-06 1.36e-06 3.26e-07 4.00e-06   0.0
      mult_x_16 (stage1_path_engine_0_DW_mult_tc_J3_16_10)
                                      2.38e-06 1.38e-06 3.12e-07 4.07e-06   0.0
      mult_x_17 (stage1_path_engine_0_DW_mult_tc_J3_15_10)
                                      2.39e-06 1.36e-06 3.25e-07 4.08e-06   0.0
      mult_x_18 (stage1_path_engine_0_DW_mult_tc_J3_14_10)
                                      2.33e-06 1.35e-06 3.10e-07 3.99e-06   0.0
      mult_x_19 (stage1_path_engine_0_DW_mult_tc_J3_13_10)
                                      2.33e-06 1.35e-06 3.23e-07 4.00e-06   0.0
      DP_OP_653J3_143_2117 (stage1_path_engine_0_DP_OP_653J3_143_2117_J3_0_10)
                                      2.66e-07 8.34e-08 6.86e-08 4.18e-07   0.0
      mult_x_20 (stage1_path_engine_0_DW_mult_tc_J3_12_10)
                                      2.33e-06 1.36e-06 3.26e-07 4.01e-06   0.0
      mult_x_21 (stage1_path_engine_0_DW_mult_tc_J3_11_10)
                                      2.39e-06 1.38e-06 3.12e-07 4.08e-06   0.0
      mult_x_22 (stage1_path_engine_0_DW_mult_tc_J3_10_10)
                                      2.38e-06 1.36e-06 3.25e-07 4.07e-06   0.0
      mult_x_23 (stage1_path_engine_0_DW_mult_tc_J3_9_10)
                                      2.31e-06 1.34e-06 3.10e-07 3.96e-06   0.0
      mult_x_24 (stage1_path_engine_0_DW_mult_tc_J3_8_10)
                                      2.35e-06 1.36e-06 3.23e-07 4.04e-06   0.0
      mult_x_25 (stage1_path_engine_0_DW_mult_tc_J3_7_10)
                                      2.33e-06 1.36e-06 3.26e-07 4.02e-06   0.0
      mult_x_26 (stage1_path_engine_0_DW_mult_tc_J3_6_10)
                                      2.36e-06 1.37e-06 3.12e-07 4.04e-06   0.0
      mult_x_27 (stage1_path_engine_0_DW_mult_tc_J3_5_10)
                                      2.39e-06 1.36e-06 3.25e-07 4.08e-06   0.0
      mult_x_28 (stage1_path_engine_0_DW_mult_tc_J3_4_10)
                                      2.33e-06 1.35e-06 3.10e-07 3.99e-06   0.0
      mult_x_29 (stage1_path_engine_0_DW_mult_tc_J3_3_10)
                                      2.35e-06 1.37e-06 3.23e-07 4.04e-06   0.0
      mult_x_30 (stage1_path_engine_0_DW_mult_tc_J3_2_10)
                                      2.33e-06 1.36e-06 3.26e-07 4.02e-06   0.0
      mult_x_31 (stage1_path_engine_0_DW_mult_tc_J3_1_10)
                                      2.37e-06 1.37e-06 3.12e-07 4.05e-06   0.0
      mult_x_32 (stage1_path_engine_0_DW_mult_tc_J3_0_10)
                                      2.39e-06 1.37e-06 3.25e-07 4.08e-06   0.0
      DP_OP_664J3_154_8083 (stage1_path_engine_0_DP_OP_664J3_154_8083_J3_0_10)
                                      1.88e-06 6.34e-07 3.27e-07 2.84e-06   0.0
      mult_x_1 (stage1_path_engine_0_DW_mult_tc_J3_31_10)
                                      2.35e-06 1.36e-06 3.12e-07 4.02e-06   0.0
      mult_x_2 (stage1_path_engine_0_DW_mult_tc_J3_30_10)
                                      2.37e-06 1.35e-06 3.25e-07 4.05e-06   0.0
      mult_x_3 (stage1_path_engine_0_DW_mult_tc_J3_29_10)
                                      2.36e-06 1.36e-06 3.10e-07 4.03e-06   0.0
      mult_x_4 (stage1_path_engine_0_DW_mult_tc_J3_28_10)
                                      2.35e-06 1.36e-06 3.23e-07 4.03e-06   0.0
      mult_x_5 (stage1_path_engine_0_DW_mult_tc_J3_27_10)
                                      2.32e-06 1.35e-06 3.26e-07 4.00e-06   0.0
      mult_x_6 (stage1_path_engine_0_DW_mult_tc_J3_26_10)
                                      2.34e-06 1.36e-06 3.12e-07 4.01e-06   0.0
      mult_x_7 (stage1_path_engine_0_DW_mult_tc_J3_25_10)
                                      2.38e-06 1.36e-06 3.25e-07 4.07e-06   0.0
      mult_x_8 (stage1_path_engine_0_DW_mult_tc_J3_24_10)
                                      2.35e-06 1.36e-06 3.10e-07 4.02e-06   0.0
      mult_x_9 (stage1_path_engine_0_DW_mult_tc_J3_23_10)
                                      2.33e-06 1.35e-06 3.23e-07 4.01e-06   0.0
      DP_OP_637J3_127_2117 (stage1_path_engine_0_DP_OP_637J3_127_2117_J3_0_10)
                                      2.66e-07 8.34e-08 6.86e-08 4.18e-07   0.0
      DP_OP_654J3_144_2117 (stage1_path_engine_0_DP_OP_654J3_144_2117_J3_0_10)
                                      2.51e-07 7.72e-08 6.85e-08 3.96e-07   0.0
      DP_OP_665J3_155_8083 (stage1_path_engine_0_DP_OP_665J3_155_8083_J3_0_10)
                                      1.58e-06 5.60e-07 3.29e-07 2.47e-06   0.0
      DP_OP_640J3_130_2117 (stage1_path_engine_0_DP_OP_640J3_130_2117_J3_0_10)
                                      1.63e-07 4.69e-08 6.60e-08 2.76e-07   0.0
      DP_OP_638J3_128_2117 (stage1_path_engine_0_DP_OP_638J3_128_2117_J3_0_10)
                                      2.51e-07 7.72e-08 6.85e-08 3.96e-07   0.0
      DP_OP_655J3_145_2117 (stage1_path_engine_0_DP_OP_655J3_145_2117_J3_0_10)
                                      2.23e-07 6.81e-08 6.73e-08 3.59e-07   0.0
      DP_OP_666J3_156_8083 (stage1_path_engine_0_DP_OP_666J3_156_8083_J3_0_10)
                                      1.73e-06 6.02e-07 3.27e-07 2.66e-06   0.0
      DP_OP_641J3_131_2117 (stage1_path_engine_0_DP_OP_641J3_131_2117_J3_0_10)
                                      1.88e-07 5.60e-08 6.59e-08 3.10e-07   0.0
      DP_OP_639J3_129_2117 (stage1_path_engine_0_DP_OP_639J3_129_2117_J3_0_10)
                                      2.23e-07 6.81e-08 6.73e-08 3.59e-07   0.0
      DP_OP_656J3_146_2117 (stage1_path_engine_0_DP_OP_656J3_146_2117_J3_0_10)
                                      1.63e-07 4.69e-08 6.60e-08 2.76e-07   0.0
      DP_OP_672J3_162_589 (stage1_path_engine_0_DP_OP_672J3_162_589_J3_0_10)
                                      2.33e-06 7.35e-07 3.64e-07 3.43e-06   0.0
      DP_OP_642J3_132_2117 (stage1_path_engine_0_DP_OP_642J3_132_2117_J3_0_10)
                                      2.35e-07 7.07e-08 6.69e-08 3.73e-07   0.0
  DP_OP_271J1_129_5275 (stage1_tile_DP_OP_271J1_129_5275_J1_0)
                                      8.76e-07 3.59e-07 1.41e-07 1.38e-06   0.0
  DP_OP_274J1_132_5275 (stage1_tile_DP_OP_274J1_132_5275_J1_0)
                                      1.39e-06 5.41e-07 1.36e-07 2.07e-06   0.0
  g_weight_11__u_weight (sram_bank_128x256_4)
                                      4.91e-04 6.21e-06 9.45e-05 5.92e-04   2.2
    g_bank_6__u_macro (hs128x32_wrapper_33)
                                      6.14e-05 7.76e-07 1.18e-05 7.40e-05   0.3
    g_bank_5__u_macro (hs128x32_wrapper_34)
                                      6.14e-05 7.77e-07 1.18e-05 7.40e-05   0.3
    g_bank_4__u_macro (hs128x32_wrapper_35)
                                      6.14e-05 7.76e-07 1.18e-05 7.40e-05   0.3
    g_bank_0__u_macro (hs128x32_wrapper_39)
                                      6.14e-05 7.77e-07 1.18e-05 7.40e-05   0.3
    g_bank_3__u_macro (hs128x32_wrapper_36)
                                      6.14e-05 7.76e-07 1.18e-05 7.40e-05   0.3
    g_bank_2__u_macro (hs128x32_wrapper_37)
                                      6.14e-05 7.77e-07 1.18e-05 7.40e-05   0.3
    g_bank_1__u_macro (hs128x32_wrapper_38)
                                      6.14e-05 7.76e-07 1.18e-05 7.40e-05   0.3
    g_bank_7__u_macro (hs128x32_wrapper_32)
                                      6.14e-05 7.77e-07 1.18e-05 7.40e-05   0.3
  g_weight_6__u_weight (sram_bank_128x256_9)
                                      4.91e-04 6.21e-06 9.45e-05 5.92e-04   2.2
    g_bank_6__u_macro (hs128x32_wrapper_73)
                                      6.14e-05 7.76e-07 1.18e-05 7.40e-05   0.3
    g_bank_5__u_macro (hs128x32_wrapper_74)
                                      6.14e-05 7.77e-07 1.18e-05 7.40e-05   0.3
    g_bank_4__u_macro (hs128x32_wrapper_75)
                                      6.14e-05 7.76e-07 1.18e-05 7.40e-05   0.3
    g_bank_0__u_macro (hs128x32_wrapper_79)
                                      6.14e-05 7.77e-07 1.18e-05 7.40e-05   0.3
    g_bank_3__u_macro (hs128x32_wrapper_76)
                                      6.14e-05 7.76e-07 1.18e-05 7.40e-05   0.3
    g_bank_2__u_macro (hs128x32_wrapper_77)
                                      6.14e-05 7.76e-07 1.18e-05 7.40e-05   0.3
    g_bank_1__u_macro (hs128x32_wrapper_78)
                                      6.14e-05 7.76e-07 1.18e-05 7.40e-05   0.3
    g_bank_7__u_macro (hs128x32_wrapper_72)
                                      6.14e-05 7.76e-07 1.18e-05 7.40e-05   0.3
  DP_OP_267J1_125_5275 (stage1_tile_DP_OP_267J1_125_5275_J1_0)
                                      1.25e-06 4.96e-07 1.44e-07 1.89e-06   0.0
  g_pair_1__u_pair (stage1_lane_pair_6)
                                      1.60e-03 1.70e-04 4.98e-05 1.82e-03   6.7
    u_gate (stage1_path_engine_13)    7.99e-04 8.43e-05 2.49e-05 9.09e-04   3.4
      DP_OP_657J3_147_2117 (stage1_path_engine_0_DP_OP_657J3_147_2117_J3_0_13)
                                      2.29e-07 7.80e-08 6.97e-08 3.77e-07   0.0
      DP_OP_670J3_160_8083 (stage1_path_engine_0_DP_OP_670J3_160_8083_J3_0_13)
                                      1.29e-06 4.55e-07 3.29e-07 2.07e-06   0.0
      DP_OP_673J3_163_589 (stage1_path_engine_0_DP_OP_673J3_163_589_J3_0_13)
                                      2.25e-06 7.33e-07 3.69e-07 3.35e-06   0.0
      DP_OP_643J3_133_2117 (stage1_path_engine_0_DP_OP_643J3_133_2117_J3_0_13)
                                      2.65e-07 8.69e-08 7.25e-08 4.25e-07   0.0
      add_x_33 (stage1_path_engine_0_DW01_add_J3_1_13)
                                      8.30e-07 1.84e-07 1.35e-07 1.15e-06   0.0
      DP_OP_660J3_150_2117 (stage1_path_engine_0_DP_OP_660J3_150_2117_J3_0_13)
                                      2.55e-07 8.49e-08 7.21e-08 4.12e-07   0.0
      DP_OP_658J3_148_2117 (stage1_path_engine_0_DP_OP_658J3_148_2117_J3_0_13)
                                      2.66e-07 8.82e-08 7.14e-08 4.25e-07   0.0
      DP_OP_671J3_161_8083 (stage1_path_engine_0_DP_OP_671J3_161_8083_J3_0_13)
                                      1.19e-06 4.39e-07 3.28e-07 1.96e-06   0.0
      DP_OP_644J3_134_2117 (stage1_path_engine_0_DP_OP_644J3_134_2117_J3_0_13)
                                      2.55e-07 8.49e-08 7.21e-08 4.12e-07   0.0
      DP_OP_667J3_157_8083 (stage1_path_engine_0_DP_OP_667J3_157_8083_J3_0_13)
                                      1.36e-06 4.88e-07 3.28e-07 2.18e-06   0.0
      DP_OP_661J3_151_2117 (stage1_path_engine_0_DP_OP_661J3_151_2117_J3_0_13)
                                      2.31e-07 7.71e-08 7.05e-08 3.78e-07   0.0
      DP_OP_659J3_149_2117 (stage1_path_engine_0_DP_OP_659J3_149_2117_J3_0_13)
                                      2.65e-07 8.69e-08 7.25e-08 4.25e-07   0.0
      add_x_194 (stage1_path_engine_0_DW01_add_J3_0_13)
                                      1.32e-06 2.73e-07 1.90e-07 1.78e-06   0.0
      DP_OP_645J3_135_2117 (stage1_path_engine_0_DP_OP_645J3_135_2117_J3_0_13)
                                      2.31e-07 7.71e-08 7.05e-08 3.78e-07   0.0
      DP_OP_668J3_158_8083 (stage1_path_engine_0_DP_OP_668J3_158_8083_J3_0_13)
                                      1.23e-06 4.44e-07 3.29e-07 2.00e-06   0.0
      DP_OP_662J3_152_2117 (stage1_path_engine_0_DP_OP_662J3_152_2117_J3_0_13)
                                      2.25e-07 7.47e-08 6.97e-08 3.70e-07   0.0
      DP_OP_646J3_136_2117 (stage1_path_engine_0_DP_OP_646J3_136_2117_J3_0_13)
                                      2.25e-07 7.47e-08 6.97e-08 3.70e-07   0.0
      DP_OP_669J3_159_8083 (stage1_path_engine_0_DP_OP_669J3_159_8083_J3_0_13)
                                      1.26e-06 4.57e-07 3.27e-07 2.04e-06   0.0
      DP_OP_663J3_153_2117 (stage1_path_engine_0_DP_OP_663J3_153_2117_J3_0_13)
                                      2.27e-07 7.63e-08 6.85e-08 3.72e-07   0.0
      DP_OP_632J3_122_2117 (stage1_path_engine_0_DP_OP_632J3_122_2117_J3_0_13)
                                      2.05e-07 6.96e-08 6.83e-08 3.42e-07   0.0
      DP_OP_647J3_137_2117 (stage1_path_engine_0_DP_OP_647J3_137_2117_J3_0_13)
                                      2.27e-07 7.63e-08 6.85e-08 3.72e-07   0.0
      DP_OP_633J3_123_2117 (stage1_path_engine_0_DP_OP_633J3_123_2117_J3_0_13)
                                      2.29e-07 7.80e-08 6.97e-08 3.77e-07   0.0
      DP_OP_650J3_140_2117 (stage1_path_engine_0_DP_OP_650J3_140_2117_J3_0_13)
                                      2.66e-07 8.82e-08 7.14e-08 4.25e-07   0.0
      DP_OP_648J3_138_2117 (stage1_path_engine_0_DP_OP_648J3_138_2117_J3_0_13)
                                      2.05e-07 6.96e-08 6.83e-08 3.42e-07   0.0
      DP_OP_634J3_124_2117 (stage1_path_engine_0_DP_OP_634J3_124_2117_J3_0_13)
                                      2.66e-07 8.82e-08 7.14e-08 4.25e-07   0.0
      DP_OP_651J3_141_2117 (stage1_path_engine_0_DP_OP_651J3_141_2117_J3_0_13)
                                      2.65e-07 8.69e-08 7.25e-08 4.25e-07   0.0
      DP_OP_649J3_139_2117 (stage1_path_engine_0_DP_OP_649J3_139_2117_J3_0_13)
                                      2.29e-07 7.80e-08 6.97e-08 3.77e-07   0.0
      DP_OP_635J3_125_2117 (stage1_path_engine_0_DP_OP_635J3_125_2117_J3_0_13)
                                      2.65e-07 8.69e-08 7.25e-08 4.25e-07   0.0
      DP_OP_652J3_142_2117 (stage1_path_engine_0_DP_OP_652J3_142_2117_J3_0_13)
                                      2.55e-07 8.49e-08 7.21e-08 4.12e-07   0.0
      DP_OP_636J3_126_2117 (stage1_path_engine_0_DP_OP_636J3_126_2117_J3_0_13)
                                      2.55e-07 8.49e-08 7.21e-08 4.12e-07   0.0
      mult_x_10 (stage1_path_engine_0_DW_mult_tc_J3_22_13)
                                      2.36e-06 1.43e-06 3.17e-07 4.11e-06   0.0
      mult_x_11 (stage1_path_engine_0_DW_mult_tc_J3_21_13)
                                      2.35e-06 1.43e-06 3.29e-07 4.11e-06   0.0
      mult_x_12 (stage1_path_engine_0_DW_mult_tc_J3_20_13)
                                      2.37e-06 1.44e-06 3.33e-07 4.15e-06   0.0
      mult_x_13 (stage1_path_engine_0_DW_mult_tc_J3_19_13)
                                      2.39e-06 1.44e-06 3.19e-07 4.15e-06   0.0
      mult_x_14 (stage1_path_engine_0_DW_mult_tc_J3_18_13)
                                      2.39e-06 1.43e-06 3.32e-07 4.16e-06   0.0
      mult_x_15 (stage1_path_engine_0_DW_mult_tc_J3_17_13)
                                      2.37e-06 1.43e-06 3.17e-07 4.12e-06   0.0
      mult_x_16 (stage1_path_engine_0_DW_mult_tc_J3_16_13)
                                      2.35e-06 1.43e-06 3.30e-07 4.12e-06   0.0
      mult_x_17 (stage1_path_engine_0_DW_mult_tc_J3_15_13)
                                      2.37e-06 1.44e-06 3.33e-07 4.14e-06   0.0
      mult_x_18 (stage1_path_engine_0_DW_mult_tc_J3_14_13)
                                      2.37e-06 1.44e-06 3.19e-07 4.13e-06   0.0
      mult_x_19 (stage1_path_engine_0_DW_mult_tc_J3_13_13)
                                      2.39e-06 1.41e-06 3.29e-07 4.12e-06   0.0
      DP_OP_653J3_143_2117 (stage1_path_engine_0_DP_OP_653J3_143_2117_J3_0_13)
                                      2.31e-07 7.71e-08 7.05e-08 3.78e-07   0.0
      mult_x_20 (stage1_path_engine_0_DW_mult_tc_J3_12_13)
                                      2.39e-06 1.44e-06 3.17e-07 4.15e-06   0.0
      mult_x_21 (stage1_path_engine_0_DW_mult_tc_J3_11_13)
                                      2.37e-06 1.44e-06 3.30e-07 4.14e-06   0.0
      mult_x_22 (stage1_path_engine_0_DW_mult_tc_J3_10_13)
                                      2.34e-06 1.43e-06 3.32e-07 4.11e-06   0.0
      mult_x_23 (stage1_path_engine_0_DW_mult_tc_J3_9_13)
                                      2.37e-06 1.43e-06 3.19e-07 4.13e-06   0.0
      mult_x_24 (stage1_path_engine_0_DW_mult_tc_J3_8_13)
                                      2.40e-06 1.44e-06 3.32e-07 4.18e-06   0.0
      mult_x_25 (stage1_path_engine_0_DW_mult_tc_J3_7_13)
                                      2.38e-06 1.44e-06 3.17e-07 4.14e-06   0.0
      mult_x_26 (stage1_path_engine_0_DW_mult_tc_J3_6_13)
                                      2.36e-06 1.43e-06 3.30e-07 4.12e-06   0.0
      mult_x_27 (stage1_path_engine_0_DW_mult_tc_J3_5_13)
                                      2.35e-06 1.44e-06 3.33e-07 4.12e-06   0.0
      mult_x_28 (stage1_path_engine_0_DW_mult_tc_J3_4_13)
                                      2.40e-06 1.45e-06 3.19e-07 4.17e-06   0.0
      mult_x_29 (stage1_path_engine_0_DW_mult_tc_J3_3_13)
                                      2.40e-06 1.44e-06 3.32e-07 4.18e-06   0.0
      mult_x_30 (stage1_path_engine_0_DW_mult_tc_J3_2_13)
                                      2.36e-06 1.43e-06 3.17e-07 4.11e-06   0.0
      mult_x_31 (stage1_path_engine_0_DW_mult_tc_J3_1_13)
                                      2.36e-06 1.43e-06 3.30e-07 4.12e-06   0.0
      mult_x_32 (stage1_path_engine_0_DW_mult_tc_J3_0_13)
                                      2.34e-06 1.44e-06 3.32e-07 4.11e-06   0.0
      DP_OP_664J3_154_8083 (stage1_path_engine_0_DP_OP_664J3_154_8083_J3_0_13)
                                      1.24e-06 4.54e-07 3.28e-07 2.02e-06   0.0
      mult_x_1 (stage1_path_engine_0_DW_mult_tc_J3_31_13)
                                      2.33e-06 1.42e-06 3.29e-07 4.08e-06   0.0
      mult_x_2 (stage1_path_engine_0_DW_mult_tc_J3_30_13)
                                      2.37e-06 1.44e-06 3.33e-07 4.15e-06   0.0
      mult_x_3 (stage1_path_engine_0_DW_mult_tc_J3_29_13)
                                      2.39e-06 1.45e-06 3.19e-07 4.16e-06   0.0
      mult_x_4 (stage1_path_engine_0_DW_mult_tc_J3_28_13)
                                      2.41e-06 1.45e-06 3.32e-07 4.19e-06   0.0
      mult_x_5 (stage1_path_engine_0_DW_mult_tc_J3_27_13)
                                      2.36e-06 1.43e-06 3.17e-07 4.11e-06   0.0
      mult_x_6 (stage1_path_engine_0_DW_mult_tc_J3_26_13)
                                      2.32e-06 1.42e-06 3.30e-07 4.06e-06   0.0
      mult_x_7 (stage1_path_engine_0_DW_mult_tc_J3_25_13)
                                      2.38e-06 1.45e-06 3.33e-07 4.17e-06   0.0
      mult_x_8 (stage1_path_engine_0_DW_mult_tc_J3_24_13)
                                      2.39e-06 1.45e-06 3.19e-07 4.16e-06   0.0
      mult_x_9 (stage1_path_engine_0_DW_mult_tc_J3_23_13)
                                      2.39e-06 1.44e-06 3.32e-07 4.16e-06   0.0
      DP_OP_637J3_127_2117 (stage1_path_engine_0_DP_OP_637J3_127_2117_J3_0_13)
                                      2.31e-07 7.71e-08 7.05e-08 3.78e-07   0.0
      DP_OP_654J3_144_2117 (stage1_path_engine_0_DP_OP_654J3_144_2117_J3_0_13)
                                      2.25e-07 7.47e-08 6.97e-08 3.70e-07   0.0
      DP_OP_665J3_155_8083 (stage1_path_engine_0_DP_OP_665J3_155_8083_J3_0_13)
                                      1.19e-06 4.40e-07 3.28e-07 1.96e-06   0.0
      DP_OP_640J3_130_2117 (stage1_path_engine_0_DP_OP_640J3_130_2117_J3_0_13)
                                      2.05e-07 6.96e-08 6.83e-08 3.42e-07   0.0
      DP_OP_638J3_128_2117 (stage1_path_engine_0_DP_OP_638J3_128_2117_J3_0_13)
                                      2.25e-07 7.47e-08 6.97e-08 3.70e-07   0.0
      DP_OP_655J3_145_2117 (stage1_path_engine_0_DP_OP_655J3_145_2117_J3_0_13)
                                      2.27e-07 7.63e-08 6.85e-08 3.72e-07   0.0
      DP_OP_666J3_156_8083 (stage1_path_engine_0_DP_OP_666J3_156_8083_J3_0_13)
                                      1.35e-06 4.85e-07 3.28e-07 2.16e-06   0.0
      DP_OP_641J3_131_2117 (stage1_path_engine_0_DP_OP_641J3_131_2117_J3_0_13)
                                      2.29e-07 7.80e-08 6.97e-08 3.77e-07   0.0
      DP_OP_639J3_129_2117 (stage1_path_engine_0_DP_OP_639J3_129_2117_J3_0_13)
                                      2.27e-07 7.63e-08 6.85e-08 3.72e-07   0.0
      DP_OP_656J3_146_2117 (stage1_path_engine_0_DP_OP_656J3_146_2117_J3_0_13)
                                      2.05e-07 6.96e-08 6.83e-08 3.42e-07   0.0
      DP_OP_672J3_162_589 (stage1_path_engine_0_DP_OP_672J3_162_589_J3_0_13)
                                      2.30e-06 7.52e-07 3.69e-07 3.42e-06   0.0
      DP_OP_642J3_132_2117 (stage1_path_engine_0_DP_OP_642J3_132_2117_J3_0_13)
                                      2.66e-07 8.82e-08 7.14e-08 4.25e-07   0.0
    u_up (stage1_path_engine_12)      8.04e-04 8.61e-05 2.48e-05 9.15e-04   3.4
      DP_OP_657J3_147_2117 (stage1_path_engine_0_DP_OP_657J3_147_2117_J3_0_12)
                                      2.09e-07 6.96e-08 6.72e-08 3.45e-07   0.0
      DP_OP_670J3_160_8083 (stage1_path_engine_0_DP_OP_670J3_160_8083_J3_0_12)
                                      1.54e-06 5.42e-07 3.28e-07 2.41e-06   0.0
      DP_OP_673J3_163_589 (stage1_path_engine_0_DP_OP_673J3_163_589_J3_0_12)
                                      2.28e-06 7.35e-07 3.67e-07 3.39e-06   0.0
      DP_OP_643J3_133_2117 (stage1_path_engine_0_DP_OP_643J3_133_2117_J3_0_12)
                                      2.72e-07 8.94e-08 7.01e-08 4.32e-07   0.0
      add_x_33 (stage1_path_engine_0_DW01_add_J3_1_12)
                                      8.11e-07 1.85e-07 1.36e-07 1.13e-06   0.0
      DP_OP_660J3_150_2117 (stage1_path_engine_0_DP_OP_660J3_150_2117_J3_0_12)
                                      2.59e-07 8.60e-08 6.97e-08 4.15e-07   0.0
      DP_OP_658J3_148_2117 (stage1_path_engine_0_DP_OP_658J3_148_2117_J3_0_12)
                                      2.52e-07 8.29e-08 6.81e-08 4.03e-07   0.0
      DP_OP_671J3_161_8083 (stage1_path_engine_0_DP_OP_671J3_161_8083_J3_0_12)
                                      1.46e-06 5.08e-07 3.28e-07 2.29e-06   0.0
      DP_OP_644J3_134_2117 (stage1_path_engine_0_DP_OP_644J3_134_2117_J3_0_12)
                                      2.59e-07 8.60e-08 6.97e-08 4.15e-07   0.0
      DP_OP_667J3_157_8083 (stage1_path_engine_0_DP_OP_667J3_157_8083_J3_0_12)
                                      1.33e-06 4.79e-07 3.28e-07 2.14e-06   0.0
      DP_OP_661J3_151_2117 (stage1_path_engine_0_DP_OP_661J3_151_2117_J3_0_12)
                                      2.36e-07 7.84e-08 6.93e-08 3.84e-07   0.0
      DP_OP_659J3_149_2117 (stage1_path_engine_0_DP_OP_659J3_149_2117_J3_0_12)
                                      2.72e-07 8.94e-08 7.01e-08 4.32e-07   0.0
      add_x_194 (stage1_path_engine_0_DW01_add_J3_0_12)
                                      1.16e-06 2.40e-07 1.89e-07 1.59e-06   0.0
      DP_OP_645J3_135_2117 (stage1_path_engine_0_DP_OP_645J3_135_2117_J3_0_12)
                                      2.36e-07 7.84e-08 6.93e-08 3.84e-07   0.0
      DP_OP_668J3_158_8083 (stage1_path_engine_0_DP_OP_668J3_158_8083_J3_0_12)
                                      1.50e-06 5.38e-07 3.28e-07 2.36e-06   0.0
      DP_OP_662J3_152_2117 (stage1_path_engine_0_DP_OP_662J3_152_2117_J3_0_12)
                                      2.15e-07 7.03e-08 6.78e-08 3.53e-07   0.0
      DP_OP_646J3_136_2117 (stage1_path_engine_0_DP_OP_646J3_136_2117_J3_0_12)
                                      2.15e-07 7.03e-08 6.78e-08 3.53e-07   0.0
      DP_OP_669J3_159_8083 (stage1_path_engine_0_DP_OP_669J3_159_8083_J3_0_12)
                                      1.28e-06 4.75e-07 3.30e-07 2.08e-06   0.0
      DP_OP_663J3_153_2117 (stage1_path_engine_0_DP_OP_663J3_153_2117_J3_0_12)
                                      2.13e-07 7.01e-08 6.72e-08 3.50e-07   0.0
      DP_OP_632J3_122_2117 (stage1_path_engine_0_DP_OP_632J3_122_2117_J3_0_12)
                                      1.63e-07 5.33e-08 6.57e-08 2.82e-07   0.0
      DP_OP_647J3_137_2117 (stage1_path_engine_0_DP_OP_647J3_137_2117_J3_0_12)
                                      2.13e-07 7.01e-08 6.72e-08 3.50e-07   0.0
      DP_OP_633J3_123_2117 (stage1_path_engine_0_DP_OP_633J3_123_2117_J3_0_12)
                                      2.09e-07 6.96e-08 6.72e-08 3.45e-07   0.0
      DP_OP_650J3_140_2117 (stage1_path_engine_0_DP_OP_650J3_140_2117_J3_0_12)
                                      2.52e-07 8.29e-08 6.81e-08 4.03e-07   0.0
      DP_OP_648J3_138_2117 (stage1_path_engine_0_DP_OP_648J3_138_2117_J3_0_12)
                                      1.63e-07 5.33e-08 6.57e-08 2.82e-07   0.0
      DP_OP_634J3_124_2117 (stage1_path_engine_0_DP_OP_634J3_124_2117_J3_0_12)
                                      2.52e-07 8.29e-08 6.81e-08 4.03e-07   0.0
      DP_OP_651J3_141_2117 (stage1_path_engine_0_DP_OP_651J3_141_2117_J3_0_12)
                                      2.72e-07 8.94e-08 7.01e-08 4.32e-07   0.0
      DP_OP_649J3_139_2117 (stage1_path_engine_0_DP_OP_649J3_139_2117_J3_0_12)
                                      2.09e-07 6.96e-08 6.72e-08 3.45e-07   0.0
      DP_OP_635J3_125_2117 (stage1_path_engine_0_DP_OP_635J3_125_2117_J3_0_12)
                                      2.72e-07 8.94e-08 7.01e-08 4.32e-07   0.0
      DP_OP_652J3_142_2117 (stage1_path_engine_0_DP_OP_652J3_142_2117_J3_0_12)
                                      2.59e-07 8.60e-08 6.97e-08 4.15e-07   0.0
      DP_OP_636J3_126_2117 (stage1_path_engine_0_DP_OP_636J3_126_2117_J3_0_12)
                                      2.59e-07 8.60e-08 6.97e-08 4.15e-07   0.0
      mult_x_10 (stage1_path_engine_0_DW_mult_tc_J3_22_12)
                                      2.41e-06 1.44e-06 3.31e-07 4.18e-06   0.0
      mult_x_11 (stage1_path_engine_0_DW_mult_tc_J3_21_12)
                                      2.37e-06 1.43e-06 3.17e-07 4.12e-06   0.0
      mult_x_12 (stage1_path_engine_0_DW_mult_tc_J3_20_12)
                                      2.34e-06 1.43e-06 3.30e-07 4.10e-06   0.0
      mult_x_13 (stage1_path_engine_0_DW_mult_tc_J3_19_12)
                                      2.35e-06 1.43e-06 3.33e-07 4.11e-06   0.0
      mult_x_14 (stage1_path_engine_0_DW_mult_tc_J3_18_12)
                                      2.38e-06 1.44e-06 3.19e-07 4.14e-06   0.0
      mult_x_15 (stage1_path_engine_0_DW_mult_tc_J3_17_12)
                                      2.41e-06 1.44e-06 3.31e-07 4.18e-06   0.0
      mult_x_16 (stage1_path_engine_0_DW_mult_tc_J3_16_12)
                                      2.38e-06 1.44e-06 3.17e-07 4.14e-06   0.0
      mult_x_17 (stage1_path_engine_0_DW_mult_tc_J3_15_12)
                                      2.35e-06 1.43e-06 3.30e-07 4.12e-06   0.0
      mult_x_18 (stage1_path_engine_0_DW_mult_tc_J3_14_12)
                                      2.34e-06 1.43e-06 3.32e-07 4.10e-06   0.0
      mult_x_19 (stage1_path_engine_0_DW_mult_tc_J3_13_12)
                                      2.37e-06 1.41e-06 3.17e-07 4.10e-06   0.0
      DP_OP_653J3_143_2117 (stage1_path_engine_0_DP_OP_653J3_143_2117_J3_0_12)
                                      2.36e-07 7.84e-08 6.93e-08 3.84e-07   0.0
      mult_x_20 (stage1_path_engine_0_DW_mult_tc_J3_12_12)
                                      2.42e-06 1.45e-06 3.31e-07 4.20e-06   0.0
      mult_x_21 (stage1_path_engine_0_DW_mult_tc_J3_11_12)
                                      2.39e-06 1.45e-06 3.17e-07 4.15e-06   0.0
      mult_x_22 (stage1_path_engine_0_DW_mult_tc_J3_10_12)
                                      2.35e-06 1.43e-06 3.30e-07 4.11e-06   0.0
      mult_x_23 (stage1_path_engine_0_DW_mult_tc_J3_9_12)
                                      2.33e-06 1.43e-06 3.33e-07 4.09e-06   0.0
      mult_x_24 (stage1_path_engine_0_DW_mult_tc_J3_8_12)
                                      2.40e-06 1.45e-06 3.19e-07 4.17e-06   0.0
      mult_x_25 (stage1_path_engine_0_DW_mult_tc_J3_7_12)
                                      2.41e-06 1.45e-06 3.31e-07 4.19e-06   0.0
      mult_x_26 (stage1_path_engine_0_DW_mult_tc_J3_6_12)
                                      2.37e-06 1.43e-06 3.17e-07 4.12e-06   0.0
      mult_x_27 (stage1_path_engine_0_DW_mult_tc_J3_5_12)
                                      2.35e-06 1.43e-06 3.30e-07 4.11e-06   0.0
      mult_x_28 (stage1_path_engine_0_DW_mult_tc_J3_4_12)
                                      2.35e-06 1.44e-06 3.32e-07 4.12e-06   0.0
      mult_x_29 (stage1_path_engine_0_DW_mult_tc_J3_3_12)
                                      2.39e-06 1.45e-06 3.19e-07 4.16e-06   0.0
      mult_x_30 (stage1_path_engine_0_DW_mult_tc_J3_2_12)
                                      2.41e-06 1.44e-06 3.32e-07 4.19e-06   0.0
      mult_x_31 (stage1_path_engine_0_DW_mult_tc_J3_1_12)
                                      2.37e-06 1.43e-06 3.17e-07 4.12e-06   0.0
      mult_x_32 (stage1_path_engine_0_DW_mult_tc_J3_0_12)
                                      2.35e-06 1.44e-06 3.30e-07 4.12e-06   0.0
      DP_OP_664J3_154_8083 (stage1_path_engine_0_DP_OP_664J3_154_8083_J3_0_12)
                                      1.54e-06 5.39e-07 3.29e-07 2.41e-06   0.0
      mult_x_1 (stage1_path_engine_0_DW_mult_tc_J3_31_12)
                                      2.34e-06 1.42e-06 3.17e-07 4.08e-06   0.0
      mult_x_2 (stage1_path_engine_0_DW_mult_tc_J3_30_12)
                                      2.33e-06 1.42e-06 3.30e-07 4.08e-06   0.0
      mult_x_3 (stage1_path_engine_0_DW_mult_tc_J3_29_12)
                                      2.39e-06 1.45e-06 3.33e-07 4.17e-06   0.0
      mult_x_4 (stage1_path_engine_0_DW_mult_tc_J3_28_12)
                                      2.40e-06 1.45e-06 3.19e-07 4.17e-06   0.0
      mult_x_5 (stage1_path_engine_0_DW_mult_tc_J3_27_12)
                                      2.40e-06 1.44e-06 3.31e-07 4.17e-06   0.0
      mult_x_6 (stage1_path_engine_0_DW_mult_tc_J3_26_12)
                                      2.34e-06 1.42e-06 3.17e-07 4.08e-06   0.0
      mult_x_7 (stage1_path_engine_0_DW_mult_tc_J3_25_12)
                                      2.34e-06 1.43e-06 3.30e-07 4.10e-06   0.0
      mult_x_8 (stage1_path_engine_0_DW_mult_tc_J3_24_12)
                                      2.37e-06 1.44e-06 3.33e-07 4.14e-06   0.0
      mult_x_9 (stage1_path_engine_0_DW_mult_tc_J3_23_12)
                                      2.38e-06 1.44e-06 3.19e-07 4.13e-06   0.0
      DP_OP_637J3_127_2117 (stage1_path_engine_0_DP_OP_637J3_127_2117_J3_0_12)
                                      2.36e-07 7.84e-08 6.93e-08 3.84e-07   0.0
      DP_OP_654J3_144_2117 (stage1_path_engine_0_DP_OP_654J3_144_2117_J3_0_12)
                                      2.15e-07 7.03e-08 6.78e-08 3.53e-07   0.0
      DP_OP_665J3_155_8083 (stage1_path_engine_0_DP_OP_665J3_155_8083_J3_0_12)
                                      1.29e-06 4.73e-07 3.28e-07 2.09e-06   0.0
      DP_OP_640J3_130_2117 (stage1_path_engine_0_DP_OP_640J3_130_2117_J3_0_12)
                                      1.63e-07 5.33e-08 6.57e-08 2.82e-07   0.0
      DP_OP_638J3_128_2117 (stage1_path_engine_0_DP_OP_638J3_128_2117_J3_0_12)
                                      2.15e-07 7.03e-08 6.78e-08 3.53e-07   0.0
      DP_OP_655J3_145_2117 (stage1_path_engine_0_DP_OP_655J3_145_2117_J3_0_12)
                                      2.13e-07 7.01e-08 6.72e-08 3.50e-07   0.0
      DP_OP_666J3_156_8083 (stage1_path_engine_0_DP_OP_666J3_156_8083_J3_0_12)
                                      1.69e-06 5.85e-07 3.28e-07 2.60e-06   0.0
      DP_OP_641J3_131_2117 (stage1_path_engine_0_DP_OP_641J3_131_2117_J3_0_12)
                                      2.09e-07 6.96e-08 6.72e-08 3.45e-07   0.0
      DP_OP_639J3_129_2117 (stage1_path_engine_0_DP_OP_639J3_129_2117_J3_0_12)
                                      2.13e-07 7.01e-08 6.72e-08 3.50e-07   0.0
      DP_OP_656J3_146_2117 (stage1_path_engine_0_DP_OP_656J3_146_2117_J3_0_12)
                                      1.63e-07 5.33e-08 6.57e-08 2.82e-07   0.0
      DP_OP_672J3_162_589 (stage1_path_engine_0_DP_OP_672J3_162_589_J3_0_12)
                                      2.36e-06 7.56e-07 3.66e-07 3.48e-06   0.0
      DP_OP_642J3_132_2117 (stage1_path_engine_0_DP_OP_642J3_132_2117_J3_0_12)
                                      2.52e-07 8.29e-08 6.81e-08 4.03e-07   0.0
  g_weight_14__u_weight (sram_bank_128x256_1)
                                      4.91e-04 6.21e-06 9.45e-05 5.92e-04   2.2
    g_bank_6__u_macro (hs128x32_wrapper_9)
                                      6.14e-05 7.76e-07 1.18e-05 7.40e-05   0.3
    g_bank_5__u_macro (hs128x32_wrapper_10)
                                      6.14e-05 7.76e-07 1.18e-05 7.40e-05   0.3
    g_bank_4__u_macro (hs128x32_wrapper_11)
                                      6.14e-05 7.77e-07 1.18e-05 7.40e-05   0.3
    g_bank_0__u_macro (hs128x32_wrapper_15)
                                      6.14e-05 7.76e-07 1.18e-05 7.40e-05   0.3
    g_bank_3__u_macro (hs128x32_wrapper_12)
                                      6.14e-05 7.76e-07 1.18e-05 7.40e-05   0.3
    g_bank_2__u_macro (hs128x32_wrapper_13)
                                      6.14e-05 7.77e-07 1.18e-05 7.40e-05   0.3
    g_bank_1__u_macro (hs128x32_wrapper_14)
                                      6.14e-05 7.76e-07 1.18e-05 7.40e-05   0.3
    g_bank_7__u_macro (hs128x32_wrapper_8)
                                      6.14e-05 7.77e-07 1.18e-05 7.40e-05   0.3
  g_weight_9__u_weight (sram_bank_128x256_6)
                                      4.91e-04 6.21e-06 9.45e-05 5.92e-04   2.2
    g_bank_6__u_macro (hs128x32_wrapper_49)
                                      6.14e-05 7.76e-07 1.18e-05 7.40e-05   0.3
    g_bank_5__u_macro (hs128x32_wrapper_50)
                                      6.14e-05 7.76e-07 1.18e-05 7.40e-05   0.3
    g_bank_4__u_macro (hs128x32_wrapper_51)
                                      6.14e-05 7.76e-07 1.18e-05 7.40e-05   0.3
    g_bank_0__u_macro (hs128x32_wrapper_55)
                                      6.14e-05 7.76e-07 1.18e-05 7.40e-05   0.3
    g_bank_3__u_macro (hs128x32_wrapper_52)
                                      6.14e-05 7.76e-07 1.18e-05 7.40e-05   0.3
    g_bank_2__u_macro (hs128x32_wrapper_53)
                                      6.14e-05 7.77e-07 1.18e-05 7.40e-05   0.3
    g_bank_1__u_macro (hs128x32_wrapper_54)
                                      6.14e-05 7.76e-07 1.18e-05 7.40e-05   0.3
    g_bank_7__u_macro (hs128x32_wrapper_48)
                                      6.14e-05 7.77e-07 1.18e-05 7.40e-05   0.3
  DP_OP_270J1_128_5275 (stage1_tile_DP_OP_270J1_128_5275_J1_0)
                                      1.02e-06 4.06e-07 1.34e-07 1.56e-06   0.0
  DP_OP_273J1_131_5275 (stage1_tile_DP_OP_273J1_131_5275_J1_0)
                                      1.03e-06 4.27e-07 1.38e-07 1.60e-06   0.0
  DP_OP_266J1_124_5275 (stage1_tile_DP_OP_266J1_124_5275_J1_0)
                                      1.75e-06 6.77e-07 1.37e-07 2.57e-06   0.0
  g_pair_0__u_pair (stage1_lane_pair_7)
                                      1.58e-03 1.60e-04 5.01e-05 1.79e-03   6.6
    u_gate (stage1_path_engine_15)    7.86e-04 7.82e-05 2.50e-05 8.89e-04   3.3
      DP_OP_635J2_123_6502 (stage1_path_engine_14_DP_OP_635J2_123_6502_J2_0_1)
                                      2.14e-07 6.54e-08 7.44e-08 3.54e-07   0.0
      DP_OP_673J2_161_310 (stage1_path_engine_14_DP_OP_673J2_161_310_J2_0_1)
                                      9.26e-07 3.59e-07 3.27e-07 1.61e-06   0.0
      DP_OP_652J2_140_6502 (stage1_path_engine_14_DP_OP_652J2_140_6502_J2_0_1)
                                      2.13e-07 6.14e-08 7.52e-08 3.49e-07   0.0
      add_x_33 (stage1_path_engine_14_DW01_add_J2_1_1)
                                      8.95e-07 2.04e-07 1.36e-07 1.23e-06   0.0
      DP_OP_636J2_124_6502 (stage1_path_engine_14_DP_OP_636J2_124_6502_J2_0_1)
                                      2.13e-07 6.14e-08 7.52e-08 3.49e-07   0.0
      DP_OP_653J2_141_6502 (stage1_path_engine_14_DP_OP_653J2_141_6502_J2_0_1)
                                      2.16e-07 6.16e-08 7.46e-08 3.53e-07   0.0
      DP_OP_660J2_148_6502 (stage1_path_engine_14_DP_OP_660J2_148_6502_J2_0_1)
                                      2.13e-07 6.14e-08 7.52e-08 3.49e-07   0.0
      DP_OP_672J2_160_310 (stage1_path_engine_14_DP_OP_672J2_160_310_J2_0_1)
                                      5.41e-07 2.15e-07 3.26e-07 1.08e-06   0.0
      add_x_194 (stage1_path_engine_14_DW01_add_J2_0_1)
                                      1.25e-06 2.74e-07 1.91e-07 1.72e-06   0.0
      DP_OP_637J2_125_6502 (stage1_path_engine_14_DP_OP_637J2_125_6502_J2_0_1)
                                      2.16e-07 6.16e-08 7.46e-08 3.53e-07   0.0
      DP_OP_654J2_142_6502 (stage1_path_engine_14_DP_OP_654J2_142_6502_J2_0_1)
                                      2.33e-07 6.94e-08 7.36e-08 3.76e-07   0.0
      DP_OP_661J2_149_6502 (stage1_path_engine_14_DP_OP_661J2_149_6502_J2_0_1)
                                      2.16e-07 6.16e-08 7.46e-08 3.53e-07   0.0
      DP_OP_638J2_126_6502 (stage1_path_engine_14_DP_OP_638J2_126_6502_J2_0_1)
                                      2.33e-07 6.94e-08 7.36e-08 3.76e-07   0.0
      DP_OP_655J2_143_6502 (stage1_path_engine_14_DP_OP_655J2_143_6502_J2_0_1)
                                      2.31e-07 6.98e-08 7.20e-08 3.73e-07   0.0
      DP_OP_674J2_162_9602 (stage1_path_engine_14_DP_OP_674J2_162_9602_J2_0_1)
                                      1.80e-06 6.16e-07 3.70e-07 2.79e-06   0.0
      DP_OP_639J2_127_6502 (stage1_path_engine_14_DP_OP_639J2_127_6502_J2_0_1)
                                      2.31e-07 6.98e-08 7.20e-08 3.73e-07   0.0
      DP_OP_656J2_144_6502 (stage1_path_engine_14_DP_OP_656J2_144_6502_J2_0_1)
                                      2.37e-07 7.17e-08 7.16e-08 3.80e-07   0.0
      DP_OP_675J2_163_9602 (stage1_path_engine_14_DP_OP_675J2_163_9602_J2_0_1)
                                      1.77e-06 6.13e-07 3.70e-07 2.75e-06   0.0
      DP_OP_642J2_130_6502 (stage1_path_engine_14_DP_OP_642J2_130_6502_J2_0_1)
                                      2.19e-07 6.81e-08 7.26e-08 3.60e-07   0.0
      DP_OP_657J2_145_6502 (stage1_path_engine_14_DP_OP_657J2_145_6502_J2_0_1)
                                      2.41e-07 7.41e-08 7.16e-08 3.87e-07   0.0
      DP_OP_643J2_131_6502 (stage1_path_engine_14_DP_OP_643J2_131_6502_J2_0_1)
                                      2.14e-07 6.54e-08 7.44e-08 3.54e-07   0.0
      DP_OP_650J2_138_6502 (stage1_path_engine_14_DP_OP_650J2_138_6502_J2_0_1)
                                      2.19e-07 6.81e-08 7.26e-08 3.60e-07   0.0
      DP_OP_658J2_146_6502 (stage1_path_engine_14_DP_OP_658J2_146_6502_J2_0_1)
                                      2.19e-07 6.81e-08 7.26e-08 3.60e-07   0.0
      DP_OP_670J2_158_310 (stage1_path_engine_14_DP_OP_670J2_158_310_J2_0_1)
                                      5.95e-07 2.35e-07 3.27e-07 1.16e-06   0.0
      DP_OP_671J2_159_310 (stage1_path_engine_14_DP_OP_671J2_159_310_J2_0_1)
                                      1.03e-06 3.91e-07 3.27e-07 1.75e-06   0.0
      DP_OP_644J2_132_6502 (stage1_path_engine_14_DP_OP_644J2_132_6502_J2_0_1)
                                      2.13e-07 6.14e-08 7.52e-08 3.49e-07   0.0
      DP_OP_651J2_139_6502 (stage1_path_engine_14_DP_OP_651J2_139_6502_J2_0_1)
                                      2.14e-07 6.54e-08 7.44e-08 3.54e-07   0.0
      DP_OP_659J2_147_6502 (stage1_path_engine_14_DP_OP_659J2_147_6502_J2_0_1)
                                      2.14e-07 6.54e-08 7.44e-08 3.54e-07   0.0
      DP_OP_645J2_133_6502 (stage1_path_engine_14_DP_OP_645J2_133_6502_J2_0_1)
                                      2.16e-07 6.16e-08 7.46e-08 3.53e-07   0.0
      DP_OP_662J2_150_6502 (stage1_path_engine_14_DP_OP_662J2_150_6502_J2_0_1)
                                      2.33e-07 6.94e-08 7.36e-08 3.76e-07   0.0
      mult_x_10 (stage1_path_engine_14_DW_mult_tc_J2_22_1)
                                      2.39e-06 1.45e-06 3.33e-07 4.17e-06   0.0
      mult_x_11 (stage1_path_engine_14_DW_mult_tc_J2_21_1)
                                      2.37e-06 1.43e-06 3.19e-07 4.13e-06   0.0
      mult_x_12 (stage1_path_engine_14_DW_mult_tc_J2_20_1)
                                      2.41e-06 1.45e-06 3.31e-07 4.19e-06   0.0
      mult_x_13 (stage1_path_engine_14_DW_mult_tc_J2_19_1)
                                      2.36e-06 1.43e-06 3.17e-07 4.10e-06   0.0
      mult_x_14 (stage1_path_engine_14_DW_mult_tc_J2_18_1)
                                      2.33e-06 1.42e-06 3.30e-07 4.08e-06   0.0
      mult_x_15 (stage1_path_engine_14_DW_mult_tc_J2_17_1)
                                      2.38e-06 1.44e-06 3.33e-07 4.16e-06   0.0
      mult_x_16 (stage1_path_engine_14_DW_mult_tc_J2_16_1)
                                      2.37e-06 1.44e-06 3.19e-07 4.13e-06   0.0
      mult_x_17 (stage1_path_engine_14_DW_mult_tc_J2_15_1)
                                      2.41e-06 1.45e-06 3.31e-07 4.19e-06   0.0
      mult_x_18 (stage1_path_engine_14_DW_mult_tc_J2_14_1)
                                      2.34e-06 1.42e-06 3.17e-07 4.08e-06   0.0
      mult_x_19 (stage1_path_engine_14_DW_mult_tc_J2_13_1)
                                      2.32e-06 1.37e-06 3.25e-07 4.01e-06   0.0
      mult_x_20 (stage1_path_engine_14_DW_mult_tc_J2_12_1)
                                      2.39e-06 1.45e-06 3.33e-07 4.17e-06   0.0
      mult_x_21 (stage1_path_engine_14_DW_mult_tc_J2_11_1)
                                      2.40e-06 1.45e-06 3.19e-07 4.16e-06   0.0
      mult_x_22 (stage1_path_engine_14_DW_mult_tc_J2_10_1)
                                      2.40e-06 1.44e-06 3.31e-07 4.16e-06   0.0
      mult_x_23 (stage1_path_engine_14_DW_mult_tc_J2_9_1)
                                      2.34e-06 1.42e-06 3.17e-07 4.08e-06   0.0
      mult_x_24 (stage1_path_engine_14_DW_mult_tc_J2_8_1)
                                      2.34e-06 1.43e-06 3.30e-07 4.09e-06   0.0
      mult_x_25 (stage1_path_engine_14_DW_mult_tc_J2_7_1)
                                      2.37e-06 1.44e-06 3.33e-07 4.14e-06   0.0
      mult_x_26 (stage1_path_engine_14_DW_mult_tc_J2_6_1)
                                      2.38e-06 1.44e-06 3.19e-07 4.13e-06   0.0
      mult_x_27 (stage1_path_engine_14_DW_mult_tc_J2_5_1)
                                      2.41e-06 1.44e-06 3.31e-07 4.18e-06   0.0
      mult_x_28 (stage1_path_engine_14_DW_mult_tc_J2_4_1)
                                      2.37e-06 1.43e-06 3.17e-07 4.12e-06   0.0
      mult_x_29 (stage1_path_engine_14_DW_mult_tc_J2_3_1)
                                      2.34e-06 1.43e-06 3.30e-07 4.10e-06   0.0
      mult_x_30 (stage1_path_engine_14_DW_mult_tc_J2_2_1)
                                      2.34e-06 1.43e-06 3.33e-07 4.11e-06   0.0
      mult_x_31 (stage1_path_engine_14_DW_mult_tc_J2_1_1)
                                      2.38e-06 1.44e-06 3.19e-07 4.14e-06   0.0
      mult_x_32 (stage1_path_engine_14_DW_mult_tc_J2_0_1)
                                      2.41e-06 1.44e-06 3.31e-07 4.18e-06   0.0
      DP_OP_646J2_134_6502 (stage1_path_engine_14_DP_OP_646J2_134_6502_J2_0_1)
                                      2.33e-07 6.94e-08 7.36e-08 3.76e-07   0.0
      mult_x_1 (stage1_path_engine_14_DW_mult_tc_J2_31_1)
                                      2.35e-06 1.42e-06 3.19e-07 4.09e-06   0.0
      mult_x_2 (stage1_path_engine_14_DW_mult_tc_J2_30_1)
                                      2.40e-06 1.44e-06 3.31e-07 4.17e-06   0.0
      mult_x_3 (stage1_path_engine_14_DW_mult_tc_J2_29_1)
                                      2.36e-06 1.43e-06 3.17e-07 4.10e-06   0.0
      mult_x_4 (stage1_path_engine_14_DW_mult_tc_J2_28_1)
                                      2.35e-06 1.43e-06 3.30e-07 4.11e-06   0.0
      mult_x_5 (stage1_path_engine_14_DW_mult_tc_J2_27_1)
                                      2.40e-06 1.45e-06 3.33e-07 4.18e-06   0.0
      mult_x_6 (stage1_path_engine_14_DW_mult_tc_J2_26_1)
                                      2.35e-06 1.42e-06 3.19e-07 4.08e-06   0.0
      mult_x_7 (stage1_path_engine_14_DW_mult_tc_J2_25_1)
                                      2.42e-06 1.45e-06 3.31e-07 4.20e-06   0.0
      DP_OP_663J2_151_6502 (stage1_path_engine_14_DP_OP_663J2_151_6502_J2_0_1)
                                      2.31e-07 6.98e-08 7.20e-08 3.73e-07   0.0
      mult_x_8 (stage1_path_engine_14_DW_mult_tc_J2_24_1)
                                      2.36e-06 1.43e-06 3.17e-07 4.10e-06   0.0
      mult_x_9 (stage1_path_engine_14_DW_mult_tc_J2_23_1)
                                      2.33e-06 1.42e-06 3.30e-07 4.08e-06   0.0
      DP_OP_647J2_135_6502 (stage1_path_engine_14_DP_OP_647J2_135_6502_J2_0_1)
                                      2.31e-07 6.98e-08 7.20e-08 3.73e-07   0.0
      DP_OP_664J2_152_6502 (stage1_path_engine_14_DP_OP_664J2_152_6502_J2_0_1)
                                      2.37e-07 7.17e-08 7.16e-08 3.80e-07   0.0
      DP_OP_668J2_156_310 (stage1_path_engine_14_DP_OP_668J2_156_310_J2_0_1)
                                      5.24e-07 2.10e-07 3.26e-07 1.06e-06   0.0
      DP_OP_640J2_128_6502 (stage1_path_engine_14_DP_OP_640J2_128_6502_J2_0_1)
                                      2.37e-07 7.17e-08 7.16e-08 3.80e-07   0.0
      DP_OP_669J2_157_310 (stage1_path_engine_14_DP_OP_669J2_157_310_J2_0_1)
                                      9.32e-07 3.71e-07 3.28e-07 1.63e-06   0.0
      DP_OP_648J2_136_6502 (stage1_path_engine_14_DP_OP_648J2_136_6502_J2_0_1)
                                      2.37e-07 7.17e-08 7.16e-08 3.80e-07   0.0
      DP_OP_665J2_153_6502 (stage1_path_engine_14_DP_OP_665J2_153_6502_J2_0_1)
                                      2.41e-07 7.41e-08 7.16e-08 3.87e-07   0.0
      DP_OP_666J2_154_310 (stage1_path_engine_14_DP_OP_666J2_154_310_J2_0_1)
                                      6.85e-07 2.62e-07 3.26e-07 1.27e-06   0.0
      DP_OP_634J2_122_6502 (stage1_path_engine_14_DP_OP_634J2_122_6502_J2_0_1)
                                      2.19e-07 6.81e-08 7.26e-08 3.60e-07   0.0
      DP_OP_641J2_129_6502 (stage1_path_engine_14_DP_OP_641J2_129_6502_J2_0_1)
                                      2.41e-07 7.41e-08 7.16e-08 3.87e-07   0.0
      DP_OP_649J2_137_6502 (stage1_path_engine_14_DP_OP_649J2_137_6502_J2_0_1)
                                      2.41e-07 7.41e-08 7.16e-08 3.87e-07   0.0
      DP_OP_667J2_155_310 (stage1_path_engine_14_DP_OP_667J2_155_310_J2_0_1)
                                      9.66e-07 3.73e-07 3.27e-07 1.67e-06   0.0
    u_up (stage1_path_engine_14)      7.94e-04 8.15e-05 2.50e-05 9.00e-04   3.3
      DP_OP_635J2_123_6502 (stage1_path_engine_14_DP_OP_635J2_123_6502_J2_0_0)
                                      2.55e-07 8.06e-08 7.27e-08 4.08e-07   0.0
      DP_OP_673J2_161_310 (stage1_path_engine_14_DP_OP_673J2_161_310_J2_0_0)
                                      9.91e-07 3.84e-07 3.28e-07 1.70e-06   0.0
      DP_OP_652J2_140_6502 (stage1_path_engine_14_DP_OP_652J2_140_6502_J2_0_0)
                                      2.74e-07 8.47e-08 7.38e-08 4.32e-07   0.0
      add_x_33 (stage1_path_engine_14_DW01_add_J2_1_0)
                                      7.94e-07 1.81e-07 1.37e-07 1.11e-06   0.0
      DP_OP_636J2_124_6502 (stage1_path_engine_14_DP_OP_636J2_124_6502_J2_0_0)
                                      2.74e-07 8.47e-08 7.38e-08 4.32e-07   0.0
      DP_OP_653J2_141_6502 (stage1_path_engine_14_DP_OP_653J2_141_6502_J2_0_0)
                                      2.53e-07 7.52e-08 7.44e-08 4.02e-07   0.0
      DP_OP_660J2_148_6502 (stage1_path_engine_14_DP_OP_660J2_148_6502_J2_0_0)
                                      2.74e-07 8.47e-08 7.38e-08 4.32e-07   0.0
      DP_OP_672J2_160_310 (stage1_path_engine_14_DP_OP_672J2_160_310_J2_0_0)
                                      8.87e-07 3.36e-07 3.27e-07 1.55e-06   0.0
      add_x_194 (stage1_path_engine_14_DW01_add_J2_0_0)
                                      1.19e-06 2.60e-07 1.89e-07 1.64e-06   0.0
      DP_OP_637J2_125_6502 (stage1_path_engine_14_DP_OP_637J2_125_6502_J2_0_0)
                                      2.53e-07 7.52e-08 7.44e-08 4.02e-07   0.0
      DP_OP_654J2_142_6502 (stage1_path_engine_14_DP_OP_654J2_142_6502_J2_0_0)
                                      2.67e-07 8.32e-08 7.30e-08 4.23e-07   0.0
      DP_OP_661J2_149_6502 (stage1_path_engine_14_DP_OP_661J2_149_6502_J2_0_0)
                                      2.53e-07 7.52e-08 7.44e-08 4.02e-07   0.0
      DP_OP_638J2_126_6502 (stage1_path_engine_14_DP_OP_638J2_126_6502_J2_0_0)
                                      2.67e-07 8.32e-08 7.30e-08 4.23e-07   0.0
      DP_OP_655J2_143_6502 (stage1_path_engine_14_DP_OP_655J2_143_6502_J2_0_0)
                                      2.56e-07 7.92e-08 7.19e-08 4.07e-07   0.0
      DP_OP_674J2_162_9602 (stage1_path_engine_14_DP_OP_674J2_162_9602_J2_0_0)
                                      2.07e-06 6.83e-07 3.69e-07 3.12e-06   0.0
      DP_OP_639J2_127_6502 (stage1_path_engine_14_DP_OP_639J2_127_6502_J2_0_0)
                                      2.56e-07 7.92e-08 7.19e-08 4.07e-07   0.0
      DP_OP_656J2_144_6502 (stage1_path_engine_14_DP_OP_656J2_144_6502_J2_0_0)
                                      2.59e-07 8.09e-08 7.06e-08 4.11e-07   0.0
      DP_OP_675J2_163_9602 (stage1_path_engine_14_DP_OP_675J2_163_9602_J2_0_0)
                                      2.20e-06 7.30e-07 3.70e-07 3.30e-06   0.0
      DP_OP_642J2_130_6502 (stage1_path_engine_14_DP_OP_642J2_130_6502_J2_0_0)
                                      2.42e-07 7.76e-08 7.05e-08 3.91e-07   0.0
      DP_OP_657J2_145_6502 (stage1_path_engine_14_DP_OP_657J2_145_6502_J2_0_0)
                                      2.63e-07 8.26e-08 7.05e-08 4.16e-07   0.0
      DP_OP_643J2_131_6502 (stage1_path_engine_14_DP_OP_643J2_131_6502_J2_0_0)
                                      2.55e-07 8.06e-08 7.27e-08 4.08e-07   0.0
      DP_OP_650J2_138_6502 (stage1_path_engine_14_DP_OP_650J2_138_6502_J2_0_0)
                                      2.42e-07 7.76e-08 7.05e-08 3.91e-07   0.0
      DP_OP_658J2_146_6502 (stage1_path_engine_14_DP_OP_658J2_146_6502_J2_0_0)
                                      2.42e-07 7.76e-08 7.05e-08 3.91e-07   0.0
      DP_OP_670J2_158_310 (stage1_path_engine_14_DP_OP_670J2_158_310_J2_0_0)
                                      1.07e-06 3.98e-07 3.27e-07 1.80e-06   0.0
      DP_OP_671J2_159_310 (stage1_path_engine_14_DP_OP_671J2_159_310_J2_0_0)
                                      1.05e-06 3.96e-07 3.28e-07 1.77e-06   0.0
      DP_OP_644J2_132_6502 (stage1_path_engine_14_DP_OP_644J2_132_6502_J2_0_0)
                                      2.74e-07 8.47e-08 7.38e-08 4.32e-07   0.0
      DP_OP_651J2_139_6502 (stage1_path_engine_14_DP_OP_651J2_139_6502_J2_0_0)
                                      2.55e-07 8.06e-08 7.27e-08 4.08e-07   0.0
      DP_OP_659J2_147_6502 (stage1_path_engine_14_DP_OP_659J2_147_6502_J2_0_0)
                                      2.55e-07 8.06e-08 7.27e-08 4.08e-07   0.0
      DP_OP_645J2_133_6502 (stage1_path_engine_14_DP_OP_645J2_133_6502_J2_0_0)
                                      2.53e-07 7.52e-08 7.44e-08 4.02e-07   0.0
      DP_OP_662J2_150_6502 (stage1_path_engine_14_DP_OP_662J2_150_6502_J2_0_0)
                                      2.67e-07 8.32e-08 7.30e-08 4.23e-07   0.0
      mult_x_10 (stage1_path_engine_14_DW_mult_tc_J2_22_0)
                                      2.34e-06 1.43e-06 3.30e-07 4.10e-06   0.0
      mult_x_11 (stage1_path_engine_14_DW_mult_tc_J2_21_0)
                                      2.37e-06 1.44e-06 3.33e-07 4.14e-06   0.0
      mult_x_12 (stage1_path_engine_14_DW_mult_tc_J2_20_0)
                                      2.39e-06 1.45e-06 3.19e-07 4.16e-06   0.0
      mult_x_13 (stage1_path_engine_14_DW_mult_tc_J2_19_0)
                                      2.39e-06 1.44e-06 3.31e-07 4.16e-06   0.0
      mult_x_14 (stage1_path_engine_14_DW_mult_tc_J2_18_0)
                                      2.35e-06 1.43e-06 3.17e-07 4.10e-06   0.0
      mult_x_15 (stage1_path_engine_14_DW_mult_tc_J2_17_0)
                                      2.34e-06 1.43e-06 3.29e-07 4.10e-06   0.0
      mult_x_16 (stage1_path_engine_14_DW_mult_tc_J2_16_0)
                                      2.37e-06 1.44e-06 3.33e-07 4.14e-06   0.0
      mult_x_17 (stage1_path_engine_14_DW_mult_tc_J2_15_0)
                                      2.40e-06 1.45e-06 3.19e-07 4.17e-06   0.0
      mult_x_18 (stage1_path_engine_14_DW_mult_tc_J2_14_0)
                                      2.39e-06 1.43e-06 3.31e-07 4.15e-06   0.0
      mult_x_19 (stage1_path_engine_14_DW_mult_tc_J2_13_0)
                                      2.34e-06 1.40e-06 3.14e-07 4.05e-06   0.0
      mult_x_20 (stage1_path_engine_14_DW_mult_tc_J2_12_0)
                                      2.36e-06 1.43e-06 3.30e-07 4.12e-06   0.0
      mult_x_21 (stage1_path_engine_14_DW_mult_tc_J2_11_0)
                                      2.37e-06 1.44e-06 3.33e-07 4.14e-06   0.0
      mult_x_22 (stage1_path_engine_14_DW_mult_tc_J2_10_0)
                                      2.39e-06 1.45e-06 3.19e-07 4.16e-06   0.0
      mult_x_23 (stage1_path_engine_14_DW_mult_tc_J2_9_0)
                                      2.38e-06 1.43e-06 3.31e-07 4.14e-06   0.0
      mult_x_24 (stage1_path_engine_14_DW_mult_tc_J2_8_0)
                                      2.37e-06 1.44e-06 3.17e-07 4.12e-06   0.0
      mult_x_25 (stage1_path_engine_14_DW_mult_tc_J2_7_0)
                                      2.35e-06 1.44e-06 3.30e-07 4.12e-06   0.0
      mult_x_26 (stage1_path_engine_14_DW_mult_tc_J2_6_0)
                                      2.34e-06 1.43e-06 3.33e-07 4.10e-06   0.0
      mult_x_27 (stage1_path_engine_14_DW_mult_tc_J2_5_0)
                                      2.39e-06 1.44e-06 3.19e-07 4.15e-06   0.0
      mult_x_28 (stage1_path_engine_14_DW_mult_tc_J2_4_0)
                                      2.41e-06 1.44e-06 3.31e-07 4.19e-06   0.0
      mult_x_29 (stage1_path_engine_14_DW_mult_tc_J2_3_0)
                                      2.37e-06 1.44e-06 3.17e-07 4.12e-06   0.0
      mult_x_30 (stage1_path_engine_14_DW_mult_tc_J2_2_0)
                                      2.36e-06 1.43e-06 3.30e-07 4.12e-06   0.0
      mult_x_31 (stage1_path_engine_14_DW_mult_tc_J2_1_0)
                                      2.34e-06 1.43e-06 3.33e-07 4.10e-06   0.0
      mult_x_32 (stage1_path_engine_14_DW_mult_tc_J2_0_0)
                                      2.40e-06 1.45e-06 3.19e-07 4.16e-06   0.0
      DP_OP_646J2_134_6502 (stage1_path_engine_14_DP_OP_646J2_134_6502_J2_0_0)
                                      2.67e-07 8.32e-08 7.30e-08 4.23e-07   0.0
      mult_x_1 (stage1_path_engine_14_DW_mult_tc_J2_31_0)
                                      2.38e-06 1.44e-06 3.33e-07 4.16e-06   0.0
      mult_x_2 (stage1_path_engine_14_DW_mult_tc_J2_30_0)
                                      2.37e-06 1.44e-06 3.19e-07 4.13e-06   0.0
      mult_x_3 (stage1_path_engine_14_DW_mult_tc_J2_29_0)
                                      2.42e-06 1.45e-06 3.31e-07 4.20e-06   0.0
      mult_x_4 (stage1_path_engine_14_DW_mult_tc_J2_28_0)
                                      2.37e-06 1.43e-06 3.17e-07 4.12e-06   0.0
      mult_x_5 (stage1_path_engine_14_DW_mult_tc_J2_27_0)
                                      2.34e-06 1.43e-06 3.29e-07 4.09e-06   0.0
      mult_x_6 (stage1_path_engine_14_DW_mult_tc_J2_26_0)
                                      2.36e-06 1.43e-06 3.33e-07 4.13e-06   0.0
      mult_x_7 (stage1_path_engine_14_DW_mult_tc_J2_25_0)
                                      2.39e-06 1.44e-06 3.19e-07 4.15e-06   0.0
      DP_OP_663J2_151_6502 (stage1_path_engine_14_DP_OP_663J2_151_6502_J2_0_0)
                                      2.56e-07 7.92e-08 7.19e-08 4.07e-07   0.0
      mult_x_8 (stage1_path_engine_14_DW_mult_tc_J2_24_0)
                                      2.41e-06 1.45e-06 3.31e-07 4.19e-06   0.0
      mult_x_9 (stage1_path_engine_14_DW_mult_tc_J2_23_0)
                                      2.35e-06 1.42e-06 3.17e-07 4.08e-06   0.0
      DP_OP_647J2_135_6502 (stage1_path_engine_14_DP_OP_647J2_135_6502_J2_0_0)
                                      2.56e-07 7.92e-08 7.19e-08 4.07e-07   0.0
      DP_OP_664J2_152_6502 (stage1_path_engine_14_DP_OP_664J2_152_6502_J2_0_0)
                                      2.59e-07 8.09e-08 7.06e-08 4.11e-07   0.0
      DP_OP_668J2_156_310 (stage1_path_engine_14_DP_OP_668J2_156_310_J2_0_0)
                                      9.63e-07 3.55e-07 3.27e-07 1.65e-06   0.0
      DP_OP_640J2_128_6502 (stage1_path_engine_14_DP_OP_640J2_128_6502_J2_0_0)
                                      2.59e-07 8.09e-08 7.06e-08 4.11e-07   0.0
      DP_OP_669J2_157_310 (stage1_path_engine_14_DP_OP_669J2_157_310_J2_0_0)
                                      9.35e-07 3.58e-07 3.27e-07 1.62e-06   0.0
      DP_OP_648J2_136_6502 (stage1_path_engine_14_DP_OP_648J2_136_6502_J2_0_0)
                                      2.59e-07 8.09e-08 7.06e-08 4.11e-07   0.0
      DP_OP_665J2_153_6502 (stage1_path_engine_14_DP_OP_665J2_153_6502_J2_0_0)
                                      2.63e-07 8.26e-08 7.05e-08 4.16e-07   0.0
      DP_OP_666J2_154_310 (stage1_path_engine_14_DP_OP_666J2_154_310_J2_0_0)
                                      8.65e-07 3.32e-07 3.27e-07 1.52e-06   0.0
      DP_OP_634J2_122_6502 (stage1_path_engine_14_DP_OP_634J2_122_6502_J2_0_0)
                                      2.42e-07 7.76e-08 7.05e-08 3.91e-07   0.0
      DP_OP_641J2_129_6502 (stage1_path_engine_14_DP_OP_641J2_129_6502_J2_0_0)
                                      2.63e-07 8.26e-08 7.05e-08 4.16e-07   0.0
      DP_OP_649J2_137_6502 (stage1_path_engine_14_DP_OP_649J2_137_6502_J2_0_0)
                                      2.63e-07 8.26e-08 7.05e-08 4.16e-07   0.0
      DP_OP_667J2_155_310 (stage1_path_engine_14_DP_OP_667J2_155_310_J2_0_0)
                                      1.06e-06 4.01e-07 3.27e-07 1.78e-06   0.0
  g_weight_2__u_weight (sram_bank_128x256_13)
                                      4.91e-04 6.21e-06 9.45e-05 5.92e-04   2.2
    g_bank_6__u_macro (hs128x32_wrapper_105)
                                      6.14e-05 7.77e-07 1.18e-05 7.40e-05   0.3
    g_bank_5__u_macro (hs128x32_wrapper_106)
                                      6.14e-05 7.76e-07 1.18e-05 7.40e-05   0.3
    g_bank_4__u_macro (hs128x32_wrapper_107)
                                      6.14e-05 7.77e-07 1.18e-05 7.40e-05   0.3
    g_bank_0__u_macro (hs128x32_wrapper_111)
                                      6.14e-05 7.76e-07 1.18e-05 7.40e-05   0.3
    g_bank_3__u_macro (hs128x32_wrapper_108)
                                      6.14e-05 7.76e-07 1.18e-05 7.40e-05   0.3
    g_bank_2__u_macro (hs128x32_wrapper_109)
                                      6.14e-05 7.76e-07 1.18e-05 7.40e-05   0.3
    g_bank_1__u_macro (hs128x32_wrapper_110)
                                      6.14e-05 7.77e-07 1.18e-05 7.40e-05   0.3
    g_bank_7__u_macro (hs128x32_wrapper_104)
                                      6.14e-05 7.76e-07 1.18e-05 7.40e-05   0.3
  DP_OP_279J1_137_5275 (stage1_tile_DP_OP_279J1_137_5275_J1_0)
                                      8.70e-07 3.58e-07 1.42e-07 1.37e-06   0.0
  u_beta_w (sram_bank_128x128_1)      6.32e-04 1.25e-06 4.73e-05 6.80e-04   2.5
    g_bank_1__u_macro (hs128x32_wrapper_134)
                                      1.58e-04 3.22e-07 1.18e-05 1.70e-04   0.6
    g_bank_2__u_macro (hs128x32_wrapper_133)
                                      1.58e-04 2.88e-07 1.18e-05 1.70e-04   0.6
    g_bank_3__u_macro (hs128x32_wrapper_132)
                                      1.58e-04 3.56e-07 1.18e-05 1.71e-04   0.6
    g_bank_0__u_macro (hs128x32_wrapper_135)
                                      1.58e-04 2.88e-07 1.18e-05 1.70e-04   0.6
  DP_OP_272J1_130_5275 (stage1_tile_DP_OP_272J1_130_5275_J1_0)
                                      9.28e-07 3.95e-07 1.34e-07 1.46e-06   0.0
  g_weight_10__u_weight (sram_bank_128x256_5)
                                      4.91e-04 6.20e-06 9.45e-05 5.92e-04   2.2
    g_bank_6__u_macro (hs128x32_wrapper_41)
                                      6.14e-05 7.75e-07 1.18e-05 7.40e-05   0.3
    g_bank_5__u_macro (hs128x32_wrapper_42)
                                      6.14e-05 7.76e-07 1.18e-05 7.40e-05   0.3
    g_bank_4__u_macro (hs128x32_wrapper_43)
                                      6.14e-05 7.75e-07 1.18e-05 7.40e-05   0.3
    g_bank_0__u_macro (hs128x32_wrapper_47)
                                      6.14e-05 7.76e-07 1.18e-05 7.40e-05   0.3
    g_bank_3__u_macro (hs128x32_wrapper_44)
                                      6.14e-05 7.75e-07 1.18e-05 7.40e-05   0.3
    g_bank_2__u_macro (hs128x32_wrapper_45)
                                      6.14e-05 7.76e-07 1.18e-05 7.40e-05   0.3
    g_bank_1__u_macro (hs128x32_wrapper_46)
                                      6.14e-05 7.75e-07 1.18e-05 7.40e-05   0.3
    g_bank_7__u_macro (hs128x32_wrapper_40)
                                      6.14e-05 7.76e-07 1.18e-05 7.40e-05   0.3
  g_weight_5__u_weight (sram_bank_128x256_10)
                                      4.91e-04 6.21e-06 9.45e-05 5.92e-04   2.2
    g_bank_6__u_macro (hs128x32_wrapper_81)
                                      6.14e-05 7.77e-07 1.18e-05 7.40e-05   0.3
    g_bank_5__u_macro (hs128x32_wrapper_82)
                                      6.14e-05 7.76e-07 1.18e-05 7.40e-05   0.3
    g_bank_4__u_macro (hs128x32_wrapper_83)
                                      6.14e-05 7.76e-07 1.18e-05 7.40e-05   0.3
    g_bank_0__u_macro (hs128x32_wrapper_87)
                                      6.14e-05 7.76e-07 1.18e-05 7.40e-05   0.3
    g_bank_3__u_macro (hs128x32_wrapper_84)
                                      6.14e-05 7.77e-07 1.18e-05 7.40e-05   0.3
    g_bank_2__u_macro (hs128x32_wrapper_85)
                                      6.14e-05 7.76e-07 1.18e-05 7.40e-05   0.3
    g_bank_1__u_macro (hs128x32_wrapper_86)
                                      6.14e-05 7.77e-07 1.18e-05 7.40e-05   0.3
    g_bank_7__u_macro (hs128x32_wrapper_80)
                                      6.14e-05 7.76e-07 1.18e-05 7.40e-05   0.3
  DP_OP_265J1_123_5275 (stage1_tile_DP_OP_265J1_123_5275_J1_0)
                                      1.22e-06 4.96e-07 1.39e-07 1.85e-06   0.0
  u_config (stage1_config_frontend)   2.98e-04 1.48e-09 3.22e-06 3.02e-04   1.1
  g_pair_7__u_pair (stage1_lane_pair_0)
                                      1.60e-03 1.70e-04 4.98e-05 1.82e-03   6.7
    u_gate (stage1_path_engine_1)     7.99e-04 8.37e-05 2.49e-05 9.08e-04   3.4
      DP_OP_657J3_147_2117 (stage1_path_engine_0_DP_OP_657J3_147_2117_J3_0_1)
                                      2.29e-07 7.80e-08 6.97e-08 3.77e-07   0.0
      DP_OP_670J3_160_8083 (stage1_path_engine_0_DP_OP_670J3_160_8083_J3_0_1)
                                      1.38e-06 4.84e-07 3.28e-07 2.20e-06   0.0
      DP_OP_673J3_163_589 (stage1_path_engine_0_DP_OP_673J3_163_589_J3_0_1)
                                      2.29e-06 7.51e-07 3.70e-07 3.41e-06   0.0
      DP_OP_643J3_133_2117 (stage1_path_engine_0_DP_OP_643J3_133_2117_J3_0_1)
                                      2.65e-07 8.69e-08 7.25e-08 4.25e-07   0.0
      add_x_33 (stage1_path_engine_0_DW01_add_J3_1_1)
                                      7.93e-07 1.80e-07 1.35e-07 1.11e-06   0.0
      DP_OP_660J3_150_2117 (stage1_path_engine_0_DP_OP_660J3_150_2117_J3_0_1)
                                      2.55e-07 8.49e-08 7.21e-08 4.12e-07   0.0
      DP_OP_658J3_148_2117 (stage1_path_engine_0_DP_OP_658J3_148_2117_J3_0_1)
                                      2.66e-07 8.82e-08 7.14e-08 4.25e-07   0.0
      DP_OP_671J3_161_8083 (stage1_path_engine_0_DP_OP_671J3_161_8083_J3_0_1)
                                      1.22e-06 4.47e-07 3.28e-07 1.99e-06   0.0
      DP_OP_644J3_134_2117 (stage1_path_engine_0_DP_OP_644J3_134_2117_J3_0_1)
                                      2.55e-07 8.49e-08 7.21e-08 4.12e-07   0.0
      DP_OP_667J3_157_8083 (stage1_path_engine_0_DP_OP_667J3_157_8083_J3_0_1)
                                      1.24e-06 4.45e-07 3.27e-07 2.01e-06   0.0
      DP_OP_661J3_151_2117 (stage1_path_engine_0_DP_OP_661J3_151_2117_J3_0_1)
                                      2.31e-07 7.71e-08 7.05e-08 3.78e-07   0.0
      DP_OP_659J3_149_2117 (stage1_path_engine_0_DP_OP_659J3_149_2117_J3_0_1)
                                      2.65e-07 8.69e-08 7.25e-08 4.25e-07   0.0
      add_x_194 (stage1_path_engine_0_DW01_add_J3_0_1)
                                      1.13e-06 2.34e-07 1.89e-07 1.55e-06   0.0
      DP_OP_645J3_135_2117 (stage1_path_engine_0_DP_OP_645J3_135_2117_J3_0_1)
                                      2.31e-07 7.71e-08 7.05e-08 3.78e-07   0.0
      DP_OP_668J3_158_8083 (stage1_path_engine_0_DP_OP_668J3_158_8083_J3_0_1)
                                      1.30e-06 4.58e-07 3.28e-07 2.08e-06   0.0
      DP_OP_662J3_152_2117 (stage1_path_engine_0_DP_OP_662J3_152_2117_J3_0_1)
                                      2.25e-07 7.47e-08 6.97e-08 3.70e-07   0.0
      DP_OP_646J3_136_2117 (stage1_path_engine_0_DP_OP_646J3_136_2117_J3_0_1)
                                      2.25e-07 7.47e-08 6.97e-08 3.70e-07   0.0
      DP_OP_669J3_159_8083 (stage1_path_engine_0_DP_OP_669J3_159_8083_J3_0_1)
                                      1.13e-06 4.20e-07 3.28e-07 1.88e-06   0.0
      DP_OP_663J3_153_2117 (stage1_path_engine_0_DP_OP_663J3_153_2117_J3_0_1)
                                      2.27e-07 7.63e-08 6.85e-08 3.72e-07   0.0
      DP_OP_632J3_122_2117 (stage1_path_engine_0_DP_OP_632J3_122_2117_J3_0_1)
                                      2.05e-07 6.96e-08 6.83e-08 3.42e-07   0.0
      DP_OP_647J3_137_2117 (stage1_path_engine_0_DP_OP_647J3_137_2117_J3_0_1)
                                      2.27e-07 7.63e-08 6.85e-08 3.72e-07   0.0
      DP_OP_633J3_123_2117 (stage1_path_engine_0_DP_OP_633J3_123_2117_J3_0_1)
                                      2.29e-07 7.80e-08 6.97e-08 3.77e-07   0.0
      DP_OP_650J3_140_2117 (stage1_path_engine_0_DP_OP_650J3_140_2117_J3_0_1)
                                      2.66e-07 8.82e-08 7.14e-08 4.25e-07   0.0
      DP_OP_648J3_138_2117 (stage1_path_engine_0_DP_OP_648J3_138_2117_J3_0_1)
                                      2.05e-07 6.96e-08 6.83e-08 3.42e-07   0.0
      DP_OP_634J3_124_2117 (stage1_path_engine_0_DP_OP_634J3_124_2117_J3_0_1)
                                      2.66e-07 8.82e-08 7.14e-08 4.25e-07   0.0
      DP_OP_651J3_141_2117 (stage1_path_engine_0_DP_OP_651J3_141_2117_J3_0_1)
                                      2.65e-07 8.69e-08 7.25e-08 4.25e-07   0.0
      DP_OP_649J3_139_2117 (stage1_path_engine_0_DP_OP_649J3_139_2117_J3_0_1)
                                      2.29e-07 7.80e-08 6.97e-08 3.77e-07   0.0
      DP_OP_635J3_125_2117 (stage1_path_engine_0_DP_OP_635J3_125_2117_J3_0_1)
                                      2.65e-07 8.69e-08 7.25e-08 4.25e-07   0.0
      DP_OP_652J3_142_2117 (stage1_path_engine_0_DP_OP_652J3_142_2117_J3_0_1)
                                      2.55e-07 8.49e-08 7.21e-08 4.12e-07   0.0
      DP_OP_636J3_126_2117 (stage1_path_engine_0_DP_OP_636J3_126_2117_J3_0_1)
                                      2.55e-07 8.49e-08 7.21e-08 4.12e-07   0.0
      mult_x_10 (stage1_path_engine_0_DW_mult_tc_J3_22_1)
                                      2.38e-06 1.43e-06 3.19e-07 4.12e-06   0.0
      mult_x_11 (stage1_path_engine_0_DW_mult_tc_J3_21_1)
                                      2.40e-06 1.43e-06 3.31e-07 4.16e-06   0.0
      mult_x_12 (stage1_path_engine_0_DW_mult_tc_J3_20_1)
                                      2.36e-06 1.42e-06 3.17e-07 4.09e-06   0.0
      mult_x_13 (stage1_path_engine_0_DW_mult_tc_J3_19_1)
                                      2.33e-06 1.41e-06 3.30e-07 4.08e-06   0.0
      mult_x_14 (stage1_path_engine_0_DW_mult_tc_J3_18_1)
                                      2.39e-06 1.44e-06 3.33e-07 4.16e-06   0.0
      mult_x_15 (stage1_path_engine_0_DW_mult_tc_J3_17_1)
                                      2.37e-06 1.43e-06 3.19e-07 4.12e-06   0.0
      mult_x_16 (stage1_path_engine_0_DW_mult_tc_J3_16_1)
                                      2.41e-06 1.44e-06 3.32e-07 4.18e-06   0.0
      mult_x_17 (stage1_path_engine_0_DW_mult_tc_J3_15_1)
                                      2.37e-06 1.42e-06 3.17e-07 4.10e-06   0.0
      mult_x_18 (stage1_path_engine_0_DW_mult_tc_J3_14_1)
                                      2.33e-06 1.41e-06 3.29e-07 4.07e-06   0.0
      mult_x_19 (stage1_path_engine_0_DW_mult_tc_J3_13_1)
                                      2.37e-06 1.43e-06 3.33e-07 4.14e-06   0.0
      DP_OP_653J3_143_2117 (stage1_path_engine_0_DP_OP_653J3_143_2117_J3_0_1)
                                      2.31e-07 7.71e-08 7.05e-08 3.78e-07   0.0
      mult_x_20 (stage1_path_engine_0_DW_mult_tc_J3_12_1)
                                      2.39e-06 1.43e-06 3.19e-07 4.14e-06   0.0
      mult_x_21 (stage1_path_engine_0_DW_mult_tc_J3_11_1)
                                      2.41e-06 1.43e-06 3.32e-07 4.18e-06   0.0
      mult_x_22 (stage1_path_engine_0_DW_mult_tc_J3_10_1)
                                      2.36e-06 1.42e-06 3.17e-07 4.10e-06   0.0
      mult_x_23 (stage1_path_engine_0_DW_mult_tc_J3_9_1)
                                      2.32e-06 1.40e-06 3.30e-07 4.05e-06   0.0
      mult_x_24 (stage1_path_engine_0_DW_mult_tc_J3_8_1)
                                      2.38e-06 1.44e-06 3.33e-07 4.15e-06   0.0
      mult_x_25 (stage1_path_engine_0_DW_mult_tc_J3_7_1)
                                      2.39e-06 1.44e-06 3.19e-07 4.14e-06   0.0
      mult_x_26 (stage1_path_engine_0_DW_mult_tc_J3_6_1)
                                      2.39e-06 1.43e-06 3.32e-07 4.15e-06   0.0
      mult_x_27 (stage1_path_engine_0_DW_mult_tc_J3_5_1)
                                      2.36e-06 1.42e-06 3.17e-07 4.09e-06   0.0
      mult_x_28 (stage1_path_engine_0_DW_mult_tc_J3_4_1)
                                      2.35e-06 1.42e-06 3.29e-07 4.09e-06   0.0
      mult_x_29 (stage1_path_engine_0_DW_mult_tc_J3_3_1)
                                      2.37e-06 1.43e-06 3.33e-07 4.14e-06   0.0
      mult_x_30 (stage1_path_engine_0_DW_mult_tc_J3_2_1)
                                      2.39e-06 1.43e-06 3.19e-07 4.14e-06   0.0
      mult_x_31 (stage1_path_engine_0_DW_mult_tc_J3_1_1)
                                      2.39e-06 1.42e-06 3.32e-07 4.15e-06   0.0
      mult_x_32 (stage1_path_engine_0_DW_mult_tc_J3_0_1)
                                      2.37e-06 1.42e-06 3.17e-07 4.11e-06   0.0
      DP_OP_664J3_154_8083 (stage1_path_engine_0_DP_OP_664J3_154_8083_J3_0_1)
                                      1.31e-06 4.66e-07 3.28e-07 2.10e-06   0.0
      mult_x_1 (stage1_path_engine_0_DW_mult_tc_J3_31_1)
                                      2.40e-06 1.43e-06 3.32e-07 4.16e-06   0.0
      mult_x_2 (stage1_path_engine_0_DW_mult_tc_J3_30_1)
                                      2.34e-06 1.41e-06 3.17e-07 4.06e-06   0.0
      mult_x_3 (stage1_path_engine_0_DW_mult_tc_J3_29_1)
                                      2.36e-06 1.43e-06 3.30e-07 4.12e-06   0.0
      mult_x_4 (stage1_path_engine_0_DW_mult_tc_J3_28_1)
                                      2.41e-06 1.44e-06 3.33e-07 4.18e-06   0.0
      mult_x_5 (stage1_path_engine_0_DW_mult_tc_J3_27_1)
                                      2.37e-06 1.43e-06 3.19e-07 4.11e-06   0.0
      mult_x_6 (stage1_path_engine_0_DW_mult_tc_J3_26_1)
                                      2.39e-06 1.42e-06 3.32e-07 4.14e-06   0.0
      mult_x_7 (stage1_path_engine_0_DW_mult_tc_J3_25_1)
                                      2.35e-06 1.42e-06 3.17e-07 4.08e-06   0.0
      mult_x_8 (stage1_path_engine_0_DW_mult_tc_J3_24_1)
                                      2.35e-06 1.43e-06 3.30e-07 4.11e-06   0.0
      mult_x_9 (stage1_path_engine_0_DW_mult_tc_J3_23_1)
                                      2.39e-06 1.44e-06 3.33e-07 4.16e-06   0.0
      DP_OP_637J3_127_2117 (stage1_path_engine_0_DP_OP_637J3_127_2117_J3_0_1)
                                      2.31e-07 7.71e-08 7.05e-08 3.78e-07   0.0
      DP_OP_654J3_144_2117 (stage1_path_engine_0_DP_OP_654J3_144_2117_J3_0_1)
                                      2.25e-07 7.47e-08 6.97e-08 3.70e-07   0.0
      DP_OP_665J3_155_8083 (stage1_path_engine_0_DP_OP_665J3_155_8083_J3_0_1)
                                      1.39e-06 4.97e-07 3.28e-07 2.21e-06   0.0
      DP_OP_640J3_130_2117 (stage1_path_engine_0_DP_OP_640J3_130_2117_J3_0_1)
                                      2.05e-07 6.96e-08 6.83e-08 3.42e-07   0.0
      DP_OP_638J3_128_2117 (stage1_path_engine_0_DP_OP_638J3_128_2117_J3_0_1)
                                      2.25e-07 7.47e-08 6.97e-08 3.70e-07   0.0
      DP_OP_655J3_145_2117 (stage1_path_engine_0_DP_OP_655J3_145_2117_J3_0_1)
                                      2.27e-07 7.63e-08 6.85e-08 3.72e-07   0.0
      DP_OP_666J3_156_8083 (stage1_path_engine_0_DP_OP_666J3_156_8083_J3_0_1)
                                      1.28e-06 4.60e-07 3.28e-07 2.07e-06   0.0
      DP_OP_641J3_131_2117 (stage1_path_engine_0_DP_OP_641J3_131_2117_J3_0_1)
                                      2.29e-07 7.80e-08 6.97e-08 3.77e-07   0.0
      DP_OP_639J3_129_2117 (stage1_path_engine_0_DP_OP_639J3_129_2117_J3_0_1)
                                      2.27e-07 7.63e-08 6.85e-08 3.72e-07   0.0
      DP_OP_656J3_146_2117 (stage1_path_engine_0_DP_OP_656J3_146_2117_J3_0_1)
                                      2.05e-07 6.96e-08 6.83e-08 3.42e-07   0.0
      DP_OP_672J3_162_589 (stage1_path_engine_0_DP_OP_672J3_162_589_J3_0_1)
                                      2.16e-06 7.12e-07 3.69e-07 3.24e-06   0.0
      DP_OP_642J3_132_2117 (stage1_path_engine_0_DP_OP_642J3_132_2117_J3_0_1)
                                      2.66e-07 8.82e-08 7.14e-08 4.25e-07   0.0
    u_up (stage1_path_engine_0)       8.04e-04 8.67e-05 2.49e-05 9.15e-04   3.4
      DP_OP_657J3_147_2117 (stage1_path_engine_0_DP_OP_657J3_147_2117_J3_0_0)
                                      2.09e-07 6.96e-08 6.72e-08 3.45e-07   0.0
      DP_OP_670J3_160_8083 (stage1_path_engine_0_DP_OP_670J3_160_8083_J3_0_0)
                                      1.59e-06 5.59e-07 3.29e-07 2.48e-06   0.0
      DP_OP_673J3_163_589 (stage1_path_engine_0_DP_OP_673J3_163_589_J3_0_0)
                                      2.22e-06 7.11e-07 3.67e-07 3.30e-06   0.0
      DP_OP_643J3_133_2117 (stage1_path_engine_0_DP_OP_643J3_133_2117_J3_0_0)
                                      2.72e-07 8.94e-08 7.01e-08 4.32e-07   0.0
      add_x_33 (stage1_path_engine_0_DW01_add_J3_1_0)
                                      7.94e-07 1.82e-07 1.36e-07 1.11e-06   0.0
      DP_OP_660J3_150_2117 (stage1_path_engine_0_DP_OP_660J3_150_2117_J3_0_0)
                                      2.59e-07 8.60e-08 6.97e-08 4.15e-07   0.0
      DP_OP_658J3_148_2117 (stage1_path_engine_0_DP_OP_658J3_148_2117_J3_0_0)
                                      2.52e-07 8.29e-08 6.81e-08 4.03e-07   0.0
      DP_OP_671J3_161_8083 (stage1_path_engine_0_DP_OP_671J3_161_8083_J3_0_0)
                                      1.26e-06 4.48e-07 3.28e-07 2.04e-06   0.0
      DP_OP_644J3_134_2117 (stage1_path_engine_0_DP_OP_644J3_134_2117_J3_0_0)
                                      2.59e-07 8.60e-08 6.97e-08 4.15e-07   0.0
      DP_OP_667J3_157_8083 (stage1_path_engine_0_DP_OP_667J3_157_8083_J3_0_0)
                                      1.34e-06 4.90e-07 3.29e-07 2.15e-06   0.0
      DP_OP_661J3_151_2117 (stage1_path_engine_0_DP_OP_661J3_151_2117_J3_0_0)
                                      2.36e-07 7.84e-08 6.93e-08 3.84e-07   0.0
      DP_OP_659J3_149_2117 (stage1_path_engine_0_DP_OP_659J3_149_2117_J3_0_0)
                                      2.72e-07 8.94e-08 7.01e-08 4.32e-07   0.0
      add_x_194 (stage1_path_engine_0_DW01_add_J3_0_0)
                                      1.14e-06 2.35e-07 1.90e-07 1.56e-06   0.0
      DP_OP_645J3_135_2117 (stage1_path_engine_0_DP_OP_645J3_135_2117_J3_0_0)
                                      2.36e-07 7.84e-08 6.93e-08 3.84e-07   0.0
      DP_OP_668J3_158_8083 (stage1_path_engine_0_DP_OP_668J3_158_8083_J3_0_0)
                                      1.52e-06 5.36e-07 3.29e-07 2.38e-06   0.0
      DP_OP_662J3_152_2117 (stage1_path_engine_0_DP_OP_662J3_152_2117_J3_0_0)
                                      2.15e-07 7.03e-08 6.78e-08 3.53e-07   0.0
      DP_OP_646J3_136_2117 (stage1_path_engine_0_DP_OP_646J3_136_2117_J3_0_0)
                                      2.15e-07 7.03e-08 6.78e-08 3.53e-07   0.0
      DP_OP_669J3_159_8083 (stage1_path_engine_0_DP_OP_669J3_159_8083_J3_0_0)
                                      1.54e-06 5.38e-07 3.28e-07 2.40e-06   0.0
      DP_OP_663J3_153_2117 (stage1_path_engine_0_DP_OP_663J3_153_2117_J3_0_0)
                                      2.13e-07 7.01e-08 6.72e-08 3.50e-07   0.0
      DP_OP_632J3_122_2117 (stage1_path_engine_0_DP_OP_632J3_122_2117_J3_0_0)
                                      1.63e-07 5.33e-08 6.57e-08 2.82e-07   0.0
      DP_OP_647J3_137_2117 (stage1_path_engine_0_DP_OP_647J3_137_2117_J3_0_0)
                                      2.13e-07 7.01e-08 6.72e-08 3.50e-07   0.0
      DP_OP_633J3_123_2117 (stage1_path_engine_0_DP_OP_633J3_123_2117_J3_0_0)
                                      2.09e-07 6.96e-08 6.72e-08 3.45e-07   0.0
      DP_OP_650J3_140_2117 (stage1_path_engine_0_DP_OP_650J3_140_2117_J3_0_0)
                                      2.52e-07 8.29e-08 6.81e-08 4.03e-07   0.0
      DP_OP_648J3_138_2117 (stage1_path_engine_0_DP_OP_648J3_138_2117_J3_0_0)
                                      1.63e-07 5.33e-08 6.57e-08 2.82e-07   0.0
      DP_OP_634J3_124_2117 (stage1_path_engine_0_DP_OP_634J3_124_2117_J3_0_0)
                                      2.52e-07 8.29e-08 6.81e-08 4.03e-07   0.0
      DP_OP_651J3_141_2117 (stage1_path_engine_0_DP_OP_651J3_141_2117_J3_0_0)
                                      2.72e-07 8.94e-08 7.01e-08 4.32e-07   0.0
      DP_OP_649J3_139_2117 (stage1_path_engine_0_DP_OP_649J3_139_2117_J3_0_0)
                                      2.09e-07 6.96e-08 6.72e-08 3.45e-07   0.0
      DP_OP_635J3_125_2117 (stage1_path_engine_0_DP_OP_635J3_125_2117_J3_0_0)
                                      2.72e-07 8.94e-08 7.01e-08 4.32e-07   0.0
      DP_OP_652J3_142_2117 (stage1_path_engine_0_DP_OP_652J3_142_2117_J3_0_0)
                                      2.59e-07 8.60e-08 6.97e-08 4.15e-07   0.0
      DP_OP_636J3_126_2117 (stage1_path_engine_0_DP_OP_636J3_126_2117_J3_0_0)
                                      2.59e-07 8.60e-08 6.97e-08 4.15e-07   0.0
      mult_x_10 (stage1_path_engine_0_DW_mult_tc_J3_22_0)
                                      2.40e-06 1.47e-06 3.35e-07 4.20e-06   0.0
      mult_x_11 (stage1_path_engine_0_DW_mult_tc_J3_21_0)
                                      2.38e-06 1.45e-06 3.21e-07 4.16e-06   0.0
      mult_x_12 (stage1_path_engine_0_DW_mult_tc_J3_20_0)
                                      2.42e-06 1.47e-06 3.34e-07 4.22e-06   0.0
      mult_x_13 (stage1_path_engine_0_DW_mult_tc_J3_19_0)
                                      2.36e-06 1.45e-06 3.19e-07 4.13e-06   0.0
      mult_x_14 (stage1_path_engine_0_DW_mult_tc_J3_18_0)
                                      2.33e-06 1.44e-06 3.32e-07 4.11e-06   0.0
      mult_x_15 (stage1_path_engine_0_DW_mult_tc_J3_17_0)
                                      2.39e-06 1.47e-06 3.35e-07 4.19e-06   0.0
      mult_x_16 (stage1_path_engine_0_DW_mult_tc_J3_16_0)
                                      2.37e-06 1.43e-06 3.19e-07 4.12e-06   0.0
      mult_x_17 (stage1_path_engine_0_DW_mult_tc_J3_15_0)
                                      2.42e-06 1.47e-06 3.34e-07 4.22e-06   0.0
      mult_x_18 (stage1_path_engine_0_DW_mult_tc_J3_14_0)
                                      2.35e-06 1.44e-06 3.19e-07 4.11e-06   0.0
      mult_x_19 (stage1_path_engine_0_DW_mult_tc_J3_13_0)
                                      2.32e-06 1.41e-06 3.30e-07 4.06e-06   0.0
      DP_OP_653J3_143_2117 (stage1_path_engine_0_DP_OP_653J3_143_2117_J3_0_0)
                                      2.36e-07 7.84e-08 6.93e-08 3.84e-07   0.0
      mult_x_20 (stage1_path_engine_0_DW_mult_tc_J3_12_0)
                                      2.39e-06 1.47e-06 3.35e-07 4.20e-06   0.0
      mult_x_21 (stage1_path_engine_0_DW_mult_tc_J3_11_0)
                                      2.41e-06 1.47e-06 3.21e-07 4.19e-06   0.0
      mult_x_22 (stage1_path_engine_0_DW_mult_tc_J3_10_0)
                                      2.40e-06 1.46e-06 3.33e-07 4.19e-06   0.0
      mult_x_23 (stage1_path_engine_0_DW_mult_tc_J3_9_0)
                                      2.35e-06 1.44e-06 3.19e-07 4.10e-06   0.0
      mult_x_24 (stage1_path_engine_0_DW_mult_tc_J3_8_0)
                                      2.34e-06 1.45e-06 3.32e-07 4.12e-06   0.0
      mult_x_25 (stage1_path_engine_0_DW_mult_tc_J3_7_0)
                                      2.37e-06 1.46e-06 3.35e-07 4.17e-06   0.0
      mult_x_26 (stage1_path_engine_0_DW_mult_tc_J3_6_0)
                                      2.38e-06 1.46e-06 3.21e-07 4.16e-06   0.0
      mult_x_27 (stage1_path_engine_0_DW_mult_tc_J3_5_0)
                                      2.41e-06 1.46e-06 3.34e-07 4.21e-06   0.0
      mult_x_28 (stage1_path_engine_0_DW_mult_tc_J3_4_0)
                                      2.38e-06 1.45e-06 3.19e-07 4.15e-06   0.0
      mult_x_29 (stage1_path_engine_0_DW_mult_tc_J3_3_0)
                                      2.35e-06 1.45e-06 3.32e-07 4.13e-06   0.0
      mult_x_30 (stage1_path_engine_0_DW_mult_tc_J3_2_0)
                                      2.35e-06 1.45e-06 3.35e-07 4.13e-06   0.0
      mult_x_31 (stage1_path_engine_0_DW_mult_tc_J3_1_0)
                                      2.39e-06 1.46e-06 3.21e-07 4.17e-06   0.0
      mult_x_32 (stage1_path_engine_0_DW_mult_tc_J3_0_0)
                                      2.41e-06 1.46e-06 3.33e-07 4.21e-06   0.0
      DP_OP_664J3_154_8083 (stage1_path_engine_0_DP_OP_664J3_154_8083_J3_0_0)
                                      1.63e-06 5.64e-07 3.28e-07 2.53e-06   0.0
      mult_x_1 (stage1_path_engine_0_DW_mult_tc_J3_31_0)
                                      2.35e-06 1.44e-06 3.21e-07 4.12e-06   0.0
      mult_x_2 (stage1_path_engine_0_DW_mult_tc_J3_30_0)
                                      2.41e-06 1.46e-06 3.34e-07 4.20e-06   0.0
      mult_x_3 (stage1_path_engine_0_DW_mult_tc_J3_29_0)
                                      2.37e-06 1.45e-06 3.19e-07 4.13e-06   0.0
      mult_x_4 (stage1_path_engine_0_DW_mult_tc_J3_28_0)
                                      2.36e-06 1.45e-06 3.32e-07 4.14e-06   0.0
      mult_x_5 (stage1_path_engine_0_DW_mult_tc_J3_27_0)
                                      2.40e-06 1.47e-06 3.35e-07 4.21e-06   0.0
      mult_x_6 (stage1_path_engine_0_DW_mult_tc_J3_26_0)
                                      2.35e-06 1.44e-06 3.21e-07 4.11e-06   0.0
      mult_x_7 (stage1_path_engine_0_DW_mult_tc_J3_25_0)
                                      2.42e-06 1.47e-06 3.34e-07 4.23e-06   0.0
      mult_x_8 (stage1_path_engine_0_DW_mult_tc_J3_24_0)
                                      2.37e-06 1.45e-06 3.19e-07 4.13e-06   0.0
      mult_x_9 (stage1_path_engine_0_DW_mult_tc_J3_23_0)
                                      2.34e-06 1.44e-06 3.32e-07 4.11e-06   0.0
      DP_OP_637J3_127_2117 (stage1_path_engine_0_DP_OP_637J3_127_2117_J3_0_0)
                                      2.36e-07 7.84e-08 6.93e-08 3.84e-07   0.0
      DP_OP_654J3_144_2117 (stage1_path_engine_0_DP_OP_654J3_144_2117_J3_0_0)
                                      2.15e-07 7.03e-08 6.78e-08 3.53e-07   0.0
      DP_OP_665J3_155_8083 (stage1_path_engine_0_DP_OP_665J3_155_8083_J3_0_0)
                                      1.32e-06 4.71e-07 3.28e-07 2.12e-06   0.0
      DP_OP_640J3_130_2117 (stage1_path_engine_0_DP_OP_640J3_130_2117_J3_0_0)
                                      1.63e-07 5.33e-08 6.57e-08 2.82e-07   0.0
      DP_OP_638J3_128_2117 (stage1_path_engine_0_DP_OP_638J3_128_2117_J3_0_0)
                                      2.15e-07 7.03e-08 6.78e-08 3.53e-07   0.0
      DP_OP_655J3_145_2117 (stage1_path_engine_0_DP_OP_655J3_145_2117_J3_0_0)
                                      2.13e-07 7.01e-08 6.72e-08 3.50e-07   0.0
      DP_OP_666J3_156_8083 (stage1_path_engine_0_DP_OP_666J3_156_8083_J3_0_0)
                                      1.47e-06 5.26e-07 3.28e-07 2.33e-06   0.0
      DP_OP_641J3_131_2117 (stage1_path_engine_0_DP_OP_641J3_131_2117_J3_0_0)
                                      2.09e-07 6.96e-08 6.72e-08 3.45e-07   0.0
      DP_OP_639J3_129_2117 (stage1_path_engine_0_DP_OP_639J3_129_2117_J3_0_0)
                                      2.13e-07 7.01e-08 6.72e-08 3.50e-07   0.0
      DP_OP_656J3_146_2117 (stage1_path_engine_0_DP_OP_656J3_146_2117_J3_0_0)
                                      1.63e-07 5.33e-08 6.57e-08 2.82e-07   0.0
      DP_OP_672J3_162_589 (stage1_path_engine_0_DP_OP_672J3_162_589_J3_0_0)
                                      2.30e-06 7.44e-07 3.66e-07 3.41e-06   0.0
      DP_OP_642J3_132_2117 (stage1_path_engine_0_DP_OP_642J3_132_2117_J3_0_0)
                                      2.52e-07 8.29e-08 6.81e-08 4.03e-07   0.0
  g_weight_13__u_weight (sram_bank_128x256_2)
                                      4.91e-04 6.20e-06 9.45e-05 5.92e-04   2.2
    g_bank_6__u_macro (hs128x32_wrapper_17)
                                      6.14e-05 7.75e-07 1.18e-05 7.40e-05   0.3
    g_bank_5__u_macro (hs128x32_wrapper_18)
                                      6.14e-05 7.75e-07 1.18e-05 7.40e-05   0.3
    g_bank_4__u_macro (hs128x32_wrapper_19)
                                      6.14e-05 7.76e-07 1.18e-05 7.40e-05   0.3
    g_bank_0__u_macro (hs128x32_wrapper_23)
                                      6.14e-05 7.75e-07 1.18e-05 7.40e-05   0.3
    g_bank_3__u_macro (hs128x32_wrapper_20)
                                      6.14e-05 7.75e-07 1.18e-05 7.40e-05   0.3
    g_bank_2__u_macro (hs128x32_wrapper_21)
                                      6.14e-05 7.76e-07 1.18e-05 7.40e-05   0.3
    g_bank_1__u_macro (hs128x32_wrapper_22)
                                      6.14e-05 7.75e-07 1.18e-05 7.40e-05   0.3
    g_bank_7__u_macro (hs128x32_wrapper_16)
                                      6.14e-05 7.76e-07 1.18e-05 7.40e-05   0.3
  g_weight_8__u_weight (sram_bank_128x256_7)
                                      4.91e-04 6.21e-06 9.45e-05 5.92e-04   2.2
    g_bank_6__u_macro (hs128x32_wrapper_57)
                                      6.14e-05 7.76e-07 1.18e-05 7.40e-05   0.3
    g_bank_5__u_macro (hs128x32_wrapper_58)
                                      6.14e-05 7.77e-07 1.18e-05 7.40e-05   0.3
    g_bank_4__u_macro (hs128x32_wrapper_59)
                                      6.14e-05 7.76e-07 1.18e-05 7.40e-05   0.3
    g_bank_0__u_macro (hs128x32_wrapper_63)
                                      6.14e-05 7.77e-07 1.18e-05 7.40e-05   0.3
    g_bank_3__u_macro (hs128x32_wrapper_60)
                                      6.14e-05 7.77e-07 1.18e-05 7.40e-05   0.3
    g_bank_2__u_macro (hs128x32_wrapper_61)
                                      6.14e-05 7.76e-07 1.18e-05 7.40e-05   0.3
    g_bank_1__u_macro (hs128x32_wrapper_62)
                                      6.14e-05 7.76e-07 1.18e-05 7.40e-05   0.3
    g_bank_7__u_macro (hs128x32_wrapper_56)
                                      6.14e-05 7.76e-07 1.18e-05 7.40e-05   0.3
  DP_OP_278J1_136_5275 (stage1_tile_DP_OP_278J1_136_5275_J1_0)
                                      1.02e-06 4.06e-07 1.35e-07 1.56e-06   0.0
1
