****************************************
Report : Averaged Power
	-hierarchy
	-levels 4
	-verbose
Design : stage1_tile
Version: V-2023.12-SP5-2
Date   : Tue Aug 18 16:57:57 2026
****************************************

Library(s) Used:

    scc28nhkcp_hdc35p140_rvt_tt_v0p9_25c_basic (File: /share/ScLib/smic/smic28hkmg/SCC28NHKCP_HDC35P140_RVT_CDK_V0.2/SCC28NHKCP_HDC35P140_RVT_V0p2/liberty/0.9v/scc28nhkcp_hdc35p140_rvt_tt_v0p9_25c_basic.db)
    HS128X32_tt_ctypical_0p90v_0p90v_25c (File: /share/home/ST015_YRR/work/07_AI_work/HSS/stage1_tile/memory/HS128X32/db/HS128X32_tt_ctypical_0p90v_0p90v_25c.db)


Operating Conditions: tt_v0p9_25c   Library: scc28nhkcp_hdc35p140_rvt_tt_v0p9_25c_basic
Wire Load Model Mode: top

<no wire load model is set>

Power-specific unit information :
    Voltage Units = 1 V
    Capacitance Units = 1 pf
    Time Units = 1 ns
    Dynamic Power Units = 1 W
    Leakage Power Units = 1 W



                                      Int      Switch   Leak     Total
Hierarchy                             Power    Power    Power    Power    %
----------------------------------------------------------------------------------
stage1_tile                           2.46e-02 1.81e-03 2.03e-03 2.84e-02 100.0
  g_pair_6__u_pair (stage1_lane_pair_1)
                                      1.56e-03 1.60e-04 5.01e-05 1.77e-03   6.2
    u_gate (stage1_path_engine_3)     7.78e-04 7.99e-05 2.50e-05 8.82e-04   3.1
      DP_OP_657J3_147_2117 (stage1_path_engine_0_DP_OP_657J3_147_2117_J3_0_3)
                                      2.80e-07 8.29e-08 7.14e-08 4.34e-07   0.0
      DP_OP_670J3_160_8083 (stage1_path_engine_0_DP_OP_670J3_160_8083_J3_0_3)
                                         0.000    0.000 3.25e-07 3.25e-07   0.0
      DP_OP_673J3_163_589 (stage1_path_engine_0_DP_OP_673J3_163_589_J3_0_3)
                                         0.000    0.000 3.66e-07 3.66e-07   0.0
      DP_OP_643J3_133_2117 (stage1_path_engine_0_DP_OP_643J3_133_2117_J3_0_3)
                                      2.82e-07 8.17e-08 7.41e-08 4.38e-07   0.0
      add_x_33 (stage1_path_engine_0_DW01_add_J3_1_3)
                                         0.000    0.000 1.37e-07 1.37e-07   0.0
      DP_OP_660J3_150_2117 (stage1_path_engine_0_DP_OP_660J3_150_2117_J3_0_3)
                                      2.98e-07 8.79e-08 7.34e-08 4.59e-07   0.0
      DP_OP_658J3_148_2117 (stage1_path_engine_0_DP_OP_658J3_148_2117_J3_0_3)
                                      2.75e-07 8.03e-08 7.47e-08 4.31e-07   0.0
      DP_OP_671J3_161_8083 (stage1_path_engine_0_DP_OP_671J3_161_8083_J3_0_3)
                                         0.000    0.000 3.25e-07 3.25e-07   0.0
      DP_OP_644J3_134_2117 (stage1_path_engine_0_DP_OP_644J3_134_2117_J3_0_3)
                                      2.98e-07 8.79e-08 7.34e-08 4.59e-07   0.0
      DP_OP_667J3_157_8083 (stage1_path_engine_0_DP_OP_667J3_157_8083_J3_0_3)
                                         0.000    0.000 3.25e-07 3.25e-07   0.0
      DP_OP_661J3_151_2117 (stage1_path_engine_0_DP_OP_661J3_151_2117_J3_0_3)
                                      2.85e-07 8.51e-08 7.30e-08 4.43e-07   0.0
      DP_OP_659J3_149_2117 (stage1_path_engine_0_DP_OP_659J3_149_2117_J3_0_3)
                                      2.82e-07 8.17e-08 7.41e-08 4.38e-07   0.0
      add_x_194 (stage1_path_engine_0_DW01_add_J3_0_3)
                                         0.000    0.000 1.90e-07 1.90e-07   0.0
      DP_OP_645J3_135_2117 (stage1_path_engine_0_DP_OP_645J3_135_2117_J3_0_3)
                                      2.85e-07 8.51e-08 7.30e-08 4.43e-07   0.0
      DP_OP_668J3_158_8083 (stage1_path_engine_0_DP_OP_668J3_158_8083_J3_0_3)
                                         0.000    0.000 3.25e-07 3.25e-07   0.0
      DP_OP_662J3_152_2117 (stage1_path_engine_0_DP_OP_662J3_152_2117_J3_0_3)
                                      2.77e-07 8.40e-08 7.13e-08 4.33e-07   0.0
      DP_OP_646J3_136_2117 (stage1_path_engine_0_DP_OP_646J3_136_2117_J3_0_3)
                                      2.77e-07 8.40e-08 7.13e-08 4.33e-07   0.0
      DP_OP_669J3_159_8083 (stage1_path_engine_0_DP_OP_669J3_159_8083_J3_0_3)
                                         0.000    0.000 3.25e-07 3.25e-07   0.0
      DP_OP_663J3_153_2117 (stage1_path_engine_0_DP_OP_663J3_153_2117_J3_0_3)
                                      2.79e-07 8.32e-08 7.16e-08 4.34e-07   0.0
      DP_OP_632J3_122_2117 (stage1_path_engine_0_DP_OP_632J3_122_2117_J3_0_3)
                                      2.72e-07 7.95e-08 7.13e-08 4.23e-07   0.0
      DP_OP_647J3_137_2117 (stage1_path_engine_0_DP_OP_647J3_137_2117_J3_0_3)
                                      2.79e-07 8.32e-08 7.16e-08 4.34e-07   0.0
      DP_OP_633J3_123_2117 (stage1_path_engine_0_DP_OP_633J3_123_2117_J3_0_3)
                                      2.80e-07 8.29e-08 7.14e-08 4.34e-07   0.0
      DP_OP_650J3_140_2117 (stage1_path_engine_0_DP_OP_650J3_140_2117_J3_0_3)
                                      2.75e-07 8.03e-08 7.47e-08 4.31e-07   0.0
      DP_OP_648J3_138_2117 (stage1_path_engine_0_DP_OP_648J3_138_2117_J3_0_3)
                                      2.72e-07 7.95e-08 7.13e-08 4.23e-07   0.0
      DP_OP_634J3_124_2117 (stage1_path_engine_0_DP_OP_634J3_124_2117_J3_0_3)
                                      2.75e-07 8.03e-08 7.47e-08 4.31e-07   0.0
      DP_OP_651J3_141_2117 (stage1_path_engine_0_DP_OP_651J3_141_2117_J3_0_3)
                                      2.82e-07 8.17e-08 7.41e-08 4.38e-07   0.0
      DP_OP_649J3_139_2117 (stage1_path_engine_0_DP_OP_649J3_139_2117_J3_0_3)
                                      2.80e-07 8.29e-08 7.14e-08 4.34e-07   0.0
      DP_OP_635J3_125_2117 (stage1_path_engine_0_DP_OP_635J3_125_2117_J3_0_3)
                                      2.82e-07 8.17e-08 7.41e-08 4.38e-07   0.0
      DP_OP_652J3_142_2117 (stage1_path_engine_0_DP_OP_652J3_142_2117_J3_0_3)
                                      2.98e-07 8.79e-08 7.34e-08 4.59e-07   0.0
      DP_OP_636J3_126_2117 (stage1_path_engine_0_DP_OP_636J3_126_2117_J3_0_3)
                                      2.98e-07 8.79e-08 7.34e-08 4.59e-07   0.0
      mult_x_10 (stage1_path_engine_0_DW_mult_tc_J3_22_3)
                                      2.95e-06 1.74e-06 3.23e-07 5.02e-06   0.0
      mult_x_11 (stage1_path_engine_0_DW_mult_tc_J3_21_3)
                                      2.94e-06 1.74e-06 3.27e-07 5.00e-06   0.0
      mult_x_12 (stage1_path_engine_0_DW_mult_tc_J3_20_3)
                                      3.01e-06 1.77e-06 3.29e-07 5.10e-06   0.0
      mult_x_13 (stage1_path_engine_0_DW_mult_tc_J3_19_3)
                                      3.00e-06 1.75e-06 3.23e-07 5.07e-06   0.0
      mult_x_14 (stage1_path_engine_0_DW_mult_tc_J3_18_3)
                                      3.05e-06 1.77e-06 3.30e-07 5.15e-06   0.0
      mult_x_15 (stage1_path_engine_0_DW_mult_tc_J3_17_3)
                                      2.90e-06 1.74e-06 3.21e-07 4.96e-06   0.0
      mult_x_16 (stage1_path_engine_0_DW_mult_tc_J3_16_3)
                                      2.96e-06 1.74e-06 3.31e-07 5.04e-06   0.0
      mult_x_17 (stage1_path_engine_0_DW_mult_tc_J3_15_3)
                                      2.99e-06 1.77e-06 3.19e-07 5.08e-06   0.0
      mult_x_18 (stage1_path_engine_0_DW_mult_tc_J3_14_3)
                                      2.91e-06 1.74e-06 3.14e-07 4.96e-06   0.0
      mult_x_19 (stage1_path_engine_0_DW_mult_tc_J3_13_3)
                                      3.00e-06 1.77e-06 3.32e-07 5.10e-06   0.0
      DP_OP_653J3_143_2117 (stage1_path_engine_0_DP_OP_653J3_143_2117_J3_0_3)
                                      2.85e-07 8.51e-08 7.30e-08 4.43e-07   0.0
      mult_x_20 (stage1_path_engine_0_DW_mult_tc_J3_12_3)
                                      2.96e-06 1.74e-06 3.22e-07 5.02e-06   0.0
      mult_x_21 (stage1_path_engine_0_DW_mult_tc_J3_11_3)
                                      2.93e-06 1.74e-06 3.28e-07 4.99e-06   0.0
      mult_x_22 (stage1_path_engine_0_DW_mult_tc_J3_10_3)
                                      3.02e-06 1.77e-06 3.29e-07 5.12e-06   0.0
      mult_x_23 (stage1_path_engine_0_DW_mult_tc_J3_9_3)
                                      2.97e-06 1.74e-06 3.21e-07 5.03e-06   0.0
      mult_x_24 (stage1_path_engine_0_DW_mult_tc_J3_8_3)
                                      3.08e-06 1.77e-06 3.30e-07 5.18e-06   0.0
      mult_x_25 (stage1_path_engine_0_DW_mult_tc_J3_7_3)
                                      2.90e-06 1.74e-06 3.20e-07 4.96e-06   0.0
      mult_x_26 (stage1_path_engine_0_DW_mult_tc_J3_6_3)
                                      2.91e-06 1.73e-06 3.32e-07 4.97e-06   0.0
      mult_x_27 (stage1_path_engine_0_DW_mult_tc_J3_5_3)
                                      3.03e-06 1.77e-06 3.21e-07 5.12e-06   0.0
      mult_x_28 (stage1_path_engine_0_DW_mult_tc_J3_4_3)
                                      2.94e-06 1.75e-06 3.14e-07 5.01e-06   0.0
      mult_x_29 (stage1_path_engine_0_DW_mult_tc_J3_3_3)
                                      3.06e-06 1.77e-06 3.31e-07 5.15e-06   0.0
      mult_x_30 (stage1_path_engine_0_DW_mult_tc_J3_2_3)
                                      2.96e-06 1.73e-06 3.23e-07 5.02e-06   0.0
      mult_x_31 (stage1_path_engine_0_DW_mult_tc_J3_1_3)
                                      2.91e-06 1.73e-06 3.27e-07 4.97e-06   0.0
      mult_x_32 (stage1_path_engine_0_DW_mult_tc_J3_0_3)
                                      3.01e-06 1.77e-06 3.32e-07 5.11e-06   0.0
      DP_OP_664J3_154_8083 (stage1_path_engine_0_DP_OP_664J3_154_8083_J3_0_3)
                                         0.000    0.000 3.25e-07 3.25e-07   0.0
      mult_x_1 (stage1_path_engine_0_DW_mult_tc_J3_31_3)
                                      2.93e-06 1.74e-06 3.28e-07 4.99e-06   0.0
      mult_x_2 (stage1_path_engine_0_DW_mult_tc_J3_30_3)
                                      2.98e-06 1.76e-06 3.31e-07 5.07e-06   0.0
      mult_x_3 (stage1_path_engine_0_DW_mult_tc_J3_29_3)
                                      2.97e-06 1.76e-06 3.15e-07 5.05e-06   0.0
      mult_x_4 (stage1_path_engine_0_DW_mult_tc_J3_28_3)
                                      3.03e-06 1.76e-06 3.30e-07 5.12e-06   0.0
      mult_x_5 (stage1_path_engine_0_DW_mult_tc_J3_27_3)
                                      2.97e-06 1.74e-06 3.22e-07 5.02e-06   0.0
      mult_x_6 (stage1_path_engine_0_DW_mult_tc_J3_26_3)
                                      2.95e-06 1.74e-06 3.31e-07 5.02e-06   0.0
      mult_x_7 (stage1_path_engine_0_DW_mult_tc_J3_25_3)
                                      2.98e-06 1.77e-06 3.19e-07 5.07e-06   0.0
      mult_x_8 (stage1_path_engine_0_DW_mult_tc_J3_24_3)
                                      2.94e-06 1.75e-06 3.20e-07 5.01e-06   0.0
      mult_x_9 (stage1_path_engine_0_DW_mult_tc_J3_23_3)
                                      2.97e-06 1.76e-06 3.32e-07 5.06e-06   0.0
      DP_OP_637J3_127_2117 (stage1_path_engine_0_DP_OP_637J3_127_2117_J3_0_3)
                                      2.85e-07 8.51e-08 7.30e-08 4.43e-07   0.0
      DP_OP_654J3_144_2117 (stage1_path_engine_0_DP_OP_654J3_144_2117_J3_0_3)
                                      2.77e-07 8.40e-08 7.13e-08 4.33e-07   0.0
      DP_OP_665J3_155_8083 (stage1_path_engine_0_DP_OP_665J3_155_8083_J3_0_3)
                                         0.000    0.000 3.25e-07 3.25e-07   0.0
      DP_OP_640J3_130_2117 (stage1_path_engine_0_DP_OP_640J3_130_2117_J3_0_3)
                                      2.72e-07 7.95e-08 7.13e-08 4.23e-07   0.0
      DP_OP_638J3_128_2117 (stage1_path_engine_0_DP_OP_638J3_128_2117_J3_0_3)
                                      2.77e-07 8.40e-08 7.13e-08 4.33e-07   0.0
      DP_OP_655J3_145_2117 (stage1_path_engine_0_DP_OP_655J3_145_2117_J3_0_3)
                                      2.79e-07 8.32e-08 7.16e-08 4.34e-07   0.0
      DP_OP_666J3_156_8083 (stage1_path_engine_0_DP_OP_666J3_156_8083_J3_0_3)
                                         0.000    0.000 3.25e-07 3.25e-07   0.0
      DP_OP_641J3_131_2117 (stage1_path_engine_0_DP_OP_641J3_131_2117_J3_0_3)
                                      2.80e-07 8.29e-08 7.14e-08 4.34e-07   0.0
      DP_OP_639J3_129_2117 (stage1_path_engine_0_DP_OP_639J3_129_2117_J3_0_3)
                                      2.79e-07 8.32e-08 7.16e-08 4.34e-07   0.0
      DP_OP_656J3_146_2117 (stage1_path_engine_0_DP_OP_656J3_146_2117_J3_0_3)
                                      2.72e-07 7.95e-08 7.13e-08 4.23e-07   0.0
      DP_OP_672J3_162_589 (stage1_path_engine_0_DP_OP_672J3_162_589_J3_0_3)
                                         0.000    0.000 3.66e-07 3.66e-07   0.0
      DP_OP_642J3_132_2117 (stage1_path_engine_0_DP_OP_642J3_132_2117_J3_0_3)
                                      2.75e-07 8.03e-08 7.47e-08 4.31e-07   0.0
    u_up (stage1_path_engine_2)       7.79e-04 8.03e-05 2.50e-05 8.84e-04   3.1
      DP_OP_657J3_147_2117 (stage1_path_engine_0_DP_OP_657J3_147_2117_J3_0_2)
                                      3.25e-07 1.01e-07 7.06e-08 4.96e-07   0.0
      DP_OP_670J3_160_8083 (stage1_path_engine_0_DP_OP_670J3_160_8083_J3_0_2)
                                         0.000    0.000 3.25e-07 3.25e-07   0.0
      DP_OP_673J3_163_589 (stage1_path_engine_0_DP_OP_673J3_163_589_J3_0_2)
                                         0.000    0.000 3.66e-07 3.66e-07   0.0
      DP_OP_643J3_133_2117 (stage1_path_engine_0_DP_OP_643J3_133_2117_J3_0_2)
                                      3.18e-07 9.57e-08 7.36e-08 4.88e-07   0.0
      add_x_33 (stage1_path_engine_0_DW01_add_J3_1_2)
                                         0.000    0.000 1.37e-07 1.37e-07   0.0
      DP_OP_660J3_150_2117 (stage1_path_engine_0_DP_OP_660J3_150_2117_J3_0_2)
                                      3.33e-07 1.02e-07 7.29e-08 5.07e-07   0.0
      DP_OP_658J3_148_2117 (stage1_path_engine_0_DP_OP_658J3_148_2117_J3_0_2)
                                      3.30e-07 1.01e-07 7.15e-08 5.02e-07   0.0
      DP_OP_671J3_161_8083 (stage1_path_engine_0_DP_OP_671J3_161_8083_J3_0_2)
                                         0.000    0.000 3.25e-07 3.25e-07   0.0
      DP_OP_644J3_134_2117 (stage1_path_engine_0_DP_OP_644J3_134_2117_J3_0_2)
                                      3.33e-07 1.02e-07 7.29e-08 5.07e-07   0.0
      DP_OP_667J3_157_8083 (stage1_path_engine_0_DP_OP_667J3_157_8083_J3_0_2)
                                         0.000    0.000 3.25e-07 3.25e-07   0.0
      DP_OP_661J3_151_2117 (stage1_path_engine_0_DP_OP_661J3_151_2117_J3_0_2)
                                      3.13e-07 9.65e-08 7.22e-08 4.81e-07   0.0
      DP_OP_659J3_149_2117 (stage1_path_engine_0_DP_OP_659J3_149_2117_J3_0_2)
                                      3.18e-07 9.57e-08 7.36e-08 4.88e-07   0.0
      add_x_194 (stage1_path_engine_0_DW01_add_J3_0_2)
                                         0.000    0.000 1.90e-07 1.90e-07   0.0
      DP_OP_645J3_135_2117 (stage1_path_engine_0_DP_OP_645J3_135_2117_J3_0_2)
                                      3.13e-07 9.65e-08 7.22e-08 4.81e-07   0.0
      DP_OP_668J3_158_8083 (stage1_path_engine_0_DP_OP_668J3_158_8083_J3_0_2)
                                         0.000    0.000 3.25e-07 3.25e-07   0.0
      DP_OP_662J3_152_2117 (stage1_path_engine_0_DP_OP_662J3_152_2117_J3_0_2)
                                      3.17e-07 9.90e-08 7.02e-08 4.86e-07   0.0
      DP_OP_646J3_136_2117 (stage1_path_engine_0_DP_OP_646J3_136_2117_J3_0_2)
                                      3.17e-07 9.90e-08 7.02e-08 4.86e-07   0.0
      DP_OP_669J3_159_8083 (stage1_path_engine_0_DP_OP_669J3_159_8083_J3_0_2)
                                         0.000    0.000 3.25e-07 3.25e-07   0.0
      DP_OP_663J3_153_2117 (stage1_path_engine_0_DP_OP_663J3_153_2117_J3_0_2)
                                      3.30e-07 1.03e-07 7.07e-08 5.04e-07   0.0
      DP_OP_632J3_122_2117 (stage1_path_engine_0_DP_OP_632J3_122_2117_J3_0_2)
                                      3.09e-07 9.36e-08 7.08e-08 4.73e-07   0.0
      DP_OP_647J3_137_2117 (stage1_path_engine_0_DP_OP_647J3_137_2117_J3_0_2)
                                      3.30e-07 1.03e-07 7.07e-08 5.04e-07   0.0
      DP_OP_633J3_123_2117 (stage1_path_engine_0_DP_OP_633J3_123_2117_J3_0_2)
                                      3.25e-07 1.01e-07 7.06e-08 4.96e-07   0.0
      DP_OP_650J3_140_2117 (stage1_path_engine_0_DP_OP_650J3_140_2117_J3_0_2)
                                      3.30e-07 1.01e-07 7.15e-08 5.02e-07   0.0
      DP_OP_648J3_138_2117 (stage1_path_engine_0_DP_OP_648J3_138_2117_J3_0_2)
                                      3.09e-07 9.36e-08 7.08e-08 4.73e-07   0.0
      DP_OP_634J3_124_2117 (stage1_path_engine_0_DP_OP_634J3_124_2117_J3_0_2)
                                      3.30e-07 1.01e-07 7.15e-08 5.02e-07   0.0
      DP_OP_651J3_141_2117 (stage1_path_engine_0_DP_OP_651J3_141_2117_J3_0_2)
                                      3.18e-07 9.57e-08 7.36e-08 4.88e-07   0.0
      DP_OP_649J3_139_2117 (stage1_path_engine_0_DP_OP_649J3_139_2117_J3_0_2)
                                      3.25e-07 1.01e-07 7.06e-08 4.96e-07   0.0
      DP_OP_635J3_125_2117 (stage1_path_engine_0_DP_OP_635J3_125_2117_J3_0_2)
                                      3.18e-07 9.57e-08 7.36e-08 4.88e-07   0.0
      DP_OP_652J3_142_2117 (stage1_path_engine_0_DP_OP_652J3_142_2117_J3_0_2)
                                      3.33e-07 1.02e-07 7.29e-08 5.07e-07   0.0
      DP_OP_636J3_126_2117 (stage1_path_engine_0_DP_OP_636J3_126_2117_J3_0_2)
                                      3.33e-07 1.02e-07 7.29e-08 5.07e-07   0.0
      mult_x_10 (stage1_path_engine_0_DW_mult_tc_J3_22_2)
                                      3.07e-06 1.77e-06 3.22e-07 5.17e-06   0.0
      mult_x_11 (stage1_path_engine_0_DW_mult_tc_J3_21_2)
                                      2.90e-06 1.73e-06 3.14e-07 4.94e-06   0.0
      mult_x_12 (stage1_path_engine_0_DW_mult_tc_J3_20_2)
                                      2.99e-06 1.75e-06 3.32e-07 5.07e-06   0.0
      mult_x_13 (stage1_path_engine_0_DW_mult_tc_J3_19_2)
                                      2.97e-06 1.75e-06 3.32e-07 5.05e-06   0.0
      mult_x_14 (stage1_path_engine_0_DW_mult_tc_J3_18_2)
                                      2.97e-06 1.75e-06 3.18e-07 5.04e-06   0.0
      mult_x_15 (stage1_path_engine_0_DW_mult_tc_J3_17_2)
                                      3.05e-06 1.77e-06 3.30e-07 5.15e-06   0.0
      mult_x_16 (stage1_path_engine_0_DW_mult_tc_J3_16_2)
                                      2.94e-06 1.73e-06 3.20e-07 4.99e-06   0.0
      mult_x_17 (stage1_path_engine_0_DW_mult_tc_J3_15_2)
                                      3.00e-06 1.75e-06 3.28e-07 5.08e-06   0.0
      mult_x_18 (stage1_path_engine_0_DW_mult_tc_J3_14_2)
                                      2.97e-06 1.75e-06 3.28e-07 5.05e-06   0.0
      mult_x_19 (stage1_path_engine_0_DW_mult_tc_J3_13_2)
                                      2.99e-06 1.76e-06 3.23e-07 5.07e-06   0.0
      DP_OP_653J3_143_2117 (stage1_path_engine_0_DP_OP_653J3_143_2117_J3_0_2)
                                      3.13e-07 9.65e-08 7.22e-08 4.81e-07   0.0
      mult_x_20 (stage1_path_engine_0_DW_mult_tc_J3_12_2)
                                      3.03e-06 1.77e-06 3.20e-07 5.13e-06   0.0
      mult_x_21 (stage1_path_engine_0_DW_mult_tc_J3_11_2)
                                      2.95e-06 1.72e-06 3.16e-07 4.99e-06   0.0
      mult_x_22 (stage1_path_engine_0_DW_mult_tc_J3_10_2)
                                      2.97e-06 1.74e-06 3.31e-07 5.05e-06   0.0
      mult_x_23 (stage1_path_engine_0_DW_mult_tc_J3_9_2)
                                      2.98e-06 1.75e-06 3.31e-07 5.07e-06   0.0
      mult_x_24 (stage1_path_engine_0_DW_mult_tc_J3_8_2)
                                      3.00e-06 1.76e-06 3.18e-07 5.08e-06   0.0
      mult_x_25 (stage1_path_engine_0_DW_mult_tc_J3_7_2)
                                      3.00e-06 1.76e-06 3.27e-07 5.09e-06   0.0
      mult_x_26 (stage1_path_engine_0_DW_mult_tc_J3_6_2)
                                      2.96e-06 1.72e-06 3.22e-07 5.00e-06   0.0
      mult_x_27 (stage1_path_engine_0_DW_mult_tc_J3_5_2)
                                      2.95e-06 1.75e-06 3.28e-07 5.03e-06   0.0
      mult_x_28 (stage1_path_engine_0_DW_mult_tc_J3_4_2)
                                      2.98e-06 1.76e-06 3.28e-07 5.06e-06   0.0
      mult_x_29 (stage1_path_engine_0_DW_mult_tc_J3_3_2)
                                      3.01e-06 1.76e-06 3.23e-07 5.09e-06   0.0
      mult_x_30 (stage1_path_engine_0_DW_mult_tc_J3_2_2)
                                      3.06e-06 1.76e-06 3.30e-07 5.15e-06   0.0
      mult_x_31 (stage1_path_engine_0_DW_mult_tc_J3_1_2)
                                      2.91e-06 1.73e-06 3.15e-07 4.95e-06   0.0
      mult_x_32 (stage1_path_engine_0_DW_mult_tc_J3_0_2)
                                      2.90e-06 1.75e-06 3.30e-07 4.98e-06   0.0
      DP_OP_664J3_154_8083 (stage1_path_engine_0_DP_OP_664J3_154_8083_J3_0_2)
                                         0.000    0.000 3.25e-07 3.25e-07   0.0
      mult_x_1 (stage1_path_engine_0_DW_mult_tc_J3_31_2)
                                      2.87e-06 1.72e-06 3.14e-07 4.90e-06   0.0
      mult_x_2 (stage1_path_engine_0_DW_mult_tc_J3_30_2)
                                      2.93e-06 1.76e-06 3.31e-07 5.02e-06   0.0
      mult_x_3 (stage1_path_engine_0_DW_mult_tc_J3_29_2)
                                      2.96e-06 1.76e-06 3.28e-07 5.05e-06   0.0
      mult_x_4 (stage1_path_engine_0_DW_mult_tc_J3_28_2)
                                      3.01e-06 1.76e-06 3.20e-07 5.09e-06   0.0
      mult_x_5 (stage1_path_engine_0_DW_mult_tc_J3_27_2)
                                      3.07e-06 1.77e-06 3.27e-07 5.16e-06   0.0
      mult_x_6 (stage1_path_engine_0_DW_mult_tc_J3_26_2)
                                      2.93e-06 1.72e-06 3.20e-07 4.97e-06   0.0
      mult_x_7 (stage1_path_engine_0_DW_mult_tc_J3_25_2)
                                      3.00e-06 1.76e-06 3.29e-07 5.09e-06   0.0
      mult_x_8 (stage1_path_engine_0_DW_mult_tc_J3_24_2)
                                      2.93e-06 1.76e-06 3.30e-07 5.02e-06   0.0
      mult_x_9 (stage1_path_engine_0_DW_mult_tc_J3_23_2)
                                      2.99e-06 1.75e-06 3.25e-07 5.07e-06   0.0
      DP_OP_637J3_127_2117 (stage1_path_engine_0_DP_OP_637J3_127_2117_J3_0_2)
                                      3.13e-07 9.65e-08 7.22e-08 4.81e-07   0.0
      DP_OP_654J3_144_2117 (stage1_path_engine_0_DP_OP_654J3_144_2117_J3_0_2)
                                      3.17e-07 9.90e-08 7.02e-08 4.86e-07   0.0
      DP_OP_665J3_155_8083 (stage1_path_engine_0_DP_OP_665J3_155_8083_J3_0_2)
                                         0.000    0.000 3.25e-07 3.25e-07   0.0
      DP_OP_640J3_130_2117 (stage1_path_engine_0_DP_OP_640J3_130_2117_J3_0_2)
                                      3.09e-07 9.36e-08 7.08e-08 4.73e-07   0.0
      DP_OP_638J3_128_2117 (stage1_path_engine_0_DP_OP_638J3_128_2117_J3_0_2)
                                      3.17e-07 9.90e-08 7.02e-08 4.86e-07   0.0
      DP_OP_655J3_145_2117 (stage1_path_engine_0_DP_OP_655J3_145_2117_J3_0_2)
                                      3.30e-07 1.03e-07 7.07e-08 5.04e-07   0.0
      DP_OP_666J3_156_8083 (stage1_path_engine_0_DP_OP_666J3_156_8083_J3_0_2)
                                         0.000    0.000 3.25e-07 3.25e-07   0.0
      DP_OP_641J3_131_2117 (stage1_path_engine_0_DP_OP_641J3_131_2117_J3_0_2)
                                      3.25e-07 1.01e-07 7.06e-08 4.96e-07   0.0
      DP_OP_639J3_129_2117 (stage1_path_engine_0_DP_OP_639J3_129_2117_J3_0_2)
                                      3.30e-07 1.03e-07 7.07e-08 5.04e-07   0.0
      DP_OP_656J3_146_2117 (stage1_path_engine_0_DP_OP_656J3_146_2117_J3_0_2)
                                      3.09e-07 9.36e-08 7.08e-08 4.73e-07   0.0
      DP_OP_672J3_162_589 (stage1_path_engine_0_DP_OP_672J3_162_589_J3_0_2)
                                         0.000    0.000 3.66e-07 3.66e-07   0.0
      DP_OP_642J3_132_2117 (stage1_path_engine_0_DP_OP_642J3_132_2117_J3_0_2)
                                      3.30e-07 1.01e-07 7.15e-08 5.02e-07   0.0
  DP_OP_264J1_122_5275 (stage1_tile_DP_OP_264J1_122_5275_J1_0)
                                      7.07e-07 2.94e-07 1.35e-07 1.14e-06   0.0
  g_weight_1__u_weight (sram_bank_128x256_14)
                                      5.42e-04 7.62e-06 9.45e-05 6.44e-04   2.3
    g_bank_6__u_macro (hs128x32_wrapper_113)
                                      6.78e-05 9.54e-07 1.18e-05 8.06e-05   0.3
    g_bank_5__u_macro (hs128x32_wrapper_114)
                                      6.78e-05 9.51e-07 1.18e-05 8.05e-05   0.3
    g_bank_4__u_macro (hs128x32_wrapper_115)
                                      6.78e-05 9.54e-07 1.18e-05 8.06e-05   0.3
    g_bank_0__u_macro (hs128x32_wrapper_119)
                                      6.78e-05 9.51e-07 1.18e-05 8.05e-05   0.3
    g_bank_3__u_macro (hs128x32_wrapper_116)
                                      6.78e-05 9.52e-07 1.18e-05 8.05e-05   0.3
    g_bank_2__u_macro (hs128x32_wrapper_117)
                                      6.78e-05 9.52e-07 1.18e-05 8.05e-05   0.3
    g_bank_1__u_macro (hs128x32_wrapper_118)
                                      6.78e-05 9.54e-07 1.18e-05 8.06e-05   0.3
    g_bank_7__u_macro (hs128x32_wrapper_112)
                                      6.78e-05 9.52e-07 1.18e-05 8.05e-05   0.3
  DP_OP_277J1_135_5275 (stage1_tile_DP_OP_277J1_135_5275_J1_0)
                                      5.30e-07 2.22e-07 1.38e-07 8.90e-07   0.0
  u_delay (sram_bank_128x128_0)       4.29e-04 1.18e-05 4.73e-05 4.89e-04   1.7
    g_bank_1__u_macro (hs128x32_wrapper_130)
                                      1.07e-04 2.94e-06 1.18e-05 1.22e-04   0.4
    g_bank_2__u_macro (hs128x32_wrapper_129)
                                      1.07e-04 2.94e-06 1.18e-05 1.22e-04   0.4
    g_bank_3__u_macro (hs128x32_wrapper_128)
                                      1.07e-04 2.94e-06 1.18e-05 1.22e-04   0.4
    g_bank_0__u_macro (hs128x32_wrapper_131)
                                      1.07e-04 2.94e-06 1.18e-05 1.22e-04   0.4
  g_pair_5__u_pair (stage1_lane_pair_2)
                                      1.69e-03 2.15e-04 4.91e-05 1.95e-03   6.9
    u_gate (stage1_path_engine_5)     8.43e-04 1.07e-04 2.45e-05 9.74e-04   3.4
      DP_OP_657J3_147_2117 (stage1_path_engine_0_DP_OP_657J3_147_2117_J3_0_5)
                                      2.62e-07 7.83e-08 6.63e-08 4.07e-07   0.0
      DP_OP_670J3_160_8083 (stage1_path_engine_0_DP_OP_670J3_160_8083_J3_0_5)
                                      2.03e-06 6.79e-07 3.32e-07 3.04e-06   0.0
      DP_OP_673J3_163_589 (stage1_path_engine_0_DP_OP_673J3_163_589_J3_0_5)
                                      2.90e-06 9.21e-07 3.47e-07 4.17e-06   0.0
      DP_OP_643J3_133_2117 (stage1_path_engine_0_DP_OP_643J3_133_2117_J3_0_5)
                                      2.91e-07 8.74e-08 6.70e-08 4.45e-07   0.0
      add_x_33 (stage1_path_engine_0_DW01_add_J3_1_5)
                                      9.77e-07 2.15e-07 1.31e-07 1.32e-06   0.0
      DP_OP_660J3_150_2117 (stage1_path_engine_0_DP_OP_660J3_150_2117_J3_0_5)
                                      2.81e-07 8.33e-08 6.60e-08 4.30e-07   0.0
      DP_OP_658J3_148_2117 (stage1_path_engine_0_DP_OP_658J3_148_2117_J3_0_5)
                                      2.84e-07 8.59e-08 6.67e-08 4.37e-07   0.0
      DP_OP_671J3_161_8083 (stage1_path_engine_0_DP_OP_671J3_161_8083_J3_0_5)
                                      2.01e-06 6.64e-07 3.25e-07 3.00e-06   0.0
      DP_OP_644J3_134_2117 (stage1_path_engine_0_DP_OP_644J3_134_2117_J3_0_5)
                                      2.81e-07 8.33e-08 6.60e-08 4.30e-07   0.0
      DP_OP_667J3_157_8083 (stage1_path_engine_0_DP_OP_667J3_157_8083_J3_0_5)
                                      2.05e-06 6.81e-07 3.29e-07 3.06e-06   0.0
      DP_OP_661J3_151_2117 (stage1_path_engine_0_DP_OP_661J3_151_2117_J3_0_5)
                                      2.39e-07 6.94e-08 6.55e-08 3.74e-07   0.0
      DP_OP_659J3_149_2117 (stage1_path_engine_0_DP_OP_659J3_149_2117_J3_0_5)
                                      2.91e-07 8.74e-08 6.70e-08 4.45e-07   0.0
      add_x_194 (stage1_path_engine_0_DW01_add_J3_0_5)
                                      1.42e-06 2.92e-07 1.89e-07 1.90e-06   0.0
      DP_OP_645J3_135_2117 (stage1_path_engine_0_DP_OP_645J3_135_2117_J3_0_5)
                                      2.39e-07 6.94e-08 6.55e-08 3.74e-07   0.0
      DP_OP_668J3_158_8083 (stage1_path_engine_0_DP_OP_668J3_158_8083_J3_0_5)
                                      2.01e-06 6.64e-07 3.29e-07 3.01e-06   0.0
      DP_OP_662J3_152_2117 (stage1_path_engine_0_DP_OP_662J3_152_2117_J3_0_5)
                                      2.33e-07 6.89e-08 6.69e-08 3.68e-07   0.0
      DP_OP_646J3_136_2117 (stage1_path_engine_0_DP_OP_646J3_136_2117_J3_0_5)
                                      2.33e-07 6.89e-08 6.69e-08 3.68e-07   0.0
      DP_OP_669J3_159_8083 (stage1_path_engine_0_DP_OP_669J3_159_8083_J3_0_5)
                                      2.27e-06 7.27e-07 3.21e-07 3.32e-06   0.0
      DP_OP_663J3_153_2117 (stage1_path_engine_0_DP_OP_663J3_153_2117_J3_0_5)
                                      2.60e-07 7.77e-08 6.65e-08 4.04e-07   0.0
      DP_OP_632J3_122_2117 (stage1_path_engine_0_DP_OP_632J3_122_2117_J3_0_5)
                                      2.52e-07 7.41e-08 6.62e-08 3.93e-07   0.0
      DP_OP_647J3_137_2117 (stage1_path_engine_0_DP_OP_647J3_137_2117_J3_0_5)
                                      2.60e-07 7.77e-08 6.65e-08 4.04e-07   0.0
      DP_OP_633J3_123_2117 (stage1_path_engine_0_DP_OP_633J3_123_2117_J3_0_5)
                                      2.62e-07 7.83e-08 6.63e-08 4.07e-07   0.0
      DP_OP_650J3_140_2117 (stage1_path_engine_0_DP_OP_650J3_140_2117_J3_0_5)
                                      2.84e-07 8.59e-08 6.67e-08 4.37e-07   0.0
      DP_OP_648J3_138_2117 (stage1_path_engine_0_DP_OP_648J3_138_2117_J3_0_5)
                                      2.52e-07 7.41e-08 6.62e-08 3.93e-07   0.0
      DP_OP_634J3_124_2117 (stage1_path_engine_0_DP_OP_634J3_124_2117_J3_0_5)
                                      2.84e-07 8.59e-08 6.67e-08 4.37e-07   0.0
      DP_OP_651J3_141_2117 (stage1_path_engine_0_DP_OP_651J3_141_2117_J3_0_5)
                                      2.91e-07 8.74e-08 6.70e-08 4.45e-07   0.0
      DP_OP_649J3_139_2117 (stage1_path_engine_0_DP_OP_649J3_139_2117_J3_0_5)
                                      2.62e-07 7.83e-08 6.63e-08 4.07e-07   0.0
      DP_OP_635J3_125_2117 (stage1_path_engine_0_DP_OP_635J3_125_2117_J3_0_5)
                                      2.91e-07 8.74e-08 6.70e-08 4.45e-07   0.0
      DP_OP_652J3_142_2117 (stage1_path_engine_0_DP_OP_652J3_142_2117_J3_0_5)
                                      2.81e-07 8.33e-08 6.60e-08 4.30e-07   0.0
      DP_OP_636J3_126_2117 (stage1_path_engine_0_DP_OP_636J3_126_2117_J3_0_5)
                                      2.81e-07 8.33e-08 6.60e-08 4.30e-07   0.0
      mult_x_10 (stage1_path_engine_0_DW_mult_tc_J3_22_5)
                                      2.93e-06 1.75e-06 3.29e-07 5.01e-06   0.0
      mult_x_11 (stage1_path_engine_0_DW_mult_tc_J3_21_5)
                                      2.98e-06 1.76e-06 3.17e-07 5.06e-06   0.0
      mult_x_12 (stage1_path_engine_0_DW_mult_tc_J3_20_5)
                                      3.07e-06 1.77e-06 3.27e-07 5.17e-06   0.0
      mult_x_13 (stage1_path_engine_0_DW_mult_tc_J3_19_5)
                                      2.96e-06 1.73e-06 3.23e-07 5.01e-06   0.0
      mult_x_14 (stage1_path_engine_0_DW_mult_tc_J3_18_5)
                                      2.97e-06 1.75e-06 3.28e-07 5.05e-06   0.0
      mult_x_15 (stage1_path_engine_0_DW_mult_tc_J3_17_5)
                                      2.91e-06 1.76e-06 3.31e-07 5.00e-06   0.0
      mult_x_16 (stage1_path_engine_0_DW_mult_tc_J3_16_5)
                                      3.00e-06 1.75e-06 3.21e-07 5.08e-06   0.0
      mult_x_17 (stage1_path_engine_0_DW_mult_tc_J3_15_5)
                                      3.04e-06 1.77e-06 3.19e-07 5.12e-06   0.0
      mult_x_18 (stage1_path_engine_0_DW_mult_tc_J3_14_5)
                                      2.87e-06 1.72e-06 3.14e-07 4.90e-06   0.0
      mult_x_19 (stage1_path_engine_0_DW_mult_tc_J3_13_5)
                                      2.92e-06 1.76e-06 3.31e-07 5.01e-06   0.0
      DP_OP_653J3_143_2117 (stage1_path_engine_0_DP_OP_653J3_143_2117_J3_0_5)
                                      2.39e-07 6.94e-08 6.55e-08 3.74e-07   0.0
      mult_x_20 (stage1_path_engine_0_DW_mult_tc_J3_12_5)
                                      2.96e-06 1.76e-06 3.28e-07 5.05e-06   0.0
      mult_x_21 (stage1_path_engine_0_DW_mult_tc_J3_11_5)
                                      3.01e-06 1.76e-06 3.20e-07 5.09e-06   0.0
      mult_x_22 (stage1_path_engine_0_DW_mult_tc_J3_10_5)
                                      3.07e-06 1.77e-06 3.27e-07 5.16e-06   0.0
      mult_x_23 (stage1_path_engine_0_DW_mult_tc_J3_9_5)
                                      2.93e-06 1.72e-06 3.20e-07 4.97e-06   0.0
      mult_x_24 (stage1_path_engine_0_DW_mult_tc_J3_8_5)
                                      3.00e-06 1.76e-06 3.29e-07 5.09e-06   0.0
      mult_x_25 (stage1_path_engine_0_DW_mult_tc_J3_7_5)
                                      2.93e-06 1.76e-06 3.30e-07 5.02e-06   0.0
      mult_x_26 (stage1_path_engine_0_DW_mult_tc_J3_6_5)
                                      2.99e-06 1.75e-06 3.25e-07 5.07e-06   0.0
      mult_x_27 (stage1_path_engine_0_DW_mult_tc_J3_5_5)
                                      3.07e-06 1.77e-06 3.22e-07 5.17e-06   0.0
      mult_x_28 (stage1_path_engine_0_DW_mult_tc_J3_4_5)
                                      2.90e-06 1.73e-06 3.14e-07 4.94e-06   0.0
      mult_x_29 (stage1_path_engine_0_DW_mult_tc_J3_3_5)
                                      2.99e-06 1.75e-06 3.32e-07 5.07e-06   0.0
      mult_x_30 (stage1_path_engine_0_DW_mult_tc_J3_2_5)
                                      2.97e-06 1.75e-06 3.32e-07 5.05e-06   0.0
      mult_x_31 (stage1_path_engine_0_DW_mult_tc_J3_1_5)
                                      2.97e-06 1.75e-06 3.18e-07 5.04e-06   0.0
      mult_x_32 (stage1_path_engine_0_DW_mult_tc_J3_0_5)
                                      3.05e-06 1.77e-06 3.30e-07 5.15e-06   0.0
      DP_OP_664J3_154_8083 (stage1_path_engine_0_DP_OP_664J3_154_8083_J3_0_5)
                                      2.22e-06 7.20e-07 3.30e-07 3.27e-06   0.0
      mult_x_1 (stage1_path_engine_0_DW_mult_tc_J3_31_5)
                                      2.96e-06 1.76e-06 3.17e-07 5.03e-06   0.0
      mult_x_2 (stage1_path_engine_0_DW_mult_tc_J3_30_5)
                                      3.05e-06 1.76e-06 3.29e-07 5.14e-06   0.0
      mult_x_3 (stage1_path_engine_0_DW_mult_tc_J3_29_5)
                                      2.93e-06 1.74e-06 3.14e-07 4.99e-06   0.0
      mult_x_4 (stage1_path_engine_0_DW_mult_tc_J3_28_5)
                                      2.95e-06 1.75e-06 3.29e-07 5.03e-06   0.0
      mult_x_5 (stage1_path_engine_0_DW_mult_tc_J3_27_5)
                                      2.96e-06 1.75e-06 3.31e-07 5.04e-06   0.0
      mult_x_6 (stage1_path_engine_0_DW_mult_tc_J3_26_5)
                                      3.00e-06 1.76e-06 3.22e-07 5.08e-06   0.0
      mult_x_7 (stage1_path_engine_0_DW_mult_tc_J3_25_5)
                                      3.04e-06 1.77e-06 3.20e-07 5.13e-06   0.0
      mult_x_8 (stage1_path_engine_0_DW_mult_tc_J3_24_5)
                                      2.91e-06 1.73e-06 3.18e-07 4.96e-06   0.0
      mult_x_9 (stage1_path_engine_0_DW_mult_tc_J3_23_5)
                                      2.91e-06 1.74e-06 3.32e-07 4.98e-06   0.0
      DP_OP_637J3_127_2117 (stage1_path_engine_0_DP_OP_637J3_127_2117_J3_0_5)
                                      2.39e-07 6.94e-08 6.55e-08 3.74e-07   0.0
      DP_OP_654J3_144_2117 (stage1_path_engine_0_DP_OP_654J3_144_2117_J3_0_5)
                                      2.33e-07 6.89e-08 6.69e-08 3.68e-07   0.0
      DP_OP_665J3_155_8083 (stage1_path_engine_0_DP_OP_665J3_155_8083_J3_0_5)
                                      2.20e-06 7.27e-07 3.30e-07 3.25e-06   0.0
      DP_OP_640J3_130_2117 (stage1_path_engine_0_DP_OP_640J3_130_2117_J3_0_5)
                                      2.52e-07 7.41e-08 6.62e-08 3.93e-07   0.0
      DP_OP_638J3_128_2117 (stage1_path_engine_0_DP_OP_638J3_128_2117_J3_0_5)
                                      2.33e-07 6.89e-08 6.69e-08 3.68e-07   0.0
      DP_OP_655J3_145_2117 (stage1_path_engine_0_DP_OP_655J3_145_2117_J3_0_5)
                                      2.60e-07 7.77e-08 6.65e-08 4.04e-07   0.0
      DP_OP_666J3_156_8083 (stage1_path_engine_0_DP_OP_666J3_156_8083_J3_0_5)
                                      1.92e-06 6.41e-07 3.31e-07 2.90e-06   0.0
      DP_OP_641J3_131_2117 (stage1_path_engine_0_DP_OP_641J3_131_2117_J3_0_5)
                                      2.62e-07 7.83e-08 6.63e-08 4.07e-07   0.0
      DP_OP_639J3_129_2117 (stage1_path_engine_0_DP_OP_639J3_129_2117_J3_0_5)
                                      2.60e-07 7.77e-08 6.65e-08 4.04e-07   0.0
      DP_OP_656J3_146_2117 (stage1_path_engine_0_DP_OP_656J3_146_2117_J3_0_5)
                                      2.52e-07 7.41e-08 6.62e-08 3.93e-07   0.0
      DP_OP_672J3_162_589 (stage1_path_engine_0_DP_OP_672J3_162_589_J3_0_5)
                                      2.83e-06 9.07e-07 3.31e-07 4.06e-06   0.0
      DP_OP_642J3_132_2117 (stage1_path_engine_0_DP_OP_642J3_132_2117_J3_0_5)
                                      2.84e-07 8.59e-08 6.67e-08 4.37e-07   0.0
    u_up (stage1_path_engine_4)       8.47e-04 1.08e-04 2.45e-05 9.80e-04   3.4
      DP_OP_657J3_147_2117 (stage1_path_engine_0_DP_OP_657J3_147_2117_J3_0_4)
                                      2.91e-07 8.83e-08 6.65e-08 4.45e-07   0.0
      DP_OP_670J3_160_8083 (stage1_path_engine_0_DP_OP_670J3_160_8083_J3_0_4)
                                      2.06e-06 6.90e-07 3.28e-07 3.08e-06   0.0
      DP_OP_673J3_163_589 (stage1_path_engine_0_DP_OP_673J3_163_589_J3_0_4)
                                      2.88e-06 9.08e-07 3.44e-07 4.13e-06   0.0
      DP_OP_643J3_133_2117 (stage1_path_engine_0_DP_OP_643J3_133_2117_J3_0_4)
                                      3.28e-07 1.00e-07 6.72e-08 4.95e-07   0.0
      add_x_33 (stage1_path_engine_0_DW01_add_J3_1_4)
                                      9.80e-07 2.20e-07 1.27e-07 1.33e-06   0.0
      DP_OP_660J3_150_2117 (stage1_path_engine_0_DP_OP_660J3_150_2117_J3_0_4)
                                      3.16e-07 9.56e-08 6.67e-08 4.78e-07   0.0
      DP_OP_658J3_148_2117 (stage1_path_engine_0_DP_OP_658J3_148_2117_J3_0_4)
                                      3.12e-07 9.46e-08 6.77e-08 4.74e-07   0.0
      DP_OP_671J3_161_8083 (stage1_path_engine_0_DP_OP_671J3_161_8083_J3_0_4)
                                      2.07e-06 6.88e-07 3.28e-07 3.09e-06   0.0
      DP_OP_644J3_134_2117 (stage1_path_engine_0_DP_OP_644J3_134_2117_J3_0_4)
                                      3.16e-07 9.56e-08 6.67e-08 4.78e-07   0.0
      DP_OP_667J3_157_8083 (stage1_path_engine_0_DP_OP_667J3_157_8083_J3_0_4)
                                      2.23e-06 7.29e-07 3.22e-07 3.28e-06   0.0
      DP_OP_661J3_151_2117 (stage1_path_engine_0_DP_OP_661J3_151_2117_J3_0_4)
                                      2.69e-07 8.01e-08 6.60e-08 4.15e-07   0.0
      DP_OP_659J3_149_2117 (stage1_path_engine_0_DP_OP_659J3_149_2117_J3_0_4)
                                      3.28e-07 1.00e-07 6.72e-08 4.95e-07   0.0
      add_x_194 (stage1_path_engine_0_DW01_add_J3_0_4)
                                      1.40e-06 2.87e-07 1.89e-07 1.87e-06   0.0
      DP_OP_645J3_135_2117 (stage1_path_engine_0_DP_OP_645J3_135_2117_J3_0_4)
                                      2.69e-07 8.01e-08 6.60e-08 4.15e-07   0.0
      DP_OP_668J3_158_8083 (stage1_path_engine_0_DP_OP_668J3_158_8083_J3_0_4)
                                      2.36e-06 7.63e-07 3.24e-07 3.45e-06   0.0
      DP_OP_662J3_152_2117 (stage1_path_engine_0_DP_OP_662J3_152_2117_J3_0_4)
                                      2.69e-07 8.15e-08 6.73e-08 4.18e-07   0.0
      DP_OP_646J3_136_2117 (stage1_path_engine_0_DP_OP_646J3_136_2117_J3_0_4)
                                      2.69e-07 8.15e-08 6.73e-08 4.18e-07   0.0
      DP_OP_669J3_159_8083 (stage1_path_engine_0_DP_OP_669J3_159_8083_J3_0_4)
                                      2.13e-06 7.19e-07 3.28e-07 3.18e-06   0.0
      DP_OP_663J3_153_2117 (stage1_path_engine_0_DP_OP_663J3_153_2117_J3_0_4)
                                      2.82e-07 8.50e-08 6.68e-08 4.33e-07   0.0
      DP_OP_632J3_122_2117 (stage1_path_engine_0_DP_OP_632J3_122_2117_J3_0_4)
                                      2.74e-07 8.11e-08 6.66e-08 4.22e-07   0.0
      DP_OP_647J3_137_2117 (stage1_path_engine_0_DP_OP_647J3_137_2117_J3_0_4)
                                      2.82e-07 8.50e-08 6.68e-08 4.33e-07   0.0
      DP_OP_633J3_123_2117 (stage1_path_engine_0_DP_OP_633J3_123_2117_J3_0_4)
                                      2.91e-07 8.83e-08 6.65e-08 4.45e-07   0.0
      DP_OP_650J3_140_2117 (stage1_path_engine_0_DP_OP_650J3_140_2117_J3_0_4)
                                      3.12e-07 9.46e-08 6.77e-08 4.74e-07   0.0
      DP_OP_648J3_138_2117 (stage1_path_engine_0_DP_OP_648J3_138_2117_J3_0_4)
                                      2.74e-07 8.11e-08 6.66e-08 4.22e-07   0.0
      DP_OP_634J3_124_2117 (stage1_path_engine_0_DP_OP_634J3_124_2117_J3_0_4)
                                      3.12e-07 9.46e-08 6.77e-08 4.74e-07   0.0
      DP_OP_651J3_141_2117 (stage1_path_engine_0_DP_OP_651J3_141_2117_J3_0_4)
                                      3.28e-07 1.00e-07 6.72e-08 4.95e-07   0.0
      DP_OP_649J3_139_2117 (stage1_path_engine_0_DP_OP_649J3_139_2117_J3_0_4)
                                      2.91e-07 8.83e-08 6.65e-08 4.45e-07   0.0
      DP_OP_635J3_125_2117 (stage1_path_engine_0_DP_OP_635J3_125_2117_J3_0_4)
                                      3.28e-07 1.00e-07 6.72e-08 4.95e-07   0.0
      DP_OP_652J3_142_2117 (stage1_path_engine_0_DP_OP_652J3_142_2117_J3_0_4)
                                      3.16e-07 9.56e-08 6.67e-08 4.78e-07   0.0
      DP_OP_636J3_126_2117 (stage1_path_engine_0_DP_OP_636J3_126_2117_J3_0_4)
                                      3.16e-07 9.56e-08 6.67e-08 4.78e-07   0.0
      mult_x_10 (stage1_path_engine_0_DW_mult_tc_J3_22_4)
                                      3.00e-06 1.76e-06 3.22e-07 5.08e-06   0.0
      mult_x_11 (stage1_path_engine_0_DW_mult_tc_J3_21_4)
                                      2.99e-06 1.76e-06 3.27e-07 5.08e-06   0.0
      mult_x_12 (stage1_path_engine_0_DW_mult_tc_J3_20_4)
                                      3.02e-06 1.76e-06 3.26e-07 5.11e-06   0.0
      mult_x_13 (stage1_path_engine_0_DW_mult_tc_J3_19_4)
                                      3.02e-06 1.75e-06 3.32e-07 5.10e-06   0.0
      mult_x_14 (stage1_path_engine_0_DW_mult_tc_J3_18_4)
                                      2.93e-06 1.74e-06 3.15e-07 4.98e-06   0.0
      mult_x_15 (stage1_path_engine_0_DW_mult_tc_J3_17_4)
                                      2.98e-06 1.76e-06 3.30e-07 5.06e-06   0.0
      mult_x_16 (stage1_path_engine_0_DW_mult_tc_J3_16_4)
                                      3.01e-06 1.76e-06 3.31e-07 5.10e-06   0.0
      mult_x_17 (stage1_path_engine_0_DW_mult_tc_J3_15_4)
                                      3.02e-06 1.76e-06 3.26e-07 5.11e-06   0.0
      mult_x_18 (stage1_path_engine_0_DW_mult_tc_J3_14_4)
                                      3.00e-06 1.75e-06 3.27e-07 5.08e-06   0.0
      mult_x_19 (stage1_path_engine_0_DW_mult_tc_J3_13_4)
                                      2.96e-06 1.74e-06 3.21e-07 5.02e-06   0.0
      DP_OP_653J3_143_2117 (stage1_path_engine_0_DP_OP_653J3_143_2117_J3_0_4)
                                      2.69e-07 8.01e-08 6.60e-08 4.15e-07   0.0
      mult_x_20 (stage1_path_engine_0_DW_mult_tc_J3_12_4)
                                      2.96e-06 1.76e-06 3.20e-07 5.03e-06   0.0
      mult_x_21 (stage1_path_engine_0_DW_mult_tc_J3_11_4)
                                      2.98e-06 1.76e-06 3.29e-07 5.07e-06   0.0
      mult_x_22 (stage1_path_engine_0_DW_mult_tc_J3_10_4)
                                      3.00e-06 1.75e-06 3.25e-07 5.08e-06   0.0
      mult_x_23 (stage1_path_engine_0_DW_mult_tc_J3_9_4)
                                      3.02e-06 1.75e-06 3.31e-07 5.11e-06   0.0
      mult_x_24 (stage1_path_engine_0_DW_mult_tc_J3_8_4)
                                      2.95e-06 1.74e-06 3.16e-07 5.01e-06   0.0
      mult_x_25 (stage1_path_engine_0_DW_mult_tc_J3_7_4)
                                      2.93e-06 1.75e-06 3.26e-07 5.00e-06   0.0
      mult_x_26 (stage1_path_engine_0_DW_mult_tc_J3_6_4)
                                      2.93e-06 1.75e-06 3.33e-07 5.01e-06   0.0
      mult_x_27 (stage1_path_engine_0_DW_mult_tc_J3_5_4)
                                      2.98e-06 1.76e-06 3.24e-07 5.06e-06   0.0
      mult_x_28 (stage1_path_engine_0_DW_mult_tc_J3_4_4)
                                      3.01e-06 1.76e-06 3.27e-07 5.10e-06   0.0
      mult_x_29 (stage1_path_engine_0_DW_mult_tc_J3_3_4)
                                      2.97e-06 1.74e-06 3.22e-07 5.03e-06   0.0
      mult_x_30 (stage1_path_engine_0_DW_mult_tc_J3_2_4)
                                      2.98e-06 1.74e-06 3.29e-07 5.05e-06   0.0
      mult_x_31 (stage1_path_engine_0_DW_mult_tc_J3_1_4)
                                      3.00e-06 1.77e-06 3.28e-07 5.10e-06   0.0
      mult_x_32 (stage1_path_engine_0_DW_mult_tc_J3_0_4)
                                      2.94e-06 1.76e-06 3.23e-07 5.02e-06   0.0
      DP_OP_664J3_154_8083 (stage1_path_engine_0_DP_OP_664J3_154_8083_J3_0_4)
                                      2.15e-06 7.21e-07 3.28e-07 3.20e-06   0.0
      mult_x_1 (stage1_path_engine_0_DW_mult_tc_J3_31_4)
                                      2.96e-06 1.75e-06 3.27e-07 5.03e-06   0.0
      mult_x_2 (stage1_path_engine_0_DW_mult_tc_J3_30_4)
                                      2.96e-06 1.77e-06 3.24e-07 5.05e-06   0.0
      mult_x_3 (stage1_path_engine_0_DW_mult_tc_J3_29_4)
                                      3.02e-06 1.76e-06 3.27e-07 5.11e-06   0.0
      mult_x_4 (stage1_path_engine_0_DW_mult_tc_J3_28_4)
                                      2.98e-06 1.74e-06 3.17e-07 5.04e-06   0.0
      mult_x_5 (stage1_path_engine_0_DW_mult_tc_J3_27_4)
                                      3.00e-06 1.75e-06 3.27e-07 5.08e-06   0.0
      mult_x_6 (stage1_path_engine_0_DW_mult_tc_J3_26_4)
                                      2.97e-06 1.75e-06 3.31e-07 5.05e-06   0.0
      mult_x_7 (stage1_path_engine_0_DW_mult_tc_J3_25_4)
                                      3.04e-06 1.77e-06 3.26e-07 5.13e-06   0.0
      mult_x_8 (stage1_path_engine_0_DW_mult_tc_J3_24_4)
                                      2.97e-06 1.76e-06 3.30e-07 5.07e-06   0.0
      mult_x_9 (stage1_path_engine_0_DW_mult_tc_J3_23_4)
                                      2.97e-06 1.73e-06 3.23e-07 5.02e-06   0.0
      DP_OP_637J3_127_2117 (stage1_path_engine_0_DP_OP_637J3_127_2117_J3_0_4)
                                      2.69e-07 8.01e-08 6.60e-08 4.15e-07   0.0
      DP_OP_654J3_144_2117 (stage1_path_engine_0_DP_OP_654J3_144_2117_J3_0_4)
                                      2.69e-07 8.15e-08 6.73e-08 4.18e-07   0.0
      DP_OP_665J3_155_8083 (stage1_path_engine_0_DP_OP_665J3_155_8083_J3_0_4)
                                      2.10e-06 7.03e-07 3.24e-07 3.13e-06   0.0
      DP_OP_640J3_130_2117 (stage1_path_engine_0_DP_OP_640J3_130_2117_J3_0_4)
                                      2.74e-07 8.11e-08 6.66e-08 4.22e-07   0.0
      DP_OP_638J3_128_2117 (stage1_path_engine_0_DP_OP_638J3_128_2117_J3_0_4)
                                      2.69e-07 8.15e-08 6.73e-08 4.18e-07   0.0
      DP_OP_655J3_145_2117 (stage1_path_engine_0_DP_OP_655J3_145_2117_J3_0_4)
                                      2.82e-07 8.50e-08 6.68e-08 4.33e-07   0.0
      DP_OP_666J3_156_8083 (stage1_path_engine_0_DP_OP_666J3_156_8083_J3_0_4)
                                      2.12e-06 7.01e-07 3.26e-07 3.15e-06   0.0
      DP_OP_641J3_131_2117 (stage1_path_engine_0_DP_OP_641J3_131_2117_J3_0_4)
                                      2.91e-07 8.83e-08 6.65e-08 4.45e-07   0.0
      DP_OP_639J3_129_2117 (stage1_path_engine_0_DP_OP_639J3_129_2117_J3_0_4)
                                      2.82e-07 8.50e-08 6.68e-08 4.33e-07   0.0
      DP_OP_656J3_146_2117 (stage1_path_engine_0_DP_OP_656J3_146_2117_J3_0_4)
                                      2.74e-07 8.11e-08 6.66e-08 4.22e-07   0.0
      DP_OP_672J3_162_589 (stage1_path_engine_0_DP_OP_672J3_162_589_J3_0_4)
                                      2.74e-06 8.63e-07 3.43e-07 3.94e-06   0.0
      DP_OP_642J3_132_2117 (stage1_path_engine_0_DP_OP_642J3_132_2117_J3_0_4)
                                      3.12e-07 9.46e-08 6.77e-08 4.74e-07   0.0
  g_weight_4__u_weight (sram_bank_128x256_11)
                                      5.42e-04 7.62e-06 9.45e-05 6.44e-04   2.3
    g_bank_6__u_macro (hs128x32_wrapper_89)
                                      6.78e-05 9.54e-07 1.18e-05 8.06e-05   0.3
    g_bank_5__u_macro (hs128x32_wrapper_90)
                                      6.78e-05 9.52e-07 1.18e-05 8.05e-05   0.3
    g_bank_4__u_macro (hs128x32_wrapper_91)
                                      6.78e-05 9.52e-07 1.18e-05 8.05e-05   0.3
    g_bank_0__u_macro (hs128x32_wrapper_95)
                                      6.78e-05 9.52e-07 1.18e-05 8.05e-05   0.3
    g_bank_3__u_macro (hs128x32_wrapper_92)
                                      6.78e-05 9.54e-07 1.18e-05 8.06e-05   0.3
    g_bank_2__u_macro (hs128x32_wrapper_93)
                                      6.78e-05 9.51e-07 1.18e-05 8.05e-05   0.3
    g_bank_1__u_macro (hs128x32_wrapper_94)
                                      6.78e-05 9.54e-07 1.18e-05 8.06e-05   0.3
    g_bank_7__u_macro (hs128x32_wrapper_88)
                                      6.78e-05 9.51e-07 1.18e-05 8.05e-05   0.3
  add_x_86 (stage1_tile_DW01_inc_J1_0)
                                      1.75e-07 3.58e-08 2.48e-08 2.36e-07   0.0
  u_activation (activation_dff_store) 1.27e-03 7.32e-05 1.31e-05 1.36e-03   4.8
  g_pair_4__u_pair (stage1_lane_pair_3)
                                      1.67e-03 2.08e-04 4.96e-05 1.93e-03   6.8
    u_gate (stage1_path_engine_7)     8.33e-04 1.03e-04 2.49e-05 9.61e-04   3.4
      DP_OP_657J3_147_2117 (stage1_path_engine_0_DP_OP_657J3_147_2117_J3_0_7)
                                      3.02e-07 1.00e-07 6.97e-08 4.72e-07   0.0
      DP_OP_670J3_160_8083 (stage1_path_engine_0_DP_OP_670J3_160_8083_J3_0_7)
                                      1.44e-06 5.00e-07 3.32e-07 2.27e-06   0.0
      DP_OP_673J3_163_589 (stage1_path_engine_0_DP_OP_673J3_163_589_J3_0_7)
                                      2.88e-06 9.09e-07 3.61e-07 4.15e-06   0.0
      DP_OP_643J3_133_2117 (stage1_path_engine_0_DP_OP_643J3_133_2117_J3_0_7)
                                      3.06e-07 9.93e-08 6.94e-08 4.75e-07   0.0
      add_x_33 (stage1_path_engine_0_DW01_add_J3_1_7)
                                      1.03e-06 2.26e-07 1.22e-07 1.37e-06   0.0
      DP_OP_660J3_150_2117 (stage1_path_engine_0_DP_OP_660J3_150_2117_J3_0_7)
                                      3.04e-07 9.87e-08 7.20e-08 4.74e-07   0.0
      DP_OP_658J3_148_2117 (stage1_path_engine_0_DP_OP_658J3_148_2117_J3_0_7)
                                      3.09e-07 1.01e-07 6.93e-08 4.80e-07   0.0
      DP_OP_671J3_161_8083 (stage1_path_engine_0_DP_OP_671J3_161_8083_J3_0_7)
                                      1.87e-06 6.21e-07 3.27e-07 2.81e-06   0.0
      DP_OP_644J3_134_2117 (stage1_path_engine_0_DP_OP_644J3_134_2117_J3_0_7)
                                      3.04e-07 9.87e-08 7.20e-08 4.74e-07   0.0
      DP_OP_667J3_157_8083 (stage1_path_engine_0_DP_OP_667J3_157_8083_J3_0_7)
                                      1.72e-06 5.90e-07 3.30e-07 2.64e-06   0.0
      DP_OP_661J3_151_2117 (stage1_path_engine_0_DP_OP_661J3_151_2117_J3_0_7)
                                      2.76e-07 9.02e-08 7.12e-08 4.37e-07   0.0
      DP_OP_659J3_149_2117 (stage1_path_engine_0_DP_OP_659J3_149_2117_J3_0_7)
                                      3.06e-07 9.93e-08 6.94e-08 4.75e-07   0.0
      add_x_194 (stage1_path_engine_0_DW01_add_J3_0_7)
                                      1.66e-06 3.40e-07 1.88e-07 2.19e-06   0.0
      DP_OP_645J3_135_2117 (stage1_path_engine_0_DP_OP_645J3_135_2117_J3_0_7)
                                      2.76e-07 9.02e-08 7.12e-08 4.37e-07   0.0
      DP_OP_668J3_158_8083 (stage1_path_engine_0_DP_OP_668J3_158_8083_J3_0_7)
                                      1.47e-06 5.07e-07 3.29e-07 2.30e-06   0.0
      DP_OP_662J3_152_2117 (stage1_path_engine_0_DP_OP_662J3_152_2117_J3_0_7)
                                      2.79e-07 9.33e-08 6.82e-08 4.40e-07   0.0
      DP_OP_646J3_136_2117 (stage1_path_engine_0_DP_OP_646J3_136_2117_J3_0_7)
                                      2.79e-07 9.33e-08 6.82e-08 4.40e-07   0.0
      DP_OP_669J3_159_8083 (stage1_path_engine_0_DP_OP_669J3_159_8083_J3_0_7)
                                      1.72e-06 5.83e-07 3.30e-07 2.63e-06   0.0
      DP_OP_663J3_153_2117 (stage1_path_engine_0_DP_OP_663J3_153_2117_J3_0_7)
                                      3.03e-07 1.01e-07 6.83e-08 4.73e-07   0.0
      DP_OP_632J3_122_2117 (stage1_path_engine_0_DP_OP_632J3_122_2117_J3_0_7)
                                      2.93e-07 9.59e-08 6.95e-08 4.59e-07   0.0
      DP_OP_647J3_137_2117 (stage1_path_engine_0_DP_OP_647J3_137_2117_J3_0_7)
                                      3.03e-07 1.01e-07 6.83e-08 4.73e-07   0.0
      DP_OP_633J3_123_2117 (stage1_path_engine_0_DP_OP_633J3_123_2117_J3_0_7)
                                      3.02e-07 1.00e-07 6.97e-08 4.72e-07   0.0
      DP_OP_650J3_140_2117 (stage1_path_engine_0_DP_OP_650J3_140_2117_J3_0_7)
                                      3.09e-07 1.01e-07 6.93e-08 4.80e-07   0.0
      DP_OP_648J3_138_2117 (stage1_path_engine_0_DP_OP_648J3_138_2117_J3_0_7)
                                      2.93e-07 9.59e-08 6.95e-08 4.59e-07   0.0
      DP_OP_634J3_124_2117 (stage1_path_engine_0_DP_OP_634J3_124_2117_J3_0_7)
                                      3.09e-07 1.01e-07 6.93e-08 4.80e-07   0.0
      DP_OP_651J3_141_2117 (stage1_path_engine_0_DP_OP_651J3_141_2117_J3_0_7)
                                      3.06e-07 9.93e-08 6.94e-08 4.75e-07   0.0
      DP_OP_649J3_139_2117 (stage1_path_engine_0_DP_OP_649J3_139_2117_J3_0_7)
                                      3.02e-07 1.00e-07 6.97e-08 4.72e-07   0.0
      DP_OP_635J3_125_2117 (stage1_path_engine_0_DP_OP_635J3_125_2117_J3_0_7)
                                      3.06e-07 9.93e-08 6.94e-08 4.75e-07   0.0
      DP_OP_652J3_142_2117 (stage1_path_engine_0_DP_OP_652J3_142_2117_J3_0_7)
                                      3.04e-07 9.87e-08 7.20e-08 4.74e-07   0.0
      DP_OP_636J3_126_2117 (stage1_path_engine_0_DP_OP_636J3_126_2117_J3_0_7)
                                      3.04e-07 9.87e-08 7.20e-08 4.74e-07   0.0
      mult_x_10 (stage1_path_engine_0_DW_mult_tc_J3_22_7)
                                      2.99e-06 1.75e-06 3.27e-07 5.06e-06   0.0
      mult_x_11 (stage1_path_engine_0_DW_mult_tc_J3_21_7)
                                      2.94e-06 1.74e-06 3.14e-07 4.99e-06   0.0
      mult_x_12 (stage1_path_engine_0_DW_mult_tc_J3_20_7)
                                      2.98e-06 1.74e-06 3.28e-07 5.05e-06   0.0
      mult_x_13 (stage1_path_engine_0_DW_mult_tc_J3_19_7)
                                      2.95e-06 1.74e-06 3.32e-07 5.02e-06   0.0
      mult_x_14 (stage1_path_engine_0_DW_mult_tc_J3_18_7)
                                      2.98e-06 1.75e-06 3.24e-07 5.06e-06   0.0
      mult_x_15 (stage1_path_engine_0_DW_mult_tc_J3_17_7)
                                      2.95e-06 1.75e-06 3.31e-07 5.03e-06   0.0
      mult_x_16 (stage1_path_engine_0_DW_mult_tc_J3_16_7)
                                      2.97e-06 1.71e-06 3.18e-07 5.00e-06   0.0
      mult_x_17 (stage1_path_engine_0_DW_mult_tc_J3_15_7)
                                      2.96e-06 1.74e-06 3.19e-07 5.02e-06   0.0
      mult_x_18 (stage1_path_engine_0_DW_mult_tc_J3_14_7)
                                      2.94e-06 1.74e-06 3.27e-07 5.01e-06   0.0
      mult_x_19 (stage1_path_engine_0_DW_mult_tc_J3_13_7)
                                      2.94e-06 1.72e-06 3.22e-07 4.98e-06   0.0
      DP_OP_653J3_143_2117 (stage1_path_engine_0_DP_OP_653J3_143_2117_J3_0_7)
                                      2.76e-07 9.02e-08 7.12e-08 4.37e-07   0.0
      mult_x_20 (stage1_path_engine_0_DW_mult_tc_J3_12_7)
                                      3.01e-06 1.75e-06 3.27e-07 5.09e-06   0.0
      mult_x_21 (stage1_path_engine_0_DW_mult_tc_J3_11_7)
                                      2.97e-06 1.73e-06 3.17e-07 5.02e-06   0.0
      mult_x_22 (stage1_path_engine_0_DW_mult_tc_J3_10_7)
                                      2.99e-06 1.74e-06 3.27e-07 5.05e-06   0.0
      mult_x_23 (stage1_path_engine_0_DW_mult_tc_J3_9_7)
                                      2.95e-06 1.74e-06 3.31e-07 5.02e-06   0.0
      mult_x_24 (stage1_path_engine_0_DW_mult_tc_J3_8_7)
                                      3.02e-06 1.76e-06 3.26e-07 5.11e-06   0.0
      mult_x_25 (stage1_path_engine_0_DW_mult_tc_J3_7_7)
                                      2.96e-06 1.75e-06 3.30e-07 5.04e-06   0.0
      mult_x_26 (stage1_path_engine_0_DW_mult_tc_J3_6_7)
                                      2.96e-06 1.72e-06 3.23e-07 5.00e-06   0.0
      mult_x_27 (stage1_path_engine_0_DW_mult_tc_J3_5_7)
                                      2.99e-06 1.75e-06 3.22e-07 5.06e-06   0.0
      mult_x_28 (stage1_path_engine_0_DW_mult_tc_J3_4_7)
                                      2.97e-06 1.75e-06 3.27e-07 5.05e-06   0.0
      mult_x_29 (stage1_path_engine_0_DW_mult_tc_J3_3_7)
                                      3.01e-06 1.75e-06 3.26e-07 5.09e-06   0.0
      mult_x_30 (stage1_path_engine_0_DW_mult_tc_J3_2_7)
                                      3.00e-06 1.74e-06 3.32e-07 5.08e-06   0.0
      mult_x_31 (stage1_path_engine_0_DW_mult_tc_J3_1_7)
                                      2.92e-06 1.73e-06 3.15e-07 4.96e-06   0.0
      mult_x_32 (stage1_path_engine_0_DW_mult_tc_J3_0_7)
                                      2.97e-06 1.74e-06 3.30e-07 5.04e-06   0.0
      DP_OP_664J3_154_8083 (stage1_path_engine_0_DP_OP_664J3_154_8083_J3_0_7)
                                      1.49e-06 5.05e-07 3.34e-07 2.32e-06   0.0
      mult_x_1 (stage1_path_engine_0_DW_mult_tc_J3_31_7)
                                      2.92e-06 1.73e-06 3.15e-07 4.96e-06   0.0
      mult_x_2 (stage1_path_engine_0_DW_mult_tc_J3_30_7)
                                      2.96e-06 1.74e-06 3.28e-07 5.03e-06   0.0
      mult_x_3 (stage1_path_engine_0_DW_mult_tc_J3_29_7)
                                      2.95e-06 1.75e-06 3.27e-07 5.02e-06   0.0
      mult_x_4 (stage1_path_engine_0_DW_mult_tc_J3_28_7)
                                      2.98e-06 1.75e-06 3.25e-07 5.05e-06   0.0
      mult_x_5 (stage1_path_engine_0_DW_mult_tc_J3_27_7)
                                      3.02e-06 1.74e-06 3.31e-07 5.09e-06   0.0
      mult_x_6 (stage1_path_engine_0_DW_mult_tc_J3_26_7)
                                      2.96e-06 1.73e-06 3.21e-07 5.01e-06   0.0
      mult_x_7 (stage1_path_engine_0_DW_mult_tc_J3_25_7)
                                      2.95e-06 1.75e-06 3.20e-07 5.02e-06   0.0
      mult_x_8 (stage1_path_engine_0_DW_mult_tc_J3_24_7)
                                      2.88e-06 1.74e-06 3.31e-07 4.96e-06   0.0
      mult_x_9 (stage1_path_engine_0_DW_mult_tc_J3_23_7)
                                      2.93e-06 1.74e-06 3.25e-07 5.00e-06   0.0
      DP_OP_637J3_127_2117 (stage1_path_engine_0_DP_OP_637J3_127_2117_J3_0_7)
                                      2.76e-07 9.02e-08 7.12e-08 4.37e-07   0.0
      DP_OP_654J3_144_2117 (stage1_path_engine_0_DP_OP_654J3_144_2117_J3_0_7)
                                      2.79e-07 9.33e-08 6.82e-08 4.40e-07   0.0
      DP_OP_665J3_155_8083 (stage1_path_engine_0_DP_OP_665J3_155_8083_J3_0_7)
                                      1.76e-06 6.08e-07 3.29e-07 2.70e-06   0.0
      DP_OP_640J3_130_2117 (stage1_path_engine_0_DP_OP_640J3_130_2117_J3_0_7)
                                      2.93e-07 9.59e-08 6.95e-08 4.59e-07   0.0
      DP_OP_638J3_128_2117 (stage1_path_engine_0_DP_OP_638J3_128_2117_J3_0_7)
                                      2.79e-07 9.33e-08 6.82e-08 4.40e-07   0.0
      DP_OP_655J3_145_2117 (stage1_path_engine_0_DP_OP_655J3_145_2117_J3_0_7)
                                      3.03e-07 1.01e-07 6.83e-08 4.73e-07   0.0
      DP_OP_666J3_156_8083 (stage1_path_engine_0_DP_OP_666J3_156_8083_J3_0_7)
                                      1.63e-06 5.41e-07 3.32e-07 2.50e-06   0.0
      DP_OP_641J3_131_2117 (stage1_path_engine_0_DP_OP_641J3_131_2117_J3_0_7)
                                      3.02e-07 1.00e-07 6.97e-08 4.72e-07   0.0
      DP_OP_639J3_129_2117 (stage1_path_engine_0_DP_OP_639J3_129_2117_J3_0_7)
                                      3.03e-07 1.01e-07 6.83e-08 4.73e-07   0.0
      DP_OP_656J3_146_2117 (stage1_path_engine_0_DP_OP_656J3_146_2117_J3_0_7)
                                      2.93e-07 9.59e-08 6.95e-08 4.59e-07   0.0
      DP_OP_672J3_162_589 (stage1_path_engine_0_DP_OP_672J3_162_589_J3_0_7)
                                      2.79e-06 8.91e-07 3.62e-07 4.05e-06   0.0
      DP_OP_642J3_132_2117 (stage1_path_engine_0_DP_OP_642J3_132_2117_J3_0_7)
                                      3.09e-07 1.01e-07 6.93e-08 4.80e-07   0.0
    u_up (stage1_path_engine_6)       8.38e-04 1.05e-04 2.47e-05 9.68e-04   3.4
      DP_OP_657J3_147_2117 (stage1_path_engine_0_DP_OP_657J3_147_2117_J3_0_6)
                                      2.92e-07 9.57e-08 6.79e-08 4.56e-07   0.0
      DP_OP_670J3_160_8083 (stage1_path_engine_0_DP_OP_670J3_160_8083_J3_0_6)
                                      1.97e-06 6.50e-07 3.30e-07 2.95e-06   0.0
      DP_OP_673J3_163_589 (stage1_path_engine_0_DP_OP_673J3_163_589_J3_0_6)
                                      2.89e-06 9.06e-07 3.52e-07 4.15e-06   0.0
      DP_OP_643J3_133_2117 (stage1_path_engine_0_DP_OP_643J3_133_2117_J3_0_6)
                                      3.04e-07 9.80e-08 6.73e-08 4.69e-07   0.0
      add_x_33 (stage1_path_engine_0_DW01_add_J3_1_6)
                                      1.02e-06 2.27e-07 1.32e-07 1.38e-06   0.0
      DP_OP_660J3_150_2117 (stage1_path_engine_0_DP_OP_660J3_150_2117_J3_0_6)
                                      2.97e-07 9.59e-08 6.78e-08 4.61e-07   0.0
      DP_OP_658J3_148_2117 (stage1_path_engine_0_DP_OP_658J3_148_2117_J3_0_6)
                                      3.03e-07 9.89e-08 6.72e-08 4.69e-07   0.0
      DP_OP_671J3_161_8083 (stage1_path_engine_0_DP_OP_671J3_161_8083_J3_0_6)
                                      1.95e-06 6.50e-07 3.25e-07 2.93e-06   0.0
      DP_OP_644J3_134_2117 (stage1_path_engine_0_DP_OP_644J3_134_2117_J3_0_6)
                                      2.97e-07 9.59e-08 6.78e-08 4.61e-07   0.0
      DP_OP_667J3_157_8083 (stage1_path_engine_0_DP_OP_667J3_157_8083_J3_0_6)
                                      1.82e-06 6.05e-07 3.24e-07 2.75e-06   0.0
      DP_OP_661J3_151_2117 (stage1_path_engine_0_DP_OP_661J3_151_2117_J3_0_6)
                                      2.53e-07 8.11e-08 6.97e-08 4.04e-07   0.0
      DP_OP_659J3_149_2117 (stage1_path_engine_0_DP_OP_659J3_149_2117_J3_0_6)
                                      3.04e-07 9.80e-08 6.73e-08 4.69e-07   0.0
      add_x_194 (stage1_path_engine_0_DW01_add_J3_0_6)
                                      1.45e-06 2.95e-07 1.88e-07 1.93e-06   0.0
      DP_OP_645J3_135_2117 (stage1_path_engine_0_DP_OP_645J3_135_2117_J3_0_6)
                                      2.53e-07 8.11e-08 6.97e-08 4.04e-07   0.0
      DP_OP_668J3_158_8083 (stage1_path_engine_0_DP_OP_668J3_158_8083_J3_0_6)
                                      1.82e-06 6.12e-07 3.31e-07 2.76e-06   0.0
      DP_OP_662J3_152_2117 (stage1_path_engine_0_DP_OP_662J3_152_2117_J3_0_6)
                                      2.59e-07 8.55e-08 6.61e-08 4.11e-07   0.0
      DP_OP_646J3_136_2117 (stage1_path_engine_0_DP_OP_646J3_136_2117_J3_0_6)
                                      2.59e-07 8.55e-08 6.61e-08 4.11e-07   0.0
      DP_OP_669J3_159_8083 (stage1_path_engine_0_DP_OP_669J3_159_8083_J3_0_6)
                                      1.81e-06 6.15e-07 3.27e-07 2.75e-06   0.0
      DP_OP_663J3_153_2117 (stage1_path_engine_0_DP_OP_663J3_153_2117_J3_0_6)
                                      2.86e-07 9.37e-08 6.63e-08 4.46e-07   0.0
      DP_OP_632J3_122_2117 (stage1_path_engine_0_DP_OP_632J3_122_2117_J3_0_6)
                                      2.71e-07 8.75e-08 6.73e-08 4.26e-07   0.0
      DP_OP_647J3_137_2117 (stage1_path_engine_0_DP_OP_647J3_137_2117_J3_0_6)
                                      2.86e-07 9.37e-08 6.63e-08 4.46e-07   0.0
      DP_OP_633J3_123_2117 (stage1_path_engine_0_DP_OP_633J3_123_2117_J3_0_6)
                                      2.92e-07 9.57e-08 6.79e-08 4.56e-07   0.0
      DP_OP_650J3_140_2117 (stage1_path_engine_0_DP_OP_650J3_140_2117_J3_0_6)
                                      3.03e-07 9.89e-08 6.72e-08 4.69e-07   0.0
      DP_OP_648J3_138_2117 (stage1_path_engine_0_DP_OP_648J3_138_2117_J3_0_6)
                                      2.71e-07 8.75e-08 6.73e-08 4.26e-07   0.0
      DP_OP_634J3_124_2117 (stage1_path_engine_0_DP_OP_634J3_124_2117_J3_0_6)
                                      3.03e-07 9.89e-08 6.72e-08 4.69e-07   0.0
      DP_OP_651J3_141_2117 (stage1_path_engine_0_DP_OP_651J3_141_2117_J3_0_6)
                                      3.04e-07 9.80e-08 6.73e-08 4.69e-07   0.0
      DP_OP_649J3_139_2117 (stage1_path_engine_0_DP_OP_649J3_139_2117_J3_0_6)
                                      2.92e-07 9.57e-08 6.79e-08 4.56e-07   0.0
      DP_OP_635J3_125_2117 (stage1_path_engine_0_DP_OP_635J3_125_2117_J3_0_6)
                                      3.04e-07 9.80e-08 6.73e-08 4.69e-07   0.0
      DP_OP_652J3_142_2117 (stage1_path_engine_0_DP_OP_652J3_142_2117_J3_0_6)
                                      2.97e-07 9.59e-08 6.78e-08 4.61e-07   0.0
      DP_OP_636J3_126_2117 (stage1_path_engine_0_DP_OP_636J3_126_2117_J3_0_6)
                                      2.97e-07 9.59e-08 6.78e-08 4.61e-07   0.0
      mult_x_10 (stage1_path_engine_0_DW_mult_tc_J3_22_6)
                                      3.01e-06 1.75e-06 3.17e-07 5.08e-06   0.0
      mult_x_11 (stage1_path_engine_0_DW_mult_tc_J3_21_6)
                                      3.03e-06 1.75e-06 3.29e-07 5.11e-06   0.0
      mult_x_12 (stage1_path_engine_0_DW_mult_tc_J3_20_6)
                                      2.98e-06 1.73e-06 3.23e-07 5.03e-06   0.0
      mult_x_13 (stage1_path_engine_0_DW_mult_tc_J3_19_6)
                                      2.93e-06 1.73e-06 3.32e-07 4.99e-06   0.0
      mult_x_14 (stage1_path_engine_0_DW_mult_tc_J3_18_6)
                                      2.94e-06 1.75e-06 3.21e-07 5.00e-06   0.0
      mult_x_15 (stage1_path_engine_0_DW_mult_tc_J3_17_6)
                                      2.98e-06 1.75e-06 3.24e-07 5.05e-06   0.0
      mult_x_16 (stage1_path_engine_0_DW_mult_tc_J3_16_6)
                                      3.05e-06 1.75e-06 3.31e-07 5.14e-06   0.0
      mult_x_17 (stage1_path_engine_0_DW_mult_tc_J3_15_6)
                                      2.99e-06 1.73e-06 3.25e-07 5.04e-06   0.0
      mult_x_18 (stage1_path_engine_0_DW_mult_tc_J3_14_6)
                                      2.91e-06 1.73e-06 3.28e-07 4.97e-06   0.0
      mult_x_19 (stage1_path_engine_0_DW_mult_tc_J3_13_6)
                                      2.96e-06 1.71e-06 3.29e-07 5.00e-06   0.0
      DP_OP_653J3_143_2117 (stage1_path_engine_0_DP_OP_653J3_143_2117_J3_0_6)
                                      2.53e-07 8.11e-08 6.97e-08 4.04e-07   0.0
      mult_x_20 (stage1_path_engine_0_DW_mult_tc_J3_12_6)
                                      2.96e-06 1.75e-06 3.15e-07 5.03e-06   0.0
      mult_x_21 (stage1_path_engine_0_DW_mult_tc_J3_11_6)
                                      3.01e-06 1.75e-06 3.31e-07 5.09e-06   0.0
      mult_x_22 (stage1_path_engine_0_DW_mult_tc_J3_10_6)
                                      2.95e-06 1.72e-06 3.22e-07 5.00e-06   0.0
      mult_x_23 (stage1_path_engine_0_DW_mult_tc_J3_9_6)
                                      2.94e-06 1.73e-06 3.31e-07 4.99e-06   0.0
      mult_x_24 (stage1_path_engine_0_DW_mult_tc_J3_8_6)
                                      2.97e-06 1.76e-06 3.19e-07 5.04e-06   0.0
      mult_x_25 (stage1_path_engine_0_DW_mult_tc_J3_7_6)
                                      2.93e-06 1.74e-06 3.20e-07 4.99e-06   0.0
      mult_x_26 (stage1_path_engine_0_DW_mult_tc_J3_6_6)
                                      2.96e-06 1.75e-06 3.33e-07 5.04e-06   0.0
      mult_x_27 (stage1_path_engine_0_DW_mult_tc_J3_5_6)
                                      2.94e-06 1.73e-06 3.23e-07 4.99e-06   0.0
      mult_x_28 (stage1_path_engine_0_DW_mult_tc_J3_4_6)
                                      2.92e-06 1.73e-06 3.27e-07 4.98e-06   0.0
      mult_x_29 (stage1_path_engine_0_DW_mult_tc_J3_3_6)
                                      3.00e-06 1.76e-06 3.29e-07 5.08e-06   0.0
      mult_x_30 (stage1_path_engine_0_DW_mult_tc_J3_2_6)
                                      2.99e-06 1.74e-06 3.23e-07 5.05e-06   0.0
      mult_x_31 (stage1_path_engine_0_DW_mult_tc_J3_1_6)
                                      3.03e-06 1.76e-06 3.30e-07 5.12e-06   0.0
      mult_x_32 (stage1_path_engine_0_DW_mult_tc_J3_0_6)
                                      2.89e-06 1.73e-06 3.21e-07 4.94e-06   0.0
      DP_OP_664J3_154_8083 (stage1_path_engine_0_DP_OP_664J3_154_8083_J3_0_6)
                                      1.81e-06 6.06e-07 3.26e-07 2.74e-06   0.0
      mult_x_1 (stage1_path_engine_0_DW_mult_tc_J3_31_6)
                                      3.00e-06 1.74e-06 3.30e-07 5.08e-06   0.0
      mult_x_2 (stage1_path_engine_0_DW_mult_tc_J3_30_6)
                                      2.92e-06 1.74e-06 3.21e-07 4.98e-06   0.0
      mult_x_3 (stage1_path_engine_0_DW_mult_tc_J3_29_6)
                                      2.93e-06 1.74e-06 3.27e-07 4.99e-06   0.0
      mult_x_4 (stage1_path_engine_0_DW_mult_tc_J3_28_6)
                                      2.95e-06 1.74e-06 3.22e-07 5.01e-06   0.0
      mult_x_5 (stage1_path_engine_0_DW_mult_tc_J3_27_6)
                                      3.00e-06 1.74e-06 3.21e-07 5.06e-06   0.0
      mult_x_6 (stage1_path_engine_0_DW_mult_tc_J3_26_6)
                                      3.03e-06 1.74e-06 3.31e-07 5.10e-06   0.0
      mult_x_7 (stage1_path_engine_0_DW_mult_tc_J3_25_6)
                                      3.00e-06 1.74e-06 3.26e-07 5.07e-06   0.0
      mult_x_8 (stage1_path_engine_0_DW_mult_tc_J3_24_6)
                                      2.89e-06 1.74e-06 3.29e-07 4.95e-06   0.0
      mult_x_9 (stage1_path_engine_0_DW_mult_tc_J3_23_6)
                                      2.96e-06 1.74e-06 3.33e-07 5.03e-06   0.0
      DP_OP_637J3_127_2117 (stage1_path_engine_0_DP_OP_637J3_127_2117_J3_0_6)
                                      2.53e-07 8.11e-08 6.97e-08 4.04e-07   0.0
      DP_OP_654J3_144_2117 (stage1_path_engine_0_DP_OP_654J3_144_2117_J3_0_6)
                                      2.59e-07 8.55e-08 6.61e-08 4.11e-07   0.0
      DP_OP_665J3_155_8083 (stage1_path_engine_0_DP_OP_665J3_155_8083_J3_0_6)
                                      2.07e-06 6.88e-07 3.25e-07 3.09e-06   0.0
      DP_OP_640J3_130_2117 (stage1_path_engine_0_DP_OP_640J3_130_2117_J3_0_6)
                                      2.71e-07 8.75e-08 6.73e-08 4.26e-07   0.0
      DP_OP_638J3_128_2117 (stage1_path_engine_0_DP_OP_638J3_128_2117_J3_0_6)
                                      2.59e-07 8.55e-08 6.61e-08 4.11e-07   0.0
      DP_OP_655J3_145_2117 (stage1_path_engine_0_DP_OP_655J3_145_2117_J3_0_6)
                                      2.86e-07 9.37e-08 6.63e-08 4.46e-07   0.0
      DP_OP_666J3_156_8083 (stage1_path_engine_0_DP_OP_666J3_156_8083_J3_0_6)
                                      1.79e-06 6.00e-07 3.26e-07 2.72e-06   0.0
      DP_OP_641J3_131_2117 (stage1_path_engine_0_DP_OP_641J3_131_2117_J3_0_6)
                                      2.92e-07 9.57e-08 6.79e-08 4.56e-07   0.0
      DP_OP_639J3_129_2117 (stage1_path_engine_0_DP_OP_639J3_129_2117_J3_0_6)
                                      2.86e-07 9.37e-08 6.63e-08 4.46e-07   0.0
      DP_OP_656J3_146_2117 (stage1_path_engine_0_DP_OP_656J3_146_2117_J3_0_6)
                                      2.71e-07 8.75e-08 6.73e-08 4.26e-07   0.0
      DP_OP_672J3_162_589 (stage1_path_engine_0_DP_OP_672J3_162_589_J3_0_6)
                                      2.91e-06 9.17e-07 3.50e-07 4.17e-06   0.0
      DP_OP_642J3_132_2117 (stage1_path_engine_0_DP_OP_642J3_132_2117_J3_0_6)
                                      3.03e-07 9.89e-08 6.72e-08 4.69e-07   0.0
  g_weight_12__u_weight (sram_bank_128x256_3)
                                      5.42e-04 7.63e-06 9.45e-05 6.44e-04   2.3
    g_bank_6__u_macro (hs128x32_wrapper_25)
                                      6.78e-05 9.53e-07 1.18e-05 8.05e-05   0.3
    g_bank_5__u_macro (hs128x32_wrapper_26)
                                      6.78e-05 9.53e-07 1.18e-05 8.05e-05   0.3
    g_bank_4__u_macro (hs128x32_wrapper_27)
                                      6.78e-05 9.55e-07 1.18e-05 8.06e-05   0.3
    g_bank_0__u_macro (hs128x32_wrapper_31)
                                      6.78e-05 9.53e-07 1.18e-05 8.05e-05   0.3
    g_bank_3__u_macro (hs128x32_wrapper_28)
                                      6.78e-05 9.53e-07 1.18e-05 8.05e-05   0.3
    g_bank_2__u_macro (hs128x32_wrapper_29)
                                      6.78e-05 9.54e-07 1.18e-05 8.06e-05   0.3
    g_bank_1__u_macro (hs128x32_wrapper_30)
                                      6.78e-05 9.53e-07 1.18e-05 8.05e-05   0.3
    g_bank_7__u_macro (hs128x32_wrapper_24)
                                      6.78e-05 9.54e-07 1.18e-05 8.06e-05   0.3
  DP_OP_276J1_134_5275 (stage1_tile_DP_OP_276J1_134_5275_J1_0)
                                      4.32e-07 1.95e-07 1.35e-07 7.62e-07   0.0
  g_weight_7__u_weight (sram_bank_128x256_8)
                                      5.42e-04 7.62e-06 9.45e-05 6.44e-04   2.3
    g_bank_6__u_macro (hs128x32_wrapper_65)
                                      6.78e-05 9.52e-07 1.18e-05 8.05e-05   0.3
    g_bank_5__u_macro (hs128x32_wrapper_66)
                                      6.78e-05 9.54e-07 1.18e-05 8.06e-05   0.3
    g_bank_4__u_macro (hs128x32_wrapper_67)
                                      6.78e-05 9.51e-07 1.18e-05 8.05e-05   0.3
    g_bank_0__u_macro (hs128x32_wrapper_71)
                                      6.78e-05 9.54e-07 1.18e-05 8.06e-05   0.3
    g_bank_3__u_macro (hs128x32_wrapper_68)
                                      6.78e-05 9.54e-07 1.18e-05 8.06e-05   0.3
    g_bank_2__u_macro (hs128x32_wrapper_69)
                                      6.78e-05 9.52e-07 1.18e-05 8.05e-05   0.3
    g_bank_1__u_macro (hs128x32_wrapper_70)
                                      6.78e-05 9.52e-07 1.18e-05 8.05e-05   0.3
    g_bank_7__u_macro (hs128x32_wrapper_64)
                                      6.78e-05 9.52e-07 1.18e-05 8.05e-05   0.3
  DP_OP_269J1_127_5275 (stage1_tile_DP_OP_269J1_127_5275_J1_0)
                                      5.29e-07 2.22e-07 1.37e-07 8.88e-07   0.0
  g_weight_0__u_weight (sram_bank_128x256_15)
                                      5.42e-04 7.63e-06 9.45e-05 6.44e-04   2.3
    g_bank_6__u_macro (hs128x32_wrapper_121)
                                      6.78e-05 9.55e-07 1.18e-05 8.06e-05   0.3
    g_bank_5__u_macro (hs128x32_wrapper_122)
                                      6.78e-05 9.53e-07 1.18e-05 8.05e-05   0.3
    g_bank_4__u_macro (hs128x32_wrapper_123)
                                      6.78e-05 9.54e-07 1.18e-05 8.06e-05   0.3
    g_bank_0__u_macro (hs128x32_wrapper_127)
                                      6.78e-05 9.53e-07 1.18e-05 8.05e-05   0.3
    g_bank_3__u_macro (hs128x32_wrapper_124)
                                      6.78e-05 9.53e-07 1.18e-05 8.05e-05   0.3
    g_bank_2__u_macro (hs128x32_wrapper_125)
                                      6.78e-05 9.53e-07 1.18e-05 8.05e-05   0.3
    g_bank_1__u_macro (hs128x32_wrapper_126)
                                      6.78e-05 9.55e-07 1.18e-05 8.06e-05   0.3
    g_bank_7__u_macro (hs128x32_wrapper_120)
                                      6.78e-05 9.53e-07 1.18e-05 8.05e-05   0.3
  g_weight_15__u_weight (sram_bank_128x256_0)
                                      5.42e-04 7.63e-06 9.45e-05 6.44e-04   2.3
    g_bank_6__u_macro (hs128x32_wrapper_1)
                                      6.78e-05 9.55e-07 1.18e-05 8.06e-05   0.3
    g_bank_5__u_macro (hs128x32_wrapper_2)
                                      6.78e-05 9.53e-07 1.18e-05 8.05e-05   0.3
    g_bank_4__u_macro (hs128x32_wrapper_3)
                                      6.78e-05 9.54e-07 1.18e-05 8.06e-05   0.3
    g_bank_0__u_macro (hs128x32_wrapper_7)
                                      6.78e-05 9.53e-07 1.18e-05 8.05e-05   0.3
    g_bank_3__u_macro (hs128x32_wrapper_4)
                                      6.78e-05 9.53e-07 1.18e-05 8.05e-05   0.3
    g_bank_2__u_macro (hs128x32_wrapper_5)
                                      6.78e-05 9.53e-07 1.18e-05 8.05e-05   0.3
    g_bank_1__u_macro (hs128x32_wrapper_6)
                                      6.78e-05 9.55e-07 1.18e-05 8.06e-05   0.3
    g_bank_7__u_macro (hs128x32_wrapper_0)
                                      6.78e-05 9.53e-07 1.18e-05 8.05e-05   0.3
  g_pair_3__u_pair (stage1_lane_pair_4)
                                      1.56e-03 1.59e-04 5.00e-05 1.77e-03   6.2
    u_gate (stage1_path_engine_9)     7.77e-04 7.87e-05 2.50e-05 8.81e-04   3.1
      DP_OP_657J3_147_2117 (stage1_path_engine_0_DP_OP_657J3_147_2117_J3_0_9)
                                      2.80e-07 8.29e-08 7.14e-08 4.35e-07   0.0
      DP_OP_670J3_160_8083 (stage1_path_engine_0_DP_OP_670J3_160_8083_J3_0_9)
                                         0.000    0.000 3.25e-07 3.25e-07   0.0
      DP_OP_673J3_163_589 (stage1_path_engine_0_DP_OP_673J3_163_589_J3_0_9)
                                         0.000    0.000 3.66e-07 3.66e-07   0.0
      DP_OP_643J3_133_2117 (stage1_path_engine_0_DP_OP_643J3_133_2117_J3_0_9)
                                      2.82e-07 8.17e-08 7.41e-08 4.38e-07   0.0
      add_x_33 (stage1_path_engine_0_DW01_add_J3_1_9)
                                         0.000    0.000 1.37e-07 1.37e-07   0.0
      DP_OP_660J3_150_2117 (stage1_path_engine_0_DP_OP_660J3_150_2117_J3_0_9)
                                      2.98e-07 8.79e-08 7.34e-08 4.60e-07   0.0
      DP_OP_658J3_148_2117 (stage1_path_engine_0_DP_OP_658J3_148_2117_J3_0_9)
                                      2.76e-07 8.03e-08 7.47e-08 4.31e-07   0.0
      DP_OP_671J3_161_8083 (stage1_path_engine_0_DP_OP_671J3_161_8083_J3_0_9)
                                         0.000    0.000 3.25e-07 3.25e-07   0.0
      DP_OP_644J3_134_2117 (stage1_path_engine_0_DP_OP_644J3_134_2117_J3_0_9)
                                      2.98e-07 8.79e-08 7.34e-08 4.60e-07   0.0
      DP_OP_667J3_157_8083 (stage1_path_engine_0_DP_OP_667J3_157_8083_J3_0_9)
                                         0.000    0.000 3.25e-07 3.25e-07   0.0
      DP_OP_661J3_151_2117 (stage1_path_engine_0_DP_OP_661J3_151_2117_J3_0_9)
                                      2.85e-07 8.51e-08 7.30e-08 4.43e-07   0.0
      DP_OP_659J3_149_2117 (stage1_path_engine_0_DP_OP_659J3_149_2117_J3_0_9)
                                      2.82e-07 8.17e-08 7.41e-08 4.38e-07   0.0
      add_x_194 (stage1_path_engine_0_DW01_add_J3_0_9)
                                         0.000    0.000 1.90e-07 1.90e-07   0.0
      DP_OP_645J3_135_2117 (stage1_path_engine_0_DP_OP_645J3_135_2117_J3_0_9)
                                      2.85e-07 8.51e-08 7.30e-08 4.43e-07   0.0
      DP_OP_668J3_158_8083 (stage1_path_engine_0_DP_OP_668J3_158_8083_J3_0_9)
                                         0.000    0.000 3.25e-07 3.25e-07   0.0
      DP_OP_662J3_152_2117 (stage1_path_engine_0_DP_OP_662J3_152_2117_J3_0_9)
                                      2.78e-07 8.40e-08 7.13e-08 4.33e-07   0.0
      DP_OP_646J3_136_2117 (stage1_path_engine_0_DP_OP_646J3_136_2117_J3_0_9)
                                      2.78e-07 8.40e-08 7.13e-08 4.33e-07   0.0
      DP_OP_669J3_159_8083 (stage1_path_engine_0_DP_OP_669J3_159_8083_J3_0_9)
                                         0.000    0.000 3.25e-07 3.25e-07   0.0
      DP_OP_663J3_153_2117 (stage1_path_engine_0_DP_OP_663J3_153_2117_J3_0_9)
                                      2.80e-07 8.32e-08 7.16e-08 4.35e-07   0.0
      DP_OP_632J3_122_2117 (stage1_path_engine_0_DP_OP_632J3_122_2117_J3_0_9)
                                      2.73e-07 7.95e-08 7.13e-08 4.24e-07   0.0
      DP_OP_647J3_137_2117 (stage1_path_engine_0_DP_OP_647J3_137_2117_J3_0_9)
                                      2.80e-07 8.32e-08 7.16e-08 4.35e-07   0.0
      DP_OP_633J3_123_2117 (stage1_path_engine_0_DP_OP_633J3_123_2117_J3_0_9)
                                      2.80e-07 8.29e-08 7.14e-08 4.35e-07   0.0
      DP_OP_650J3_140_2117 (stage1_path_engine_0_DP_OP_650J3_140_2117_J3_0_9)
                                      2.76e-07 8.03e-08 7.47e-08 4.31e-07   0.0
      DP_OP_648J3_138_2117 (stage1_path_engine_0_DP_OP_648J3_138_2117_J3_0_9)
                                      2.73e-07 7.95e-08 7.13e-08 4.24e-07   0.0
      DP_OP_634J3_124_2117 (stage1_path_engine_0_DP_OP_634J3_124_2117_J3_0_9)
                                      2.76e-07 8.03e-08 7.47e-08 4.31e-07   0.0
      DP_OP_651J3_141_2117 (stage1_path_engine_0_DP_OP_651J3_141_2117_J3_0_9)
                                      2.82e-07 8.17e-08 7.41e-08 4.38e-07   0.0
      DP_OP_649J3_139_2117 (stage1_path_engine_0_DP_OP_649J3_139_2117_J3_0_9)
                                      2.80e-07 8.29e-08 7.14e-08 4.35e-07   0.0
      DP_OP_635J3_125_2117 (stage1_path_engine_0_DP_OP_635J3_125_2117_J3_0_9)
                                      2.82e-07 8.17e-08 7.41e-08 4.38e-07   0.0
      DP_OP_652J3_142_2117 (stage1_path_engine_0_DP_OP_652J3_142_2117_J3_0_9)
                                      2.98e-07 8.79e-08 7.34e-08 4.60e-07   0.0
      DP_OP_636J3_126_2117 (stage1_path_engine_0_DP_OP_636J3_126_2117_J3_0_9)
                                      2.98e-07 8.79e-08 7.34e-08 4.60e-07   0.0
      mult_x_10 (stage1_path_engine_0_DW_mult_tc_J3_22_9)
                                      2.90e-06 1.68e-06 3.24e-07 4.90e-06   0.0
      mult_x_11 (stage1_path_engine_0_DW_mult_tc_J3_21_9)
                                      2.91e-06 1.69e-06 3.13e-07 4.91e-06   0.0
      mult_x_12 (stage1_path_engine_0_DW_mult_tc_J3_20_9)
                                      2.98e-06 1.70e-06 3.18e-07 5.00e-06   0.0
      mult_x_13 (stage1_path_engine_0_DW_mult_tc_J3_19_9)
                                      3.02e-06 1.70e-06 3.28e-07 5.04e-06   0.0
      mult_x_14 (stage1_path_engine_0_DW_mult_tc_J3_18_9)
                                      2.94e-06 1.69e-06 3.20e-07 4.95e-06   0.0
      mult_x_15 (stage1_path_engine_0_DW_mult_tc_J3_17_9)
                                      2.87e-06 1.68e-06 3.26e-07 4.88e-06   0.0
      mult_x_16 (stage1_path_engine_0_DW_mult_tc_J3_16_9)
                                      2.95e-06 1.69e-06 3.23e-07 4.96e-06   0.0
      mult_x_17 (stage1_path_engine_0_DW_mult_tc_J3_15_9)
                                      2.95e-06 1.70e-06 3.11e-07 4.96e-06   0.0
      mult_x_18 (stage1_path_engine_0_DW_mult_tc_J3_14_9)
                                      3.00e-06 1.69e-06 3.26e-07 5.01e-06   0.0
      mult_x_19 (stage1_path_engine_0_DW_mult_tc_J3_13_9)
                                      2.91e-06 1.68e-06 3.17e-07 4.90e-06   0.0
      DP_OP_653J3_143_2117 (stage1_path_engine_0_DP_OP_653J3_143_2117_J3_0_9)
                                      2.85e-07 8.51e-08 7.30e-08 4.43e-07   0.0
      mult_x_20 (stage1_path_engine_0_DW_mult_tc_J3_12_9)
                                      2.92e-06 1.69e-06 3.23e-07 4.93e-06   0.0
      mult_x_21 (stage1_path_engine_0_DW_mult_tc_J3_11_9)
                                      2.94e-06 1.69e-06 3.19e-07 4.95e-06   0.0
      mult_x_22 (stage1_path_engine_0_DW_mult_tc_J3_10_9)
                                      2.98e-06 1.69e-06 3.17e-07 4.99e-06   0.0
      mult_x_23 (stage1_path_engine_0_DW_mult_tc_J3_9_9)
                                      3.02e-06 1.69e-06 3.27e-07 5.04e-06   0.0
      mult_x_24 (stage1_path_engine_0_DW_mult_tc_J3_8_9)
                                      2.98e-06 1.69e-06 3.22e-07 5.00e-06   0.0
      mult_x_25 (stage1_path_engine_0_DW_mult_tc_J3_7_9)
                                      2.88e-06 1.68e-06 3.25e-07 4.89e-06   0.0
      mult_x_26 (stage1_path_engine_0_DW_mult_tc_J3_6_9)
                                      2.95e-06 1.69e-06 3.28e-07 4.96e-06   0.0
      mult_x_27 (stage1_path_engine_0_DW_mult_tc_J3_5_9)
                                      3.00e-06 1.70e-06 3.13e-07 5.01e-06   0.0
      mult_x_28 (stage1_path_engine_0_DW_mult_tc_J3_4_9)
                                      3.02e-06 1.70e-06 3.26e-07 5.05e-06   0.0
      mult_x_29 (stage1_path_engine_0_DW_mult_tc_J3_3_9)
                                      2.96e-06 1.68e-06 3.19e-07 4.97e-06   0.0
      mult_x_30 (stage1_path_engine_0_DW_mult_tc_J3_2_9)
                                      2.92e-06 1.68e-06 3.28e-07 4.93e-06   0.0
      mult_x_31 (stage1_path_engine_0_DW_mult_tc_J3_1_9)
                                      2.92e-06 1.70e-06 3.17e-07 4.94e-06   0.0
      mult_x_32 (stage1_path_engine_0_DW_mult_tc_J3_0_9)
                                      2.97e-06 1.70e-06 3.19e-07 4.98e-06   0.0
      DP_OP_664J3_154_8083 (stage1_path_engine_0_DP_OP_664J3_154_8083_J3_0_9)
                                         0.000    0.000 3.25e-07 3.25e-07   0.0
      mult_x_1 (stage1_path_engine_0_DW_mult_tc_J3_31_9)
                                      2.89e-06 1.69e-06 3.14e-07 4.89e-06   0.0
      mult_x_2 (stage1_path_engine_0_DW_mult_tc_J3_30_9)
                                      2.97e-06 1.69e-06 3.18e-07 4.98e-06   0.0
      mult_x_3 (stage1_path_engine_0_DW_mult_tc_J3_29_9)
                                      3.01e-06 1.70e-06 3.25e-07 5.04e-06   0.0
      mult_x_4 (stage1_path_engine_0_DW_mult_tc_J3_28_9)
                                      2.93e-06 1.68e-06 3.21e-07 4.94e-06   0.0
      mult_x_5 (stage1_path_engine_0_DW_mult_tc_J3_27_9)
                                      2.93e-06 1.67e-06 3.26e-07 4.93e-06   0.0
      mult_x_6 (stage1_path_engine_0_DW_mult_tc_J3_26_9)
                                      2.95e-06 1.69e-06 3.24e-07 4.96e-06   0.0
      mult_x_7 (stage1_path_engine_0_DW_mult_tc_J3_25_9)
                                      2.95e-06 1.70e-06 3.12e-07 4.97e-06   0.0
      mult_x_8 (stage1_path_engine_0_DW_mult_tc_J3_24_9)
                                      2.95e-06 1.70e-06 3.26e-07 4.97e-06   0.0
      mult_x_9 (stage1_path_engine_0_DW_mult_tc_J3_23_9)
                                      2.88e-06 1.68e-06 3.18e-07 4.88e-06   0.0
      DP_OP_637J3_127_2117 (stage1_path_engine_0_DP_OP_637J3_127_2117_J3_0_9)
                                      2.85e-07 8.51e-08 7.30e-08 4.43e-07   0.0
      DP_OP_654J3_144_2117 (stage1_path_engine_0_DP_OP_654J3_144_2117_J3_0_9)
                                      2.78e-07 8.40e-08 7.13e-08 4.33e-07   0.0
      DP_OP_665J3_155_8083 (stage1_path_engine_0_DP_OP_665J3_155_8083_J3_0_9)
                                         0.000    0.000 3.25e-07 3.25e-07   0.0
      DP_OP_640J3_130_2117 (stage1_path_engine_0_DP_OP_640J3_130_2117_J3_0_9)
                                      2.73e-07 7.95e-08 7.13e-08 4.24e-07   0.0
      DP_OP_638J3_128_2117 (stage1_path_engine_0_DP_OP_638J3_128_2117_J3_0_9)
                                      2.78e-07 8.40e-08 7.13e-08 4.33e-07   0.0
      DP_OP_655J3_145_2117 (stage1_path_engine_0_DP_OP_655J3_145_2117_J3_0_9)
                                      2.80e-07 8.32e-08 7.16e-08 4.35e-07   0.0
      DP_OP_666J3_156_8083 (stage1_path_engine_0_DP_OP_666J3_156_8083_J3_0_9)
                                         0.000    0.000 3.25e-07 3.25e-07   0.0
      DP_OP_641J3_131_2117 (stage1_path_engine_0_DP_OP_641J3_131_2117_J3_0_9)
                                      2.80e-07 8.29e-08 7.14e-08 4.35e-07   0.0
      DP_OP_639J3_129_2117 (stage1_path_engine_0_DP_OP_639J3_129_2117_J3_0_9)
                                      2.80e-07 8.32e-08 7.16e-08 4.35e-07   0.0
      DP_OP_656J3_146_2117 (stage1_path_engine_0_DP_OP_656J3_146_2117_J3_0_9)
                                      2.73e-07 7.95e-08 7.13e-08 4.24e-07   0.0
      DP_OP_672J3_162_589 (stage1_path_engine_0_DP_OP_672J3_162_589_J3_0_9)
                                         0.000    0.000 3.66e-07 3.66e-07   0.0
      DP_OP_642J3_132_2117 (stage1_path_engine_0_DP_OP_642J3_132_2117_J3_0_9)
                                      2.76e-07 8.03e-08 7.47e-08 4.31e-07   0.0
    u_up (stage1_path_engine_8)       7.79e-04 8.00e-05 2.50e-05 8.84e-04   3.1
      DP_OP_657J3_147_2117 (stage1_path_engine_0_DP_OP_657J3_147_2117_J3_0_8)
                                      3.25e-07 1.01e-07 7.06e-08 4.96e-07   0.0
      DP_OP_670J3_160_8083 (stage1_path_engine_0_DP_OP_670J3_160_8083_J3_0_8)
                                         0.000    0.000 3.25e-07 3.25e-07   0.0
      DP_OP_673J3_163_589 (stage1_path_engine_0_DP_OP_673J3_163_589_J3_0_8)
                                         0.000    0.000 3.66e-07 3.66e-07   0.0
      DP_OP_643J3_133_2117 (stage1_path_engine_0_DP_OP_643J3_133_2117_J3_0_8)
                                      3.19e-07 9.57e-08 7.36e-08 4.88e-07   0.0
      add_x_33 (stage1_path_engine_0_DW01_add_J3_1_8)
                                         0.000    0.000 1.37e-07 1.37e-07   0.0
      DP_OP_660J3_150_2117 (stage1_path_engine_0_DP_OP_660J3_150_2117_J3_0_8)
                                      3.33e-07 1.02e-07 7.29e-08 5.08e-07   0.0
      DP_OP_658J3_148_2117 (stage1_path_engine_0_DP_OP_658J3_148_2117_J3_0_8)
                                      3.31e-07 1.01e-07 7.15e-08 5.03e-07   0.0
      DP_OP_671J3_161_8083 (stage1_path_engine_0_DP_OP_671J3_161_8083_J3_0_8)
                                         0.000    0.000 3.25e-07 3.25e-07   0.0
      DP_OP_644J3_134_2117 (stage1_path_engine_0_DP_OP_644J3_134_2117_J3_0_8)
                                      3.33e-07 1.02e-07 7.29e-08 5.08e-07   0.0
      DP_OP_667J3_157_8083 (stage1_path_engine_0_DP_OP_667J3_157_8083_J3_0_8)
                                         0.000    0.000 3.25e-07 3.25e-07   0.0
      DP_OP_661J3_151_2117 (stage1_path_engine_0_DP_OP_661J3_151_2117_J3_0_8)
                                      3.13e-07 9.65e-08 7.22e-08 4.82e-07   0.0
      DP_OP_659J3_149_2117 (stage1_path_engine_0_DP_OP_659J3_149_2117_J3_0_8)
                                      3.19e-07 9.57e-08 7.36e-08 4.88e-07   0.0
      add_x_194 (stage1_path_engine_0_DW01_add_J3_0_8)
                                         0.000    0.000 1.90e-07 1.90e-07   0.0
      DP_OP_645J3_135_2117 (stage1_path_engine_0_DP_OP_645J3_135_2117_J3_0_8)
                                      3.13e-07 9.65e-08 7.22e-08 4.82e-07   0.0
      DP_OP_668J3_158_8083 (stage1_path_engine_0_DP_OP_668J3_158_8083_J3_0_8)
                                         0.000    0.000 3.25e-07 3.25e-07   0.0
      DP_OP_662J3_152_2117 (stage1_path_engine_0_DP_OP_662J3_152_2117_J3_0_8)
                                      3.17e-07 9.90e-08 7.02e-08 4.86e-07   0.0
      DP_OP_646J3_136_2117 (stage1_path_engine_0_DP_OP_646J3_136_2117_J3_0_8)
                                      3.17e-07 9.90e-08 7.02e-08 4.86e-07   0.0
      DP_OP_669J3_159_8083 (stage1_path_engine_0_DP_OP_669J3_159_8083_J3_0_8)
                                         0.000    0.000 3.25e-07 3.25e-07   0.0
      DP_OP_663J3_153_2117 (stage1_path_engine_0_DP_OP_663J3_153_2117_J3_0_8)
                                      3.31e-07 1.03e-07 7.07e-08 5.04e-07   0.0
      DP_OP_632J3_122_2117 (stage1_path_engine_0_DP_OP_632J3_122_2117_J3_0_8)
                                      3.09e-07 9.36e-08 7.08e-08 4.73e-07   0.0
      DP_OP_647J3_137_2117 (stage1_path_engine_0_DP_OP_647J3_137_2117_J3_0_8)
                                      3.31e-07 1.03e-07 7.07e-08 5.04e-07   0.0
      DP_OP_633J3_123_2117 (stage1_path_engine_0_DP_OP_633J3_123_2117_J3_0_8)
                                      3.25e-07 1.01e-07 7.06e-08 4.96e-07   0.0
      DP_OP_650J3_140_2117 (stage1_path_engine_0_DP_OP_650J3_140_2117_J3_0_8)
                                      3.31e-07 1.01e-07 7.15e-08 5.03e-07   0.0
      DP_OP_648J3_138_2117 (stage1_path_engine_0_DP_OP_648J3_138_2117_J3_0_8)
                                      3.09e-07 9.36e-08 7.08e-08 4.73e-07   0.0
      DP_OP_634J3_124_2117 (stage1_path_engine_0_DP_OP_634J3_124_2117_J3_0_8)
                                      3.31e-07 1.01e-07 7.15e-08 5.03e-07   0.0
      DP_OP_651J3_141_2117 (stage1_path_engine_0_DP_OP_651J3_141_2117_J3_0_8)
                                      3.19e-07 9.57e-08 7.36e-08 4.88e-07   0.0
      DP_OP_649J3_139_2117 (stage1_path_engine_0_DP_OP_649J3_139_2117_J3_0_8)
                                      3.25e-07 1.01e-07 7.06e-08 4.96e-07   0.0
      DP_OP_635J3_125_2117 (stage1_path_engine_0_DP_OP_635J3_125_2117_J3_0_8)
                                      3.19e-07 9.57e-08 7.36e-08 4.88e-07   0.0
      DP_OP_652J3_142_2117 (stage1_path_engine_0_DP_OP_652J3_142_2117_J3_0_8)
                                      3.33e-07 1.02e-07 7.29e-08 5.08e-07   0.0
      DP_OP_636J3_126_2117 (stage1_path_engine_0_DP_OP_636J3_126_2117_J3_0_8)
                                      3.33e-07 1.02e-07 7.29e-08 5.08e-07   0.0
      mult_x_10 (stage1_path_engine_0_DW_mult_tc_J3_22_8)
                                      2.97e-06 1.71e-06 3.14e-07 4.99e-06   0.0
      mult_x_11 (stage1_path_engine_0_DW_mult_tc_J3_21_8)
                                      2.95e-06 1.71e-06 3.26e-07 4.99e-06   0.0
      mult_x_12 (stage1_path_engine_0_DW_mult_tc_J3_20_8)
                                      2.93e-06 1.71e-06 3.29e-07 4.97e-06   0.0
      mult_x_13 (stage1_path_engine_0_DW_mult_tc_J3_19_8)
                                      3.01e-06 1.72e-06 3.22e-07 5.05e-06   0.0
      mult_x_14 (stage1_path_engine_0_DW_mult_tc_J3_18_8)
                                      3.00e-06 1.73e-06 3.19e-07 5.04e-06   0.0
      mult_x_15 (stage1_path_engine_0_DW_mult_tc_J3_17_8)
                                      2.95e-06 1.70e-06 3.20e-07 4.97e-06   0.0
      mult_x_16 (stage1_path_engine_0_DW_mult_tc_J3_16_8)
                                      3.00e-06 1.79e-06 3.33e-07 5.12e-06   0.0
      mult_x_17 (stage1_path_engine_0_DW_mult_tc_J3_15_8)
                                      2.95e-06 1.71e-06 3.26e-07 4.98e-06   0.0
      mult_x_18 (stage1_path_engine_0_DW_mult_tc_J3_14_8)
                                      2.94e-06 1.72e-06 3.15e-07 4.98e-06   0.0
      mult_x_19 (stage1_path_engine_0_DW_mult_tc_J3_13_8)
                                      3.01e-06 1.64e-06 3.20e-07 4.97e-06   0.0
      DP_OP_653J3_143_2117 (stage1_path_engine_0_DP_OP_653J3_143_2117_J3_0_8)
                                      3.13e-07 9.65e-08 7.22e-08 4.82e-07   0.0
      mult_x_20 (stage1_path_engine_0_DW_mult_tc_J3_12_8)
                                      2.92e-06 1.71e-06 3.12e-07 4.94e-06   0.0
      mult_x_21 (stage1_path_engine_0_DW_mult_tc_J3_11_8)
                                      2.93e-06 1.71e-06 3.27e-07 4.98e-06   0.0
      mult_x_22 (stage1_path_engine_0_DW_mult_tc_J3_10_8)
                                      2.94e-06 1.71e-06 3.28e-07 4.98e-06   0.0
      mult_x_23 (stage1_path_engine_0_DW_mult_tc_J3_9_8)
                                      2.98e-06 1.72e-06 3.20e-07 5.02e-06   0.0
      mult_x_24 (stage1_path_engine_0_DW_mult_tc_J3_8_8)
                                      3.03e-06 1.74e-06 3.18e-07 5.08e-06   0.0
      mult_x_25 (stage1_path_engine_0_DW_mult_tc_J3_7_8)
                                      2.89e-06 1.70e-06 3.16e-07 4.90e-06   0.0
      mult_x_26 (stage1_path_engine_0_DW_mult_tc_J3_6_8)
                                      2.89e-06 1.71e-06 3.30e-07 4.93e-06   0.0
      mult_x_27 (stage1_path_engine_0_DW_mult_tc_J3_5_8)
                                      2.92e-06 1.72e-06 3.27e-07 4.96e-06   0.0
      mult_x_28 (stage1_path_engine_0_DW_mult_tc_J3_4_8)
                                      2.96e-06 1.73e-06 3.14e-07 5.00e-06   0.0
      mult_x_29 (stage1_path_engine_0_DW_mult_tc_J3_3_8)
                                      3.05e-06 1.73e-06 3.25e-07 5.11e-06   0.0
      mult_x_30 (stage1_path_engine_0_DW_mult_tc_J3_2_8)
                                      2.94e-06 1.69e-06 3.20e-07 4.96e-06   0.0
      mult_x_31 (stage1_path_engine_0_DW_mult_tc_J3_1_8)
                                      2.95e-06 1.72e-06 3.26e-07 4.99e-06   0.0
      mult_x_32 (stage1_path_engine_0_DW_mult_tc_J3_0_8)
                                      2.90e-06 1.72e-06 3.29e-07 4.94e-06   0.0
      DP_OP_664J3_154_8083 (stage1_path_engine_0_DP_OP_664J3_154_8083_J3_0_8)
                                         0.000    0.000 3.25e-07 3.25e-07   0.0
      mult_x_1 (stage1_path_engine_0_DW_mult_tc_J3_31_8)
                                      2.92e-06 1.70e-06 3.26e-07 4.95e-06   0.0
      mult_x_2 (stage1_path_engine_0_DW_mult_tc_J3_30_8)
                                      2.90e-06 1.71e-06 3.30e-07 4.94e-06   0.0
      mult_x_3 (stage1_path_engine_0_DW_mult_tc_J3_29_8)
                                      2.99e-06 1.74e-06 3.16e-07 5.05e-06   0.0
      mult_x_4 (stage1_path_engine_0_DW_mult_tc_J3_28_8)
                                      3.03e-06 1.72e-06 3.21e-07 5.07e-06   0.0
      mult_x_5 (stage1_path_engine_0_DW_mult_tc_J3_27_8)
                                      2.95e-06 1.70e-06 3.18e-07 4.97e-06   0.0
      mult_x_6 (stage1_path_engine_0_DW_mult_tc_J3_26_8)
                                      2.95e-06 1.71e-06 3.29e-07 4.98e-06   0.0
      mult_x_7 (stage1_path_engine_0_DW_mult_tc_J3_25_8)
                                      2.94e-06 1.71e-06 3.27e-07 4.99e-06   0.0
      mult_x_8 (stage1_path_engine_0_DW_mult_tc_J3_24_8)
                                      2.95e-06 1.73e-06 3.18e-07 5.00e-06   0.0
      mult_x_9 (stage1_path_engine_0_DW_mult_tc_J3_23_8)
                                      3.03e-06 1.72e-06 3.29e-07 5.07e-06   0.0
      DP_OP_637J3_127_2117 (stage1_path_engine_0_DP_OP_637J3_127_2117_J3_0_8)
                                      3.13e-07 9.65e-08 7.22e-08 4.82e-07   0.0
      DP_OP_654J3_144_2117 (stage1_path_engine_0_DP_OP_654J3_144_2117_J3_0_8)
                                      3.17e-07 9.90e-08 7.02e-08 4.86e-07   0.0
      DP_OP_665J3_155_8083 (stage1_path_engine_0_DP_OP_665J3_155_8083_J3_0_8)
                                         0.000    0.000 3.25e-07 3.25e-07   0.0
      DP_OP_640J3_130_2117 (stage1_path_engine_0_DP_OP_640J3_130_2117_J3_0_8)
                                      3.09e-07 9.36e-08 7.08e-08 4.73e-07   0.0
      DP_OP_638J3_128_2117 (stage1_path_engine_0_DP_OP_638J3_128_2117_J3_0_8)
                                      3.17e-07 9.90e-08 7.02e-08 4.86e-07   0.0
      DP_OP_655J3_145_2117 (stage1_path_engine_0_DP_OP_655J3_145_2117_J3_0_8)
                                      3.31e-07 1.03e-07 7.07e-08 5.04e-07   0.0
      DP_OP_666J3_156_8083 (stage1_path_engine_0_DP_OP_666J3_156_8083_J3_0_8)
                                         0.000    0.000 3.25e-07 3.25e-07   0.0
      DP_OP_641J3_131_2117 (stage1_path_engine_0_DP_OP_641J3_131_2117_J3_0_8)
                                      3.25e-07 1.01e-07 7.06e-08 4.96e-07   0.0
      DP_OP_639J3_129_2117 (stage1_path_engine_0_DP_OP_639J3_129_2117_J3_0_8)
                                      3.31e-07 1.03e-07 7.07e-08 5.04e-07   0.0
      DP_OP_656J3_146_2117 (stage1_path_engine_0_DP_OP_656J3_146_2117_J3_0_8)
                                      3.09e-07 9.36e-08 7.08e-08 4.73e-07   0.0
      DP_OP_672J3_162_589 (stage1_path_engine_0_DP_OP_672J3_162_589_J3_0_8)
                                         0.000    0.000 3.66e-07 3.66e-07   0.0
      DP_OP_642J3_132_2117 (stage1_path_engine_0_DP_OP_642J3_132_2117_J3_0_8)
                                      3.31e-07 1.01e-07 7.15e-08 5.03e-07   0.0
  DP_OP_275J1_133_5275 (stage1_tile_DP_OP_275J1_133_5275_J1_0)
                                      6.69e-07 2.64e-07 1.42e-07 1.07e-06   0.0
  DP_OP_268J1_126_5275 (stage1_tile_DP_OP_268J1_126_5275_J1_0)
                                      4.32e-07 1.95e-07 1.34e-07 7.61e-07   0.0
  g_weight_3__u_weight (sram_bank_128x256_12)
                                      5.42e-04 7.63e-06 9.45e-05 6.44e-04   2.3
    g_bank_6__u_macro (hs128x32_wrapper_97)
                                      6.78e-05 9.54e-07 1.18e-05 8.06e-05   0.3
    g_bank_5__u_macro (hs128x32_wrapper_98)
                                      6.78e-05 9.53e-07 1.18e-05 8.05e-05   0.3
    g_bank_4__u_macro (hs128x32_wrapper_99)
                                      6.78e-05 9.53e-07 1.18e-05 8.05e-05   0.3
    g_bank_0__u_macro (hs128x32_wrapper_103)
                                      6.78e-05 9.53e-07 1.18e-05 8.05e-05   0.3
    g_bank_3__u_macro (hs128x32_wrapper_100)
                                      6.78e-05 9.55e-07 1.18e-05 8.06e-05   0.3
    g_bank_2__u_macro (hs128x32_wrapper_101)
                                      6.78e-05 9.53e-07 1.18e-05 8.05e-05   0.3
    g_bank_1__u_macro (hs128x32_wrapper_102)
                                      6.78e-05 9.54e-07 1.18e-05 8.06e-05   0.3
    g_bank_7__u_macro (hs128x32_wrapper_96)
                                      6.78e-05 9.53e-07 1.18e-05 8.05e-05   0.3
  g_pair_2__u_pair (stage1_lane_pair_5)
                                      1.69e-03 2.12e-04 4.88e-05 1.95e-03   6.9
    u_gate (stage1_path_engine_11)    8.43e-04 1.05e-04 2.44e-05 9.72e-04   3.4
      DP_OP_657J3_147_2117 (stage1_path_engine_0_DP_OP_657J3_147_2117_J3_0_11)
                                      2.63e-07 7.83e-08 6.63e-08 4.07e-07   0.0
      DP_OP_670J3_160_8083 (stage1_path_engine_0_DP_OP_670J3_160_8083_J3_0_11)
                                      2.24e-06 7.27e-07 3.31e-07 3.29e-06   0.0
      DP_OP_673J3_163_589 (stage1_path_engine_0_DP_OP_673J3_163_589_J3_0_11)
                                      2.67e-06 8.46e-07 3.39e-07 3.85e-06   0.0
      DP_OP_643J3_133_2117 (stage1_path_engine_0_DP_OP_643J3_133_2117_J3_0_11)
                                      2.91e-07 8.74e-08 6.70e-08 4.46e-07   0.0
      add_x_33 (stage1_path_engine_0_DW01_add_J3_1_11)
                                      1.04e-06 2.31e-07 1.29e-07 1.41e-06   0.0
      DP_OP_660J3_150_2117 (stage1_path_engine_0_DP_OP_660J3_150_2117_J3_0_11)
                                      2.81e-07 8.33e-08 6.60e-08 4.30e-07   0.0
      DP_OP_658J3_148_2117 (stage1_path_engine_0_DP_OP_658J3_148_2117_J3_0_11)
                                      2.85e-07 8.59e-08 6.67e-08 4.37e-07   0.0
      DP_OP_671J3_161_8083 (stage1_path_engine_0_DP_OP_671J3_161_8083_J3_0_11)
                                      2.11e-06 7.03e-07 3.31e-07 3.15e-06   0.0
      DP_OP_644J3_134_2117 (stage1_path_engine_0_DP_OP_644J3_134_2117_J3_0_11)
                                      2.81e-07 8.33e-08 6.60e-08 4.30e-07   0.0
      DP_OP_667J3_157_8083 (stage1_path_engine_0_DP_OP_667J3_157_8083_J3_0_11)
                                      2.06e-06 6.85e-07 3.24e-07 3.07e-06   0.0
      DP_OP_661J3_151_2117 (stage1_path_engine_0_DP_OP_661J3_151_2117_J3_0_11)
                                      2.39e-07 6.94e-08 6.55e-08 3.74e-07   0.0
      DP_OP_659J3_149_2117 (stage1_path_engine_0_DP_OP_659J3_149_2117_J3_0_11)
                                      2.91e-07 8.74e-08 6.70e-08 4.46e-07   0.0
      add_x_194 (stage1_path_engine_0_DW01_add_J3_0_11)
                                      1.48e-06 3.01e-07 1.85e-07 1.97e-06   0.0
      DP_OP_645J3_135_2117 (stage1_path_engine_0_DP_OP_645J3_135_2117_J3_0_11)
                                      2.39e-07 6.94e-08 6.55e-08 3.74e-07   0.0
      DP_OP_668J3_158_8083 (stage1_path_engine_0_DP_OP_668J3_158_8083_J3_0_11)
                                      2.09e-06 6.98e-07 3.29e-07 3.11e-06   0.0
      DP_OP_662J3_152_2117 (stage1_path_engine_0_DP_OP_662J3_152_2117_J3_0_11)
                                      2.33e-07 6.89e-08 6.69e-08 3.69e-07   0.0
      DP_OP_646J3_136_2117 (stage1_path_engine_0_DP_OP_646J3_136_2117_J3_0_11)
                                      2.33e-07 6.89e-08 6.69e-08 3.69e-07   0.0
      DP_OP_669J3_159_8083 (stage1_path_engine_0_DP_OP_669J3_159_8083_J3_0_11)
                                      2.16e-06 7.10e-07 3.30e-07 3.20e-06   0.0
      DP_OP_663J3_153_2117 (stage1_path_engine_0_DP_OP_663J3_153_2117_J3_0_11)
                                      2.60e-07 7.77e-08 6.65e-08 4.04e-07   0.0
      DP_OP_632J3_122_2117 (stage1_path_engine_0_DP_OP_632J3_122_2117_J3_0_11)
                                      2.53e-07 7.41e-08 6.62e-08 3.93e-07   0.0
      DP_OP_647J3_137_2117 (stage1_path_engine_0_DP_OP_647J3_137_2117_J3_0_11)
                                      2.60e-07 7.77e-08 6.65e-08 4.04e-07   0.0
      DP_OP_633J3_123_2117 (stage1_path_engine_0_DP_OP_633J3_123_2117_J3_0_11)
                                      2.63e-07 7.83e-08 6.63e-08 4.07e-07   0.0
      DP_OP_650J3_140_2117 (stage1_path_engine_0_DP_OP_650J3_140_2117_J3_0_11)
                                      2.85e-07 8.59e-08 6.67e-08 4.37e-07   0.0
      DP_OP_648J3_138_2117 (stage1_path_engine_0_DP_OP_648J3_138_2117_J3_0_11)
                                      2.53e-07 7.41e-08 6.62e-08 3.93e-07   0.0
      DP_OP_634J3_124_2117 (stage1_path_engine_0_DP_OP_634J3_124_2117_J3_0_11)
                                      2.85e-07 8.59e-08 6.67e-08 4.37e-07   0.0
      DP_OP_651J3_141_2117 (stage1_path_engine_0_DP_OP_651J3_141_2117_J3_0_11)
                                      2.91e-07 8.74e-08 6.70e-08 4.46e-07   0.0
      DP_OP_649J3_139_2117 (stage1_path_engine_0_DP_OP_649J3_139_2117_J3_0_11)
                                      2.63e-07 7.83e-08 6.63e-08 4.07e-07   0.0
      DP_OP_635J3_125_2117 (stage1_path_engine_0_DP_OP_635J3_125_2117_J3_0_11)
                                      2.91e-07 8.74e-08 6.70e-08 4.46e-07   0.0
      DP_OP_652J3_142_2117 (stage1_path_engine_0_DP_OP_652J3_142_2117_J3_0_11)
                                      2.81e-07 8.33e-08 6.60e-08 4.30e-07   0.0
      DP_OP_636J3_126_2117 (stage1_path_engine_0_DP_OP_636J3_126_2117_J3_0_11)
                                      2.81e-07 8.33e-08 6.60e-08 4.30e-07   0.0
      mult_x_10 (stage1_path_engine_0_DW_mult_tc_J3_22_11)
                                      3.00e-06 1.68e-06 3.14e-07 4.99e-06   0.0
      mult_x_11 (stage1_path_engine_0_DW_mult_tc_J3_21_11)
                                      2.98e-06 1.67e-06 3.12e-07 4.96e-06   0.0
      mult_x_12 (stage1_path_engine_0_DW_mult_tc_J3_20_11)
                                      2.94e-06 1.65e-06 3.15e-07 4.91e-06   0.0
      mult_x_13 (stage1_path_engine_0_DW_mult_tc_J3_19_11)
                                      2.94e-06 1.66e-06 3.25e-07 4.92e-06   0.0
      mult_x_14 (stage1_path_engine_0_DW_mult_tc_J3_18_11)
                                      2.91e-06 1.66e-06 3.24e-07 4.89e-06   0.0
      mult_x_15 (stage1_path_engine_0_DW_mult_tc_J3_17_11)
                                      2.98e-06 1.68e-06 3.18e-07 4.97e-06   0.0
      mult_x_16 (stage1_path_engine_0_DW_mult_tc_J3_16_11)
                                      3.01e-06 1.67e-06 3.20e-07 5.00e-06   0.0
      mult_x_17 (stage1_path_engine_0_DW_mult_tc_J3_15_11)
                                      2.90e-06 1.66e-06 3.09e-07 4.87e-06   0.0
      mult_x_18 (stage1_path_engine_0_DW_mult_tc_J3_14_11)
                                      2.91e-06 1.66e-06 3.23e-07 4.89e-06   0.0
      mult_x_19 (stage1_path_engine_0_DW_mult_tc_J3_13_11)
                                      2.89e-06 1.65e-06 3.26e-07 4.87e-06   0.0
      DP_OP_653J3_143_2117 (stage1_path_engine_0_DP_OP_653J3_143_2117_J3_0_11)
                                      2.39e-07 6.94e-08 6.55e-08 3.74e-07   0.0
      mult_x_20 (stage1_path_engine_0_DW_mult_tc_J3_12_11)
                                      2.98e-06 1.69e-06 3.12e-07 4.98e-06   0.0
      mult_x_21 (stage1_path_engine_0_DW_mult_tc_J3_11_11)
                                      3.01e-06 1.67e-06 3.17e-07 5.00e-06   0.0
      mult_x_22 (stage1_path_engine_0_DW_mult_tc_J3_10_11)
                                      2.94e-06 1.65e-06 3.14e-07 4.90e-06   0.0
      mult_x_23 (stage1_path_engine_0_DW_mult_tc_J3_9_11)
                                      2.94e-06 1.66e-06 3.25e-07 4.92e-06   0.0
      mult_x_24 (stage1_path_engine_0_DW_mult_tc_J3_8_11)
                                      2.93e-06 1.67e-06 3.23e-07 4.92e-06   0.0
      mult_x_25 (stage1_path_engine_0_DW_mult_tc_J3_7_11)
                                      2.94e-06 1.68e-06 3.14e-07 4.93e-06   0.0
      mult_x_26 (stage1_path_engine_0_DW_mult_tc_J3_6_11)
                                      3.01e-06 1.67e-06 3.24e-07 5.00e-06   0.0
      mult_x_27 (stage1_path_engine_0_DW_mult_tc_J3_5_11)
                                      2.96e-06 1.66e-06 3.11e-07 4.93e-06   0.0
      mult_x_28 (stage1_path_engine_0_DW_mult_tc_J3_4_11)
                                      2.94e-06 1.67e-06 3.22e-07 4.93e-06   0.0
      mult_x_29 (stage1_path_engine_0_DW_mult_tc_J3_3_11)
                                      2.92e-06 1.66e-06 3.25e-07 4.91e-06   0.0
      mult_x_30 (stage1_path_engine_0_DW_mult_tc_J3_2_11)
                                      2.99e-06 1.67e-06 3.18e-07 4.99e-06   0.0
      mult_x_31 (stage1_path_engine_0_DW_mult_tc_J3_1_11)
                                      2.99e-06 1.68e-06 3.15e-07 4.98e-06   0.0
      mult_x_32 (stage1_path_engine_0_DW_mult_tc_J3_0_11)
                                      2.93e-06 1.65e-06 3.16e-07 4.90e-06   0.0
      DP_OP_664J3_154_8083 (stage1_path_engine_0_DP_OP_664J3_154_8083_J3_0_11)
                                      2.00e-06 6.63e-07 3.25e-07 2.99e-06   0.0
      mult_x_1 (stage1_path_engine_0_DW_mult_tc_J3_31_11)
                                      2.95e-06 1.67e-06 3.12e-07 4.93e-06   0.0
      mult_x_2 (stage1_path_engine_0_DW_mult_tc_J3_30_11)
                                      2.93e-06 1.65e-06 3.14e-07 4.89e-06   0.0
      mult_x_3 (stage1_path_engine_0_DW_mult_tc_J3_29_11)
                                      2.93e-06 1.67e-06 3.22e-07 4.92e-06   0.0
      mult_x_4 (stage1_path_engine_0_DW_mult_tc_J3_28_11)
                                      2.94e-06 1.67e-06 3.24e-07 4.93e-06   0.0
      mult_x_5 (stage1_path_engine_0_DW_mult_tc_J3_27_11)
                                      2.99e-06 1.67e-06 3.15e-07 4.98e-06   0.0
      mult_x_6 (stage1_path_engine_0_DW_mult_tc_J3_26_11)
                                      3.00e-06 1.67e-06 3.20e-07 4.98e-06   0.0
      mult_x_7 (stage1_path_engine_0_DW_mult_tc_J3_25_11)
                                      2.91e-06 1.66e-06 3.10e-07 4.88e-06   0.0
      mult_x_8 (stage1_path_engine_0_DW_mult_tc_J3_24_11)
                                      2.87e-06 1.66e-06 3.23e-07 4.86e-06   0.0
      mult_x_9 (stage1_path_engine_0_DW_mult_tc_J3_23_11)
                                      2.88e-06 1.66e-06 3.27e-07 4.86e-06   0.0
      DP_OP_637J3_127_2117 (stage1_path_engine_0_DP_OP_637J3_127_2117_J3_0_11)
                                      2.39e-07 6.94e-08 6.55e-08 3.74e-07   0.0
      DP_OP_654J3_144_2117 (stage1_path_engine_0_DP_OP_654J3_144_2117_J3_0_11)
                                      2.33e-07 6.89e-08 6.69e-08 3.69e-07   0.0
      DP_OP_665J3_155_8083 (stage1_path_engine_0_DP_OP_665J3_155_8083_J3_0_11)
                                      2.31e-06 7.47e-07 3.26e-07 3.39e-06   0.0
      DP_OP_640J3_130_2117 (stage1_path_engine_0_DP_OP_640J3_130_2117_J3_0_11)
                                      2.53e-07 7.41e-08 6.62e-08 3.93e-07   0.0
      DP_OP_638J3_128_2117 (stage1_path_engine_0_DP_OP_638J3_128_2117_J3_0_11)
                                      2.33e-07 6.89e-08 6.69e-08 3.69e-07   0.0
      DP_OP_655J3_145_2117 (stage1_path_engine_0_DP_OP_655J3_145_2117_J3_0_11)
                                      2.60e-07 7.77e-08 6.65e-08 4.04e-07   0.0
      DP_OP_666J3_156_8083 (stage1_path_engine_0_DP_OP_666J3_156_8083_J3_0_11)
                                      2.02e-06 6.69e-07 3.28e-07 3.01e-06   0.0
      DP_OP_641J3_131_2117 (stage1_path_engine_0_DP_OP_641J3_131_2117_J3_0_11)
                                      2.63e-07 7.83e-08 6.63e-08 4.07e-07   0.0
      DP_OP_639J3_129_2117 (stage1_path_engine_0_DP_OP_639J3_129_2117_J3_0_11)
                                      2.60e-07 7.77e-08 6.65e-08 4.04e-07   0.0
      DP_OP_656J3_146_2117 (stage1_path_engine_0_DP_OP_656J3_146_2117_J3_0_11)
                                      2.53e-07 7.41e-08 6.62e-08 3.93e-07   0.0
      DP_OP_672J3_162_589 (stage1_path_engine_0_DP_OP_672J3_162_589_J3_0_11)
                                      2.71e-06 8.54e-07 3.51e-07 3.92e-06   0.0
      DP_OP_642J3_132_2117 (stage1_path_engine_0_DP_OP_642J3_132_2117_J3_0_11)
                                      2.85e-07 8.59e-08 6.67e-08 4.37e-07   0.0
    u_up (stage1_path_engine_10)      8.47e-04 1.07e-04 2.44e-05 9.79e-04   3.4
      DP_OP_657J3_147_2117 (stage1_path_engine_0_DP_OP_657J3_147_2117_J3_0_10)
                                      2.91e-07 8.83e-08 6.65e-08 4.46e-07   0.0
      DP_OP_670J3_160_8083 (stage1_path_engine_0_DP_OP_670J3_160_8083_J3_0_10)
                                      2.16e-06 7.15e-07 3.27e-07 3.20e-06   0.0
      DP_OP_673J3_163_589 (stage1_path_engine_0_DP_OP_673J3_163_589_J3_0_10)
                                      2.76e-06 8.92e-07 3.24e-07 3.97e-06   0.0
      DP_OP_643J3_133_2117 (stage1_path_engine_0_DP_OP_643J3_133_2117_J3_0_10)
                                      3.28e-07 1.00e-07 6.72e-08 4.95e-07   0.0
      add_x_33 (stage1_path_engine_0_DW01_add_J3_1_10)
                                      9.98e-07 2.21e-07 1.32e-07 1.35e-06   0.0
      DP_OP_660J3_150_2117 (stage1_path_engine_0_DP_OP_660J3_150_2117_J3_0_10)
                                      3.16e-07 9.56e-08 6.67e-08 4.79e-07   0.0
      DP_OP_658J3_148_2117 (stage1_path_engine_0_DP_OP_658J3_148_2117_J3_0_10)
                                      3.12e-07 9.46e-08 6.77e-08 4.74e-07   0.0
      DP_OP_671J3_161_8083 (stage1_path_engine_0_DP_OP_671J3_161_8083_J3_0_10)
                                      2.18e-06 7.24e-07 3.23e-07 3.22e-06   0.0
      DP_OP_644J3_134_2117 (stage1_path_engine_0_DP_OP_644J3_134_2117_J3_0_10)
                                      3.16e-07 9.56e-08 6.67e-08 4.79e-07   0.0
      DP_OP_667J3_157_8083 (stage1_path_engine_0_DP_OP_667J3_157_8083_J3_0_10)
                                      2.15e-06 7.24e-07 3.31e-07 3.21e-06   0.0
      DP_OP_661J3_151_2117 (stage1_path_engine_0_DP_OP_661J3_151_2117_J3_0_10)
                                      2.69e-07 8.01e-08 6.60e-08 4.15e-07   0.0
      DP_OP_659J3_149_2117 (stage1_path_engine_0_DP_OP_659J3_149_2117_J3_0_10)
                                      3.28e-07 1.00e-07 6.72e-08 4.95e-07   0.0
      add_x_194 (stage1_path_engine_0_DW01_add_J3_0_10)
                                      1.55e-06 3.16e-07 1.86e-07 2.05e-06   0.0
      DP_OP_645J3_135_2117 (stage1_path_engine_0_DP_OP_645J3_135_2117_J3_0_10)
                                      2.69e-07 8.01e-08 6.60e-08 4.15e-07   0.0
      DP_OP_668J3_158_8083 (stage1_path_engine_0_DP_OP_668J3_158_8083_J3_0_10)
                                      2.20e-06 7.32e-07 3.25e-07 3.26e-06   0.0
      DP_OP_662J3_152_2117 (stage1_path_engine_0_DP_OP_662J3_152_2117_J3_0_10)
                                      2.70e-07 8.15e-08 6.73e-08 4.19e-07   0.0
      DP_OP_646J3_136_2117 (stage1_path_engine_0_DP_OP_646J3_136_2117_J3_0_10)
                                      2.70e-07 8.15e-08 6.73e-08 4.19e-07   0.0
      DP_OP_669J3_159_8083 (stage1_path_engine_0_DP_OP_669J3_159_8083_J3_0_10)
                                      2.39e-06 7.79e-07 3.21e-07 3.49e-06   0.0
      DP_OP_663J3_153_2117 (stage1_path_engine_0_DP_OP_663J3_153_2117_J3_0_10)
                                      2.82e-07 8.50e-08 6.68e-08 4.34e-07   0.0
      DP_OP_632J3_122_2117 (stage1_path_engine_0_DP_OP_632J3_122_2117_J3_0_10)
                                      2.75e-07 8.11e-08 6.66e-08 4.22e-07   0.0
      DP_OP_647J3_137_2117 (stage1_path_engine_0_DP_OP_647J3_137_2117_J3_0_10)
                                      2.82e-07 8.50e-08 6.68e-08 4.34e-07   0.0
      DP_OP_633J3_123_2117 (stage1_path_engine_0_DP_OP_633J3_123_2117_J3_0_10)
                                      2.91e-07 8.83e-08 6.65e-08 4.46e-07   0.0
      DP_OP_650J3_140_2117 (stage1_path_engine_0_DP_OP_650J3_140_2117_J3_0_10)
                                      3.12e-07 9.46e-08 6.77e-08 4.74e-07   0.0
      DP_OP_648J3_138_2117 (stage1_path_engine_0_DP_OP_648J3_138_2117_J3_0_10)
                                      2.75e-07 8.11e-08 6.66e-08 4.22e-07   0.0
      DP_OP_634J3_124_2117 (stage1_path_engine_0_DP_OP_634J3_124_2117_J3_0_10)
                                      3.12e-07 9.46e-08 6.77e-08 4.74e-07   0.0
      DP_OP_651J3_141_2117 (stage1_path_engine_0_DP_OP_651J3_141_2117_J3_0_10)
                                      3.28e-07 1.00e-07 6.72e-08 4.95e-07   0.0
      DP_OP_649J3_139_2117 (stage1_path_engine_0_DP_OP_649J3_139_2117_J3_0_10)
                                      2.91e-07 8.83e-08 6.65e-08 4.46e-07   0.0
      DP_OP_635J3_125_2117 (stage1_path_engine_0_DP_OP_635J3_125_2117_J3_0_10)
                                      3.28e-07 1.00e-07 6.72e-08 4.95e-07   0.0
      DP_OP_652J3_142_2117 (stage1_path_engine_0_DP_OP_652J3_142_2117_J3_0_10)
                                      3.16e-07 9.56e-08 6.67e-08 4.79e-07   0.0
      DP_OP_636J3_126_2117 (stage1_path_engine_0_DP_OP_636J3_126_2117_J3_0_10)
                                      3.16e-07 9.56e-08 6.67e-08 4.79e-07   0.0
      mult_x_10 (stage1_path_engine_0_DW_mult_tc_J3_22_10)
                                      2.94e-06 1.67e-06 3.22e-07 4.94e-06   0.0
      mult_x_11 (stage1_path_engine_0_DW_mult_tc_J3_21_10)
                                      2.97e-06 1.68e-06 3.19e-07 4.97e-06   0.0
      mult_x_12 (stage1_path_engine_0_DW_mult_tc_J3_20_10)
                                      2.99e-06 1.67e-06 3.25e-07 4.98e-06   0.0
      mult_x_13 (stage1_path_engine_0_DW_mult_tc_J3_19_10)
                                      2.96e-06 1.66e-06 3.17e-07 4.93e-06   0.0
      mult_x_14 (stage1_path_engine_0_DW_mult_tc_J3_18_10)
                                      2.90e-06 1.66e-06 3.16e-07 4.88e-06   0.0
      mult_x_15 (stage1_path_engine_0_DW_mult_tc_J3_17_10)
                                      2.88e-06 1.67e-06 3.25e-07 4.87e-06   0.0
      mult_x_16 (stage1_path_engine_0_DW_mult_tc_J3_16_10)
                                      3.00e-06 1.68e-06 3.18e-07 5.00e-06   0.0
      mult_x_17 (stage1_path_engine_0_DW_mult_tc_J3_15_10)
                                      3.00e-06 1.67e-06 3.22e-07 4.99e-06   0.0
      mult_x_18 (stage1_path_engine_0_DW_mult_tc_J3_14_10)
                                      2.90e-06 1.66e-06 3.10e-07 4.86e-06   0.0
      mult_x_19 (stage1_path_engine_0_DW_mult_tc_J3_13_10)
                                      2.94e-06 1.65e-06 3.22e-07 4.92e-06   0.0
      DP_OP_653J3_143_2117 (stage1_path_engine_0_DP_OP_653J3_143_2117_J3_0_10)
                                      2.69e-07 8.01e-08 6.60e-08 4.15e-07   0.0
      mult_x_20 (stage1_path_engine_0_DW_mult_tc_J3_12_10)
                                      2.94e-06 1.67e-06 3.22e-07 4.93e-06   0.0
      mult_x_21 (stage1_path_engine_0_DW_mult_tc_J3_11_10)
                                      2.96e-06 1.68e-06 3.20e-07 4.96e-06   0.0
      mult_x_22 (stage1_path_engine_0_DW_mult_tc_J3_10_10)
                                      3.00e-06 1.67e-06 3.24e-07 4.99e-06   0.0
      mult_x_23 (stage1_path_engine_0_DW_mult_tc_J3_9_10)
                                      2.94e-06 1.66e-06 3.14e-07 4.91e-06   0.0
      mult_x_24 (stage1_path_engine_0_DW_mult_tc_J3_8_10)
                                      2.93e-06 1.67e-06 3.15e-07 4.92e-06   0.0
      mult_x_25 (stage1_path_engine_0_DW_mult_tc_J3_7_10)
                                      2.87e-06 1.67e-06 3.24e-07 4.86e-06   0.0
      mult_x_26 (stage1_path_engine_0_DW_mult_tc_J3_6_10)
                                      2.91e-06 1.67e-06 3.19e-07 4.90e-06   0.0
      mult_x_27 (stage1_path_engine_0_DW_mult_tc_J3_5_10)
                                      2.98e-06 1.67e-06 3.22e-07 4.97e-06   0.0
      mult_x_28 (stage1_path_engine_0_DW_mult_tc_J3_4_10)
                                      2.92e-06 1.66e-06 3.09e-07 4.89e-06   0.0
      mult_x_29 (stage1_path_engine_0_DW_mult_tc_J3_3_10)
                                      2.96e-06 1.67e-06 3.21e-07 4.95e-06   0.0
      mult_x_30 (stage1_path_engine_0_DW_mult_tc_J3_2_10)
                                      2.94e-06 1.67e-06 3.26e-07 4.93e-06   0.0
      mult_x_31 (stage1_path_engine_0_DW_mult_tc_J3_1_10)
                                      2.97e-06 1.68e-06 3.18e-07 4.96e-06   0.0
      mult_x_32 (stage1_path_engine_0_DW_mult_tc_J3_0_10)
                                      2.94e-06 1.67e-06 3.25e-07 4.94e-06   0.0
      DP_OP_664J3_154_8083 (stage1_path_engine_0_DP_OP_664J3_154_8083_J3_0_10)
                                      2.32e-06 7.61e-07 3.24e-07 3.40e-06   0.0
      mult_x_1 (stage1_path_engine_0_DW_mult_tc_J3_31_10)
                                      2.94e-06 1.67e-06 3.20e-07 4.93e-06   0.0
      mult_x_2 (stage1_path_engine_0_DW_mult_tc_J3_30_10)
                                      2.95e-06 1.67e-06 3.25e-07 4.94e-06   0.0
      mult_x_3 (stage1_path_engine_0_DW_mult_tc_J3_29_10)
                                      2.94e-06 1.67e-06 3.10e-07 4.92e-06   0.0
      mult_x_4 (stage1_path_engine_0_DW_mult_tc_J3_28_10)
                                      2.94e-06 1.66e-06 3.17e-07 4.92e-06   0.0
      mult_x_5 (stage1_path_engine_0_DW_mult_tc_J3_27_10)
                                      2.95e-06 1.67e-06 3.24e-07 4.94e-06   0.0
      mult_x_6 (stage1_path_engine_0_DW_mult_tc_J3_26_10)
                                      2.97e-06 1.67e-06 3.19e-07 4.96e-06   0.0
      mult_x_7 (stage1_path_engine_0_DW_mult_tc_J3_25_10)
                                      3.00e-06 1.67e-06 3.22e-07 5.00e-06   0.0
      mult_x_8 (stage1_path_engine_0_DW_mult_tc_J3_24_10)
                                      2.91e-06 1.66e-06 3.13e-07 4.88e-06   0.0
      mult_x_9 (stage1_path_engine_0_DW_mult_tc_J3_23_10)
                                      2.95e-06 1.65e-06 3.24e-07 4.92e-06   0.0
      DP_OP_637J3_127_2117 (stage1_path_engine_0_DP_OP_637J3_127_2117_J3_0_10)
                                      2.69e-07 8.01e-08 6.60e-08 4.15e-07   0.0
      DP_OP_654J3_144_2117 (stage1_path_engine_0_DP_OP_654J3_144_2117_J3_0_10)
                                      2.70e-07 8.15e-08 6.73e-08 4.19e-07   0.0
      DP_OP_665J3_155_8083 (stage1_path_engine_0_DP_OP_665J3_155_8083_J3_0_10)
                                      2.15e-06 7.20e-07 3.28e-07 3.19e-06   0.0
      DP_OP_640J3_130_2117 (stage1_path_engine_0_DP_OP_640J3_130_2117_J3_0_10)
                                      2.75e-07 8.11e-08 6.66e-08 4.22e-07   0.0
      DP_OP_638J3_128_2117 (stage1_path_engine_0_DP_OP_638J3_128_2117_J3_0_10)
                                      2.70e-07 8.15e-08 6.73e-08 4.19e-07   0.0
      DP_OP_655J3_145_2117 (stage1_path_engine_0_DP_OP_655J3_145_2117_J3_0_10)
                                      2.82e-07 8.50e-08 6.68e-08 4.34e-07   0.0
      DP_OP_666J3_156_8083 (stage1_path_engine_0_DP_OP_666J3_156_8083_J3_0_10)
                                      2.15e-06 7.11e-07 3.23e-07 3.18e-06   0.0
      DP_OP_641J3_131_2117 (stage1_path_engine_0_DP_OP_641J3_131_2117_J3_0_10)
                                      2.91e-07 8.83e-08 6.65e-08 4.46e-07   0.0
      DP_OP_639J3_129_2117 (stage1_path_engine_0_DP_OP_639J3_129_2117_J3_0_10)
                                      2.82e-07 8.50e-08 6.68e-08 4.34e-07   0.0
      DP_OP_656J3_146_2117 (stage1_path_engine_0_DP_OP_656J3_146_2117_J3_0_10)
                                      2.75e-07 8.11e-08 6.66e-08 4.22e-07   0.0
      DP_OP_672J3_162_589 (stage1_path_engine_0_DP_OP_672J3_162_589_J3_0_10)
                                      2.77e-06 8.83e-07 3.31e-07 3.99e-06   0.0
      DP_OP_642J3_132_2117 (stage1_path_engine_0_DP_OP_642J3_132_2117_J3_0_10)
                                      3.12e-07 9.46e-08 6.77e-08 4.74e-07   0.0
  DP_OP_271J1_129_5275 (stage1_tile_DP_OP_271J1_129_5275_J1_0)
                                      5.53e-07 2.22e-07 1.41e-07 9.16e-07   0.0
  DP_OP_274J1_132_5275 (stage1_tile_DP_OP_274J1_132_5275_J1_0)
                                      8.61e-07 3.33e-07 1.35e-07 1.33e-06   0.0
  g_weight_11__u_weight (sram_bank_128x256_4)
                                      5.42e-04 7.64e-06 9.45e-05 6.45e-04   2.3
    g_bank_6__u_macro (hs128x32_wrapper_33)
                                      6.78e-05 9.54e-07 1.18e-05 8.06e-05   0.3
    g_bank_5__u_macro (hs128x32_wrapper_34)
                                      6.78e-05 9.55e-07 1.18e-05 8.06e-05   0.3
    g_bank_4__u_macro (hs128x32_wrapper_35)
                                      6.78e-05 9.54e-07 1.18e-05 8.06e-05   0.3
    g_bank_0__u_macro (hs128x32_wrapper_39)
                                      6.78e-05 9.55e-07 1.18e-05 8.06e-05   0.3
    g_bank_3__u_macro (hs128x32_wrapper_36)
                                      6.78e-05 9.54e-07 1.18e-05 8.06e-05   0.3
    g_bank_2__u_macro (hs128x32_wrapper_37)
                                      6.78e-05 9.56e-07 1.18e-05 8.06e-05   0.3
    g_bank_1__u_macro (hs128x32_wrapper_38)
                                      6.78e-05 9.54e-07 1.18e-05 8.06e-05   0.3
    g_bank_7__u_macro (hs128x32_wrapper_32)
                                      6.78e-05 9.56e-07 1.18e-05 8.06e-05   0.3
  g_weight_6__u_weight (sram_bank_128x256_9)
                                      5.42e-04 7.63e-06 9.45e-05 6.44e-04   2.3
    g_bank_6__u_macro (hs128x32_wrapper_73)
                                      6.78e-05 9.53e-07 1.18e-05 8.05e-05   0.3
    g_bank_5__u_macro (hs128x32_wrapper_74)
                                      6.78e-05 9.55e-07 1.18e-05 8.06e-05   0.3
    g_bank_4__u_macro (hs128x32_wrapper_75)
                                      6.78e-05 9.53e-07 1.18e-05 8.05e-05   0.3
    g_bank_0__u_macro (hs128x32_wrapper_79)
                                      6.78e-05 9.55e-07 1.18e-05 8.06e-05   0.3
    g_bank_3__u_macro (hs128x32_wrapper_76)
                                      6.78e-05 9.54e-07 1.18e-05 8.06e-05   0.3
    g_bank_2__u_macro (hs128x32_wrapper_77)
                                      6.78e-05 9.53e-07 1.18e-05 8.05e-05   0.3
    g_bank_1__u_macro (hs128x32_wrapper_78)
                                      6.78e-05 9.53e-07 1.18e-05 8.05e-05   0.3
    g_bank_7__u_macro (hs128x32_wrapper_72)
                                      6.78e-05 9.53e-07 1.18e-05 8.05e-05   0.3
  DP_OP_267J1_125_5275 (stage1_tile_DP_OP_267J1_125_5275_J1_0)
                                      7.80e-07 3.06e-07 1.43e-07 1.23e-06   0.0
  g_pair_1__u_pair (stage1_lane_pair_6)
                                      1.67e-03 2.09e-04 4.95e-05 1.93e-03   6.8
    u_gate (stage1_path_engine_13)    8.33e-04 1.03e-04 2.48e-05 9.61e-04   3.4
      DP_OP_657J3_147_2117 (stage1_path_engine_0_DP_OP_657J3_147_2117_J3_0_13)
                                      3.02e-07 1.00e-07 6.97e-08 4.72e-07   0.0
      DP_OP_670J3_160_8083 (stage1_path_engine_0_DP_OP_670J3_160_8083_J3_0_13)
                                      1.43e-06 4.91e-07 3.35e-07 2.26e-06   0.0
      DP_OP_673J3_163_589 (stage1_path_engine_0_DP_OP_673J3_163_589_J3_0_13)
                                      2.85e-06 8.95e-07 3.61e-07 4.10e-06   0.0
      DP_OP_643J3_133_2117 (stage1_path_engine_0_DP_OP_643J3_133_2117_J3_0_13)
                                      3.06e-07 9.93e-08 6.94e-08 4.74e-07   0.0
      add_x_33 (stage1_path_engine_0_DW01_add_J3_1_13)
                                      1.05e-06 2.29e-07 1.30e-07 1.41e-06   0.0
      DP_OP_660J3_150_2117 (stage1_path_engine_0_DP_OP_660J3_150_2117_J3_0_13)
                                      3.03e-07 9.87e-08 7.20e-08 4.74e-07   0.0
      DP_OP_658J3_148_2117 (stage1_path_engine_0_DP_OP_658J3_148_2117_J3_0_13)
                                      3.09e-07 1.01e-07 6.93e-08 4.80e-07   0.0
      DP_OP_671J3_161_8083 (stage1_path_engine_0_DP_OP_671J3_161_8083_J3_0_13)
                                      1.67e-06 5.87e-07 3.29e-07 2.58e-06   0.0
      DP_OP_644J3_134_2117 (stage1_path_engine_0_DP_OP_644J3_134_2117_J3_0_13)
                                      3.03e-07 9.87e-08 7.20e-08 4.74e-07   0.0
      DP_OP_667J3_157_8083 (stage1_path_engine_0_DP_OP_667J3_157_8083_J3_0_13)
                                      1.89e-06 6.27e-07 3.30e-07 2.85e-06   0.0
      DP_OP_661J3_151_2117 (stage1_path_engine_0_DP_OP_661J3_151_2117_J3_0_13)
                                      2.75e-07 9.02e-08 7.12e-08 4.37e-07   0.0
      DP_OP_659J3_149_2117 (stage1_path_engine_0_DP_OP_659J3_149_2117_J3_0_13)
                                      3.06e-07 9.93e-08 6.94e-08 4.74e-07   0.0
      add_x_194 (stage1_path_engine_0_DW01_add_J3_0_13)
                                      1.63e-06 3.33e-07 1.88e-07 2.15e-06   0.0
      DP_OP_645J3_135_2117 (stage1_path_engine_0_DP_OP_645J3_135_2117_J3_0_13)
                                      2.75e-07 9.02e-08 7.12e-08 4.37e-07   0.0
      DP_OP_668J3_158_8083 (stage1_path_engine_0_DP_OP_668J3_158_8083_J3_0_13)
                                      1.45e-06 4.99e-07 3.30e-07 2.28e-06   0.0
      DP_OP_662J3_152_2117 (stage1_path_engine_0_DP_OP_662J3_152_2117_J3_0_13)
                                      2.78e-07 9.33e-08 6.82e-08 4.40e-07   0.0
      DP_OP_646J3_136_2117 (stage1_path_engine_0_DP_OP_646J3_136_2117_J3_0_13)
                                      2.78e-07 9.33e-08 6.82e-08 4.40e-07   0.0
      DP_OP_669J3_159_8083 (stage1_path_engine_0_DP_OP_669J3_159_8083_J3_0_13)
                                      1.72e-06 5.86e-07 3.29e-07 2.63e-06   0.0
      DP_OP_663J3_153_2117 (stage1_path_engine_0_DP_OP_663J3_153_2117_J3_0_13)
                                      3.03e-07 1.01e-07 6.83e-08 4.72e-07   0.0
      DP_OP_632J3_122_2117 (stage1_path_engine_0_DP_OP_632J3_122_2117_J3_0_13)
                                      2.93e-07 9.59e-08 6.95e-08 4.58e-07   0.0
      DP_OP_647J3_137_2117 (stage1_path_engine_0_DP_OP_647J3_137_2117_J3_0_13)
                                      3.03e-07 1.01e-07 6.83e-08 4.72e-07   0.0
      DP_OP_633J3_123_2117 (stage1_path_engine_0_DP_OP_633J3_123_2117_J3_0_13)
                                      3.02e-07 1.00e-07 6.97e-08 4.72e-07   0.0
      DP_OP_650J3_140_2117 (stage1_path_engine_0_DP_OP_650J3_140_2117_J3_0_13)
                                      3.09e-07 1.01e-07 6.93e-08 4.80e-07   0.0
      DP_OP_648J3_138_2117 (stage1_path_engine_0_DP_OP_648J3_138_2117_J3_0_13)
                                      2.93e-07 9.59e-08 6.95e-08 4.58e-07   0.0
      DP_OP_634J3_124_2117 (stage1_path_engine_0_DP_OP_634J3_124_2117_J3_0_13)
                                      3.09e-07 1.01e-07 6.93e-08 4.80e-07   0.0
      DP_OP_651J3_141_2117 (stage1_path_engine_0_DP_OP_651J3_141_2117_J3_0_13)
                                      3.06e-07 9.93e-08 6.94e-08 4.74e-07   0.0
      DP_OP_649J3_139_2117 (stage1_path_engine_0_DP_OP_649J3_139_2117_J3_0_13)
                                      3.02e-07 1.00e-07 6.97e-08 4.72e-07   0.0
      DP_OP_635J3_125_2117 (stage1_path_engine_0_DP_OP_635J3_125_2117_J3_0_13)
                                      3.06e-07 9.93e-08 6.94e-08 4.74e-07   0.0
      DP_OP_652J3_142_2117 (stage1_path_engine_0_DP_OP_652J3_142_2117_J3_0_13)
                                      3.03e-07 9.87e-08 7.20e-08 4.74e-07   0.0
      DP_OP_636J3_126_2117 (stage1_path_engine_0_DP_OP_636J3_126_2117_J3_0_13)
                                      3.03e-07 9.87e-08 7.20e-08 4.74e-07   0.0
      mult_x_10 (stage1_path_engine_0_DW_mult_tc_J3_22_13)
                                      2.99e-06 1.76e-06 3.17e-07 5.06e-06   0.0
      mult_x_11 (stage1_path_engine_0_DW_mult_tc_J3_21_13)
                                      2.92e-06 1.76e-06 3.18e-07 5.00e-06   0.0
      mult_x_12 (stage1_path_engine_0_DW_mult_tc_J3_20_13)
                                      3.00e-06 1.77e-06 3.31e-07 5.10e-06   0.0
      mult_x_13 (stage1_path_engine_0_DW_mult_tc_J3_19_13)
                                      3.00e-06 1.77e-06 3.25e-07 5.09e-06   0.0
      mult_x_14 (stage1_path_engine_0_DW_mult_tc_J3_18_13)
                                      2.99e-06 1.76e-06 3.28e-07 5.07e-06   0.0
      mult_x_15 (stage1_path_engine_0_DW_mult_tc_J3_17_13)
                                      2.98e-06 1.76e-06 3.22e-07 5.06e-06   0.0
      mult_x_16 (stage1_path_engine_0_DW_mult_tc_J3_16_13)
                                      2.97e-06 1.75e-06 3.26e-07 5.05e-06   0.0
      mult_x_17 (stage1_path_engine_0_DW_mult_tc_J3_15_13)
                                      3.02e-06 1.77e-06 3.27e-07 5.12e-06   0.0
      mult_x_18 (stage1_path_engine_0_DW_mult_tc_J3_14_13)
                                      2.97e-06 1.76e-06 3.26e-07 5.06e-06   0.0
      mult_x_19 (stage1_path_engine_0_DW_mult_tc_J3_13_13)
                                      2.97e-06 1.73e-06 3.30e-07 5.03e-06   0.0
      DP_OP_653J3_143_2117 (stage1_path_engine_0_DP_OP_653J3_143_2117_J3_0_13)
                                      2.75e-07 9.02e-08 7.12e-08 4.37e-07   0.0
      mult_x_20 (stage1_path_engine_0_DW_mult_tc_J3_12_13)
                                      2.98e-06 1.77e-06 3.16e-07 5.06e-06   0.0
      mult_x_21 (stage1_path_engine_0_DW_mult_tc_J3_11_13)
                                      2.97e-06 1.75e-06 3.23e-07 5.05e-06   0.0
      mult_x_22 (stage1_path_engine_0_DW_mult_tc_J3_10_13)
                                      2.98e-06 1.77e-06 3.31e-07 5.07e-06   0.0
      mult_x_23 (stage1_path_engine_0_DW_mult_tc_J3_9_13)
                                      3.00e-06 1.76e-06 3.25e-07 5.09e-06   0.0
      mult_x_24 (stage1_path_engine_0_DW_mult_tc_J3_8_13)
                                      3.03e-06 1.77e-06 3.28e-07 5.13e-06   0.0
      mult_x_25 (stage1_path_engine_0_DW_mult_tc_J3_7_13)
                                      2.94e-06 1.76e-06 3.19e-07 5.02e-06   0.0
      mult_x_26 (stage1_path_engine_0_DW_mult_tc_J3_6_13)
                                      2.98e-06 1.75e-06 3.30e-07 5.06e-06   0.0
      mult_x_27 (stage1_path_engine_0_DW_mult_tc_J3_5_13)
                                      2.97e-06 1.77e-06 3.28e-07 5.07e-06   0.0
      mult_x_28 (stage1_path_engine_0_DW_mult_tc_J3_4_13)
                                      3.00e-06 1.77e-06 3.25e-07 5.10e-06   0.0
      mult_x_29 (stage1_path_engine_0_DW_mult_tc_J3_3_13)
                                      3.02e-06 1.76e-06 3.31e-07 5.12e-06   0.0
      mult_x_30 (stage1_path_engine_0_DW_mult_tc_J3_2_13)
                                      2.99e-06 1.76e-06 3.23e-07 5.07e-06   0.0
      mult_x_31 (stage1_path_engine_0_DW_mult_tc_J3_1_13)
                                      2.94e-06 1.76e-06 3.21e-07 5.02e-06   0.0
      mult_x_32 (stage1_path_engine_0_DW_mult_tc_J3_0_13)
                                      2.90e-06 1.77e-06 3.31e-07 5.00e-06   0.0
      DP_OP_664J3_154_8083 (stage1_path_engine_0_DP_OP_664J3_154_8083_J3_0_13)
                                      1.48e-06 5.09e-07 3.30e-07 2.32e-06   0.0
      mult_x_1 (stage1_path_engine_0_DW_mult_tc_J3_31_13)
                                      2.90e-06 1.75e-06 3.18e-07 4.96e-06   0.0
      mult_x_2 (stage1_path_engine_0_DW_mult_tc_J3_30_13)
                                      2.95e-06 1.78e-06 3.33e-07 5.06e-06   0.0
      mult_x_3 (stage1_path_engine_0_DW_mult_tc_J3_29_13)
                                      2.99e-06 1.77e-06 3.23e-07 5.08e-06   0.0
      mult_x_4 (stage1_path_engine_0_DW_mult_tc_J3_28_13)
                                      2.99e-06 1.77e-06 3.28e-07 5.09e-06   0.0
      mult_x_5 (stage1_path_engine_0_DW_mult_tc_J3_27_13)
                                      2.98e-06 1.75e-06 3.21e-07 5.05e-06   0.0
      mult_x_6 (stage1_path_engine_0_DW_mult_tc_J3_26_13)
                                      2.95e-06 1.75e-06 3.26e-07 5.03e-06   0.0
      mult_x_7 (stage1_path_engine_0_DW_mult_tc_J3_25_13)
                                      3.03e-06 1.78e-06 3.27e-07 5.14e-06   0.0
      mult_x_8 (stage1_path_engine_0_DW_mult_tc_J3_24_13)
                                      2.94e-06 1.77e-06 3.22e-07 5.03e-06   0.0
      mult_x_9 (stage1_path_engine_0_DW_mult_tc_J3_23_13)
                                      2.97e-06 1.76e-06 3.32e-07 5.06e-06   0.0
      DP_OP_637J3_127_2117 (stage1_path_engine_0_DP_OP_637J3_127_2117_J3_0_13)
                                      2.75e-07 9.02e-08 7.12e-08 4.37e-07   0.0
      DP_OP_654J3_144_2117 (stage1_path_engine_0_DP_OP_654J3_144_2117_J3_0_13)
                                      2.78e-07 9.33e-08 6.82e-08 4.40e-07   0.0
      DP_OP_665J3_155_8083 (stage1_path_engine_0_DP_OP_665J3_155_8083_J3_0_13)
                                      1.61e-06 5.71e-07 3.29e-07 2.51e-06   0.0
      DP_OP_640J3_130_2117 (stage1_path_engine_0_DP_OP_640J3_130_2117_J3_0_13)
                                      2.93e-07 9.59e-08 6.95e-08 4.58e-07   0.0
      DP_OP_638J3_128_2117 (stage1_path_engine_0_DP_OP_638J3_128_2117_J3_0_13)
                                      2.78e-07 9.33e-08 6.82e-08 4.40e-07   0.0
      DP_OP_655J3_145_2117 (stage1_path_engine_0_DP_OP_655J3_145_2117_J3_0_13)
                                      3.03e-07 1.01e-07 6.83e-08 4.72e-07   0.0
      DP_OP_666J3_156_8083 (stage1_path_engine_0_DP_OP_666J3_156_8083_J3_0_13)
                                      1.46e-06 5.17e-07 3.29e-07 2.31e-06   0.0
      DP_OP_641J3_131_2117 (stage1_path_engine_0_DP_OP_641J3_131_2117_J3_0_13)
                                      3.02e-07 1.00e-07 6.97e-08 4.72e-07   0.0
      DP_OP_639J3_129_2117 (stage1_path_engine_0_DP_OP_639J3_129_2117_J3_0_13)
                                      3.03e-07 1.01e-07 6.83e-08 4.72e-07   0.0
      DP_OP_656J3_146_2117 (stage1_path_engine_0_DP_OP_656J3_146_2117_J3_0_13)
                                      2.93e-07 9.59e-08 6.95e-08 4.58e-07   0.0
      DP_OP_672J3_162_589 (stage1_path_engine_0_DP_OP_672J3_162_589_J3_0_13)
                                      2.93e-06 9.29e-07 3.58e-07 4.22e-06   0.0
      DP_OP_642J3_132_2117 (stage1_path_engine_0_DP_OP_642J3_132_2117_J3_0_13)
                                      3.09e-07 1.01e-07 6.93e-08 4.80e-07   0.0
    u_up (stage1_path_engine_12)      8.38e-04 1.05e-04 2.46e-05 9.68e-04   3.4
      DP_OP_657J3_147_2117 (stage1_path_engine_0_DP_OP_657J3_147_2117_J3_0_12)
                                      2.92e-07 9.57e-08 6.79e-08 4.56e-07   0.0
      DP_OP_670J3_160_8083 (stage1_path_engine_0_DP_OP_670J3_160_8083_J3_0_12)
                                      1.75e-06 5.94e-07 3.29e-07 2.67e-06   0.0
      DP_OP_673J3_163_589 (stage1_path_engine_0_DP_OP_673J3_163_589_J3_0_12)
                                      2.81e-06 8.97e-07 3.38e-07 4.05e-06   0.0
      DP_OP_643J3_133_2117 (stage1_path_engine_0_DP_OP_643J3_133_2117_J3_0_12)
                                      3.04e-07 9.80e-08 6.73e-08 4.69e-07   0.0
      add_x_33 (stage1_path_engine_0_DW01_add_J3_1_12)
                                      9.86e-07 2.21e-07 1.33e-07 1.34e-06   0.0
      DP_OP_660J3_150_2117 (stage1_path_engine_0_DP_OP_660J3_150_2117_J3_0_12)
                                      2.97e-07 9.59e-08 6.78e-08 4.61e-07   0.0
      DP_OP_658J3_148_2117 (stage1_path_engine_0_DP_OP_658J3_148_2117_J3_0_12)
                                      3.03e-07 9.89e-08 6.72e-08 4.69e-07   0.0
      DP_OP_671J3_161_8083 (stage1_path_engine_0_DP_OP_671J3_161_8083_J3_0_12)
                                      2.08e-06 6.78e-07 3.24e-07 3.09e-06   0.0
      DP_OP_644J3_134_2117 (stage1_path_engine_0_DP_OP_644J3_134_2117_J3_0_12)
                                      2.97e-07 9.59e-08 6.78e-08 4.61e-07   0.0
      DP_OP_667J3_157_8083 (stage1_path_engine_0_DP_OP_667J3_157_8083_J3_0_12)
                                      1.84e-06 6.24e-07 3.30e-07 2.79e-06   0.0
      DP_OP_661J3_151_2117 (stage1_path_engine_0_DP_OP_661J3_151_2117_J3_0_12)
                                      2.53e-07 8.11e-08 6.97e-08 4.04e-07   0.0
      DP_OP_659J3_149_2117 (stage1_path_engine_0_DP_OP_659J3_149_2117_J3_0_12)
                                      3.04e-07 9.80e-08 6.73e-08 4.69e-07   0.0
      add_x_194 (stage1_path_engine_0_DW01_add_J3_0_12)
                                      1.39e-06 2.82e-07 1.85e-07 1.85e-06   0.0
      DP_OP_645J3_135_2117 (stage1_path_engine_0_DP_OP_645J3_135_2117_J3_0_12)
                                      2.53e-07 8.11e-08 6.97e-08 4.04e-07   0.0
      DP_OP_668J3_158_8083 (stage1_path_engine_0_DP_OP_668J3_158_8083_J3_0_12)
                                      1.75e-06 5.92e-07 3.28e-07 2.67e-06   0.0
      DP_OP_662J3_152_2117 (stage1_path_engine_0_DP_OP_662J3_152_2117_J3_0_12)
                                      2.59e-07 8.55e-08 6.61e-08 4.11e-07   0.0
      DP_OP_646J3_136_2117 (stage1_path_engine_0_DP_OP_646J3_136_2117_J3_0_12)
                                      2.59e-07 8.55e-08 6.61e-08 4.11e-07   0.0
      DP_OP_669J3_159_8083 (stage1_path_engine_0_DP_OP_669J3_159_8083_J3_0_12)
                                      1.85e-06 6.28e-07 3.27e-07 2.80e-06   0.0
      DP_OP_663J3_153_2117 (stage1_path_engine_0_DP_OP_663J3_153_2117_J3_0_12)
                                      2.86e-07 9.37e-08 6.63e-08 4.46e-07   0.0
      DP_OP_632J3_122_2117 (stage1_path_engine_0_DP_OP_632J3_122_2117_J3_0_12)
                                      2.71e-07 8.75e-08 6.73e-08 4.26e-07   0.0
      DP_OP_647J3_137_2117 (stage1_path_engine_0_DP_OP_647J3_137_2117_J3_0_12)
                                      2.86e-07 9.37e-08 6.63e-08 4.46e-07   0.0
      DP_OP_633J3_123_2117 (stage1_path_engine_0_DP_OP_633J3_123_2117_J3_0_12)
                                      2.92e-07 9.57e-08 6.79e-08 4.56e-07   0.0
      DP_OP_650J3_140_2117 (stage1_path_engine_0_DP_OP_650J3_140_2117_J3_0_12)
                                      3.03e-07 9.89e-08 6.72e-08 4.69e-07   0.0
      DP_OP_648J3_138_2117 (stage1_path_engine_0_DP_OP_648J3_138_2117_J3_0_12)
                                      2.71e-07 8.75e-08 6.73e-08 4.26e-07   0.0
      DP_OP_634J3_124_2117 (stage1_path_engine_0_DP_OP_634J3_124_2117_J3_0_12)
                                      3.03e-07 9.89e-08 6.72e-08 4.69e-07   0.0
      DP_OP_651J3_141_2117 (stage1_path_engine_0_DP_OP_651J3_141_2117_J3_0_12)
                                      3.04e-07 9.80e-08 6.73e-08 4.69e-07   0.0
      DP_OP_649J3_139_2117 (stage1_path_engine_0_DP_OP_649J3_139_2117_J3_0_12)
                                      2.92e-07 9.57e-08 6.79e-08 4.56e-07   0.0
      DP_OP_635J3_125_2117 (stage1_path_engine_0_DP_OP_635J3_125_2117_J3_0_12)
                                      3.04e-07 9.80e-08 6.73e-08 4.69e-07   0.0
      DP_OP_652J3_142_2117 (stage1_path_engine_0_DP_OP_652J3_142_2117_J3_0_12)
                                      2.97e-07 9.59e-08 6.78e-08 4.61e-07   0.0
      DP_OP_636J3_126_2117 (stage1_path_engine_0_DP_OP_636J3_126_2117_J3_0_12)
                                      2.97e-07 9.59e-08 6.78e-08 4.61e-07   0.0
      mult_x_10 (stage1_path_engine_0_DW_mult_tc_J3_22_12)
                                      3.02e-06 1.78e-06 3.30e-07 5.13e-06   0.0
      mult_x_11 (stage1_path_engine_0_DW_mult_tc_J3_21_12)
                                      2.97e-06 1.76e-06 3.25e-07 5.05e-06   0.0
      mult_x_12 (stage1_path_engine_0_DW_mult_tc_J3_20_12)
                                      2.95e-06 1.75e-06 3.31e-07 5.03e-06   0.0
      mult_x_13 (stage1_path_engine_0_DW_mult_tc_J3_19_12)
                                      3.00e-06 1.77e-06 3.31e-07 5.10e-06   0.0
      mult_x_14 (stage1_path_engine_0_DW_mult_tc_J3_18_12)
                                      2.95e-06 1.76e-06 3.16e-07 5.03e-06   0.0
      mult_x_15 (stage1_path_engine_0_DW_mult_tc_J3_17_12)
                                      2.98e-06 1.78e-06 3.31e-07 5.08e-06   0.0
      mult_x_16 (stage1_path_engine_0_DW_mult_tc_J3_16_12)
                                      2.99e-06 1.76e-06 3.23e-07 5.07e-06   0.0
      mult_x_17 (stage1_path_engine_0_DW_mult_tc_J3_15_12)
                                      2.95e-06 1.75e-06 3.28e-07 5.02e-06   0.0
      mult_x_18 (stage1_path_engine_0_DW_mult_tc_J3_14_12)
                                      2.92e-06 1.76e-06 3.18e-07 5.00e-06   0.0
      mult_x_19 (stage1_path_engine_0_DW_mult_tc_J3_13_12)
                                      2.99e-06 1.73e-06 3.20e-07 5.04e-06   0.0
      DP_OP_653J3_143_2117 (stage1_path_engine_0_DP_OP_653J3_143_2117_J3_0_12)
                                      2.53e-07 8.11e-08 6.97e-08 4.04e-07   0.0
      mult_x_20 (stage1_path_engine_0_DW_mult_tc_J3_12_12)
                                      3.03e-06 1.78e-06 3.29e-07 5.14e-06   0.0
      mult_x_21 (stage1_path_engine_0_DW_mult_tc_J3_11_12)
                                      2.96e-06 1.76e-06 3.24e-07 5.04e-06   0.0
      mult_x_22 (stage1_path_engine_0_DW_mult_tc_J3_10_12)
                                      2.95e-06 1.75e-06 3.31e-07 5.03e-06   0.0
      mult_x_23 (stage1_path_engine_0_DW_mult_tc_J3_9_12)
                                      2.97e-06 1.76e-06 3.28e-07 5.06e-06   0.0
      mult_x_24 (stage1_path_engine_0_DW_mult_tc_J3_8_12)
                                      2.98e-06 1.78e-06 3.16e-07 5.07e-06   0.0
      mult_x_25 (stage1_path_engine_0_DW_mult_tc_J3_7_12)
                                      2.98e-06 1.77e-06 3.30e-07 5.08e-06   0.0
      mult_x_26 (stage1_path_engine_0_DW_mult_tc_J3_6_12)
                                      2.91e-06 1.75e-06 3.22e-07 4.98e-06   0.0
      mult_x_27 (stage1_path_engine_0_DW_mult_tc_J3_5_12)
                                      2.92e-06 1.75e-06 3.28e-07 5.01e-06   0.0
      mult_x_28 (stage1_path_engine_0_DW_mult_tc_J3_4_12)
                                      2.93e-06 1.77e-06 3.17e-07 5.02e-06   0.0
      mult_x_29 (stage1_path_engine_0_DW_mult_tc_J3_3_12)
                                      3.01e-06 1.77e-06 3.22e-07 5.11e-06   0.0
      mult_x_30 (stage1_path_engine_0_DW_mult_tc_J3_2_12)
                                      3.04e-06 1.77e-06 3.32e-07 5.15e-06   0.0
      mult_x_31 (stage1_path_engine_0_DW_mult_tc_J3_1_12)
                                      2.97e-06 1.76e-06 3.24e-07 5.05e-06   0.0
      mult_x_32 (stage1_path_engine_0_DW_mult_tc_J3_0_12)
                                      2.90e-06 1.76e-06 3.30e-07 4.98e-06   0.0
      DP_OP_664J3_154_8083 (stage1_path_engine_0_DP_OP_664J3_154_8083_J3_0_12)
                                      1.77e-06 6.02e-07 3.29e-07 2.70e-06   0.0
      mult_x_1 (stage1_path_engine_0_DW_mult_tc_J3_31_12)
                                      2.94e-06 1.74e-06 3.25e-07 5.01e-06   0.0
      mult_x_2 (stage1_path_engine_0_DW_mult_tc_J3_30_12)
                                      2.91e-06 1.75e-06 3.31e-07 4.99e-06   0.0
      mult_x_3 (stage1_path_engine_0_DW_mult_tc_J3_29_12)
                                      2.99e-06 1.78e-06 3.21e-07 5.10e-06   0.0
      mult_x_4 (stage1_path_engine_0_DW_mult_tc_J3_28_12)
                                      3.00e-06 1.76e-06 3.18e-07 5.07e-06   0.0
      mult_x_5 (stage1_path_engine_0_DW_mult_tc_J3_27_12)
                                      3.05e-06 1.77e-06 3.31e-07 5.15e-06   0.0
      mult_x_6 (stage1_path_engine_0_DW_mult_tc_J3_26_12)
                                      2.96e-06 1.75e-06 3.23e-07 5.03e-06   0.0
      mult_x_7 (stage1_path_engine_0_DW_mult_tc_J3_25_12)
                                      2.95e-06 1.75e-06 3.29e-07 5.03e-06   0.0
      mult_x_8 (stage1_path_engine_0_DW_mult_tc_J3_24_12)
                                      2.96e-06 1.77e-06 3.28e-07 5.06e-06   0.0
      mult_x_9 (stage1_path_engine_0_DW_mult_tc_J3_23_12)
                                      3.00e-06 1.75e-06 3.24e-07 5.08e-06   0.0
      DP_OP_637J3_127_2117 (stage1_path_engine_0_DP_OP_637J3_127_2117_J3_0_12)
                                      2.53e-07 8.11e-08 6.97e-08 4.04e-07   0.0
      DP_OP_654J3_144_2117 (stage1_path_engine_0_DP_OP_654J3_144_2117_J3_0_12)
                                      2.59e-07 8.55e-08 6.61e-08 4.11e-07   0.0
      DP_OP_665J3_155_8083 (stage1_path_engine_0_DP_OP_665J3_155_8083_J3_0_12)
                                      1.87e-06 6.34e-07 3.28e-07 2.83e-06   0.0
      DP_OP_640J3_130_2117 (stage1_path_engine_0_DP_OP_640J3_130_2117_J3_0_12)
                                      2.71e-07 8.75e-08 6.73e-08 4.26e-07   0.0
      DP_OP_638J3_128_2117 (stage1_path_engine_0_DP_OP_638J3_128_2117_J3_0_12)
                                      2.59e-07 8.55e-08 6.61e-08 4.11e-07   0.0
      DP_OP_655J3_145_2117 (stage1_path_engine_0_DP_OP_655J3_145_2117_J3_0_12)
                                      2.86e-07 9.37e-08 6.63e-08 4.46e-07   0.0
      DP_OP_666J3_156_8083 (stage1_path_engine_0_DP_OP_666J3_156_8083_J3_0_12)
                                      2.00e-06 6.52e-07 3.28e-07 2.98e-06   0.0
      DP_OP_641J3_131_2117 (stage1_path_engine_0_DP_OP_641J3_131_2117_J3_0_12)
                                      2.92e-07 9.57e-08 6.79e-08 4.56e-07   0.0
      DP_OP_639J3_129_2117 (stage1_path_engine_0_DP_OP_639J3_129_2117_J3_0_12)
                                      2.86e-07 9.37e-08 6.63e-08 4.46e-07   0.0
      DP_OP_656J3_146_2117 (stage1_path_engine_0_DP_OP_656J3_146_2117_J3_0_12)
                                      2.71e-07 8.75e-08 6.73e-08 4.26e-07   0.0
      DP_OP_672J3_162_589 (stage1_path_engine_0_DP_OP_672J3_162_589_J3_0_12)
                                      2.88e-06 9.06e-07 3.45e-07 4.13e-06   0.0
      DP_OP_642J3_132_2117 (stage1_path_engine_0_DP_OP_642J3_132_2117_J3_0_12)
                                      3.03e-07 9.89e-08 6.72e-08 4.69e-07   0.0
  g_weight_14__u_weight (sram_bank_128x256_1)
                                      5.42e-04 7.64e-06 9.45e-05 6.44e-04   2.3
    g_bank_6__u_macro (hs128x32_wrapper_9)
                                      6.78e-05 9.54e-07 1.18e-05 8.06e-05   0.3
    g_bank_5__u_macro (hs128x32_wrapper_10)
                                      6.78e-05 9.54e-07 1.18e-05 8.06e-05   0.3
    g_bank_4__u_macro (hs128x32_wrapper_11)
                                      6.78e-05 9.56e-07 1.18e-05 8.06e-05   0.3
    g_bank_0__u_macro (hs128x32_wrapper_15)
                                      6.78e-05 9.54e-07 1.18e-05 8.06e-05   0.3
    g_bank_3__u_macro (hs128x32_wrapper_12)
                                      6.78e-05 9.54e-07 1.18e-05 8.06e-05   0.3
    g_bank_2__u_macro (hs128x32_wrapper_13)
                                      6.78e-05 9.55e-07 1.18e-05 8.06e-05   0.3
    g_bank_1__u_macro (hs128x32_wrapper_14)
                                      6.78e-05 9.54e-07 1.18e-05 8.06e-05   0.3
    g_bank_7__u_macro (hs128x32_wrapper_8)
                                      6.78e-05 9.55e-07 1.18e-05 8.06e-05   0.3
  g_weight_9__u_weight (sram_bank_128x256_6)
                                      5.42e-04 7.63e-06 9.45e-05 6.44e-04   2.3
    g_bank_6__u_macro (hs128x32_wrapper_49)
                                      6.78e-05 9.53e-07 1.18e-05 8.05e-05   0.3
    g_bank_5__u_macro (hs128x32_wrapper_50)
                                      6.78e-05 9.54e-07 1.18e-05 8.06e-05   0.3
    g_bank_4__u_macro (hs128x32_wrapper_51)
                                      6.78e-05 9.53e-07 1.18e-05 8.05e-05   0.3
    g_bank_0__u_macro (hs128x32_wrapper_55)
                                      6.78e-05 9.54e-07 1.18e-05 8.06e-05   0.3
    g_bank_3__u_macro (hs128x32_wrapper_52)
                                      6.78e-05 9.53e-07 1.18e-05 8.05e-05   0.3
    g_bank_2__u_macro (hs128x32_wrapper_53)
                                      6.78e-05 9.55e-07 1.18e-05 8.06e-05   0.3
    g_bank_1__u_macro (hs128x32_wrapper_54)
                                      6.78e-05 9.53e-07 1.18e-05 8.05e-05   0.3
    g_bank_7__u_macro (hs128x32_wrapper_48)
                                      6.78e-05 9.55e-07 1.18e-05 8.06e-05   0.3
  DP_OP_270J1_128_5275 (stage1_tile_DP_OP_270J1_128_5275_J1_0)
                                      6.33e-07 2.50e-07 1.34e-07 1.02e-06   0.0
  DP_OP_273J1_131_5275 (stage1_tile_DP_OP_273J1_131_5275_J1_0)
                                      6.47e-07 2.64e-07 1.38e-07 1.05e-06   0.0
  DP_OP_266J1_124_5275 (stage1_tile_DP_OP_266J1_124_5275_J1_0)
                                      1.08e-06 4.17e-07 1.36e-07 1.64e-06   0.0
  g_pair_0__u_pair (stage1_lane_pair_7)
                                      1.64e-03 1.96e-04 5.00e-05 1.89e-03   6.6
    u_gate (stage1_path_engine_15)    8.16e-04 9.59e-05 2.50e-05 9.37e-04   3.3
      DP_OP_635J2_123_6502 (stage1_path_engine_14_DP_OP_635J2_123_6502_J2_0_1)
                                      2.80e-07 8.29e-08 7.14e-08 4.34e-07   0.0
      DP_OP_673J2_161_310 (stage1_path_engine_14_DP_OP_673J2_161_310_J2_0_1)
                                      1.07e-06 4.08e-07 3.27e-07 1.81e-06   0.0
      DP_OP_652J2_140_6502 (stage1_path_engine_14_DP_OP_652J2_140_6502_J2_0_1)
                                      2.75e-07 8.03e-08 7.47e-08 4.31e-07   0.0
      add_x_33 (stage1_path_engine_14_DW01_add_J2_1_1)
                                      1.11e-06 2.47e-07 1.29e-07 1.48e-06   0.0
      DP_OP_636J2_124_6502 (stage1_path_engine_14_DP_OP_636J2_124_6502_J2_0_1)
                                      2.75e-07 8.03e-08 7.47e-08 4.31e-07   0.0
      DP_OP_653J2_141_6502 (stage1_path_engine_14_DP_OP_653J2_141_6502_J2_0_1)
                                      2.82e-07 8.17e-08 7.41e-08 4.38e-07   0.0
      DP_OP_660J2_148_6502 (stage1_path_engine_14_DP_OP_660J2_148_6502_J2_0_1)
                                      2.75e-07 8.03e-08 7.47e-08 4.31e-07   0.0
      DP_OP_672J2_160_310 (stage1_path_engine_14_DP_OP_672J2_160_310_J2_0_1)
                                      8.00e-07 3.03e-07 3.30e-07 1.43e-06   0.0
      add_x_194 (stage1_path_engine_14_DW01_add_J2_0_1)
                                      1.50e-06 3.23e-07 1.91e-07 2.02e-06   0.0
      DP_OP_637J2_125_6502 (stage1_path_engine_14_DP_OP_637J2_125_6502_J2_0_1)
                                      2.82e-07 8.17e-08 7.41e-08 4.38e-07   0.0
      DP_OP_654J2_142_6502 (stage1_path_engine_14_DP_OP_654J2_142_6502_J2_0_1)
                                      2.98e-07 8.79e-08 7.34e-08 4.59e-07   0.0
      DP_OP_661J2_149_6502 (stage1_path_engine_14_DP_OP_661J2_149_6502_J2_0_1)
                                      2.82e-07 8.17e-08 7.41e-08 4.38e-07   0.0
      DP_OP_638J2_126_6502 (stage1_path_engine_14_DP_OP_638J2_126_6502_J2_0_1)
                                      2.98e-07 8.79e-08 7.34e-08 4.59e-07   0.0
      DP_OP_655J2_143_6502 (stage1_path_engine_14_DP_OP_655J2_143_6502_J2_0_1)
                                      2.85e-07 8.51e-08 7.30e-08 4.43e-07   0.0
      DP_OP_674J2_162_9602 (stage1_path_engine_14_DP_OP_674J2_162_9602_J2_0_1)
                                      2.37e-06 7.61e-07 3.73e-07 3.51e-06   0.0
      DP_OP_639J2_127_6502 (stage1_path_engine_14_DP_OP_639J2_127_6502_J2_0_1)
                                      2.85e-07 8.51e-08 7.30e-08 4.43e-07   0.0
      DP_OP_656J2_144_6502 (stage1_path_engine_14_DP_OP_656J2_144_6502_J2_0_1)
                                      2.77e-07 8.40e-08 7.13e-08 4.33e-07   0.0
      DP_OP_675J2_163_9602 (stage1_path_engine_14_DP_OP_675J2_163_9602_J2_0_1)
                                      2.33e-06 7.60e-07 3.70e-07 3.46e-06   0.0
      DP_OP_642J2_130_6502 (stage1_path_engine_14_DP_OP_642J2_130_6502_J2_0_1)
                                      2.72e-07 7.95e-08 7.13e-08 4.23e-07   0.0
      DP_OP_657J2_145_6502 (stage1_path_engine_14_DP_OP_657J2_145_6502_J2_0_1)
                                      2.79e-07 8.32e-08 7.16e-08 4.34e-07   0.0
      DP_OP_643J2_131_6502 (stage1_path_engine_14_DP_OP_643J2_131_6502_J2_0_1)
                                      2.80e-07 8.29e-08 7.14e-08 4.34e-07   0.0
      DP_OP_650J2_138_6502 (stage1_path_engine_14_DP_OP_650J2_138_6502_J2_0_1)
                                      2.72e-07 7.95e-08 7.13e-08 4.23e-07   0.0
      DP_OP_658J2_146_6502 (stage1_path_engine_14_DP_OP_658J2_146_6502_J2_0_1)
                                      2.72e-07 7.95e-08 7.13e-08 4.23e-07   0.0
      DP_OP_670J2_158_310 (stage1_path_engine_14_DP_OP_670J2_158_310_J2_0_1)
                                      8.33e-07 3.02e-07 3.29e-07 1.46e-06   0.0
      DP_OP_671J2_159_310 (stage1_path_engine_14_DP_OP_671J2_159_310_J2_0_1)
                                      1.27e-06 4.52e-07 3.30e-07 2.05e-06   0.0
      DP_OP_644J2_132_6502 (stage1_path_engine_14_DP_OP_644J2_132_6502_J2_0_1)
                                      2.75e-07 8.03e-08 7.47e-08 4.31e-07   0.0
      DP_OP_651J2_139_6502 (stage1_path_engine_14_DP_OP_651J2_139_6502_J2_0_1)
                                      2.80e-07 8.29e-08 7.14e-08 4.34e-07   0.0
      DP_OP_659J2_147_6502 (stage1_path_engine_14_DP_OP_659J2_147_6502_J2_0_1)
                                      2.80e-07 8.29e-08 7.14e-08 4.34e-07   0.0
      DP_OP_645J2_133_6502 (stage1_path_engine_14_DP_OP_645J2_133_6502_J2_0_1)
                                      2.82e-07 8.17e-08 7.41e-08 4.38e-07   0.0
      DP_OP_662J2_150_6502 (stage1_path_engine_14_DP_OP_662J2_150_6502_J2_0_1)
                                      2.98e-07 8.79e-08 7.34e-08 4.59e-07   0.0
      mult_x_10 (stage1_path_engine_14_DW_mult_tc_J2_22_1)
                                      3.03e-06 1.78e-06 3.22e-07 5.13e-06   0.0
      mult_x_11 (stage1_path_engine_14_DW_mult_tc_J2_21_1)
                                      2.95e-06 1.76e-06 3.14e-07 5.02e-06   0.0
      mult_x_12 (stage1_path_engine_14_DW_mult_tc_J2_20_1)
                                      3.05e-06 1.78e-06 3.31e-07 5.16e-06   0.0
      mult_x_13 (stage1_path_engine_14_DW_mult_tc_J2_19_1)
                                      2.96e-06 1.75e-06 3.23e-07 5.03e-06   0.0
      mult_x_14 (stage1_path_engine_14_DW_mult_tc_J2_18_1)
                                      2.91e-06 1.74e-06 3.28e-07 4.98e-06   0.0
      mult_x_15 (stage1_path_engine_14_DW_mult_tc_J2_17_1)
                                      3.01e-06 1.78e-06 3.32e-07 5.12e-06   0.0
      mult_x_16 (stage1_path_engine_14_DW_mult_tc_J2_16_1)
                                      2.99e-06 1.76e-06 3.21e-07 5.06e-06   0.0
      mult_x_17 (stage1_path_engine_14_DW_mult_tc_J2_15_1)
                                      3.07e-06 1.78e-06 3.30e-07 5.18e-06   0.0
      mult_x_18 (stage1_path_engine_14_DW_mult_tc_J2_14_1)
                                      2.94e-06 1.74e-06 3.25e-07 5.01e-06   0.0
      mult_x_19 (stage1_path_engine_14_DW_mult_tc_J2_13_1)
                                      2.90e-06 1.69e-06 3.27e-07 4.91e-06   0.0
      mult_x_20 (stage1_path_engine_14_DW_mult_tc_J2_12_1)
                                      2.99e-06 1.78e-06 3.21e-07 5.09e-06   0.0
      mult_x_21 (stage1_path_engine_14_DW_mult_tc_J2_11_1)
                                      3.00e-06 1.76e-06 3.18e-07 5.07e-06   0.0
      mult_x_22 (stage1_path_engine_14_DW_mult_tc_J2_10_1)
                                      3.04e-06 1.77e-06 3.31e-07 5.14e-06   0.0
      mult_x_23 (stage1_path_engine_14_DW_mult_tc_J2_9_1)
                                      2.96e-06 1.74e-06 3.23e-07 5.03e-06   0.0
      mult_x_24 (stage1_path_engine_14_DW_mult_tc_J2_8_1)
                                      2.95e-06 1.75e-06 3.29e-07 5.03e-06   0.0
      mult_x_25 (stage1_path_engine_14_DW_mult_tc_J2_7_1)
                                      2.96e-06 1.77e-06 3.29e-07 5.06e-06   0.0
      mult_x_26 (stage1_path_engine_14_DW_mult_tc_J2_6_1)
                                      3.00e-06 1.75e-06 3.24e-07 5.07e-06   0.0
      mult_x_27 (stage1_path_engine_14_DW_mult_tc_J2_5_1)
                                      3.02e-06 1.77e-06 3.30e-07 5.12e-06   0.0
      mult_x_28 (stage1_path_engine_14_DW_mult_tc_J2_4_1)
                                      2.97e-06 1.75e-06 3.25e-07 5.05e-06   0.0
      mult_x_29 (stage1_path_engine_14_DW_mult_tc_J2_3_1)
                                      2.95e-06 1.75e-06 3.31e-07 5.02e-06   0.0
      mult_x_30 (stage1_path_engine_14_DW_mult_tc_J2_2_1)
                                      3.00e-06 1.77e-06 3.31e-07 5.10e-06   0.0
      mult_x_31 (stage1_path_engine_14_DW_mult_tc_J2_1_1)
                                      2.95e-06 1.76e-06 3.16e-07 5.03e-06   0.0
      mult_x_32 (stage1_path_engine_14_DW_mult_tc_J2_0_1)
                                      2.97e-06 1.77e-06 3.31e-07 5.08e-06   0.0
      DP_OP_646J2_134_6502 (stage1_path_engine_14_DP_OP_646J2_134_6502_J2_0_1)
                                      2.98e-07 8.79e-08 7.34e-08 4.59e-07   0.0
      mult_x_1 (stage1_path_engine_14_DW_mult_tc_J2_31_1)
                                      2.91e-06 1.75e-06 3.14e-07 4.97e-06   0.0
      mult_x_2 (stage1_path_engine_14_DW_mult_tc_J2_30_1)
                                      2.99e-06 1.78e-06 3.32e-07 5.11e-06   0.0
      mult_x_3 (stage1_path_engine_14_DW_mult_tc_J2_29_1)
                                      2.96e-06 1.75e-06 3.22e-07 5.03e-06   0.0
      mult_x_4 (stage1_path_engine_14_DW_mult_tc_J2_28_1)
                                      2.92e-06 1.75e-06 3.29e-07 5.00e-06   0.0
      mult_x_5 (stage1_path_engine_14_DW_mult_tc_J2_27_1)
                                      3.02e-06 1.78e-06 3.29e-07 5.13e-06   0.0
      mult_x_6 (stage1_path_engine_14_DW_mult_tc_J2_26_1)
                                      2.97e-06 1.75e-06 3.21e-07 5.04e-06   0.0
      mult_x_7 (stage1_path_engine_14_DW_mult_tc_J2_25_1)
                                      3.07e-06 1.78e-06 3.30e-07 5.19e-06   0.0
      DP_OP_663J2_151_6502 (stage1_path_engine_14_DP_OP_663J2_151_6502_J2_0_1)
                                      2.85e-07 8.51e-08 7.30e-08 4.43e-07   0.0
      mult_x_8 (stage1_path_engine_14_DW_mult_tc_J2_24_1)
                                      2.90e-06 1.75e-06 3.20e-07 4.97e-06   0.0
      mult_x_9 (stage1_path_engine_14_DW_mult_tc_J2_23_1)
                                      2.91e-06 1.74e-06 3.32e-07 4.98e-06   0.0
      DP_OP_647J2_135_6502 (stage1_path_engine_14_DP_OP_647J2_135_6502_J2_0_1)
                                      2.85e-07 8.51e-08 7.30e-08 4.43e-07   0.0
      DP_OP_664J2_152_6502 (stage1_path_engine_14_DP_OP_664J2_152_6502_J2_0_1)
                                      2.77e-07 8.40e-08 7.13e-08 4.33e-07   0.0
      DP_OP_668J2_156_310 (stage1_path_engine_14_DP_OP_668J2_156_310_J2_0_1)
                                      7.42e-07 2.87e-07 3.27e-07 1.36e-06   0.0
      DP_OP_640J2_128_6502 (stage1_path_engine_14_DP_OP_640J2_128_6502_J2_0_1)
                                      2.77e-07 8.40e-08 7.13e-08 4.33e-07   0.0
      DP_OP_669J2_157_310 (stage1_path_engine_14_DP_OP_669J2_157_310_J2_0_1)
                                      1.20e-06 4.28e-07 3.31e-07 1.95e-06   0.0
      DP_OP_648J2_136_6502 (stage1_path_engine_14_DP_OP_648J2_136_6502_J2_0_1)
                                      2.77e-07 8.40e-08 7.13e-08 4.33e-07   0.0
      DP_OP_665J2_153_6502 (stage1_path_engine_14_DP_OP_665J2_153_6502_J2_0_1)
                                      2.79e-07 8.32e-08 7.16e-08 4.34e-07   0.0
      DP_OP_666J2_154_310 (stage1_path_engine_14_DP_OP_666J2_154_310_J2_0_1)
                                      8.68e-07 3.34e-07 3.27e-07 1.53e-06   0.0
      DP_OP_634J2_122_6502 (stage1_path_engine_14_DP_OP_634J2_122_6502_J2_0_1)
                                      2.72e-07 7.95e-08 7.13e-08 4.23e-07   0.0
      DP_OP_641J2_129_6502 (stage1_path_engine_14_DP_OP_641J2_129_6502_J2_0_1)
                                      2.79e-07 8.32e-08 7.16e-08 4.34e-07   0.0
      DP_OP_649J2_137_6502 (stage1_path_engine_14_DP_OP_649J2_137_6502_J2_0_1)
                                      2.79e-07 8.32e-08 7.16e-08 4.34e-07   0.0
      DP_OP_667J2_155_310 (stage1_path_engine_14_DP_OP_667J2_155_310_J2_0_1)
                                      1.17e-06 4.23e-07 3.28e-07 1.92e-06   0.0
    u_up (stage1_path_engine_14)      8.26e-04 9.98e-05 2.49e-05 9.51e-04   3.3
      DP_OP_635J2_123_6502 (stage1_path_engine_14_DP_OP_635J2_123_6502_J2_0_0)
                                      3.25e-07 1.01e-07 7.06e-08 4.96e-07   0.0
      DP_OP_673J2_161_310 (stage1_path_engine_14_DP_OP_673J2_161_310_J2_0_0)
                                      1.42e-06 4.98e-07 3.31e-07 2.25e-06   0.0
      DP_OP_652J2_140_6502 (stage1_path_engine_14_DP_OP_652J2_140_6502_J2_0_0)
                                      3.30e-07 1.01e-07 7.15e-08 5.02e-07   0.0
      add_x_33 (stage1_path_engine_14_DW01_add_J2_1_0)
                                      9.87e-07 2.21e-07 1.35e-07 1.34e-06   0.0
      DP_OP_636J2_124_6502 (stage1_path_engine_14_DP_OP_636J2_124_6502_J2_0_0)
                                      3.30e-07 1.01e-07 7.15e-08 5.02e-07   0.0
      DP_OP_653J2_141_6502 (stage1_path_engine_14_DP_OP_653J2_141_6502_J2_0_0)
                                      3.18e-07 9.57e-08 7.36e-08 4.88e-07   0.0
      DP_OP_660J2_148_6502 (stage1_path_engine_14_DP_OP_660J2_148_6502_J2_0_0)
                                      3.30e-07 1.01e-07 7.15e-08 5.02e-07   0.0
      DP_OP_672J2_160_310 (stage1_path_engine_14_DP_OP_672J2_160_310_J2_0_0)
                                      1.07e-06 3.98e-07 3.28e-07 1.79e-06   0.0
      add_x_194 (stage1_path_engine_14_DW01_add_J2_0_0)
                                      1.47e-06 3.12e-07 1.88e-07 1.97e-06   0.0
      DP_OP_637J2_125_6502 (stage1_path_engine_14_DP_OP_637J2_125_6502_J2_0_0)
                                      3.18e-07 9.57e-08 7.36e-08 4.88e-07   0.0
      DP_OP_654J2_142_6502 (stage1_path_engine_14_DP_OP_654J2_142_6502_J2_0_0)
                                      3.33e-07 1.02e-07 7.29e-08 5.07e-07   0.0
      DP_OP_661J2_149_6502 (stage1_path_engine_14_DP_OP_661J2_149_6502_J2_0_0)
                                      3.18e-07 9.57e-08 7.36e-08 4.88e-07   0.0
      DP_OP_638J2_126_6502 (stage1_path_engine_14_DP_OP_638J2_126_6502_J2_0_0)
                                      3.33e-07 1.02e-07 7.29e-08 5.07e-07   0.0
      DP_OP_655J2_143_6502 (stage1_path_engine_14_DP_OP_655J2_143_6502_J2_0_0)
                                      3.13e-07 9.65e-08 7.22e-08 4.81e-07   0.0
      DP_OP_674J2_162_9602 (stage1_path_engine_14_DP_OP_674J2_162_9602_J2_0_0)
                                      2.65e-06 8.39e-07 3.59e-07 3.85e-06   0.0
      DP_OP_639J2_127_6502 (stage1_path_engine_14_DP_OP_639J2_127_6502_J2_0_0)
                                      3.13e-07 9.65e-08 7.22e-08 4.81e-07   0.0
      DP_OP_656J2_144_6502 (stage1_path_engine_14_DP_OP_656J2_144_6502_J2_0_0)
                                      3.17e-07 9.90e-08 7.02e-08 4.86e-07   0.0
      DP_OP_675J2_163_9602 (stage1_path_engine_14_DP_OP_675J2_163_9602_J2_0_0)
                                      2.69e-06 8.52e-07 3.67e-07 3.91e-06   0.0
      DP_OP_642J2_130_6502 (stage1_path_engine_14_DP_OP_642J2_130_6502_J2_0_0)
                                      3.09e-07 9.36e-08 7.08e-08 4.73e-07   0.0
      DP_OP_657J2_145_6502 (stage1_path_engine_14_DP_OP_657J2_145_6502_J2_0_0)
                                      3.30e-07 1.03e-07 7.07e-08 5.04e-07   0.0
      DP_OP_643J2_131_6502 (stage1_path_engine_14_DP_OP_643J2_131_6502_J2_0_0)
                                      3.25e-07 1.01e-07 7.06e-08 4.96e-07   0.0
      DP_OP_650J2_138_6502 (stage1_path_engine_14_DP_OP_650J2_138_6502_J2_0_0)
                                      3.09e-07 9.36e-08 7.08e-08 4.73e-07   0.0
      DP_OP_658J2_146_6502 (stage1_path_engine_14_DP_OP_658J2_146_6502_J2_0_0)
                                      3.09e-07 9.36e-08 7.08e-08 4.73e-07   0.0
      DP_OP_670J2_158_310 (stage1_path_engine_14_DP_OP_670J2_158_310_J2_0_0)
                                      1.29e-06 4.49e-07 3.25e-07 2.06e-06   0.0
      DP_OP_671J2_159_310 (stage1_path_engine_14_DP_OP_671J2_159_310_J2_0_0)
                                      1.46e-06 5.14e-07 3.29e-07 2.30e-06   0.0
      DP_OP_644J2_132_6502 (stage1_path_engine_14_DP_OP_644J2_132_6502_J2_0_0)
                                      3.30e-07 1.01e-07 7.15e-08 5.02e-07   0.0
      DP_OP_651J2_139_6502 (stage1_path_engine_14_DP_OP_651J2_139_6502_J2_0_0)
                                      3.25e-07 1.01e-07 7.06e-08 4.96e-07   0.0
      DP_OP_659J2_147_6502 (stage1_path_engine_14_DP_OP_659J2_147_6502_J2_0_0)
                                      3.25e-07 1.01e-07 7.06e-08 4.96e-07   0.0
      DP_OP_645J2_133_6502 (stage1_path_engine_14_DP_OP_645J2_133_6502_J2_0_0)
                                      3.18e-07 9.57e-08 7.36e-08 4.88e-07   0.0
      DP_OP_662J2_150_6502 (stage1_path_engine_14_DP_OP_662J2_150_6502_J2_0_0)
                                      3.33e-07 1.02e-07 7.29e-08 5.07e-07   0.0
      mult_x_10 (stage1_path_engine_14_DW_mult_tc_J2_22_0)
                                      2.95e-06 1.76e-06 3.28e-07 5.04e-06   0.0
      mult_x_11 (stage1_path_engine_14_DW_mult_tc_J2_21_0)
                                      2.98e-06 1.77e-06 3.28e-07 5.07e-06   0.0
      mult_x_12 (stage1_path_engine_14_DW_mult_tc_J2_20_0)
                                      3.01e-06 1.77e-06 3.23e-07 5.10e-06   0.0
      mult_x_13 (stage1_path_engine_14_DW_mult_tc_J2_19_0)
                                      3.06e-06 1.77e-06 3.30e-07 5.16e-06   0.0
      mult_x_14 (stage1_path_engine_14_DW_mult_tc_J2_18_0)
                                      2.91e-06 1.74e-06 3.15e-07 4.97e-06   0.0
      mult_x_15 (stage1_path_engine_14_DW_mult_tc_J2_17_0)
                                      2.91e-06 1.76e-06 3.30e-07 5.00e-06   0.0
      mult_x_16 (stage1_path_engine_14_DW_mult_tc_J2_16_0)
                                      2.98e-06 1.77e-06 3.31e-07 5.08e-06   0.0
      mult_x_17 (stage1_path_engine_14_DW_mult_tc_J2_15_0)
                                      3.01e-06 1.77e-06 3.18e-07 5.10e-06   0.0
      mult_x_18 (stage1_path_engine_14_DW_mult_tc_J2_14_0)
                                      2.98e-06 1.76e-06 3.18e-07 5.06e-06   0.0
      mult_x_19 (stage1_path_engine_14_DW_mult_tc_J2_13_0)
                                      2.95e-06 1.71e-06 3.19e-07 4.98e-06   0.0
      mult_x_20 (stage1_path_engine_14_DW_mult_tc_J2_12_0)
                                      2.96e-06 1.76e-06 3.28e-07 5.05e-06   0.0
      mult_x_21 (stage1_path_engine_14_DW_mult_tc_J2_11_0)
                                      2.96e-06 1.76e-06 3.30e-07 5.06e-06   0.0
      mult_x_22 (stage1_path_engine_14_DW_mult_tc_J2_10_0)
                                      3.03e-06 1.77e-06 3.22e-07 5.12e-06   0.0
      mult_x_23 (stage1_path_engine_14_DW_mult_tc_J2_9_0)
                                      3.03e-06 1.76e-06 3.26e-07 5.12e-06   0.0
      mult_x_24 (stage1_path_engine_14_DW_mult_tc_J2_8_0)
                                      2.94e-06 1.76e-06 3.16e-07 5.01e-06   0.0
      mult_x_25 (stage1_path_engine_14_DW_mult_tc_J2_7_0)
                                      2.90e-06 1.76e-06 3.29e-07 4.99e-06   0.0
      mult_x_26 (stage1_path_engine_14_DW_mult_tc_J2_6_0)
                                      2.91e-06 1.75e-06 3.33e-07 5.00e-06   0.0
      mult_x_27 (stage1_path_engine_14_DW_mult_tc_J2_5_0)
                                      3.03e-06 1.77e-06 3.19e-07 5.12e-06   0.0
      mult_x_28 (stage1_path_engine_14_DW_mult_tc_J2_4_0)
                                      3.01e-06 1.77e-06 3.18e-07 5.10e-06   0.0
      mult_x_29 (stage1_path_engine_14_DW_mult_tc_J2_3_0)
                                      2.98e-06 1.75e-06 3.21e-07 5.05e-06   0.0
      mult_x_30 (stage1_path_engine_14_DW_mult_tc_J2_2_0)
                                      2.97e-06 1.76e-06 3.32e-07 5.05e-06   0.0
      mult_x_31 (stage1_path_engine_14_DW_mult_tc_J2_1_0)
                                      2.94e-06 1.76e-06 3.29e-07 5.02e-06   0.0
      mult_x_32 (stage1_path_engine_14_DW_mult_tc_J2_0_0)
                                      3.01e-06 1.78e-06 3.24e-07 5.11e-06   0.0
      DP_OP_646J2_134_6502 (stage1_path_engine_14_DP_OP_646J2_134_6502_J2_0_0)
                                      3.33e-07 1.02e-07 7.29e-08 5.07e-07   0.0
      mult_x_1 (stage1_path_engine_14_DW_mult_tc_J2_31_0)
                                      2.97e-06 1.77e-06 3.28e-07 5.07e-06   0.0
      mult_x_2 (stage1_path_engine_14_DW_mult_tc_J2_30_0)
                                      3.00e-06 1.77e-06 3.23e-07 5.09e-06   0.0
      mult_x_3 (stage1_path_engine_14_DW_mult_tc_J2_29_0)
                                      3.04e-06 1.78e-06 3.21e-07 5.14e-06   0.0
      mult_x_4 (stage1_path_engine_14_DW_mult_tc_J2_28_0)
                                      2.96e-06 1.74e-06 3.17e-07 5.01e-06   0.0
      mult_x_5 (stage1_path_engine_14_DW_mult_tc_J2_27_0)
                                      2.97e-06 1.76e-06 3.30e-07 5.06e-06   0.0
      mult_x_6 (stage1_path_engine_14_DW_mult_tc_J2_26_0)
                                      2.98e-06 1.76e-06 3.31e-07 5.08e-06   0.0
      mult_x_7 (stage1_path_engine_14_DW_mult_tc_J2_25_0)
                                      3.01e-06 1.77e-06 3.18e-07 5.10e-06   0.0
      DP_OP_663J2_151_6502 (stage1_path_engine_14_DP_OP_663J2_151_6502_J2_0_0)
                                      3.13e-07 9.65e-08 7.22e-08 4.81e-07   0.0
      mult_x_8 (stage1_path_engine_14_DW_mult_tc_J2_24_0)
                                      3.00e-06 1.78e-06 3.27e-07 5.10e-06   0.0
      mult_x_9 (stage1_path_engine_14_DW_mult_tc_J2_23_0)
                                      2.96e-06 1.73e-06 3.22e-07 5.02e-06   0.0
      DP_OP_647J2_135_6502 (stage1_path_engine_14_DP_OP_647J2_135_6502_J2_0_0)
                                      3.13e-07 9.65e-08 7.22e-08 4.81e-07   0.0
      DP_OP_664J2_152_6502 (stage1_path_engine_14_DP_OP_664J2_152_6502_J2_0_0)
                                      3.17e-07 9.90e-08 7.02e-08 4.86e-07   0.0
      DP_OP_668J2_156_310 (stage1_path_engine_14_DP_OP_668J2_156_310_J2_0_0)
                                      1.19e-06 4.09e-07 3.30e-07 1.93e-06   0.0
      DP_OP_640J2_128_6502 (stage1_path_engine_14_DP_OP_640J2_128_6502_J2_0_0)
                                      3.17e-07 9.90e-08 7.02e-08 4.86e-07   0.0
      DP_OP_669J2_157_310 (stage1_path_engine_14_DP_OP_669J2_157_310_J2_0_0)
                                      1.34e-06 4.81e-07 3.28e-07 2.15e-06   0.0
      DP_OP_648J2_136_6502 (stage1_path_engine_14_DP_OP_648J2_136_6502_J2_0_0)
                                      3.17e-07 9.90e-08 7.02e-08 4.86e-07   0.0
      DP_OP_665J2_153_6502 (stage1_path_engine_14_DP_OP_665J2_153_6502_J2_0_0)
                                      3.30e-07 1.03e-07 7.07e-08 5.04e-07   0.0
      DP_OP_666J2_154_310 (stage1_path_engine_14_DP_OP_666J2_154_310_J2_0_0)
                                      1.16e-06 4.10e-07 3.30e-07 1.90e-06   0.0
      DP_OP_634J2_122_6502 (stage1_path_engine_14_DP_OP_634J2_122_6502_J2_0_0)
                                      3.09e-07 9.36e-08 7.08e-08 4.73e-07   0.0
      DP_OP_641J2_129_6502 (stage1_path_engine_14_DP_OP_641J2_129_6502_J2_0_0)
                                      3.30e-07 1.03e-07 7.07e-08 5.04e-07   0.0
      DP_OP_649J2_137_6502 (stage1_path_engine_14_DP_OP_649J2_137_6502_J2_0_0)
                                      3.30e-07 1.03e-07 7.07e-08 5.04e-07   0.0
      DP_OP_667J2_155_310 (stage1_path_engine_14_DP_OP_667J2_155_310_J2_0_0)
                                      1.33e-06 4.87e-07 3.28e-07 2.15e-06   0.0
  g_weight_2__u_weight (sram_bank_128x256_13)
                                      5.42e-04 7.64e-06 9.45e-05 6.45e-04   2.3
    g_bank_6__u_macro (hs128x32_wrapper_105)
                                      6.78e-05 9.56e-07 1.18e-05 8.06e-05   0.3
    g_bank_5__u_macro (hs128x32_wrapper_106)
                                      6.78e-05 9.54e-07 1.18e-05 8.06e-05   0.3
    g_bank_4__u_macro (hs128x32_wrapper_107)
                                      6.78e-05 9.55e-07 1.18e-05 8.06e-05   0.3
    g_bank_0__u_macro (hs128x32_wrapper_111)
                                      6.78e-05 9.54e-07 1.18e-05 8.06e-05   0.3
    g_bank_3__u_macro (hs128x32_wrapper_108)
                                      6.78e-05 9.54e-07 1.18e-05 8.06e-05   0.3
    g_bank_2__u_macro (hs128x32_wrapper_109)
                                      6.78e-05 9.54e-07 1.18e-05 8.06e-05   0.3
    g_bank_1__u_macro (hs128x32_wrapper_110)
                                      6.78e-05 9.56e-07 1.18e-05 8.06e-05   0.3
    g_bank_7__u_macro (hs128x32_wrapper_104)
                                      6.78e-05 9.54e-07 1.18e-05 8.06e-05   0.3
  DP_OP_279J1_137_5275 (stage1_tile_DP_OP_279J1_137_5275_J1_0)
                                      5.53e-07 2.22e-07 1.42e-07 9.17e-07   0.0
  u_beta_w (sram_bank_128x128_1)      4.09e-04 7.70e-07 4.73e-05 4.57e-04   1.6
    g_bank_1__u_macro (hs128x32_wrapper_134)
                                      1.02e-04 1.98e-07 1.18e-05 1.14e-04   0.4
    g_bank_2__u_macro (hs128x32_wrapper_133)
                                      1.02e-04 1.77e-07 1.18e-05 1.14e-04   0.4
    g_bank_3__u_macro (hs128x32_wrapper_132)
                                      1.02e-04 2.19e-07 1.18e-05 1.15e-04   0.4
    g_bank_0__u_macro (hs128x32_wrapper_135)
                                      1.02e-04 1.77e-07 1.18e-05 1.14e-04   0.4
  DP_OP_272J1_130_5275 (stage1_tile_DP_OP_272J1_130_5275_J1_0)
                                      5.79e-07 2.45e-07 1.35e-07 9.58e-07   0.0
  g_weight_10__u_weight (sram_bank_128x256_5)
                                      5.42e-04 7.62e-06 9.45e-05 6.44e-04   2.3
    g_bank_6__u_macro (hs128x32_wrapper_41)
                                      6.78e-05 9.51e-07 1.18e-05 8.05e-05   0.3
    g_bank_5__u_macro (hs128x32_wrapper_42)
                                      6.78e-05 9.54e-07 1.18e-05 8.06e-05   0.3
    g_bank_4__u_macro (hs128x32_wrapper_43)
                                      6.78e-05 9.52e-07 1.18e-05 8.05e-05   0.3
    g_bank_0__u_macro (hs128x32_wrapper_47)
                                      6.78e-05 9.54e-07 1.18e-05 8.06e-05   0.3
    g_bank_3__u_macro (hs128x32_wrapper_44)
                                      6.78e-05 9.52e-07 1.18e-05 8.05e-05   0.3
    g_bank_2__u_macro (hs128x32_wrapper_45)
                                      6.78e-05 9.54e-07 1.18e-05 8.06e-05   0.3
    g_bank_1__u_macro (hs128x32_wrapper_46)
                                      6.78e-05 9.51e-07 1.18e-05 8.05e-05   0.3
    g_bank_7__u_macro (hs128x32_wrapper_40)
                                      6.78e-05 9.54e-07 1.18e-05 8.06e-05   0.3
  g_weight_5__u_weight (sram_bank_128x256_10)
                                      5.42e-04 7.64e-06 9.45e-05 6.44e-04   2.3
    g_bank_6__u_macro (hs128x32_wrapper_81)
                                      6.78e-05 9.55e-07 1.18e-05 8.06e-05   0.3
    g_bank_5__u_macro (hs128x32_wrapper_82)
                                      6.78e-05 9.54e-07 1.18e-05 8.06e-05   0.3
    g_bank_4__u_macro (hs128x32_wrapper_83)
                                      6.78e-05 9.54e-07 1.18e-05 8.06e-05   0.3
    g_bank_0__u_macro (hs128x32_wrapper_87)
                                      6.78e-05 9.54e-07 1.18e-05 8.06e-05   0.3
    g_bank_3__u_macro (hs128x32_wrapper_84)
                                      6.78e-05 9.56e-07 1.18e-05 8.06e-05   0.3
    g_bank_2__u_macro (hs128x32_wrapper_85)
                                      6.78e-05 9.54e-07 1.18e-05 8.06e-05   0.3
    g_bank_1__u_macro (hs128x32_wrapper_86)
                                      6.78e-05 9.55e-07 1.18e-05 8.06e-05   0.3
    g_bank_7__u_macro (hs128x32_wrapper_80)
                                      6.78e-05 9.54e-07 1.18e-05 8.06e-05   0.3
  DP_OP_265J1_123_5275 (stage1_tile_DP_OP_265J1_123_5275_J1_0)
                                      7.59e-07 3.06e-07 1.38e-07 1.20e-06   0.0
  u_config (stage1_config_frontend)   2.98e-04 1.81e-09 3.22e-06 3.02e-04   1.1
  g_pair_7__u_pair (stage1_lane_pair_0)
                                      1.67e-03 2.09e-04 4.96e-05 1.93e-03   6.8
    u_gate (stage1_path_engine_1)     8.32e-04 1.02e-04 2.48e-05 9.59e-04   3.4
      DP_OP_657J3_147_2117 (stage1_path_engine_0_DP_OP_657J3_147_2117_J3_0_1)
                                      3.02e-07 1.00e-07 6.97e-08 4.72e-07   0.0
      DP_OP_670J3_160_8083 (stage1_path_engine_0_DP_OP_670J3_160_8083_J3_0_1)
                                      1.58e-06 5.50e-07 3.29e-07 2.46e-06   0.0
      DP_OP_673J3_163_589 (stage1_path_engine_0_DP_OP_673J3_163_589_J3_0_1)
                                      2.88e-06 9.06e-07 3.62e-07 4.15e-06   0.0
      DP_OP_643J3_133_2117 (stage1_path_engine_0_DP_OP_643J3_133_2117_J3_0_1)
                                      3.06e-07 9.93e-08 6.94e-08 4.74e-07   0.0
      add_x_33 (stage1_path_engine_0_DW01_add_J3_1_1)
                                      1.03e-06 2.29e-07 1.33e-07 1.39e-06   0.0
      DP_OP_660J3_150_2117 (stage1_path_engine_0_DP_OP_660J3_150_2117_J3_0_1)
                                      3.03e-07 9.87e-08 7.20e-08 4.74e-07   0.0
      DP_OP_658J3_148_2117 (stage1_path_engine_0_DP_OP_658J3_148_2117_J3_0_1)
                                      3.09e-07 1.01e-07 6.93e-08 4.80e-07   0.0
      DP_OP_671J3_161_8083 (stage1_path_engine_0_DP_OP_671J3_161_8083_J3_0_1)
                                      1.71e-06 5.81e-07 3.31e-07 2.62e-06   0.0
      DP_OP_644J3_134_2117 (stage1_path_engine_0_DP_OP_644J3_134_2117_J3_0_1)
                                      3.03e-07 9.87e-08 7.20e-08 4.74e-07   0.0
      DP_OP_667J3_157_8083 (stage1_path_engine_0_DP_OP_667J3_157_8083_J3_0_1)
                                      1.62e-06 5.61e-07 3.28e-07 2.50e-06   0.0
      DP_OP_661J3_151_2117 (stage1_path_engine_0_DP_OP_661J3_151_2117_J3_0_1)
                                      2.75e-07 9.02e-08 7.12e-08 4.37e-07   0.0
      DP_OP_659J3_149_2117 (stage1_path_engine_0_DP_OP_659J3_149_2117_J3_0_1)
                                      3.06e-07 9.93e-08 6.94e-08 4.74e-07   0.0
      add_x_194 (stage1_path_engine_0_DW01_add_J3_0_1)
                                      1.44e-06 2.96e-07 1.88e-07 1.93e-06   0.0
      DP_OP_645J3_135_2117 (stage1_path_engine_0_DP_OP_645J3_135_2117_J3_0_1)
                                      2.75e-07 9.02e-08 7.12e-08 4.37e-07   0.0
      DP_OP_668J3_158_8083 (stage1_path_engine_0_DP_OP_668J3_158_8083_J3_0_1)
                                      1.46e-06 5.00e-07 3.28e-07 2.29e-06   0.0
      DP_OP_662J3_152_2117 (stage1_path_engine_0_DP_OP_662J3_152_2117_J3_0_1)
                                      2.78e-07 9.33e-08 6.82e-08 4.40e-07   0.0
      DP_OP_646J3_136_2117 (stage1_path_engine_0_DP_OP_646J3_136_2117_J3_0_1)
                                      2.78e-07 9.33e-08 6.82e-08 4.40e-07   0.0
      DP_OP_669J3_159_8083 (stage1_path_engine_0_DP_OP_669J3_159_8083_J3_0_1)
                                      1.67e-06 5.66e-07 3.28e-07 2.57e-06   0.0
      DP_OP_663J3_153_2117 (stage1_path_engine_0_DP_OP_663J3_153_2117_J3_0_1)
                                      3.03e-07 1.01e-07 6.83e-08 4.72e-07   0.0
      DP_OP_632J3_122_2117 (stage1_path_engine_0_DP_OP_632J3_122_2117_J3_0_1)
                                      2.93e-07 9.59e-08 6.95e-08 4.58e-07   0.0
      DP_OP_647J3_137_2117 (stage1_path_engine_0_DP_OP_647J3_137_2117_J3_0_1)
                                      3.03e-07 1.01e-07 6.83e-08 4.72e-07   0.0
      DP_OP_633J3_123_2117 (stage1_path_engine_0_DP_OP_633J3_123_2117_J3_0_1)
                                      3.02e-07 1.00e-07 6.97e-08 4.72e-07   0.0
      DP_OP_650J3_140_2117 (stage1_path_engine_0_DP_OP_650J3_140_2117_J3_0_1)
                                      3.09e-07 1.01e-07 6.93e-08 4.80e-07   0.0
      DP_OP_648J3_138_2117 (stage1_path_engine_0_DP_OP_648J3_138_2117_J3_0_1)
                                      2.93e-07 9.59e-08 6.95e-08 4.58e-07   0.0
      DP_OP_634J3_124_2117 (stage1_path_engine_0_DP_OP_634J3_124_2117_J3_0_1)
                                      3.09e-07 1.01e-07 6.93e-08 4.80e-07   0.0
      DP_OP_651J3_141_2117 (stage1_path_engine_0_DP_OP_651J3_141_2117_J3_0_1)
                                      3.06e-07 9.93e-08 6.94e-08 4.74e-07   0.0
      DP_OP_649J3_139_2117 (stage1_path_engine_0_DP_OP_649J3_139_2117_J3_0_1)
                                      3.02e-07 1.00e-07 6.97e-08 4.72e-07   0.0
      DP_OP_635J3_125_2117 (stage1_path_engine_0_DP_OP_635J3_125_2117_J3_0_1)
                                      3.06e-07 9.93e-08 6.94e-08 4.74e-07   0.0
      DP_OP_652J3_142_2117 (stage1_path_engine_0_DP_OP_652J3_142_2117_J3_0_1)
                                      3.03e-07 9.87e-08 7.20e-08 4.74e-07   0.0
      DP_OP_636J3_126_2117 (stage1_path_engine_0_DP_OP_636J3_126_2117_J3_0_1)
                                      3.03e-07 9.87e-08 7.20e-08 4.74e-07   0.0
      mult_x_10 (stage1_path_engine_0_DW_mult_tc_J3_22_1)
                                      2.98e-06 1.76e-06 3.24e-07 5.06e-06   0.0
      mult_x_11 (stage1_path_engine_0_DW_mult_tc_J3_21_1)
                                      3.01e-06 1.76e-06 3.27e-07 5.10e-06   0.0
      mult_x_12 (stage1_path_engine_0_DW_mult_tc_J3_20_1)
                                      2.97e-06 1.74e-06 3.22e-07 5.03e-06   0.0
      mult_x_13 (stage1_path_engine_0_DW_mult_tc_J3_19_1)
                                      2.98e-06 1.74e-06 3.29e-07 5.05e-06   0.0
      mult_x_14 (stage1_path_engine_0_DW_mult_tc_J3_18_1)
                                      3.00e-06 1.77e-06 3.28e-07 5.10e-06   0.0
      mult_x_15 (stage1_path_engine_0_DW_mult_tc_J3_17_1)
                                      2.94e-06 1.76e-06 3.23e-07 5.02e-06   0.0
      mult_x_16 (stage1_path_engine_0_DW_mult_tc_J3_16_1)
                                      3.03e-06 1.76e-06 3.31e-07 5.12e-06   0.0
      mult_x_17 (stage1_path_engine_0_DW_mult_tc_J3_15_1)
                                      2.96e-06 1.74e-06 3.16e-07 5.02e-06   0.0
      mult_x_18 (stage1_path_engine_0_DW_mult_tc_J3_14_1)
                                      2.90e-06 1.73e-06 3.18e-07 4.95e-06   0.0
      mult_x_19 (stage1_path_engine_0_DW_mult_tc_J3_13_1)
                                      2.95e-06 1.77e-06 3.33e-07 5.05e-06   0.0
      DP_OP_653J3_143_2117 (stage1_path_engine_0_DP_OP_653J3_143_2117_J3_0_1)
                                      2.75e-07 9.02e-08 7.12e-08 4.37e-07   0.0
      mult_x_20 (stage1_path_engine_0_DW_mult_tc_J3_12_1)
                                      2.98e-06 1.76e-06 3.23e-07 5.07e-06   0.0
      mult_x_21 (stage1_path_engine_0_DW_mult_tc_J3_11_1)
                                      2.99e-06 1.75e-06 3.28e-07 5.07e-06   0.0
      mult_x_22 (stage1_path_engine_0_DW_mult_tc_J3_10_1)
                                      2.98e-06 1.74e-06 3.21e-07 5.04e-06   0.0
      mult_x_23 (stage1_path_engine_0_DW_mult_tc_J3_9_1)
                                      2.95e-06 1.74e-06 3.27e-07 5.01e-06   0.0
      mult_x_24 (stage1_path_engine_0_DW_mult_tc_J3_8_1)
                                      3.03e-06 1.77e-06 3.27e-07 5.13e-06   0.0
      mult_x_25 (stage1_path_engine_0_DW_mult_tc_J3_7_1)
                                      2.94e-06 1.76e-06 3.22e-07 5.02e-06   0.0
      mult_x_26 (stage1_path_engine_0_DW_mult_tc_J3_6_1)
                                      2.97e-06 1.75e-06 3.32e-07 5.05e-06   0.0
      mult_x_27 (stage1_path_engine_0_DW_mult_tc_J3_5_1)
                                      2.98e-06 1.74e-06 3.16e-07 5.04e-06   0.0
      mult_x_28 (stage1_path_engine_0_DW_mult_tc_J3_4_1)
                                      2.92e-06 1.74e-06 3.18e-07 4.98e-06   0.0
      mult_x_29 (stage1_path_engine_0_DW_mult_tc_J3_3_1)
                                      3.00e-06 1.76e-06 3.32e-07 5.09e-06   0.0
      mult_x_30 (stage1_path_engine_0_DW_mult_tc_J3_2_1)
                                      3.00e-06 1.75e-06 3.25e-07 5.08e-06   0.0
      mult_x_31 (stage1_path_engine_0_DW_mult_tc_J3_1_1)
                                      2.99e-06 1.75e-06 3.27e-07 5.06e-06   0.0
      mult_x_32 (stage1_path_engine_0_DW_mult_tc_J3_0_1)
                                      2.97e-06 1.75e-06 3.22e-07 5.04e-06   0.0
      DP_OP_664J3_154_8083 (stage1_path_engine_0_DP_OP_664J3_154_8083_J3_0_1)
                                      1.47e-06 4.98e-07 3.30e-07 2.29e-06   0.0
      mult_x_1 (stage1_path_engine_0_DW_mult_tc_J3_31_1)
                                      3.00e-06 1.75e-06 3.27e-07 5.08e-06   0.0
      mult_x_2 (stage1_path_engine_0_DW_mult_tc_J3_30_1)
                                      2.96e-06 1.74e-06 3.21e-07 5.02e-06   0.0
      mult_x_3 (stage1_path_engine_0_DW_mult_tc_J3_29_1)
                                      2.96e-06 1.76e-06 3.20e-07 5.03e-06   0.0
      mult_x_4 (stage1_path_engine_0_DW_mult_tc_J3_28_1)
                                      2.98e-06 1.76e-06 3.29e-07 5.07e-06   0.0
      mult_x_5 (stage1_path_engine_0_DW_mult_tc_J3_27_1)
                                      3.00e-06 1.75e-06 3.25e-07 5.08e-06   0.0
      mult_x_6 (stage1_path_engine_0_DW_mult_tc_J3_26_1)
                                      3.02e-06 1.75e-06 3.31e-07 5.11e-06   0.0
      mult_x_7 (stage1_path_engine_0_DW_mult_tc_J3_25_1)
                                      2.95e-06 1.74e-06 3.16e-07 5.01e-06   0.0
      mult_x_8 (stage1_path_engine_0_DW_mult_tc_J3_24_1)
                                      2.93e-06 1.75e-06 3.26e-07 5.00e-06   0.0
      mult_x_9 (stage1_path_engine_0_DW_mult_tc_J3_23_1)
                                      2.93e-06 1.75e-06 3.33e-07 5.01e-06   0.0
      DP_OP_637J3_127_2117 (stage1_path_engine_0_DP_OP_637J3_127_2117_J3_0_1)
                                      2.75e-07 9.02e-08 7.12e-08 4.37e-07   0.0
      DP_OP_654J3_144_2117 (stage1_path_engine_0_DP_OP_654J3_144_2117_J3_0_1)
                                      2.78e-07 9.33e-08 6.82e-08 4.40e-07   0.0
      DP_OP_665J3_155_8083 (stage1_path_engine_0_DP_OP_665J3_155_8083_J3_0_1)
                                      1.85e-06 6.27e-07 3.28e-07 2.80e-06   0.0
      DP_OP_640J3_130_2117 (stage1_path_engine_0_DP_OP_640J3_130_2117_J3_0_1)
                                      2.93e-07 9.59e-08 6.95e-08 4.58e-07   0.0
      DP_OP_638J3_128_2117 (stage1_path_engine_0_DP_OP_638J3_128_2117_J3_0_1)
                                      2.78e-07 9.33e-08 6.82e-08 4.40e-07   0.0
      DP_OP_655J3_145_2117 (stage1_path_engine_0_DP_OP_655J3_145_2117_J3_0_1)
                                      3.03e-07 1.01e-07 6.83e-08 4.72e-07   0.0
      DP_OP_666J3_156_8083 (stage1_path_engine_0_DP_OP_666J3_156_8083_J3_0_1)
                                      1.50e-06 5.07e-07 3.29e-07 2.34e-06   0.0
      DP_OP_641J3_131_2117 (stage1_path_engine_0_DP_OP_641J3_131_2117_J3_0_1)
                                      3.02e-07 1.00e-07 6.97e-08 4.72e-07   0.0
      DP_OP_639J3_129_2117 (stage1_path_engine_0_DP_OP_639J3_129_2117_J3_0_1)
                                      3.03e-07 1.01e-07 6.83e-08 4.72e-07   0.0
      DP_OP_656J3_146_2117 (stage1_path_engine_0_DP_OP_656J3_146_2117_J3_0_1)
                                      2.93e-07 9.59e-08 6.95e-08 4.58e-07   0.0
      DP_OP_672J3_162_589 (stage1_path_engine_0_DP_OP_672J3_162_589_J3_0_1)
                                      2.80e-06 8.90e-07 3.55e-07 4.05e-06   0.0
      DP_OP_642J3_132_2117 (stage1_path_engine_0_DP_OP_642J3_132_2117_J3_0_1)
                                      3.09e-07 1.01e-07 6.93e-08 4.80e-07   0.0
    u_up (stage1_path_engine_0)       8.38e-04 1.06e-04 2.47e-05 9.69e-04   3.4
      DP_OP_657J3_147_2117 (stage1_path_engine_0_DP_OP_657J3_147_2117_J3_0_0)
                                      2.92e-07 9.57e-08 6.79e-08 4.56e-07   0.0
      DP_OP_670J3_160_8083 (stage1_path_engine_0_DP_OP_670J3_160_8083_J3_0_0)
                                      1.84e-06 6.13e-07 3.27e-07 2.78e-06   0.0
      DP_OP_673J3_163_589 (stage1_path_engine_0_DP_OP_673J3_163_589_J3_0_0)
                                      2.77e-06 8.68e-07 3.55e-07 3.99e-06   0.0
      DP_OP_643J3_133_2117 (stage1_path_engine_0_DP_OP_643J3_133_2117_J3_0_0)
                                      3.04e-07 9.80e-08 6.73e-08 4.69e-07   0.0
      add_x_33 (stage1_path_engine_0_DW01_add_J3_1_0)
                                      9.77e-07 2.19e-07 1.31e-07 1.33e-06   0.0
      DP_OP_660J3_150_2117 (stage1_path_engine_0_DP_OP_660J3_150_2117_J3_0_0)
                                      2.97e-07 9.59e-08 6.78e-08 4.61e-07   0.0
      DP_OP_658J3_148_2117 (stage1_path_engine_0_DP_OP_658J3_148_2117_J3_0_0)
                                      3.03e-07 9.89e-08 6.72e-08 4.69e-07   0.0
      DP_OP_671J3_161_8083 (stage1_path_engine_0_DP_OP_671J3_161_8083_J3_0_0)
                                      1.80e-06 6.21e-07 3.28e-07 2.75e-06   0.0
      DP_OP_644J3_134_2117 (stage1_path_engine_0_DP_OP_644J3_134_2117_J3_0_0)
                                      2.97e-07 9.59e-08 6.78e-08 4.61e-07   0.0
      DP_OP_667J3_157_8083 (stage1_path_engine_0_DP_OP_667J3_157_8083_J3_0_0)
                                      1.87e-06 6.26e-07 3.29e-07 2.82e-06   0.0
      DP_OP_661J3_151_2117 (stage1_path_engine_0_DP_OP_661J3_151_2117_J3_0_0)
                                      2.53e-07 8.11e-08 6.97e-08 4.04e-07   0.0
      DP_OP_659J3_149_2117 (stage1_path_engine_0_DP_OP_659J3_149_2117_J3_0_0)
                                      3.04e-07 9.80e-08 6.73e-08 4.69e-07   0.0
      add_x_194 (stage1_path_engine_0_DW01_add_J3_0_0)
                                      1.40e-06 2.85e-07 1.89e-07 1.87e-06   0.0
      DP_OP_645J3_135_2117 (stage1_path_engine_0_DP_OP_645J3_135_2117_J3_0_0)
                                      2.53e-07 8.11e-08 6.97e-08 4.04e-07   0.0
      DP_OP_668J3_158_8083 (stage1_path_engine_0_DP_OP_668J3_158_8083_J3_0_0)
                                      1.76e-06 5.92e-07 3.27e-07 2.67e-06   0.0
      DP_OP_662J3_152_2117 (stage1_path_engine_0_DP_OP_662J3_152_2117_J3_0_0)
                                      2.59e-07 8.55e-08 6.61e-08 4.11e-07   0.0
      DP_OP_646J3_136_2117 (stage1_path_engine_0_DP_OP_646J3_136_2117_J3_0_0)
                                      2.59e-07 8.55e-08 6.61e-08 4.11e-07   0.0
      DP_OP_669J3_159_8083 (stage1_path_engine_0_DP_OP_669J3_159_8083_J3_0_0)
                                      2.12e-06 6.97e-07 3.29e-07 3.14e-06   0.0
      DP_OP_663J3_153_2117 (stage1_path_engine_0_DP_OP_663J3_153_2117_J3_0_0)
                                      2.86e-07 9.37e-08 6.63e-08 4.46e-07   0.0
      DP_OP_632J3_122_2117 (stage1_path_engine_0_DP_OP_632J3_122_2117_J3_0_0)
                                      2.71e-07 8.75e-08 6.73e-08 4.26e-07   0.0
      DP_OP_647J3_137_2117 (stage1_path_engine_0_DP_OP_647J3_137_2117_J3_0_0)
                                      2.86e-07 9.37e-08 6.63e-08 4.46e-07   0.0
      DP_OP_633J3_123_2117 (stage1_path_engine_0_DP_OP_633J3_123_2117_J3_0_0)
                                      2.92e-07 9.57e-08 6.79e-08 4.56e-07   0.0
      DP_OP_650J3_140_2117 (stage1_path_engine_0_DP_OP_650J3_140_2117_J3_0_0)
                                      3.03e-07 9.89e-08 6.72e-08 4.69e-07   0.0
      DP_OP_648J3_138_2117 (stage1_path_engine_0_DP_OP_648J3_138_2117_J3_0_0)
                                      2.71e-07 8.75e-08 6.73e-08 4.26e-07   0.0
      DP_OP_634J3_124_2117 (stage1_path_engine_0_DP_OP_634J3_124_2117_J3_0_0)
                                      3.03e-07 9.89e-08 6.72e-08 4.69e-07   0.0
      DP_OP_651J3_141_2117 (stage1_path_engine_0_DP_OP_651J3_141_2117_J3_0_0)
                                      3.04e-07 9.80e-08 6.73e-08 4.69e-07   0.0
      DP_OP_649J3_139_2117 (stage1_path_engine_0_DP_OP_649J3_139_2117_J3_0_0)
                                      2.92e-07 9.57e-08 6.79e-08 4.56e-07   0.0
      DP_OP_635J3_125_2117 (stage1_path_engine_0_DP_OP_635J3_125_2117_J3_0_0)
                                      3.04e-07 9.80e-08 6.73e-08 4.69e-07   0.0
      DP_OP_652J3_142_2117 (stage1_path_engine_0_DP_OP_652J3_142_2117_J3_0_0)
                                      2.97e-07 9.59e-08 6.78e-08 4.61e-07   0.0
      DP_OP_636J3_126_2117 (stage1_path_engine_0_DP_OP_636J3_126_2117_J3_0_0)
                                      2.97e-07 9.59e-08 6.78e-08 4.61e-07   0.0
      mult_x_10 (stage1_path_engine_0_DW_mult_tc_J3_22_0)
                                      3.04e-06 1.81e-06 3.24e-07 5.17e-06   0.0
      mult_x_11 (stage1_path_engine_0_DW_mult_tc_J3_21_0)
                                      2.95e-06 1.78e-06 3.16e-07 5.05e-06   0.0
      mult_x_12 (stage1_path_engine_0_DW_mult_tc_J3_20_0)
                                      3.06e-06 1.80e-06 3.33e-07 5.19e-06   0.0
      mult_x_13 (stage1_path_engine_0_DW_mult_tc_J3_19_0)
                                      2.97e-06 1.77e-06 3.25e-07 5.07e-06   0.0
      mult_x_14 (stage1_path_engine_0_DW_mult_tc_J3_18_0)
                                      2.91e-06 1.77e-06 3.30e-07 5.01e-06   0.0
      mult_x_15 (stage1_path_engine_0_DW_mult_tc_J3_17_0)
                                      3.02e-06 1.81e-06 3.34e-07 5.16e-06   0.0
      mult_x_16 (stage1_path_engine_0_DW_mult_tc_J3_16_0)
                                      2.98e-06 1.75e-06 3.21e-07 5.05e-06   0.0
      mult_x_17 (stage1_path_engine_0_DW_mult_tc_J3_15_0)
                                      3.08e-06 1.80e-06 3.32e-07 5.21e-06   0.0
      mult_x_18 (stage1_path_engine_0_DW_mult_tc_J3_14_0)
                                      2.95e-06 1.77e-06 3.27e-07 5.04e-06   0.0
      mult_x_19 (stage1_path_engine_0_DW_mult_tc_J3_13_0)
                                      2.90e-06 1.74e-06 3.31e-07 4.97e-06   0.0
      DP_OP_653J3_143_2117 (stage1_path_engine_0_DP_OP_653J3_143_2117_J3_0_0)
                                      2.53e-07 8.11e-08 6.97e-08 4.04e-07   0.0
      mult_x_20 (stage1_path_engine_0_DW_mult_tc_J3_12_0)
                                      3.00e-06 1.81e-06 3.22e-07 5.13e-06   0.0
      mult_x_21 (stage1_path_engine_0_DW_mult_tc_J3_11_0)
                                      3.00e-06 1.78e-06 3.19e-07 5.11e-06   0.0
      mult_x_22 (stage1_path_engine_0_DW_mult_tc_J3_10_0)
                                      3.05e-06 1.80e-06 3.33e-07 5.18e-06   0.0
      mult_x_23 (stage1_path_engine_0_DW_mult_tc_J3_9_0)
                                      2.97e-06 1.77e-06 3.25e-07 5.06e-06   0.0
      mult_x_24 (stage1_path_engine_0_DW_mult_tc_J3_8_0)
                                      2.95e-06 1.78e-06 3.30e-07 5.06e-06   0.0
      mult_x_25 (stage1_path_engine_0_DW_mult_tc_J3_7_0)
                                      2.96e-06 1.80e-06 3.31e-07 5.09e-06   0.0
      mult_x_26 (stage1_path_engine_0_DW_mult_tc_J3_6_0)
                                      3.01e-06 1.78e-06 3.26e-07 5.11e-06   0.0
      mult_x_27 (stage1_path_engine_0_DW_mult_tc_J3_5_0)
                                      3.03e-06 1.80e-06 3.32e-07 5.16e-06   0.0
      mult_x_28 (stage1_path_engine_0_DW_mult_tc_J3_4_0)
                                      2.97e-06 1.78e-06 3.27e-07 5.08e-06   0.0
      mult_x_29 (stage1_path_engine_0_DW_mult_tc_J3_3_0)
                                      2.95e-06 1.77e-06 3.33e-07 5.06e-06   0.0
      mult_x_30 (stage1_path_engine_0_DW_mult_tc_J3_2_0)
                                      3.01e-06 1.79e-06 3.33e-07 5.13e-06   0.0
      mult_x_31 (stage1_path_engine_0_DW_mult_tc_J3_1_0)
                                      2.96e-06 1.79e-06 3.18e-07 5.06e-06   0.0
      mult_x_32 (stage1_path_engine_0_DW_mult_tc_J3_0_0)
                                      2.98e-06 1.80e-06 3.33e-07 5.11e-06   0.0
      DP_OP_664J3_154_8083 (stage1_path_engine_0_DP_OP_664J3_154_8083_J3_0_0)
                                      1.94e-06 6.44e-07 3.29e-07 2.91e-06   0.0
      mult_x_1 (stage1_path_engine_0_DW_mult_tc_J3_31_0)
                                      2.92e-06 1.77e-06 3.16e-07 5.01e-06   0.0
      mult_x_2 (stage1_path_engine_0_DW_mult_tc_J3_30_0)
                                      3.00e-06 1.81e-06 3.34e-07 5.14e-06   0.0
      mult_x_3 (stage1_path_engine_0_DW_mult_tc_J3_29_0)
                                      2.97e-06 1.78e-06 3.24e-07 5.07e-06   0.0
      mult_x_4 (stage1_path_engine_0_DW_mult_tc_J3_28_0)
                                      2.93e-06 1.77e-06 3.30e-07 5.03e-06   0.0
      mult_x_5 (stage1_path_engine_0_DW_mult_tc_J3_27_0)
                                      3.03e-06 1.80e-06 3.31e-07 5.16e-06   0.0
      mult_x_6 (stage1_path_engine_0_DW_mult_tc_J3_26_0)
                                      2.98e-06 1.78e-06 3.23e-07 5.07e-06   0.0
      mult_x_7 (stage1_path_engine_0_DW_mult_tc_J3_25_0)
                                      3.08e-06 1.81e-06 3.32e-07 5.22e-06   0.0
      mult_x_8 (stage1_path_engine_0_DW_mult_tc_J3_24_0)
                                      2.91e-06 1.78e-06 3.22e-07 5.01e-06   0.0
      mult_x_9 (stage1_path_engine_0_DW_mult_tc_J3_23_0)
                                      2.91e-06 1.77e-06 3.34e-07 5.01e-06   0.0
      DP_OP_637J3_127_2117 (stage1_path_engine_0_DP_OP_637J3_127_2117_J3_0_0)
                                      2.53e-07 8.11e-08 6.97e-08 4.04e-07   0.0
      DP_OP_654J3_144_2117 (stage1_path_engine_0_DP_OP_654J3_144_2117_J3_0_0)
                                      2.59e-07 8.55e-08 6.61e-08 4.11e-07   0.0
      DP_OP_665J3_155_8083 (stage1_path_engine_0_DP_OP_665J3_155_8083_J3_0_0)
                                      1.90e-06 6.33e-07 3.26e-07 2.85e-06   0.0
      DP_OP_640J3_130_2117 (stage1_path_engine_0_DP_OP_640J3_130_2117_J3_0_0)
                                      2.71e-07 8.75e-08 6.73e-08 4.26e-07   0.0
      DP_OP_638J3_128_2117 (stage1_path_engine_0_DP_OP_638J3_128_2117_J3_0_0)
                                      2.59e-07 8.55e-08 6.61e-08 4.11e-07   0.0
      DP_OP_655J3_145_2117 (stage1_path_engine_0_DP_OP_655J3_145_2117_J3_0_0)
                                      2.86e-07 9.37e-08 6.63e-08 4.46e-07   0.0
      DP_OP_666J3_156_8083 (stage1_path_engine_0_DP_OP_666J3_156_8083_J3_0_0)
                                      1.62e-06 5.63e-07 3.28e-07 2.51e-06   0.0
      DP_OP_641J3_131_2117 (stage1_path_engine_0_DP_OP_641J3_131_2117_J3_0_0)
                                      2.92e-07 9.57e-08 6.79e-08 4.56e-07   0.0
      DP_OP_639J3_129_2117 (stage1_path_engine_0_DP_OP_639J3_129_2117_J3_0_0)
                                      2.86e-07 9.37e-08 6.63e-08 4.46e-07   0.0
      DP_OP_656J3_146_2117 (stage1_path_engine_0_DP_OP_656J3_146_2117_J3_0_0)
                                      2.71e-07 8.75e-08 6.73e-08 4.26e-07   0.0
      DP_OP_672J3_162_589 (stage1_path_engine_0_DP_OP_672J3_162_589_J3_0_0)
                                      2.88e-06 9.09e-07 3.52e-07 4.14e-06   0.0
      DP_OP_642J3_132_2117 (stage1_path_engine_0_DP_OP_642J3_132_2117_J3_0_0)
                                      3.03e-07 9.89e-08 6.72e-08 4.69e-07   0.0
  g_weight_13__u_weight (sram_bank_128x256_2)
                                      5.42e-04 7.62e-06 9.45e-05 6.44e-04   2.3
    g_bank_6__u_macro (hs128x32_wrapper_17)
                                      6.78e-05 9.52e-07 1.18e-05 8.05e-05   0.3
    g_bank_5__u_macro (hs128x32_wrapper_18)
                                      6.78e-05 9.52e-07 1.18e-05 8.05e-05   0.3
    g_bank_4__u_macro (hs128x32_wrapper_19)
                                      6.78e-05 9.54e-07 1.18e-05 8.06e-05   0.3
    g_bank_0__u_macro (hs128x32_wrapper_23)
                                      6.78e-05 9.52e-07 1.18e-05 8.05e-05   0.3
    g_bank_3__u_macro (hs128x32_wrapper_20)
                                      6.78e-05 9.51e-07 1.18e-05 8.05e-05   0.3
    g_bank_2__u_macro (hs128x32_wrapper_21)
                                      6.78e-05 9.54e-07 1.18e-05 8.06e-05   0.3
    g_bank_1__u_macro (hs128x32_wrapper_22)
                                      6.78e-05 9.52e-07 1.18e-05 8.05e-05   0.3
    g_bank_7__u_macro (hs128x32_wrapper_16)
                                      6.78e-05 9.54e-07 1.18e-05 8.06e-05   0.3
  g_weight_8__u_weight (sram_bank_128x256_7)
                                      5.42e-04 7.64e-06 9.45e-05 6.44e-04   2.3
    g_bank_6__u_macro (hs128x32_wrapper_57)
                                      6.78e-05 9.54e-07 1.18e-05 8.06e-05   0.3
    g_bank_5__u_macro (hs128x32_wrapper_58)
                                      6.78e-05 9.56e-07 1.18e-05 8.06e-05   0.3
    g_bank_4__u_macro (hs128x32_wrapper_59)
                                      6.78e-05 9.54e-07 1.18e-05 8.06e-05   0.3
    g_bank_0__u_macro (hs128x32_wrapper_63)
                                      6.78e-05 9.56e-07 1.18e-05 8.06e-05   0.3
    g_bank_3__u_macro (hs128x32_wrapper_60)
                                      6.78e-05 9.55e-07 1.18e-05 8.06e-05   0.3
    g_bank_2__u_macro (hs128x32_wrapper_61)
                                      6.78e-05 9.54e-07 1.18e-05 8.06e-05   0.3
    g_bank_1__u_macro (hs128x32_wrapper_62)
                                      6.78e-05 9.54e-07 1.18e-05 8.06e-05   0.3
    g_bank_7__u_macro (hs128x32_wrapper_56)
                                      6.78e-05 9.54e-07 1.18e-05 8.06e-05   0.3
  DP_OP_278J1_136_5275 (stage1_tile_DP_OP_278J1_136_5275_J1_0)
                                      6.33e-07 2.50e-07 1.35e-07 1.02e-06   0.0
1
