****************************************
Report : Averaged Power
	-hierarchy
	-levels 4
	-verbose
Design : stage1_tile
Version: V-2023.12-SP5-2
Date   : Tue Aug 18 15:56:55 2026
****************************************

Library(s) Used:

    scc28nhkcp_hdc35p140_rvt_tt_v0p9_25c_basic (File: /share/ScLib/smic/smic28hkmg/SCC28NHKCP_HDC35P140_RVT_CDK_V0.2/SCC28NHKCP_HDC35P140_RVT_V0p2/liberty/0.9v/scc28nhkcp_hdc35p140_rvt_tt_v0p9_25c_basic.db)
    HS128X32_tt_ctypical_0p90v_0p90v_25c (File: /share/home/ST015_YRR/work/07_AI_work/HSS/stage1_tile/memory/HS128X32/db/HS128X32_tt_ctypical_0p90v_0p90v_25c.db)


Operating Conditions: tt_v0p9_25c   Library: scc28nhkcp_hdc35p140_rvt_tt_v0p9_25c_basic
Wire Load Model Mode: top

<no wire load model is set>

Power-specific unit information :
    Voltage Units = 1 V
    Capacitance Units = 1 pf
    Time Units = 1 ns
    Dynamic Power Units = 1 W
    Leakage Power Units = 1 W



                                      Int      Switch   Leak     Total
Hierarchy                             Power    Power    Power    Power    %
----------------------------------------------------------------------------------
stage1_tile                           1.69e-02 2.60e-04 2.03e-03 1.92e-02 100.0
  g_pair_6__u_pair (stage1_lane_pair_1)
                                      1.34e-03 9.98e-06 4.99e-05 1.40e-03   7.3
    u_gate (stage1_path_engine_3)     6.69e-04 4.98e-06 2.50e-05 6.99e-04   3.6
      DP_OP_657J3_147_2117 (stage1_path_engine_0_DP_OP_657J3_147_2117_J3_0_3)
                                      1.63e-08 5.17e-09 7.19e-08 9.34e-08   0.0
      DP_OP_670J3_160_8083 (stage1_path_engine_0_DP_OP_670J3_160_8083_J3_0_3)
                                         0.000    0.000 3.25e-07 3.25e-07   0.0
      DP_OP_673J3_163_589 (stage1_path_engine_0_DP_OP_673J3_163_589_J3_0_3)
                                         0.000    0.000 3.66e-07 3.66e-07   0.0
      DP_OP_643J3_133_2117 (stage1_path_engine_0_DP_OP_643J3_133_2117_J3_0_3)
                                      1.63e-08 5.09e-09 7.47e-08 9.61e-08   0.0
      add_x_33 (stage1_path_engine_0_DW01_add_J3_1_3)
                                         0.000    0.000 1.37e-07 1.37e-07   0.0
      DP_OP_660J3_150_2117 (stage1_path_engine_0_DP_OP_660J3_150_2117_J3_0_3)
                                      1.72e-08 5.48e-09 7.38e-08 9.65e-08   0.0
      DP_OP_658J3_148_2117 (stage1_path_engine_0_DP_OP_658J3_148_2117_J3_0_3)
                                      1.60e-08 5.01e-09 7.51e-08 9.61e-08   0.0
      DP_OP_671J3_161_8083 (stage1_path_engine_0_DP_OP_671J3_161_8083_J3_0_3)
                                         0.000    0.000 3.25e-07 3.25e-07   0.0
      DP_OP_644J3_134_2117 (stage1_path_engine_0_DP_OP_644J3_134_2117_J3_0_3)
                                      1.72e-08 5.48e-09 7.38e-08 9.65e-08   0.0
      DP_OP_667J3_157_8083 (stage1_path_engine_0_DP_OP_667J3_157_8083_J3_0_3)
                                         0.000    0.000 3.25e-07 3.25e-07   0.0
      DP_OP_661J3_151_2117 (stage1_path_engine_0_DP_OP_661J3_151_2117_J3_0_3)
                                      1.66e-08 5.31e-09 7.35e-08 9.53e-08   0.0
      DP_OP_659J3_149_2117 (stage1_path_engine_0_DP_OP_659J3_149_2117_J3_0_3)
                                      1.63e-08 5.09e-09 7.47e-08 9.61e-08   0.0
      add_x_194 (stage1_path_engine_0_DW01_add_J3_0_3)
                                         0.000    0.000 1.90e-07 1.90e-07   0.0
      DP_OP_645J3_135_2117 (stage1_path_engine_0_DP_OP_645J3_135_2117_J3_0_3)
                                      1.66e-08 5.31e-09 7.35e-08 9.53e-08   0.0
      DP_OP_668J3_158_8083 (stage1_path_engine_0_DP_OP_668J3_158_8083_J3_0_3)
                                         0.000    0.000 3.25e-07 3.25e-07   0.0
      DP_OP_662J3_152_2117 (stage1_path_engine_0_DP_OP_662J3_152_2117_J3_0_3)
                                      1.64e-08 5.24e-09 7.18e-08 9.34e-08   0.0
      DP_OP_646J3_136_2117 (stage1_path_engine_0_DP_OP_646J3_136_2117_J3_0_3)
                                      1.64e-08 5.24e-09 7.18e-08 9.34e-08   0.0
      DP_OP_669J3_159_8083 (stage1_path_engine_0_DP_OP_669J3_159_8083_J3_0_3)
                                         0.000    0.000 3.25e-07 3.25e-07   0.0
      DP_OP_663J3_153_2117 (stage1_path_engine_0_DP_OP_663J3_153_2117_J3_0_3)
                                      1.65e-08 5.19e-09 7.21e-08 9.38e-08   0.0
      DP_OP_632J3_122_2117 (stage1_path_engine_0_DP_OP_632J3_122_2117_J3_0_3)
                                      1.58e-08 4.96e-09 7.17e-08 9.25e-08   0.0
      DP_OP_647J3_137_2117 (stage1_path_engine_0_DP_OP_647J3_137_2117_J3_0_3)
                                      1.65e-08 5.19e-09 7.21e-08 9.38e-08   0.0
      DP_OP_633J3_123_2117 (stage1_path_engine_0_DP_OP_633J3_123_2117_J3_0_3)
                                      1.63e-08 5.17e-09 7.19e-08 9.34e-08   0.0
      DP_OP_650J3_140_2117 (stage1_path_engine_0_DP_OP_650J3_140_2117_J3_0_3)
                                      1.60e-08 5.01e-09 7.51e-08 9.61e-08   0.0
      DP_OP_648J3_138_2117 (stage1_path_engine_0_DP_OP_648J3_138_2117_J3_0_3)
                                      1.58e-08 4.96e-09 7.17e-08 9.25e-08   0.0
      DP_OP_634J3_124_2117 (stage1_path_engine_0_DP_OP_634J3_124_2117_J3_0_3)
                                      1.60e-08 5.01e-09 7.51e-08 9.61e-08   0.0
      DP_OP_651J3_141_2117 (stage1_path_engine_0_DP_OP_651J3_141_2117_J3_0_3)
                                      1.63e-08 5.09e-09 7.47e-08 9.61e-08   0.0
      DP_OP_649J3_139_2117 (stage1_path_engine_0_DP_OP_649J3_139_2117_J3_0_3)
                                      1.63e-08 5.17e-09 7.19e-08 9.34e-08   0.0
      DP_OP_635J3_125_2117 (stage1_path_engine_0_DP_OP_635J3_125_2117_J3_0_3)
                                      1.63e-08 5.09e-09 7.47e-08 9.61e-08   0.0
      DP_OP_652J3_142_2117 (stage1_path_engine_0_DP_OP_652J3_142_2117_J3_0_3)
                                      1.72e-08 5.48e-09 7.38e-08 9.65e-08   0.0
      DP_OP_636J3_126_2117 (stage1_path_engine_0_DP_OP_636J3_126_2117_J3_0_3)
                                      1.72e-08 5.48e-09 7.38e-08 9.65e-08   0.0
      mult_x_10 (stage1_path_engine_0_DW_mult_tc_J3_22_3)
                                      1.72e-07 1.08e-07 3.24e-07 6.05e-07   0.0
      mult_x_11 (stage1_path_engine_0_DW_mult_tc_J3_21_3)
                                      1.71e-07 1.08e-07 3.40e-07 6.20e-07   0.0
      mult_x_12 (stage1_path_engine_0_DW_mult_tc_J3_20_3)
                                      1.75e-07 1.10e-07 3.32e-07 6.17e-07   0.0
      mult_x_13 (stage1_path_engine_0_DW_mult_tc_J3_19_3)
                                      1.73e-07 1.09e-07 3.11e-07 5.92e-07   0.0
      mult_x_14 (stage1_path_engine_0_DW_mult_tc_J3_18_3)
                                      1.78e-07 1.10e-07 3.48e-07 6.36e-07   0.0
      mult_x_15 (stage1_path_engine_0_DW_mult_tc_J3_17_3)
                                      1.72e-07 1.08e-07 3.20e-07 6.00e-07   0.0
      mult_x_16 (stage1_path_engine_0_DW_mult_tc_J3_16_3)
                                      1.71e-07 1.08e-07 3.38e-07 6.18e-07   0.0
      mult_x_17 (stage1_path_engine_0_DW_mult_tc_J3_15_3)
                                      1.75e-07 1.10e-07 3.27e-07 6.12e-07   0.0
      mult_x_18 (stage1_path_engine_0_DW_mult_tc_J3_14_3)
                                      1.71e-07 1.08e-07 3.07e-07 5.86e-07   0.0
      mult_x_19 (stage1_path_engine_0_DW_mult_tc_J3_13_3)
                                      1.77e-07 1.10e-07 3.43e-07 6.30e-07   0.0
      DP_OP_653J3_143_2117 (stage1_path_engine_0_DP_OP_653J3_143_2117_J3_0_3)
                                      1.66e-08 5.31e-09 7.35e-08 9.53e-08   0.0
      mult_x_20 (stage1_path_engine_0_DW_mult_tc_J3_12_3)
                                      1.73e-07 1.08e-07 3.24e-07 6.05e-07   0.0
      mult_x_21 (stage1_path_engine_0_DW_mult_tc_J3_11_3)
                                      1.71e-07 1.08e-07 3.40e-07 6.19e-07   0.0
      mult_x_22 (stage1_path_engine_0_DW_mult_tc_J3_10_3)
                                      1.75e-07 1.10e-07 3.32e-07 6.18e-07   0.0
      mult_x_23 (stage1_path_engine_0_DW_mult_tc_J3_9_3)
                                      1.72e-07 1.08e-07 3.12e-07 5.93e-07   0.0
      mult_x_24 (stage1_path_engine_0_DW_mult_tc_J3_8_3)
                                      1.78e-07 1.10e-07 3.48e-07 6.37e-07   0.0
      mult_x_25 (stage1_path_engine_0_DW_mult_tc_J3_7_3)
                                      1.71e-07 1.08e-07 3.20e-07 5.99e-07   0.0
      mult_x_26 (stage1_path_engine_0_DW_mult_tc_J3_6_3)
                                      1.70e-07 1.08e-07 3.38e-07 6.16e-07   0.0
      mult_x_27 (stage1_path_engine_0_DW_mult_tc_J3_5_3)
                                      1.76e-07 1.10e-07 3.28e-07 6.14e-07   0.0
      mult_x_28 (stage1_path_engine_0_DW_mult_tc_J3_4_3)
                                      1.73e-07 1.09e-07 3.07e-07 5.88e-07   0.0
      mult_x_29 (stage1_path_engine_0_DW_mult_tc_J3_3_3)
                                      1.77e-07 1.10e-07 3.44e-07 6.31e-07   0.0
      mult_x_30 (stage1_path_engine_0_DW_mult_tc_J3_2_3)
                                      1.72e-07 1.08e-07 3.21e-07 6.01e-07   0.0
      mult_x_31 (stage1_path_engine_0_DW_mult_tc_J3_1_3)
                                      1.70e-07 1.08e-07 3.40e-07 6.18e-07   0.0
      mult_x_32 (stage1_path_engine_0_DW_mult_tc_J3_0_3)
                                      1.76e-07 1.10e-07 3.33e-07 6.19e-07   0.0
      DP_OP_664J3_154_8083 (stage1_path_engine_0_DP_OP_664J3_154_8083_J3_0_3)
                                         0.000    0.000 3.25e-07 3.25e-07   0.0
      mult_x_1 (stage1_path_engine_0_DW_mult_tc_J3_31_3)
                                      1.71e-07 1.08e-07 3.40e-07 6.20e-07   0.0
      mult_x_2 (stage1_path_engine_0_DW_mult_tc_J3_30_3)
                                      1.74e-07 1.10e-07 3.33e-07 6.16e-07   0.0
      mult_x_3 (stage1_path_engine_0_DW_mult_tc_J3_29_3)
                                      1.74e-07 1.10e-07 3.07e-07 5.91e-07   0.0
      mult_x_4 (stage1_path_engine_0_DW_mult_tc_J3_28_3)
                                      1.77e-07 1.10e-07 3.48e-07 6.35e-07   0.0
      mult_x_5 (stage1_path_engine_0_DW_mult_tc_J3_27_3)
                                      1.72e-07 1.08e-07 3.20e-07 6.00e-07   0.0
      mult_x_6 (stage1_path_engine_0_DW_mult_tc_J3_26_3)
                                      1.71e-07 1.08e-07 3.38e-07 6.18e-07   0.0
      mult_x_7 (stage1_path_engine_0_DW_mult_tc_J3_25_3)
                                      1.75e-07 1.10e-07 3.27e-07 6.12e-07   0.0
      mult_x_8 (stage1_path_engine_0_DW_mult_tc_J3_24_3)
                                      1.73e-07 1.09e-07 3.12e-07 5.95e-07   0.0
      mult_x_9 (stage1_path_engine_0_DW_mult_tc_J3_23_3)
                                      1.75e-07 1.09e-07 3.44e-07 6.28e-07   0.0
      DP_OP_637J3_127_2117 (stage1_path_engine_0_DP_OP_637J3_127_2117_J3_0_3)
                                      1.66e-08 5.31e-09 7.35e-08 9.53e-08   0.0
      DP_OP_654J3_144_2117 (stage1_path_engine_0_DP_OP_654J3_144_2117_J3_0_3)
                                      1.64e-08 5.24e-09 7.18e-08 9.34e-08   0.0
      DP_OP_665J3_155_8083 (stage1_path_engine_0_DP_OP_665J3_155_8083_J3_0_3)
                                         0.000    0.000 3.25e-07 3.25e-07   0.0
      DP_OP_640J3_130_2117 (stage1_path_engine_0_DP_OP_640J3_130_2117_J3_0_3)
                                      1.58e-08 4.96e-09 7.17e-08 9.25e-08   0.0
      DP_OP_638J3_128_2117 (stage1_path_engine_0_DP_OP_638J3_128_2117_J3_0_3)
                                      1.64e-08 5.24e-09 7.18e-08 9.34e-08   0.0
      DP_OP_655J3_145_2117 (stage1_path_engine_0_DP_OP_655J3_145_2117_J3_0_3)
                                      1.65e-08 5.19e-09 7.21e-08 9.38e-08   0.0
      DP_OP_666J3_156_8083 (stage1_path_engine_0_DP_OP_666J3_156_8083_J3_0_3)
                                         0.000    0.000 3.25e-07 3.25e-07   0.0
      DP_OP_641J3_131_2117 (stage1_path_engine_0_DP_OP_641J3_131_2117_J3_0_3)
                                      1.63e-08 5.17e-09 7.19e-08 9.34e-08   0.0
      DP_OP_639J3_129_2117 (stage1_path_engine_0_DP_OP_639J3_129_2117_J3_0_3)
                                      1.65e-08 5.19e-09 7.21e-08 9.38e-08   0.0
      DP_OP_656J3_146_2117 (stage1_path_engine_0_DP_OP_656J3_146_2117_J3_0_3)
                                      1.58e-08 4.96e-09 7.17e-08 9.25e-08   0.0
      DP_OP_672J3_162_589 (stage1_path_engine_0_DP_OP_672J3_162_589_J3_0_3)
                                         0.000    0.000 3.66e-07 3.66e-07   0.0
      DP_OP_642J3_132_2117 (stage1_path_engine_0_DP_OP_642J3_132_2117_J3_0_3)
                                      1.60e-08 5.01e-09 7.51e-08 9.61e-08   0.0
    u_up (stage1_path_engine_2)       6.69e-04 5.00e-06 2.48e-05 6.99e-04   3.6
      DP_OP_657J3_147_2117 (stage1_path_engine_0_DP_OP_657J3_147_2117_J3_0_2)
                                      1.91e-08 6.28e-09 7.12e-08 9.66e-08   0.0
      DP_OP_670J3_160_8083 (stage1_path_engine_0_DP_OP_670J3_160_8083_J3_0_2)
                                         0.000    0.000 3.25e-07 3.25e-07   0.0
      DP_OP_673J3_163_589 (stage1_path_engine_0_DP_OP_673J3_163_589_J3_0_2)
                                         0.000    0.000 3.66e-07 3.66e-07   0.0
      DP_OP_643J3_133_2117 (stage1_path_engine_0_DP_OP_643J3_133_2117_J3_0_2)
                                      1.86e-08 5.97e-09 7.42e-08 9.88e-08   0.0
      add_x_33 (stage1_path_engine_0_DW01_add_J3_1_2)
                                         0.000    0.000 1.37e-07 1.37e-07   0.0
      DP_OP_660J3_150_2117 (stage1_path_engine_0_DP_OP_660J3_150_2117_J3_0_2)
                                      1.94e-08 6.33e-09 7.33e-08 9.90e-08   0.0
      DP_OP_658J3_148_2117 (stage1_path_engine_0_DP_OP_658J3_148_2117_J3_0_2)
                                      1.94e-08 6.28e-09 7.20e-08 9.77e-08   0.0
      DP_OP_671J3_161_8083 (stage1_path_engine_0_DP_OP_671J3_161_8083_J3_0_2)
                                         0.000    0.000 3.25e-07 3.25e-07   0.0
      DP_OP_644J3_134_2117 (stage1_path_engine_0_DP_OP_644J3_134_2117_J3_0_2)
                                      1.94e-08 6.33e-09 7.33e-08 9.90e-08   0.0
      DP_OP_667J3_157_8083 (stage1_path_engine_0_DP_OP_667J3_157_8083_J3_0_2)
                                         0.000    0.000 3.25e-07 3.25e-07   0.0
      DP_OP_661J3_151_2117 (stage1_path_engine_0_DP_OP_661J3_151_2117_J3_0_2)
                                      1.83e-08 6.02e-09 7.27e-08 9.70e-08   0.0
      DP_OP_659J3_149_2117 (stage1_path_engine_0_DP_OP_659J3_149_2117_J3_0_2)
                                      1.86e-08 5.97e-09 7.42e-08 9.88e-08   0.0
      add_x_194 (stage1_path_engine_0_DW01_add_J3_0_2)
                                         0.000    0.000 1.90e-07 1.90e-07   0.0
      DP_OP_645J3_135_2117 (stage1_path_engine_0_DP_OP_645J3_135_2117_J3_0_2)
                                      1.83e-08 6.02e-09 7.27e-08 9.70e-08   0.0
      DP_OP_668J3_158_8083 (stage1_path_engine_0_DP_OP_668J3_158_8083_J3_0_2)
                                         0.000    0.000 3.25e-07 3.25e-07   0.0
      DP_OP_662J3_152_2117 (stage1_path_engine_0_DP_OP_662J3_152_2117_J3_0_2)
                                      1.89e-08 6.18e-09 7.07e-08 9.57e-08   0.0
      DP_OP_646J3_136_2117 (stage1_path_engine_0_DP_OP_646J3_136_2117_J3_0_2)
                                      1.89e-08 6.18e-09 7.07e-08 9.57e-08   0.0
      DP_OP_669J3_159_8083 (stage1_path_engine_0_DP_OP_669J3_159_8083_J3_0_2)
                                         0.000    0.000 3.25e-07 3.25e-07   0.0
      DP_OP_663J3_153_2117 (stage1_path_engine_0_DP_OP_663J3_153_2117_J3_0_2)
                                      1.96e-08 6.40e-09 7.13e-08 9.73e-08   0.0
      DP_OP_632J3_122_2117 (stage1_path_engine_0_DP_OP_632J3_122_2117_J3_0_2)
                                      1.81e-08 5.85e-09 7.12e-08 9.52e-08   0.0
      DP_OP_647J3_137_2117 (stage1_path_engine_0_DP_OP_647J3_137_2117_J3_0_2)
                                      1.96e-08 6.40e-09 7.13e-08 9.73e-08   0.0
      DP_OP_633J3_123_2117 (stage1_path_engine_0_DP_OP_633J3_123_2117_J3_0_2)
                                      1.91e-08 6.28e-09 7.12e-08 9.66e-08   0.0
      DP_OP_650J3_140_2117 (stage1_path_engine_0_DP_OP_650J3_140_2117_J3_0_2)
                                      1.94e-08 6.28e-09 7.20e-08 9.77e-08   0.0
      DP_OP_648J3_138_2117 (stage1_path_engine_0_DP_OP_648J3_138_2117_J3_0_2)
                                      1.81e-08 5.85e-09 7.12e-08 9.52e-08   0.0
      DP_OP_634J3_124_2117 (stage1_path_engine_0_DP_OP_634J3_124_2117_J3_0_2)
                                      1.94e-08 6.28e-09 7.20e-08 9.77e-08   0.0
      DP_OP_651J3_141_2117 (stage1_path_engine_0_DP_OP_651J3_141_2117_J3_0_2)
                                      1.86e-08 5.97e-09 7.42e-08 9.88e-08   0.0
      DP_OP_649J3_139_2117 (stage1_path_engine_0_DP_OP_649J3_139_2117_J3_0_2)
                                      1.91e-08 6.28e-09 7.12e-08 9.66e-08   0.0
      DP_OP_635J3_125_2117 (stage1_path_engine_0_DP_OP_635J3_125_2117_J3_0_2)
                                      1.86e-08 5.97e-09 7.42e-08 9.88e-08   0.0
      DP_OP_652J3_142_2117 (stage1_path_engine_0_DP_OP_652J3_142_2117_J3_0_2)
                                      1.94e-08 6.33e-09 7.33e-08 9.90e-08   0.0
      DP_OP_636J3_126_2117 (stage1_path_engine_0_DP_OP_636J3_126_2117_J3_0_2)
                                      1.94e-08 6.33e-09 7.33e-08 9.90e-08   0.0
      mult_x_10 (stage1_path_engine_0_DW_mult_tc_J3_22_2)
                                      1.78e-07 1.10e-07 3.25e-07 6.14e-07   0.0
      mult_x_11 (stage1_path_engine_0_DW_mult_tc_J3_21_2)
                                      1.70e-07 1.08e-07 3.03e-07 5.81e-07   0.0
      mult_x_12 (stage1_path_engine_0_DW_mult_tc_J3_20_2)
                                      1.73e-07 1.09e-07 3.41e-07 6.23e-07   0.0
      mult_x_13 (stage1_path_engine_0_DW_mult_tc_J3_19_2)
                                      1.73e-07 1.09e-07 3.45e-07 6.28e-07   0.0
      mult_x_14 (stage1_path_engine_0_DW_mult_tc_J3_18_2)
                                      1.74e-07 1.09e-07 3.13e-07 5.96e-07   0.0
      mult_x_15 (stage1_path_engine_0_DW_mult_tc_J3_17_2)
                                      1.78e-07 1.10e-07 3.29e-07 6.17e-07   0.0
      mult_x_16 (stage1_path_engine_0_DW_mult_tc_J3_16_2)
                                      1.70e-07 1.07e-07 3.09e-07 5.87e-07   0.0
      mult_x_17 (stage1_path_engine_0_DW_mult_tc_J3_15_2)
                                      1.73e-07 1.09e-07 3.43e-07 6.26e-07   0.0
      mult_x_18 (stage1_path_engine_0_DW_mult_tc_J3_14_2)
                                      1.74e-07 1.09e-07 3.48e-07 6.32e-07   0.0
      mult_x_19 (stage1_path_engine_0_DW_mult_tc_J3_13_2)
                                      1.74e-07 1.09e-07 3.16e-07 6.00e-07   0.0
      DP_OP_653J3_143_2117 (stage1_path_engine_0_DP_OP_653J3_143_2117_J3_0_2)
                                      1.83e-08 6.02e-09 7.27e-08 9.70e-08   0.0
      mult_x_20 (stage1_path_engine_0_DW_mult_tc_J3_12_2)
                                      1.78e-07 1.10e-07 3.25e-07 6.13e-07   0.0
      mult_x_21 (stage1_path_engine_0_DW_mult_tc_J3_11_2)
                                      1.71e-07 1.07e-07 3.04e-07 5.82e-07   0.0
      mult_x_22 (stage1_path_engine_0_DW_mult_tc_J3_10_2)
                                      1.72e-07 1.09e-07 3.40e-07 6.21e-07   0.0
      mult_x_23 (stage1_path_engine_0_DW_mult_tc_J3_9_2)
                                      1.73e-07 1.09e-07 3.45e-07 6.27e-07   0.0
      mult_x_24 (stage1_path_engine_0_DW_mult_tc_J3_8_2)
                                      1.75e-07 1.10e-07 3.13e-07 5.97e-07   0.0
      mult_x_25 (stage1_path_engine_0_DW_mult_tc_J3_7_2)
                                      1.77e-07 1.10e-07 3.29e-07 6.16e-07   0.0
      mult_x_26 (stage1_path_engine_0_DW_mult_tc_J3_6_2)
                                      1.71e-07 1.07e-07 3.10e-07 5.88e-07   0.0
      mult_x_27 (stage1_path_engine_0_DW_mult_tc_J3_5_2)
                                      1.72e-07 1.09e-07 3.43e-07 6.24e-07   0.0
      mult_x_28 (stage1_path_engine_0_DW_mult_tc_J3_4_2)
                                      1.74e-07 1.09e-07 3.48e-07 6.32e-07   0.0
      mult_x_29 (stage1_path_engine_0_DW_mult_tc_J3_3_2)
                                      1.75e-07 1.10e-07 3.16e-07 6.00e-07   0.0
      mult_x_30 (stage1_path_engine_0_DW_mult_tc_J3_2_2)
                                      1.76e-07 1.09e-07 3.28e-07 6.14e-07   0.0
      mult_x_31 (stage1_path_engine_0_DW_mult_tc_J3_1_2)
                                      1.71e-07 1.08e-07 3.04e-07 5.83e-07   0.0
      mult_x_32 (stage1_path_engine_0_DW_mult_tc_J3_0_2)
                                      1.72e-07 1.09e-07 3.40e-07 6.21e-07   0.0
      DP_OP_664J3_154_8083 (stage1_path_engine_0_DP_OP_664J3_154_8083_J3_0_2)
                                         0.000    0.000 3.25e-07 3.25e-07   0.0
      mult_x_1 (stage1_path_engine_0_DW_mult_tc_J3_31_2)
                                      1.69e-07 1.07e-07 3.03e-07 5.79e-07   0.0
      mult_x_2 (stage1_path_engine_0_DW_mult_tc_J3_30_2)
                                      1.72e-07 1.09e-07 3.40e-07 6.22e-07   0.0
      mult_x_3 (stage1_path_engine_0_DW_mult_tc_J3_29_2)
                                      1.74e-07 1.10e-07 3.48e-07 6.31e-07   0.0
      mult_x_4 (stage1_path_engine_0_DW_mult_tc_J3_28_2)
                                      1.74e-07 1.09e-07 3.13e-07 5.97e-07   0.0
      mult_x_5 (stage1_path_engine_0_DW_mult_tc_J3_27_2)
                                      1.78e-07 1.10e-07 3.29e-07 6.17e-07   0.0
      mult_x_6 (stage1_path_engine_0_DW_mult_tc_J3_26_2)
                                      1.70e-07 1.07e-07 3.09e-07 5.86e-07   0.0
      mult_x_7 (stage1_path_engine_0_DW_mult_tc_J3_25_2)
                                      1.74e-07 1.10e-07 3.44e-07 6.27e-07   0.0
      mult_x_8 (stage1_path_engine_0_DW_mult_tc_J3_24_2)
                                      1.73e-07 1.10e-07 3.44e-07 6.27e-07   0.0
      mult_x_9 (stage1_path_engine_0_DW_mult_tc_J3_23_2)
                                      1.74e-07 1.09e-07 3.16e-07 5.99e-07   0.0
      DP_OP_637J3_127_2117 (stage1_path_engine_0_DP_OP_637J3_127_2117_J3_0_2)
                                      1.83e-08 6.02e-09 7.27e-08 9.70e-08   0.0
      DP_OP_654J3_144_2117 (stage1_path_engine_0_DP_OP_654J3_144_2117_J3_0_2)
                                      1.89e-08 6.18e-09 7.07e-08 9.57e-08   0.0
      DP_OP_665J3_155_8083 (stage1_path_engine_0_DP_OP_665J3_155_8083_J3_0_2)
                                         0.000    0.000 3.25e-07 3.25e-07   0.0
      DP_OP_640J3_130_2117 (stage1_path_engine_0_DP_OP_640J3_130_2117_J3_0_2)
                                      1.81e-08 5.85e-09 7.12e-08 9.52e-08   0.0
      DP_OP_638J3_128_2117 (stage1_path_engine_0_DP_OP_638J3_128_2117_J3_0_2)
                                      1.89e-08 6.18e-09 7.07e-08 9.57e-08   0.0
      DP_OP_655J3_145_2117 (stage1_path_engine_0_DP_OP_655J3_145_2117_J3_0_2)
                                      1.96e-08 6.40e-09 7.13e-08 9.73e-08   0.0
      DP_OP_666J3_156_8083 (stage1_path_engine_0_DP_OP_666J3_156_8083_J3_0_2)
                                         0.000    0.000 3.25e-07 3.25e-07   0.0
      DP_OP_641J3_131_2117 (stage1_path_engine_0_DP_OP_641J3_131_2117_J3_0_2)
                                      1.91e-08 6.28e-09 7.12e-08 9.66e-08   0.0
      DP_OP_639J3_129_2117 (stage1_path_engine_0_DP_OP_639J3_129_2117_J3_0_2)
                                      1.96e-08 6.40e-09 7.13e-08 9.73e-08   0.0
      DP_OP_656J3_146_2117 (stage1_path_engine_0_DP_OP_656J3_146_2117_J3_0_2)
                                      1.81e-08 5.85e-09 7.12e-08 9.52e-08   0.0
      DP_OP_672J3_162_589 (stage1_path_engine_0_DP_OP_672J3_162_589_J3_0_2)
                                         0.000    0.000 3.66e-07 3.66e-07   0.0
      DP_OP_642J3_132_2117 (stage1_path_engine_0_DP_OP_642J3_132_2117_J3_0_2)
                                      1.94e-08 6.28e-09 7.20e-08 9.77e-08   0.0
  DP_OP_264J1_122_5275 (stage1_tile_DP_OP_264J1_122_5275_J1_0)
                                      9.02e-08 3.65e-08 1.43e-07 2.70e-07   0.0
  g_weight_1__u_weight (sram_bank_128x256_14)
                                      2.52e-04 4.92e-07 9.45e-05 3.47e-04   1.8
    g_bank_6__u_macro (hs128x32_wrapper_113)
                                      3.21e-05 6.16e-08 1.18e-05 4.39e-05   0.2
    g_bank_5__u_macro (hs128x32_wrapper_114)
                                      3.21e-05 6.15e-08 1.18e-05 4.40e-05   0.2
    g_bank_4__u_macro (hs128x32_wrapper_115)
                                      3.20e-05 6.16e-08 1.18e-05 4.39e-05   0.2
    g_bank_0__u_macro (hs128x32_wrapper_119)
                                      2.80e-05 6.15e-08 1.18e-05 3.99e-05   0.2
    g_bank_3__u_macro (hs128x32_wrapper_116)
                                      3.21e-05 6.15e-08 1.18e-05 4.40e-05   0.2
    g_bank_2__u_macro (hs128x32_wrapper_117)
                                      3.20e-05 6.15e-08 1.18e-05 4.39e-05   0.2
    g_bank_1__u_macro (hs128x32_wrapper_118)
                                      3.21e-05 6.16e-08 1.18e-05 4.39e-05   0.2
    g_bank_7__u_macro (hs128x32_wrapper_112)
                                      3.20e-05 6.15e-08 1.18e-05 4.39e-05   0.2
  DP_OP_277J1_135_5275 (stage1_tile_DP_OP_277J1_135_5275_J1_0)
                                      6.13e-08 2.75e-08 1.45e-07 2.34e-07   0.0
  u_delay (sram_bank_128x128_0)       9.21e-05 7.55e-07 4.73e-05 1.40e-04   0.7
    g_bank_1__u_macro (hs128x32_wrapper_130)
                                      2.30e-05 1.89e-07 1.18e-05 3.50e-05   0.2
    g_bank_2__u_macro (hs128x32_wrapper_129)
                                      2.30e-05 1.89e-07 1.18e-05 3.50e-05   0.2
    g_bank_3__u_macro (hs128x32_wrapper_128)
                                      2.30e-05 1.89e-07 1.18e-05 3.50e-05   0.2
    g_bank_0__u_macro (hs128x32_wrapper_131)
                                      2.30e-05 1.89e-07 1.18e-05 3.50e-05   0.2
  g_pair_5__u_pair (stage1_lane_pair_2)
                                      1.35e-03 1.34e-05 4.95e-05 1.41e-03   7.3
    u_gate (stage1_path_engine_5)     6.73e-04 6.66e-06 2.47e-05 7.04e-04   3.7
      DP_OP_657J3_147_2117 (stage1_path_engine_0_DP_OP_657J3_147_2117_J3_0_5)
                                      1.52e-08 4.89e-09 6.69e-08 8.70e-08   0.0
      DP_OP_670J3_160_8083 (stage1_path_engine_0_DP_OP_670J3_160_8083_J3_0_5)
                                      1.08e-07 4.23e-08 3.25e-07 4.75e-07   0.0
      DP_OP_673J3_163_589 (stage1_path_engine_0_DP_OP_673J3_163_589_J3_0_5)
                                      1.56e-07 5.73e-08 3.66e-07 5.80e-07   0.0
      DP_OP_643J3_133_2117 (stage1_path_engine_0_DP_OP_643J3_133_2117_J3_0_5)
                                      1.69e-08 5.45e-09 6.77e-08 9.00e-08   0.0
      add_x_33 (stage1_path_engine_0_DW01_add_J3_1_5)
                                      5.27e-08 1.34e-08 1.37e-07 2.03e-07   0.0
      DP_OP_660J3_150_2117 (stage1_path_engine_0_DP_OP_660J3_150_2117_J3_0_5)
                                      1.61e-08 5.19e-09 6.65e-08 8.78e-08   0.0
      DP_OP_658J3_148_2117 (stage1_path_engine_0_DP_OP_658J3_148_2117_J3_0_5)
                                      1.66e-08 5.36e-09 6.72e-08 8.91e-08   0.0
      DP_OP_671J3_161_8083 (stage1_path_engine_0_DP_OP_671J3_161_8083_J3_0_5)
                                      1.06e-07 4.14e-08 3.25e-07 4.72e-07   0.0
      DP_OP_644J3_134_2117 (stage1_path_engine_0_DP_OP_644J3_134_2117_J3_0_5)
                                      1.61e-08 5.19e-09 6.65e-08 8.78e-08   0.0
      DP_OP_667J3_157_8083 (stage1_path_engine_0_DP_OP_667J3_157_8083_J3_0_5)
                                      1.09e-07 4.24e-08 3.25e-07 4.77e-07   0.0
      DP_OP_661J3_151_2117 (stage1_path_engine_0_DP_OP_661J3_151_2117_J3_0_5)
                                      1.37e-08 4.33e-09 6.60e-08 8.40e-08   0.0
      DP_OP_659J3_149_2117 (stage1_path_engine_0_DP_OP_659J3_149_2117_J3_0_5)
                                      1.69e-08 5.45e-09 6.77e-08 9.00e-08   0.0
      add_x_194 (stage1_path_engine_0_DW01_add_J3_0_5)
                                      7.92e-08 1.82e-08 1.90e-07 2.87e-07   0.0
      DP_OP_645J3_135_2117 (stage1_path_engine_0_DP_OP_645J3_135_2117_J3_0_5)
                                      1.37e-08 4.33e-09 6.60e-08 8.40e-08   0.0
      DP_OP_668J3_158_8083 (stage1_path_engine_0_DP_OP_668J3_158_8083_J3_0_5)
                                      1.07e-07 4.14e-08 3.25e-07 4.73e-07   0.0
      DP_OP_662J3_152_2117 (stage1_path_engine_0_DP_OP_662J3_152_2117_J3_0_5)
                                      1.36e-08 4.30e-09 6.74e-08 8.54e-08   0.0
      DP_OP_646J3_136_2117 (stage1_path_engine_0_DP_OP_646J3_136_2117_J3_0_5)
                                      1.36e-08 4.30e-09 6.74e-08 8.54e-08   0.0
      DP_OP_669J3_159_8083 (stage1_path_engine_0_DP_OP_669J3_159_8083_J3_0_5)
                                      1.20e-07 4.53e-08 3.25e-07 4.90e-07   0.0
      DP_OP_663J3_153_2117 (stage1_path_engine_0_DP_OP_663J3_153_2117_J3_0_5)
                                      1.52e-08 4.85e-09 6.71e-08 8.72e-08   0.0
      DP_OP_632J3_122_2117 (stage1_path_engine_0_DP_OP_632J3_122_2117_J3_0_5)
                                      1.46e-08 4.63e-09 6.67e-08 8.59e-08   0.0
      DP_OP_647J3_137_2117 (stage1_path_engine_0_DP_OP_647J3_137_2117_J3_0_5)
                                      1.52e-08 4.85e-09 6.71e-08 8.72e-08   0.0
      DP_OP_633J3_123_2117 (stage1_path_engine_0_DP_OP_633J3_123_2117_J3_0_5)
                                      1.52e-08 4.89e-09 6.69e-08 8.70e-08   0.0
      DP_OP_650J3_140_2117 (stage1_path_engine_0_DP_OP_650J3_140_2117_J3_0_5)
                                      1.66e-08 5.36e-09 6.72e-08 8.91e-08   0.0
      DP_OP_648J3_138_2117 (stage1_path_engine_0_DP_OP_648J3_138_2117_J3_0_5)
                                      1.46e-08 4.63e-09 6.67e-08 8.59e-08   0.0
      DP_OP_634J3_124_2117 (stage1_path_engine_0_DP_OP_634J3_124_2117_J3_0_5)
                                      1.66e-08 5.36e-09 6.72e-08 8.91e-08   0.0
      DP_OP_651J3_141_2117 (stage1_path_engine_0_DP_OP_651J3_141_2117_J3_0_5)
                                      1.69e-08 5.45e-09 6.77e-08 9.00e-08   0.0
      DP_OP_649J3_139_2117 (stage1_path_engine_0_DP_OP_649J3_139_2117_J3_0_5)
                                      1.52e-08 4.89e-09 6.69e-08 8.70e-08   0.0
      DP_OP_635J3_125_2117 (stage1_path_engine_0_DP_OP_635J3_125_2117_J3_0_5)
                                      1.69e-08 5.45e-09 6.77e-08 9.00e-08   0.0
      DP_OP_652J3_142_2117 (stage1_path_engine_0_DP_OP_652J3_142_2117_J3_0_5)
                                      1.61e-08 5.19e-09 6.65e-08 8.78e-08   0.0
      DP_OP_636J3_126_2117 (stage1_path_engine_0_DP_OP_636J3_126_2117_J3_0_5)
                                      1.61e-08 5.19e-09 6.65e-08 8.78e-08   0.0
      mult_x_10 (stage1_path_engine_0_DW_mult_tc_J3_22_5)
                                      1.72e-07 1.09e-07 3.48e-07 6.29e-07   0.0
      mult_x_11 (stage1_path_engine_0_DW_mult_tc_J3_21_5)
                                      1.75e-07 1.10e-07 3.12e-07 5.97e-07   0.0
      mult_x_12 (stage1_path_engine_0_DW_mult_tc_J3_20_5)
                                      1.78e-07 1.10e-07 3.29e-07 6.17e-07   0.0
      mult_x_13 (stage1_path_engine_0_DW_mult_tc_J3_19_5)
                                      1.71e-07 1.08e-07 3.08e-07 5.86e-07   0.0
      mult_x_14 (stage1_path_engine_0_DW_mult_tc_J3_18_5)
                                      1.73e-07 1.09e-07 3.43e-07 6.26e-07   0.0
      mult_x_15 (stage1_path_engine_0_DW_mult_tc_J3_17_5)
                                      1.72e-07 1.09e-07 3.44e-07 6.26e-07   0.0
      mult_x_16 (stage1_path_engine_0_DW_mult_tc_J3_16_5)
                                      1.74e-07 1.09e-07 3.16e-07 5.99e-07   0.0
      mult_x_17 (stage1_path_engine_0_DW_mult_tc_J3_15_5)
                                      1.77e-07 1.10e-07 3.25e-07 6.12e-07   0.0
      mult_x_18 (stage1_path_engine_0_DW_mult_tc_J3_14_5)
                                      1.69e-07 1.07e-07 3.03e-07 5.79e-07   0.0
      mult_x_19 (stage1_path_engine_0_DW_mult_tc_J3_13_5)
                                      1.72e-07 1.09e-07 3.40e-07 6.22e-07   0.0
      DP_OP_653J3_143_2117 (stage1_path_engine_0_DP_OP_653J3_143_2117_J3_0_5)
                                      1.37e-08 4.33e-09 6.60e-08 8.40e-08   0.0
      mult_x_20 (stage1_path_engine_0_DW_mult_tc_J3_12_5)
                                      1.74e-07 1.10e-07 3.48e-07 6.31e-07   0.0
      mult_x_21 (stage1_path_engine_0_DW_mult_tc_J3_11_5)
                                      1.74e-07 1.09e-07 3.13e-07 5.97e-07   0.0
      mult_x_22 (stage1_path_engine_0_DW_mult_tc_J3_10_5)
                                      1.78e-07 1.10e-07 3.29e-07 6.17e-07   0.0
      mult_x_23 (stage1_path_engine_0_DW_mult_tc_J3_9_5)
                                      1.70e-07 1.07e-07 3.09e-07 5.86e-07   0.0
      mult_x_24 (stage1_path_engine_0_DW_mult_tc_J3_8_5)
                                      1.74e-07 1.10e-07 3.44e-07 6.27e-07   0.0
      mult_x_25 (stage1_path_engine_0_DW_mult_tc_J3_7_5)
                                      1.73e-07 1.10e-07 3.44e-07 6.27e-07   0.0
      mult_x_26 (stage1_path_engine_0_DW_mult_tc_J3_6_5)
                                      1.74e-07 1.09e-07 3.16e-07 5.99e-07   0.0
      mult_x_27 (stage1_path_engine_0_DW_mult_tc_J3_5_5)
                                      1.78e-07 1.10e-07 3.25e-07 6.14e-07   0.0
      mult_x_28 (stage1_path_engine_0_DW_mult_tc_J3_4_5)
                                      1.70e-07 1.08e-07 3.03e-07 5.81e-07   0.0
      mult_x_29 (stage1_path_engine_0_DW_mult_tc_J3_3_5)
                                      1.73e-07 1.09e-07 3.41e-07 6.23e-07   0.0
      mult_x_30 (stage1_path_engine_0_DW_mult_tc_J3_2_5)
                                      1.73e-07 1.09e-07 3.45e-07 6.28e-07   0.0
      mult_x_31 (stage1_path_engine_0_DW_mult_tc_J3_1_5)
                                      1.74e-07 1.09e-07 3.13e-07 5.96e-07   0.0
      mult_x_32 (stage1_path_engine_0_DW_mult_tc_J3_0_5)
                                      1.78e-07 1.10e-07 3.29e-07 6.17e-07   0.0
      DP_OP_664J3_154_8083 (stage1_path_engine_0_DP_OP_664J3_154_8083_J3_0_5)
                                      1.17e-07 4.49e-08 3.25e-07 4.88e-07   0.0
      mult_x_1 (stage1_path_engine_0_DW_mult_tc_J3_31_5)
                                      1.74e-07 1.09e-07 3.13e-07 5.96e-07   0.0
      mult_x_2 (stage1_path_engine_0_DW_mult_tc_J3_30_5)
                                      1.78e-07 1.10e-07 3.29e-07 6.17e-07   0.0
      mult_x_3 (stage1_path_engine_0_DW_mult_tc_J3_29_5)
                                      1.72e-07 1.09e-07 3.04e-07 5.85e-07   0.0
      mult_x_4 (stage1_path_engine_0_DW_mult_tc_J3_28_5)
                                      1.73e-07 1.09e-07 3.43e-07 6.25e-07   0.0
      mult_x_5 (stage1_path_engine_0_DW_mult_tc_J3_27_5)
                                      1.72e-07 1.09e-07 3.45e-07 6.25e-07   0.0
      mult_x_6 (stage1_path_engine_0_DW_mult_tc_J3_26_5)
                                      1.75e-07 1.09e-07 3.16e-07 6.00e-07   0.0
      mult_x_7 (stage1_path_engine_0_DW_mult_tc_J3_25_5)
                                      1.78e-07 1.10e-07 3.25e-07 6.13e-07   0.0
      mult_x_8 (stage1_path_engine_0_DW_mult_tc_J3_24_5)
                                      1.71e-07 1.08e-07 3.09e-07 5.89e-07   0.0
      mult_x_9 (stage1_path_engine_0_DW_mult_tc_J3_23_5)
                                      1.71e-07 1.09e-07 3.40e-07 6.20e-07   0.0
      DP_OP_637J3_127_2117 (stage1_path_engine_0_DP_OP_637J3_127_2117_J3_0_5)
                                      1.37e-08 4.33e-09 6.60e-08 8.40e-08   0.0
      DP_OP_654J3_144_2117 (stage1_path_engine_0_DP_OP_654J3_144_2117_J3_0_5)
                                      1.36e-08 4.30e-09 6.74e-08 8.54e-08   0.0
      DP_OP_665J3_155_8083 (stage1_path_engine_0_DP_OP_665J3_155_8083_J3_0_5)
                                      1.16e-07 4.53e-08 3.25e-07 4.86e-07   0.0
      DP_OP_640J3_130_2117 (stage1_path_engine_0_DP_OP_640J3_130_2117_J3_0_5)
                                      1.46e-08 4.63e-09 6.67e-08 8.59e-08   0.0
      DP_OP_638J3_128_2117 (stage1_path_engine_0_DP_OP_638J3_128_2117_J3_0_5)
                                      1.36e-08 4.30e-09 6.74e-08 8.54e-08   0.0
      DP_OP_655J3_145_2117 (stage1_path_engine_0_DP_OP_655J3_145_2117_J3_0_5)
                                      1.52e-08 4.85e-09 6.71e-08 8.72e-08   0.0
      DP_OP_666J3_156_8083 (stage1_path_engine_0_DP_OP_666J3_156_8083_J3_0_5)
                                      1.01e-07 3.99e-08 3.25e-07 4.67e-07   0.0
      DP_OP_641J3_131_2117 (stage1_path_engine_0_DP_OP_641J3_131_2117_J3_0_5)
                                      1.52e-08 4.89e-09 6.69e-08 8.70e-08   0.0
      DP_OP_639J3_129_2117 (stage1_path_engine_0_DP_OP_639J3_129_2117_J3_0_5)
                                      1.52e-08 4.85e-09 6.71e-08 8.72e-08   0.0
      DP_OP_656J3_146_2117 (stage1_path_engine_0_DP_OP_656J3_146_2117_J3_0_5)
                                      1.46e-08 4.63e-09 6.67e-08 8.59e-08   0.0
      DP_OP_672J3_162_589 (stage1_path_engine_0_DP_OP_672J3_162_589_J3_0_5)
                                      1.55e-07 5.65e-08 3.66e-07 5.77e-07   0.0
      DP_OP_642J3_132_2117 (stage1_path_engine_0_DP_OP_642J3_132_2117_J3_0_5)
                                      1.66e-08 5.36e-09 6.72e-08 8.91e-08   0.0
    u_up (stage1_path_engine_4)       6.73e-04 6.75e-06 2.48e-05 7.05e-04   3.7
      DP_OP_657J3_147_2117 (stage1_path_engine_0_DP_OP_657J3_147_2117_J3_0_4)
                                      1.70e-08 5.52e-09 6.71e-08 8.96e-08   0.0
      DP_OP_670J3_160_8083 (stage1_path_engine_0_DP_OP_670J3_160_8083_J3_0_4)
                                      1.09e-07 4.30e-08 3.25e-07 4.77e-07   0.0
      DP_OP_673J3_163_589 (stage1_path_engine_0_DP_OP_673J3_163_589_J3_0_4)
                                      1.54e-07 5.65e-08 3.66e-07 5.77e-07   0.0
      DP_OP_643J3_133_2117 (stage1_path_engine_0_DP_OP_643J3_133_2117_J3_0_4)
                                      1.92e-08 6.24e-09 6.78e-08 9.33e-08   0.0
      add_x_33 (stage1_path_engine_0_DW01_add_J3_1_4)
                                      5.39e-08 1.37e-08 1.37e-07 2.05e-07   0.0
      DP_OP_660J3_150_2117 (stage1_path_engine_0_DP_OP_660J3_150_2117_J3_0_4)
                                      1.84e-08 5.98e-09 6.72e-08 9.15e-08   0.0
      DP_OP_658J3_148_2117 (stage1_path_engine_0_DP_OP_658J3_148_2117_J3_0_4)
                                      1.83e-08 5.91e-09 6.81e-08 9.23e-08   0.0
      DP_OP_671J3_161_8083 (stage1_path_engine_0_DP_OP_671J3_161_8083_J3_0_4)
                                      1.10e-07 4.28e-08 3.25e-07 4.78e-07   0.0
      DP_OP_644J3_134_2117 (stage1_path_engine_0_DP_OP_644J3_134_2117_J3_0_4)
                                      1.84e-08 5.98e-09 6.72e-08 9.15e-08   0.0
      DP_OP_667J3_157_8083 (stage1_path_engine_0_DP_OP_667J3_157_8083_J3_0_4)
                                      1.19e-07 4.54e-08 3.25e-07 4.89e-07   0.0
      DP_OP_661J3_151_2117 (stage1_path_engine_0_DP_OP_661J3_151_2117_J3_0_4)
                                      1.56e-08 5.00e-09 6.65e-08 8.71e-08   0.0
      DP_OP_659J3_149_2117 (stage1_path_engine_0_DP_OP_659J3_149_2117_J3_0_4)
                                      1.92e-08 6.24e-09 6.78e-08 9.33e-08   0.0
      add_x_194 (stage1_path_engine_0_DW01_add_J3_0_4)
                                      7.77e-08 1.79e-08 1.90e-07 2.85e-07   0.0
      DP_OP_645J3_135_2117 (stage1_path_engine_0_DP_OP_645J3_135_2117_J3_0_4)
                                      1.56e-08 5.00e-09 6.65e-08 8.71e-08   0.0
      DP_OP_668J3_158_8083 (stage1_path_engine_0_DP_OP_668J3_158_8083_J3_0_4)
                                      1.25e-07 4.75e-08 3.25e-07 4.97e-07   0.0
      DP_OP_662J3_152_2117 (stage1_path_engine_0_DP_OP_662J3_152_2117_J3_0_4)
                                      1.59e-08 5.09e-09 6.78e-08 8.89e-08   0.0
      DP_OP_646J3_136_2117 (stage1_path_engine_0_DP_OP_646J3_136_2117_J3_0_4)
                                      1.59e-08 5.09e-09 6.78e-08 8.89e-08   0.0
      DP_OP_669J3_159_8083 (stage1_path_engine_0_DP_OP_669J3_159_8083_J3_0_4)
                                      1.14e-07 4.48e-08 3.25e-07 4.84e-07   0.0
      DP_OP_663J3_153_2117 (stage1_path_engine_0_DP_OP_663J3_153_2117_J3_0_4)
                                      1.66e-08 5.30e-09 6.74e-08 8.93e-08   0.0
      DP_OP_632J3_122_2117 (stage1_path_engine_0_DP_OP_632J3_122_2117_J3_0_4)
                                      1.59e-08 5.07e-09 6.71e-08 8.81e-08   0.0
      DP_OP_647J3_137_2117 (stage1_path_engine_0_DP_OP_647J3_137_2117_J3_0_4)
                                      1.66e-08 5.30e-09 6.74e-08 8.93e-08   0.0
      DP_OP_633J3_123_2117 (stage1_path_engine_0_DP_OP_633J3_123_2117_J3_0_4)
                                      1.70e-08 5.52e-09 6.71e-08 8.96e-08   0.0
      DP_OP_650J3_140_2117 (stage1_path_engine_0_DP_OP_650J3_140_2117_J3_0_4)
                                      1.83e-08 5.91e-09 6.81e-08 9.23e-08   0.0
      DP_OP_648J3_138_2117 (stage1_path_engine_0_DP_OP_648J3_138_2117_J3_0_4)
                                      1.59e-08 5.07e-09 6.71e-08 8.81e-08   0.0
      DP_OP_634J3_124_2117 (stage1_path_engine_0_DP_OP_634J3_124_2117_J3_0_4)
                                      1.83e-08 5.91e-09 6.81e-08 9.23e-08   0.0
      DP_OP_651J3_141_2117 (stage1_path_engine_0_DP_OP_651J3_141_2117_J3_0_4)
                                      1.92e-08 6.24e-09 6.78e-08 9.33e-08   0.0
      DP_OP_649J3_139_2117 (stage1_path_engine_0_DP_OP_649J3_139_2117_J3_0_4)
                                      1.70e-08 5.52e-09 6.71e-08 8.96e-08   0.0
      DP_OP_635J3_125_2117 (stage1_path_engine_0_DP_OP_635J3_125_2117_J3_0_4)
                                      1.92e-08 6.24e-09 6.78e-08 9.33e-08   0.0
      DP_OP_652J3_142_2117 (stage1_path_engine_0_DP_OP_652J3_142_2117_J3_0_4)
                                      1.84e-08 5.98e-09 6.72e-08 9.15e-08   0.0
      DP_OP_636J3_126_2117 (stage1_path_engine_0_DP_OP_636J3_126_2117_J3_0_4)
                                      1.84e-08 5.98e-09 6.72e-08 9.15e-08   0.0
      mult_x_10 (stage1_path_engine_0_DW_mult_tc_J3_22_4)
                                      1.74e-07 1.09e-07 3.21e-07 6.05e-07   0.0
      mult_x_11 (stage1_path_engine_0_DW_mult_tc_J3_21_4)
                                      1.74e-07 1.10e-07 3.52e-07 6.36e-07   0.0
      mult_x_12 (stage1_path_engine_0_DW_mult_tc_J3_20_4)
                                      1.75e-07 1.10e-07 3.25e-07 6.09e-07   0.0
      mult_x_13 (stage1_path_engine_0_DW_mult_tc_J3_19_4)
                                      1.75e-07 1.09e-07 3.42e-07 6.26e-07   0.0
      mult_x_14 (stage1_path_engine_0_DW_mult_tc_J3_18_4)
                                      1.72e-07 1.08e-07 3.08e-07 5.88e-07   0.0
      mult_x_15 (stage1_path_engine_0_DW_mult_tc_J3_17_4)
                                      1.74e-07 1.09e-07 3.25e-07 6.09e-07   0.0
      mult_x_16 (stage1_path_engine_0_DW_mult_tc_J3_16_4)
                                      1.74e-07 1.10e-07 3.48e-07 6.32e-07   0.0
      mult_x_17 (stage1_path_engine_0_DW_mult_tc_J3_15_4)
                                      1.75e-07 1.10e-07 3.28e-07 6.13e-07   0.0
      mult_x_18 (stage1_path_engine_0_DW_mult_tc_J3_14_4)
                                      1.75e-07 1.09e-07 3.44e-07 6.28e-07   0.0
      mult_x_19 (stage1_path_engine_0_DW_mult_tc_J3_13_4)
                                      1.72e-07 1.08e-07 3.13e-07 5.94e-07   0.0
      DP_OP_653J3_143_2117 (stage1_path_engine_0_DP_OP_653J3_143_2117_J3_0_4)
                                      1.56e-08 5.00e-09 6.65e-08 8.71e-08   0.0
      mult_x_20 (stage1_path_engine_0_DW_mult_tc_J3_12_4)
                                      1.74e-07 1.09e-07 3.21e-07 6.04e-07   0.0
      mult_x_21 (stage1_path_engine_0_DW_mult_tc_J3_11_4)
                                      1.74e-07 1.10e-07 3.52e-07 6.35e-07   0.0
      mult_x_22 (stage1_path_engine_0_DW_mult_tc_J3_10_4)
                                      1.73e-07 1.09e-07 3.25e-07 6.07e-07   0.0
      mult_x_23 (stage1_path_engine_0_DW_mult_tc_J3_9_4)
                                      1.75e-07 1.09e-07 3.41e-07 6.26e-07   0.0
      mult_x_24 (stage1_path_engine_0_DW_mult_tc_J3_8_4)
                                      1.72e-07 1.08e-07 3.08e-07 5.89e-07   0.0
      mult_x_25 (stage1_path_engine_0_DW_mult_tc_J3_7_4)
                                      1.73e-07 1.09e-07 3.25e-07 6.07e-07   0.0
      mult_x_26 (stage1_path_engine_0_DW_mult_tc_J3_6_4)
                                      1.73e-07 1.09e-07 3.47e-07 6.30e-07   0.0
      mult_x_27 (stage1_path_engine_0_DW_mult_tc_J3_5_4)
                                      1.74e-07 1.10e-07 3.27e-07 6.11e-07   0.0
      mult_x_28 (stage1_path_engine_0_DW_mult_tc_J3_4_4)
                                      1.75e-07 1.09e-07 3.43e-07 6.28e-07   0.0
      mult_x_29 (stage1_path_engine_0_DW_mult_tc_J3_3_4)
                                      1.72e-07 1.08e-07 3.13e-07 5.93e-07   0.0
      mult_x_30 (stage1_path_engine_0_DW_mult_tc_J3_2_4)
                                      1.72e-07 1.09e-07 3.24e-07 6.05e-07   0.0
      mult_x_31 (stage1_path_engine_0_DW_mult_tc_J3_1_4)
                                      1.75e-07 1.10e-07 3.52e-07 6.37e-07   0.0
      mult_x_32 (stage1_path_engine_0_DW_mult_tc_J3_0_4)
                                      1.74e-07 1.10e-07 3.24e-07 6.07e-07   0.0
      DP_OP_664J3_154_8083 (stage1_path_engine_0_DP_OP_664J3_154_8083_J3_0_4)
                                      1.14e-07 4.49e-08 3.25e-07 4.84e-07   0.0
      mult_x_1 (stage1_path_engine_0_DW_mult_tc_J3_31_4)
                                      1.72e-07 1.09e-07 3.52e-07 6.34e-07   0.0
      mult_x_2 (stage1_path_engine_0_DW_mult_tc_J3_30_4)
                                      1.74e-07 1.10e-07 3.24e-07 6.09e-07   0.0
      mult_x_3 (stage1_path_engine_0_DW_mult_tc_J3_29_4)
                                      1.77e-07 1.10e-07 3.43e-07 6.30e-07   0.0
      mult_x_4 (stage1_path_engine_0_DW_mult_tc_J3_28_4)
                                      1.73e-07 1.08e-07 3.08e-07 5.89e-07   0.0
      mult_x_5 (stage1_path_engine_0_DW_mult_tc_J3_27_4)
                                      1.74e-07 1.09e-07 3.25e-07 6.08e-07   0.0
      mult_x_6 (stage1_path_engine_0_DW_mult_tc_J3_26_4)
                                      1.72e-07 1.09e-07 3.48e-07 6.29e-07   0.0
      mult_x_7 (stage1_path_engine_0_DW_mult_tc_J3_25_4)
                                      1.76e-07 1.10e-07 3.28e-07 6.14e-07   0.0
      mult_x_8 (stage1_path_engine_0_DW_mult_tc_J3_24_4)
                                      1.76e-07 1.10e-07 3.41e-07 6.26e-07   0.0
      mult_x_9 (stage1_path_engine_0_DW_mult_tc_J3_23_4)
                                      1.72e-07 1.08e-07 3.13e-07 5.93e-07   0.0
      DP_OP_637J3_127_2117 (stage1_path_engine_0_DP_OP_637J3_127_2117_J3_0_4)
                                      1.56e-08 5.00e-09 6.65e-08 8.71e-08   0.0
      DP_OP_654J3_144_2117 (stage1_path_engine_0_DP_OP_654J3_144_2117_J3_0_4)
                                      1.59e-08 5.09e-09 6.78e-08 8.89e-08   0.0
      DP_OP_665J3_155_8083 (stage1_path_engine_0_DP_OP_665J3_155_8083_J3_0_4)
                                      1.12e-07 4.38e-08 3.25e-07 4.80e-07   0.0
      DP_OP_640J3_130_2117 (stage1_path_engine_0_DP_OP_640J3_130_2117_J3_0_4)
                                      1.59e-08 5.07e-09 6.71e-08 8.81e-08   0.0
      DP_OP_638J3_128_2117 (stage1_path_engine_0_DP_OP_638J3_128_2117_J3_0_4)
                                      1.59e-08 5.09e-09 6.78e-08 8.89e-08   0.0
      DP_OP_655J3_145_2117 (stage1_path_engine_0_DP_OP_655J3_145_2117_J3_0_4)
                                      1.66e-08 5.30e-09 6.74e-08 8.93e-08   0.0
      DP_OP_666J3_156_8083 (stage1_path_engine_0_DP_OP_666J3_156_8083_J3_0_4)
                                      1.13e-07 4.37e-08 3.25e-07 4.82e-07   0.0
      DP_OP_641J3_131_2117 (stage1_path_engine_0_DP_OP_641J3_131_2117_J3_0_4)
                                      1.70e-08 5.52e-09 6.71e-08 8.96e-08   0.0
      DP_OP_639J3_129_2117 (stage1_path_engine_0_DP_OP_639J3_129_2117_J3_0_4)
                                      1.66e-08 5.30e-09 6.74e-08 8.93e-08   0.0
      DP_OP_656J3_146_2117 (stage1_path_engine_0_DP_OP_656J3_146_2117_J3_0_4)
                                      1.59e-08 5.07e-09 6.71e-08 8.81e-08   0.0
      DP_OP_672J3_162_589 (stage1_path_engine_0_DP_OP_672J3_162_589_J3_0_4)
                                      1.47e-07 5.38e-08 3.66e-07 5.67e-07   0.0
      DP_OP_642J3_132_2117 (stage1_path_engine_0_DP_OP_642J3_132_2117_J3_0_4)
                                      1.83e-08 5.91e-09 6.81e-08 9.23e-08   0.0
  g_weight_4__u_weight (sram_bank_128x256_11)
                                      2.52e-04 4.92e-07 9.45e-05 3.47e-04   1.8
    g_bank_6__u_macro (hs128x32_wrapper_89)
                                      3.21e-05 6.16e-08 1.18e-05 4.39e-05   0.2
    g_bank_5__u_macro (hs128x32_wrapper_90)
                                      3.21e-05 6.15e-08 1.18e-05 4.40e-05   0.2
    g_bank_4__u_macro (hs128x32_wrapper_91)
                                      3.20e-05 6.15e-08 1.18e-05 4.39e-05   0.2
    g_bank_0__u_macro (hs128x32_wrapper_95)
                                      2.80e-05 6.15e-08 1.18e-05 3.99e-05   0.2
    g_bank_3__u_macro (hs128x32_wrapper_92)
                                      3.21e-05 6.16e-08 1.18e-05 4.40e-05   0.2
    g_bank_2__u_macro (hs128x32_wrapper_93)
                                      3.20e-05 6.15e-08 1.18e-05 4.39e-05   0.2
    g_bank_1__u_macro (hs128x32_wrapper_94)
                                      3.21e-05 6.16e-08 1.18e-05 4.39e-05   0.2
    g_bank_7__u_macro (hs128x32_wrapper_88)
                                      3.20e-05 6.15e-08 1.18e-05 4.39e-05   0.2
  add_x_86 (stage1_tile_DW01_inc_J1_0)
                                      1.41e-08 3.35e-09 2.69e-08 4.43e-08   0.0
  u_activation (activation_dff_store) 1.25e-03 1.30e-05 1.32e-05 1.28e-03   6.7
  g_pair_4__u_pair (stage1_lane_pair_3)
                                      1.34e-03 1.30e-05 4.98e-05 1.41e-03   7.3
    u_gate (stage1_path_engine_7)     6.72e-04 6.44e-06 2.49e-05 7.04e-04   3.7
      DP_OP_657J3_147_2117 (stage1_path_engine_0_DP_OP_657J3_147_2117_J3_0_7)
                                      1.77e-08 6.26e-09 7.03e-08 9.43e-08   0.0
      DP_OP_670J3_160_8083 (stage1_path_engine_0_DP_OP_670J3_160_8083_J3_0_7)
                                      7.66e-08 3.11e-08 3.25e-07 4.33e-07   0.0
      DP_OP_673J3_163_589 (stage1_path_engine_0_DP_OP_673J3_163_589_J3_0_7)
                                      1.55e-07 5.66e-08 3.66e-07 5.78e-07   0.0
      DP_OP_643J3_133_2117 (stage1_path_engine_0_DP_OP_643J3_133_2117_J3_0_7)
                                      1.79e-08 6.20e-09 7.01e-08 9.41e-08   0.0
      add_x_33 (stage1_path_engine_0_DW01_add_J3_1_7)
                                      5.60e-08 1.41e-08 1.37e-07 2.07e-07   0.0
      DP_OP_660J3_150_2117 (stage1_path_engine_0_DP_OP_660J3_150_2117_J3_0_7)
                                      1.76e-08 6.16e-09 7.24e-08 9.62e-08   0.0
      DP_OP_658J3_148_2117 (stage1_path_engine_0_DP_OP_658J3_148_2117_J3_0_7)
                                      1.81e-08 6.32e-09 6.99e-08 9.43e-08   0.0
      DP_OP_671J3_161_8083 (stage1_path_engine_0_DP_OP_671J3_161_8083_J3_0_7)
                                      9.83e-08 3.87e-08 3.25e-07 4.62e-07   0.0
      DP_OP_644J3_134_2117 (stage1_path_engine_0_DP_OP_644J3_134_2117_J3_0_7)
                                      1.76e-08 6.16e-09 7.24e-08 9.62e-08   0.0
      DP_OP_667J3_157_8083 (stage1_path_engine_0_DP_OP_667J3_157_8083_J3_0_7)
                                      9.08e-08 3.68e-08 3.25e-07 4.53e-07   0.0
      DP_OP_661J3_151_2117 (stage1_path_engine_0_DP_OP_661J3_151_2117_J3_0_7)
                                      1.60e-08 5.63e-09 7.17e-08 9.34e-08   0.0
      DP_OP_659J3_149_2117 (stage1_path_engine_0_DP_OP_659J3_149_2117_J3_0_7)
                                      1.79e-08 6.20e-09 7.01e-08 9.41e-08   0.0
      add_x_194 (stage1_path_engine_0_DW01_add_J3_0_7)
                                      9.23e-08 2.12e-08 1.90e-07 3.03e-07   0.0
      DP_OP_645J3_135_2117 (stage1_path_engine_0_DP_OP_645J3_135_2117_J3_0_7)
                                      1.60e-08 5.63e-09 7.17e-08 9.34e-08   0.0
      DP_OP_668J3_158_8083 (stage1_path_engine_0_DP_OP_668J3_158_8083_J3_0_7)
                                      7.77e-08 3.16e-08 3.25e-07 4.34e-07   0.0
      DP_OP_662J3_152_2117 (stage1_path_engine_0_DP_OP_662J3_152_2117_J3_0_7)
                                      1.65e-08 5.83e-09 6.87e-08 9.11e-08   0.0
      DP_OP_646J3_136_2117 (stage1_path_engine_0_DP_OP_646J3_136_2117_J3_0_7)
                                      1.65e-08 5.83e-09 6.87e-08 9.11e-08   0.0
      DP_OP_669J3_159_8083 (stage1_path_engine_0_DP_OP_669J3_159_8083_J3_0_7)
                                      9.17e-08 3.63e-08 3.25e-07 4.53e-07   0.0
      DP_OP_663J3_153_2117 (stage1_path_engine_0_DP_OP_663J3_153_2117_J3_0_7)
                                      1.80e-08 6.30e-09 6.90e-08 9.33e-08   0.0
      DP_OP_632J3_122_2117 (stage1_path_engine_0_DP_OP_632J3_122_2117_J3_0_7)
                                      1.72e-08 5.99e-09 7.00e-08 9.32e-08   0.0
      DP_OP_647J3_137_2117 (stage1_path_engine_0_DP_OP_647J3_137_2117_J3_0_7)
                                      1.80e-08 6.30e-09 6.90e-08 9.33e-08   0.0
      DP_OP_633J3_123_2117 (stage1_path_engine_0_DP_OP_633J3_123_2117_J3_0_7)
                                      1.77e-08 6.26e-09 7.03e-08 9.43e-08   0.0
      DP_OP_650J3_140_2117 (stage1_path_engine_0_DP_OP_650J3_140_2117_J3_0_7)
                                      1.81e-08 6.32e-09 6.99e-08 9.43e-08   0.0
      DP_OP_648J3_138_2117 (stage1_path_engine_0_DP_OP_648J3_138_2117_J3_0_7)
                                      1.72e-08 5.99e-09 7.00e-08 9.32e-08   0.0
      DP_OP_634J3_124_2117 (stage1_path_engine_0_DP_OP_634J3_124_2117_J3_0_7)
                                      1.81e-08 6.32e-09 6.99e-08 9.43e-08   0.0
      DP_OP_651J3_141_2117 (stage1_path_engine_0_DP_OP_651J3_141_2117_J3_0_7)
                                      1.79e-08 6.20e-09 7.01e-08 9.41e-08   0.0
      DP_OP_649J3_139_2117 (stage1_path_engine_0_DP_OP_649J3_139_2117_J3_0_7)
                                      1.77e-08 6.26e-09 7.03e-08 9.43e-08   0.0
      DP_OP_635J3_125_2117 (stage1_path_engine_0_DP_OP_635J3_125_2117_J3_0_7)
                                      1.79e-08 6.20e-09 7.01e-08 9.41e-08   0.0
      DP_OP_652J3_142_2117 (stage1_path_engine_0_DP_OP_652J3_142_2117_J3_0_7)
                                      1.76e-08 6.16e-09 7.24e-08 9.62e-08   0.0
      DP_OP_636J3_126_2117 (stage1_path_engine_0_DP_OP_636J3_126_2117_J3_0_7)
                                      1.76e-08 6.16e-09 7.24e-08 9.62e-08   0.0
      mult_x_10 (stage1_path_engine_0_DW_mult_tc_J3_22_7)
                                      1.75e-07 1.09e-07 3.43e-07 6.27e-07   0.0
      mult_x_11 (stage1_path_engine_0_DW_mult_tc_J3_21_7)
                                      1.72e-07 1.08e-07 3.08e-07 5.88e-07   0.0
      mult_x_12 (stage1_path_engine_0_DW_mult_tc_J3_20_7)
                                      1.73e-07 1.09e-07 3.25e-07 6.07e-07   0.0
      mult_x_13 (stage1_path_engine_0_DW_mult_tc_J3_19_7)
                                      1.71e-07 1.08e-07 3.49e-07 6.28e-07   0.0
      mult_x_14 (stage1_path_engine_0_DW_mult_tc_J3_18_7)
                                      1.74e-07 1.09e-07 3.27e-07 6.11e-07   0.0
      mult_x_15 (stage1_path_engine_0_DW_mult_tc_J3_17_7)
                                      1.74e-07 1.09e-07 3.41e-07 6.24e-07   0.0
      mult_x_16 (stage1_path_engine_0_DW_mult_tc_J3_16_7)
                                      1.72e-07 1.06e-07 3.10e-07 5.88e-07   0.0
      mult_x_17 (stage1_path_engine_0_DW_mult_tc_J3_15_7)
                                      1.73e-07 1.09e-07 3.21e-07 6.02e-07   0.0
      mult_x_18 (stage1_path_engine_0_DW_mult_tc_J3_14_7)
                                      1.71e-07 1.08e-07 3.52e-07 6.32e-07   0.0
      mult_x_19 (stage1_path_engine_0_DW_mult_tc_J3_13_7)
                                      1.73e-07 1.07e-07 3.22e-07 6.02e-07   0.0
      DP_OP_653J3_143_2117 (stage1_path_engine_0_DP_OP_653J3_143_2117_J3_0_7)
                                      1.60e-08 5.63e-09 7.17e-08 9.34e-08   0.0
      mult_x_20 (stage1_path_engine_0_DW_mult_tc_J3_12_7)
                                      1.76e-07 1.09e-07 3.43e-07 6.28e-07   0.0
      mult_x_21 (stage1_path_engine_0_DW_mult_tc_J3_11_7)
                                      1.72e-07 1.08e-07 3.08e-07 5.88e-07   0.0
      mult_x_22 (stage1_path_engine_0_DW_mult_tc_J3_10_7)
                                      1.73e-07 1.08e-07 3.25e-07 6.06e-07   0.0
      mult_x_23 (stage1_path_engine_0_DW_mult_tc_J3_9_7)
                                      1.71e-07 1.08e-07 3.48e-07 6.27e-07   0.0
      mult_x_24 (stage1_path_engine_0_DW_mult_tc_J3_8_7)
                                      1.75e-07 1.10e-07 3.28e-07 6.13e-07   0.0
      mult_x_25 (stage1_path_engine_0_DW_mult_tc_J3_7_7)
                                      1.75e-07 1.09e-07 3.41e-07 6.25e-07   0.0
      mult_x_26 (stage1_path_engine_0_DW_mult_tc_J3_6_7)
                                      1.71e-07 1.07e-07 3.13e-07 5.92e-07   0.0
      mult_x_27 (stage1_path_engine_0_DW_mult_tc_J3_5_7)
                                      1.73e-07 1.09e-07 3.21e-07 6.04e-07   0.0
      mult_x_28 (stage1_path_engine_0_DW_mult_tc_J3_4_7)
                                      1.73e-07 1.09e-07 3.52e-07 6.34e-07   0.0
      mult_x_29 (stage1_path_engine_0_DW_mult_tc_J3_3_7)
                                      1.74e-07 1.09e-07 3.25e-07 6.08e-07   0.0
      mult_x_30 (stage1_path_engine_0_DW_mult_tc_J3_2_7)
                                      1.74e-07 1.09e-07 3.42e-07 6.25e-07   0.0
      mult_x_31 (stage1_path_engine_0_DW_mult_tc_J3_1_7)
                                      1.71e-07 1.07e-07 3.08e-07 5.87e-07   0.0
      mult_x_32 (stage1_path_engine_0_DW_mult_tc_J3_0_7)
                                      1.73e-07 1.09e-07 3.25e-07 6.07e-07   0.0
      DP_OP_664J3_154_8083 (stage1_path_engine_0_DP_OP_664J3_154_8083_J3_0_7)
                                      7.76e-08 3.14e-08 3.25e-07 4.34e-07   0.0
      mult_x_1 (stage1_path_engine_0_DW_mult_tc_J3_31_7)
                                      1.72e-07 1.08e-07 3.08e-07 5.87e-07   0.0
      mult_x_2 (stage1_path_engine_0_DW_mult_tc_J3_30_7)
                                      1.73e-07 1.08e-07 3.25e-07 6.06e-07   0.0
      mult_x_3 (stage1_path_engine_0_DW_mult_tc_J3_29_7)
                                      1.72e-07 1.09e-07 3.51e-07 6.32e-07   0.0
      mult_x_4 (stage1_path_engine_0_DW_mult_tc_J3_28_7)
                                      1.74e-07 1.09e-07 3.27e-07 6.10e-07   0.0
      mult_x_5 (stage1_path_engine_0_DW_mult_tc_J3_27_7)
                                      1.74e-07 1.08e-07 3.41e-07 6.24e-07   0.0
      mult_x_6 (stage1_path_engine_0_DW_mult_tc_J3_26_7)
                                      1.72e-07 1.08e-07 3.13e-07 5.93e-07   0.0
      mult_x_7 (stage1_path_engine_0_DW_mult_tc_J3_25_7)
                                      1.73e-07 1.09e-07 3.21e-07 6.03e-07   0.0
      mult_x_8 (stage1_path_engine_0_DW_mult_tc_J3_24_7)
                                      1.70e-07 1.09e-07 3.47e-07 6.26e-07   0.0
      mult_x_9 (stage1_path_engine_0_DW_mult_tc_J3_23_7)
                                      1.72e-07 1.09e-07 3.24e-07 6.05e-07   0.0
      DP_OP_637J3_127_2117 (stage1_path_engine_0_DP_OP_637J3_127_2117_J3_0_7)
                                      1.60e-08 5.63e-09 7.17e-08 9.34e-08   0.0
      DP_OP_654J3_144_2117 (stage1_path_engine_0_DP_OP_654J3_144_2117_J3_0_7)
                                      1.65e-08 5.83e-09 6.87e-08 9.11e-08   0.0
      DP_OP_665J3_155_8083 (stage1_path_engine_0_DP_OP_665J3_155_8083_J3_0_7)
                                      9.56e-08 3.78e-08 3.25e-07 4.58e-07   0.0
      DP_OP_640J3_130_2117 (stage1_path_engine_0_DP_OP_640J3_130_2117_J3_0_7)
                                      1.72e-08 5.99e-09 7.00e-08 9.32e-08   0.0
      DP_OP_638J3_128_2117 (stage1_path_engine_0_DP_OP_638J3_128_2117_J3_0_7)
                                      1.65e-08 5.83e-09 6.87e-08 9.11e-08   0.0
      DP_OP_655J3_145_2117 (stage1_path_engine_0_DP_OP_655J3_145_2117_J3_0_7)
                                      1.80e-08 6.30e-09 6.90e-08 9.33e-08   0.0
      DP_OP_666J3_156_8083 (stage1_path_engine_0_DP_OP_666J3_156_8083_J3_0_7)
                                      8.50e-08 3.37e-08 3.25e-07 4.44e-07   0.0
      DP_OP_641J3_131_2117 (stage1_path_engine_0_DP_OP_641J3_131_2117_J3_0_7)
                                      1.77e-08 6.26e-09 7.03e-08 9.43e-08   0.0
      DP_OP_639J3_129_2117 (stage1_path_engine_0_DP_OP_639J3_129_2117_J3_0_7)
                                      1.80e-08 6.30e-09 6.90e-08 9.33e-08   0.0
      DP_OP_656J3_146_2117 (stage1_path_engine_0_DP_OP_656J3_146_2117_J3_0_7)
                                      1.72e-08 5.99e-09 7.00e-08 9.32e-08   0.0
      DP_OP_672J3_162_589 (stage1_path_engine_0_DP_OP_672J3_162_589_J3_0_7)
                                      1.50e-07 5.55e-08 3.66e-07 5.72e-07   0.0
      DP_OP_642J3_132_2117 (stage1_path_engine_0_DP_OP_642J3_132_2117_J3_0_7)
                                      1.81e-08 6.32e-09 6.99e-08 9.43e-08   0.0
    u_up (stage1_path_engine_6)       6.73e-04 6.53e-06 2.48e-05 7.04e-04   3.7
      DP_OP_657J3_147_2117 (stage1_path_engine_0_DP_OP_657J3_147_2117_J3_0_6)
                                      1.71e-08 5.98e-09 6.85e-08 9.16e-08   0.0
      DP_OP_670J3_160_8083 (stage1_path_engine_0_DP_OP_670J3_160_8083_J3_0_6)
                                      1.04e-07 4.05e-08 3.25e-07 4.70e-07   0.0
      DP_OP_673J3_163_589 (stage1_path_engine_0_DP_OP_673J3_163_589_J3_0_6)
                                      1.55e-07 5.64e-08 3.66e-07 5.78e-07   0.0
      DP_OP_643J3_133_2117 (stage1_path_engine_0_DP_OP_643J3_133_2117_J3_0_6)
                                      1.77e-08 6.12e-09 6.80e-08 9.18e-08   0.0
      add_x_33 (stage1_path_engine_0_DW01_add_J3_1_6)
                                      5.55e-08 1.41e-08 1.37e-07 2.07e-07   0.0
      DP_OP_660J3_150_2117 (stage1_path_engine_0_DP_OP_660J3_150_2117_J3_0_6)
                                      1.72e-08 5.99e-09 6.83e-08 9.15e-08   0.0
      DP_OP_658J3_148_2117 (stage1_path_engine_0_DP_OP_658J3_148_2117_J3_0_6)
                                      1.78e-08 6.18e-09 6.77e-08 9.17e-08   0.0
      DP_OP_671J3_161_8083 (stage1_path_engine_0_DP_OP_671J3_161_8083_J3_0_6)
                                      1.03e-07 4.05e-08 3.25e-07 4.68e-07   0.0
      DP_OP_644J3_134_2117 (stage1_path_engine_0_DP_OP_644J3_134_2117_J3_0_6)
                                      1.72e-08 5.99e-09 6.83e-08 9.15e-08   0.0
      DP_OP_667J3_157_8083 (stage1_path_engine_0_DP_OP_667J3_157_8083_J3_0_6)
                                      9.58e-08 3.77e-08 3.25e-07 4.58e-07   0.0
      DP_OP_661J3_151_2117 (stage1_path_engine_0_DP_OP_661J3_151_2117_J3_0_6)
                                      1.46e-08 5.06e-09 7.03e-08 9.00e-08   0.0
      DP_OP_659J3_149_2117 (stage1_path_engine_0_DP_OP_659J3_149_2117_J3_0_6)
                                      1.77e-08 6.12e-09 6.80e-08 9.18e-08   0.0
      add_x_194 (stage1_path_engine_0_DW01_add_J3_0_6)
                                      8.01e-08 1.84e-08 1.90e-07 2.88e-07   0.0
      DP_OP_645J3_135_2117 (stage1_path_engine_0_DP_OP_645J3_135_2117_J3_0_6)
                                      1.46e-08 5.06e-09 7.03e-08 9.00e-08   0.0
      DP_OP_668J3_158_8083 (stage1_path_engine_0_DP_OP_668J3_158_8083_J3_0_6)
                                      9.57e-08 3.81e-08 3.25e-07 4.59e-07   0.0
      DP_OP_662J3_152_2117 (stage1_path_engine_0_DP_OP_662J3_152_2117_J3_0_6)
                                      1.53e-08 5.34e-09 6.67e-08 8.73e-08   0.0
      DP_OP_646J3_136_2117 (stage1_path_engine_0_DP_OP_646J3_136_2117_J3_0_6)
                                      1.53e-08 5.34e-09 6.67e-08 8.73e-08   0.0
      DP_OP_669J3_159_8083 (stage1_path_engine_0_DP_OP_669J3_159_8083_J3_0_6)
                                      9.61e-08 3.83e-08 3.25e-07 4.59e-07   0.0
      DP_OP_663J3_153_2117 (stage1_path_engine_0_DP_OP_663J3_153_2117_J3_0_6)
                                      1.69e-08 5.85e-09 6.70e-08 8.97e-08   0.0
      DP_OP_632J3_122_2117 (stage1_path_engine_0_DP_OP_632J3_122_2117_J3_0_6)
                                      1.58e-08 5.47e-09 6.79e-08 8.91e-08   0.0
      DP_OP_647J3_137_2117 (stage1_path_engine_0_DP_OP_647J3_137_2117_J3_0_6)
                                      1.69e-08 5.85e-09 6.70e-08 8.97e-08   0.0
      DP_OP_633J3_123_2117 (stage1_path_engine_0_DP_OP_633J3_123_2117_J3_0_6)
                                      1.71e-08 5.98e-09 6.85e-08 9.16e-08   0.0
      DP_OP_650J3_140_2117 (stage1_path_engine_0_DP_OP_650J3_140_2117_J3_0_6)
                                      1.78e-08 6.18e-09 6.77e-08 9.17e-08   0.0
      DP_OP_648J3_138_2117 (stage1_path_engine_0_DP_OP_648J3_138_2117_J3_0_6)
                                      1.58e-08 5.47e-09 6.79e-08 8.91e-08   0.0
      DP_OP_634J3_124_2117 (stage1_path_engine_0_DP_OP_634J3_124_2117_J3_0_6)
                                      1.78e-08 6.18e-09 6.77e-08 9.17e-08   0.0
      DP_OP_651J3_141_2117 (stage1_path_engine_0_DP_OP_651J3_141_2117_J3_0_6)
                                      1.77e-08 6.12e-09 6.80e-08 9.18e-08   0.0
      DP_OP_649J3_139_2117 (stage1_path_engine_0_DP_OP_649J3_139_2117_J3_0_6)
                                      1.71e-08 5.98e-09 6.85e-08 9.16e-08   0.0
      DP_OP_635J3_125_2117 (stage1_path_engine_0_DP_OP_635J3_125_2117_J3_0_6)
                                      1.77e-08 6.12e-09 6.80e-08 9.18e-08   0.0
      DP_OP_652J3_142_2117 (stage1_path_engine_0_DP_OP_652J3_142_2117_J3_0_6)
                                      1.72e-08 5.99e-09 6.83e-08 9.15e-08   0.0
      DP_OP_636J3_126_2117 (stage1_path_engine_0_DP_OP_636J3_126_2117_J3_0_6)
                                      1.72e-08 5.99e-09 6.83e-08 9.15e-08   0.0
      mult_x_10 (stage1_path_engine_0_DW_mult_tc_J3_22_6)
                                      1.74e-07 1.09e-07 3.07e-07 5.90e-07   0.0
      mult_x_11 (stage1_path_engine_0_DW_mult_tc_J3_21_6)
                                      1.76e-07 1.09e-07 3.48e-07 6.34e-07   0.0
      mult_x_12 (stage1_path_engine_0_DW_mult_tc_J3_20_6)
                                      1.72e-07 1.08e-07 3.20e-07 6.01e-07   0.0
      mult_x_13 (stage1_path_engine_0_DW_mult_tc_J3_19_6)
                                      1.70e-07 1.08e-07 3.39e-07 6.17e-07   0.0
      mult_x_14 (stage1_path_engine_0_DW_mult_tc_J3_18_6)
                                      1.73e-07 1.09e-07 3.28e-07 6.09e-07   0.0
      mult_x_15 (stage1_path_engine_0_DW_mult_tc_J3_17_6)
                                      1.74e-07 1.09e-07 3.13e-07 5.95e-07   0.0
      mult_x_16 (stage1_path_engine_0_DW_mult_tc_J3_16_6)
                                      1.76e-07 1.09e-07 3.44e-07 6.30e-07   0.0
      mult_x_17 (stage1_path_engine_0_DW_mult_tc_J3_15_6)
                                      1.73e-07 1.08e-07 3.24e-07 6.05e-07   0.0
      mult_x_18 (stage1_path_engine_0_DW_mult_tc_J3_14_6)
                                      1.70e-07 1.08e-07 3.40e-07 6.18e-07   0.0
      mult_x_19 (stage1_path_engine_0_DW_mult_tc_J3_13_6)
                                      1.73e-07 1.07e-07 3.30e-07 6.09e-07   0.0
      DP_OP_653J3_143_2117 (stage1_path_engine_0_DP_OP_653J3_143_2117_J3_0_6)
                                      1.46e-08 5.06e-09 7.03e-08 9.00e-08   0.0
      mult_x_20 (stage1_path_engine_0_DW_mult_tc_J3_12_6)
                                      1.74e-07 1.09e-07 3.07e-07 5.90e-07   0.0
      mult_x_21 (stage1_path_engine_0_DW_mult_tc_J3_11_6)
                                      1.76e-07 1.09e-07 3.48e-07 6.33e-07   0.0
      mult_x_22 (stage1_path_engine_0_DW_mult_tc_J3_10_6)
                                      1.71e-07 1.07e-07 3.20e-07 5.98e-07   0.0
      mult_x_23 (stage1_path_engine_0_DW_mult_tc_J3_9_6)
                                      1.70e-07 1.08e-07 3.38e-07 6.16e-07   0.0
      mult_x_24 (stage1_path_engine_0_DW_mult_tc_J3_8_6)
                                      1.74e-07 1.10e-07 3.27e-07 6.11e-07   0.0
      mult_x_25 (stage1_path_engine_0_DW_mult_tc_J3_7_6)
                                      1.73e-07 1.08e-07 3.12e-07 5.94e-07   0.0
      mult_x_26 (stage1_path_engine_0_DW_mult_tc_J3_6_6)
                                      1.74e-07 1.09e-07 3.44e-07 6.27e-07   0.0
      mult_x_27 (stage1_path_engine_0_DW_mult_tc_J3_5_6)
                                      1.72e-07 1.08e-07 3.24e-07 6.03e-07   0.0
      mult_x_28 (stage1_path_engine_0_DW_mult_tc_J3_4_6)
                                      1.70e-07 1.08e-07 3.40e-07 6.19e-07   0.0
      mult_x_29 (stage1_path_engine_0_DW_mult_tc_J3_3_6)
                                      1.74e-07 1.09e-07 3.32e-07 6.16e-07   0.0
      mult_x_30 (stage1_path_engine_0_DW_mult_tc_J3_2_6)
                                      1.72e-07 1.08e-07 3.11e-07 5.91e-07   0.0
      mult_x_31 (stage1_path_engine_0_DW_mult_tc_J3_1_6)
                                      1.77e-07 1.10e-07 3.48e-07 6.34e-07   0.0
      mult_x_32 (stage1_path_engine_0_DW_mult_tc_J3_0_6)
                                      1.71e-07 1.08e-07 3.20e-07 5.98e-07   0.0
      DP_OP_664J3_154_8083 (stage1_path_engine_0_DP_OP_664J3_154_8083_J3_0_6)
                                      9.47e-08 3.78e-08 3.25e-07 4.57e-07   0.0
      mult_x_1 (stage1_path_engine_0_DW_mult_tc_J3_31_6)
                                      1.75e-07 1.09e-07 3.48e-07 6.33e-07   0.0
      mult_x_2 (stage1_path_engine_0_DW_mult_tc_J3_30_6)
                                      1.72e-07 1.08e-07 3.20e-07 6.00e-07   0.0
      mult_x_3 (stage1_path_engine_0_DW_mult_tc_J3_29_6)
                                      1.72e-07 1.08e-07 3.40e-07 6.20e-07   0.0
      mult_x_4 (stage1_path_engine_0_DW_mult_tc_J3_28_6)
                                      1.72e-07 1.08e-07 3.28e-07 6.08e-07   0.0
      mult_x_5 (stage1_path_engine_0_DW_mult_tc_J3_27_6)
                                      1.73e-07 1.09e-07 3.12e-07 5.94e-07   0.0
      mult_x_6 (stage1_path_engine_0_DW_mult_tc_J3_26_6)
                                      1.75e-07 1.09e-07 3.44e-07 6.28e-07   0.0
      mult_x_7 (stage1_path_engine_0_DW_mult_tc_J3_25_6)
                                      1.74e-07 1.09e-07 3.25e-07 6.07e-07   0.0
      mult_x_8 (stage1_path_engine_0_DW_mult_tc_J3_24_6)
                                      1.71e-07 1.08e-07 3.38e-07 6.17e-07   0.0
      mult_x_9 (stage1_path_engine_0_DW_mult_tc_J3_23_6)
                                      1.72e-07 1.08e-07 3.33e-07 6.13e-07   0.0
      DP_OP_637J3_127_2117 (stage1_path_engine_0_DP_OP_637J3_127_2117_J3_0_6)
                                      1.46e-08 5.06e-09 7.03e-08 9.00e-08   0.0
      DP_OP_654J3_144_2117 (stage1_path_engine_0_DP_OP_654J3_144_2117_J3_0_6)
                                      1.53e-08 5.34e-09 6.67e-08 8.73e-08   0.0
      DP_OP_665J3_155_8083 (stage1_path_engine_0_DP_OP_665J3_155_8083_J3_0_6)
                                      1.09e-07 4.29e-08 3.25e-07 4.76e-07   0.0
      DP_OP_640J3_130_2117 (stage1_path_engine_0_DP_OP_640J3_130_2117_J3_0_6)
                                      1.58e-08 5.47e-09 6.79e-08 8.91e-08   0.0
      DP_OP_638J3_128_2117 (stage1_path_engine_0_DP_OP_638J3_128_2117_J3_0_6)
                                      1.53e-08 5.34e-09 6.67e-08 8.73e-08   0.0
      DP_OP_655J3_145_2117 (stage1_path_engine_0_DP_OP_655J3_145_2117_J3_0_6)
                                      1.69e-08 5.85e-09 6.70e-08 8.97e-08   0.0
      DP_OP_666J3_156_8083 (stage1_path_engine_0_DP_OP_666J3_156_8083_J3_0_6)
                                      9.38e-08 3.74e-08 3.25e-07 4.56e-07   0.0
      DP_OP_641J3_131_2117 (stage1_path_engine_0_DP_OP_641J3_131_2117_J3_0_6)
                                      1.71e-08 5.98e-09 6.85e-08 9.16e-08   0.0
      DP_OP_639J3_129_2117 (stage1_path_engine_0_DP_OP_639J3_129_2117_J3_0_6)
                                      1.69e-08 5.85e-09 6.70e-08 8.97e-08   0.0
      DP_OP_656J3_146_2117 (stage1_path_engine_0_DP_OP_656J3_146_2117_J3_0_6)
                                      1.58e-08 5.47e-09 6.79e-08 8.91e-08   0.0
      DP_OP_672J3_162_589 (stage1_path_engine_0_DP_OP_672J3_162_589_J3_0_6)
                                      1.57e-07 5.71e-08 3.66e-07 5.80e-07   0.0
      DP_OP_642J3_132_2117 (stage1_path_engine_0_DP_OP_642J3_132_2117_J3_0_6)
                                      1.78e-08 6.18e-09 6.77e-08 9.17e-08   0.0
  g_weight_12__u_weight (sram_bank_128x256_3)
                                      2.52e-04 4.93e-07 9.45e-05 3.47e-04   1.8
    g_bank_6__u_macro (hs128x32_wrapper_25)
                                      3.21e-05 6.16e-08 1.18e-05 4.39e-05   0.2
    g_bank_5__u_macro (hs128x32_wrapper_26)
                                      3.21e-05 6.16e-08 1.18e-05 4.40e-05   0.2
    g_bank_4__u_macro (hs128x32_wrapper_27)
                                      3.20e-05 6.17e-08 1.18e-05 4.39e-05   0.2
    g_bank_0__u_macro (hs128x32_wrapper_31)
                                      2.80e-05 6.16e-08 1.18e-05 3.99e-05   0.2
    g_bank_3__u_macro (hs128x32_wrapper_28)
                                      3.21e-05 6.16e-08 1.18e-05 4.40e-05   0.2
    g_bank_2__u_macro (hs128x32_wrapper_29)
                                      3.20e-05 6.17e-08 1.18e-05 4.39e-05   0.2
    g_bank_1__u_macro (hs128x32_wrapper_30)
                                      3.21e-05 6.16e-08 1.18e-05 4.39e-05   0.2
    g_bank_7__u_macro (hs128x32_wrapper_24)
                                      3.20e-05 6.17e-08 1.18e-05 4.39e-05   0.2
  DP_OP_276J1_134_5275 (stage1_tile_DP_OP_276J1_134_5275_J1_0)
                                      5.81e-08 2.42e-08 1.42e-07 2.24e-07   0.0
  g_weight_7__u_weight (sram_bank_128x256_8)
                                      2.52e-04 4.93e-07 9.45e-05 3.47e-04   1.8
    g_bank_6__u_macro (hs128x32_wrapper_65)
                                      3.21e-05 6.15e-08 1.18e-05 4.39e-05   0.2
    g_bank_5__u_macro (hs128x32_wrapper_66)
                                      3.21e-05 6.16e-08 1.18e-05 4.40e-05   0.2
    g_bank_4__u_macro (hs128x32_wrapper_67)
                                      3.20e-05 6.15e-08 1.18e-05 4.39e-05   0.2
    g_bank_0__u_macro (hs128x32_wrapper_71)
                                      2.80e-05 6.16e-08 1.18e-05 3.99e-05   0.2
    g_bank_3__u_macro (hs128x32_wrapper_68)
                                      3.21e-05 6.16e-08 1.18e-05 4.40e-05   0.2
    g_bank_2__u_macro (hs128x32_wrapper_69)
                                      3.20e-05 6.15e-08 1.18e-05 4.39e-05   0.2
    g_bank_1__u_macro (hs128x32_wrapper_70)
                                      3.21e-05 6.15e-08 1.18e-05 4.39e-05   0.2
    g_bank_7__u_macro (hs128x32_wrapper_64)
                                      3.20e-05 6.15e-08 1.18e-05 4.39e-05   0.2
  DP_OP_269J1_127_5275 (stage1_tile_DP_OP_269J1_127_5275_J1_0)
                                      6.12e-08 2.75e-08 1.46e-07 2.35e-07   0.0
  g_weight_0__u_weight (sram_bank_128x256_15)
                                      2.52e-04 4.93e-07 9.45e-05 3.47e-04   1.8
    g_bank_6__u_macro (hs128x32_wrapper_121)
                                      3.21e-05 6.17e-08 1.18e-05 4.39e-05   0.2
    g_bank_5__u_macro (hs128x32_wrapper_122)
                                      3.21e-05 6.16e-08 1.18e-05 4.40e-05   0.2
    g_bank_4__u_macro (hs128x32_wrapper_123)
                                      3.20e-05 6.17e-08 1.18e-05 4.39e-05   0.2
    g_bank_0__u_macro (hs128x32_wrapper_127)
                                      2.80e-05 6.16e-08 1.18e-05 3.99e-05   0.2
    g_bank_3__u_macro (hs128x32_wrapper_124)
                                      3.21e-05 6.16e-08 1.18e-05 4.40e-05   0.2
    g_bank_2__u_macro (hs128x32_wrapper_125)
                                      3.20e-05 6.16e-08 1.18e-05 4.39e-05   0.2
    g_bank_1__u_macro (hs128x32_wrapper_126)
                                      3.21e-05 6.17e-08 1.18e-05 4.39e-05   0.2
    g_bank_7__u_macro (hs128x32_wrapper_120)
                                      3.20e-05 6.16e-08 1.18e-05 4.39e-05   0.2
  g_weight_15__u_weight (sram_bank_128x256_0)
                                      2.52e-04 4.93e-07 9.45e-05 3.47e-04   1.8
    g_bank_6__u_macro (hs128x32_wrapper_1)
                                      3.21e-05 6.17e-08 1.18e-05 4.39e-05   0.2
    g_bank_5__u_macro (hs128x32_wrapper_2)
                                      3.21e-05 6.16e-08 1.18e-05 4.40e-05   0.2
    g_bank_4__u_macro (hs128x32_wrapper_3)
                                      3.20e-05 6.17e-08 1.18e-05 4.39e-05   0.2
    g_bank_0__u_macro (hs128x32_wrapper_7)
                                      2.80e-05 6.16e-08 1.18e-05 3.99e-05   0.2
    g_bank_3__u_macro (hs128x32_wrapper_4)
                                      3.21e-05 6.16e-08 1.18e-05 4.40e-05   0.2
    g_bank_2__u_macro (hs128x32_wrapper_5)
                                      3.20e-05 6.16e-08 1.18e-05 4.39e-05   0.2
    g_bank_1__u_macro (hs128x32_wrapper_6)
                                      3.21e-05 6.17e-08 1.18e-05 4.39e-05   0.2
    g_bank_7__u_macro (hs128x32_wrapper_0)
                                      3.20e-05 6.16e-08 1.18e-05 4.39e-05   0.2
  g_pair_3__u_pair (stage1_lane_pair_4)
                                      1.34e-03 9.89e-06 4.98e-05 1.40e-03   7.3
    u_gate (stage1_path_engine_9)     6.69e-04 4.91e-06 2.49e-05 6.99e-04   3.6
      DP_OP_657J3_147_2117 (stage1_path_engine_0_DP_OP_657J3_147_2117_J3_0_9)
                                      1.64e-08 5.17e-09 7.19e-08 9.34e-08   0.0
      DP_OP_670J3_160_8083 (stage1_path_engine_0_DP_OP_670J3_160_8083_J3_0_9)
                                         0.000    0.000 3.25e-07 3.25e-07   0.0
      DP_OP_673J3_163_589 (stage1_path_engine_0_DP_OP_673J3_163_589_J3_0_9)
                                         0.000    0.000 3.66e-07 3.66e-07   0.0
      DP_OP_643J3_133_2117 (stage1_path_engine_0_DP_OP_643J3_133_2117_J3_0_9)
                                      1.64e-08 5.09e-09 7.47e-08 9.62e-08   0.0
      add_x_33 (stage1_path_engine_0_DW01_add_J3_1_9)
                                         0.000    0.000 1.37e-07 1.37e-07   0.0
      DP_OP_660J3_150_2117 (stage1_path_engine_0_DP_OP_660J3_150_2117_J3_0_9)
                                      1.73e-08 5.48e-09 7.38e-08 9.65e-08   0.0
      DP_OP_658J3_148_2117 (stage1_path_engine_0_DP_OP_658J3_148_2117_J3_0_9)
                                      1.61e-08 5.01e-09 7.51e-08 9.62e-08   0.0
      DP_OP_671J3_161_8083 (stage1_path_engine_0_DP_OP_671J3_161_8083_J3_0_9)
                                         0.000    0.000 3.25e-07 3.25e-07   0.0
      DP_OP_644J3_134_2117 (stage1_path_engine_0_DP_OP_644J3_134_2117_J3_0_9)
                                      1.73e-08 5.48e-09 7.38e-08 9.65e-08   0.0
      DP_OP_667J3_157_8083 (stage1_path_engine_0_DP_OP_667J3_157_8083_J3_0_9)
                                         0.000    0.000 3.25e-07 3.25e-07   0.0
      DP_OP_661J3_151_2117 (stage1_path_engine_0_DP_OP_661J3_151_2117_J3_0_9)
                                      1.66e-08 5.31e-09 7.34e-08 9.54e-08   0.0
      DP_OP_659J3_149_2117 (stage1_path_engine_0_DP_OP_659J3_149_2117_J3_0_9)
                                      1.64e-08 5.09e-09 7.47e-08 9.62e-08   0.0
      add_x_194 (stage1_path_engine_0_DW01_add_J3_0_9)
                                         0.000    0.000 1.90e-07 1.90e-07   0.0
      DP_OP_645J3_135_2117 (stage1_path_engine_0_DP_OP_645J3_135_2117_J3_0_9)
                                      1.66e-08 5.31e-09 7.34e-08 9.54e-08   0.0
      DP_OP_668J3_158_8083 (stage1_path_engine_0_DP_OP_668J3_158_8083_J3_0_9)
                                         0.000    0.000 3.25e-07 3.25e-07   0.0
      DP_OP_662J3_152_2117 (stage1_path_engine_0_DP_OP_662J3_152_2117_J3_0_9)
                                      1.65e-08 5.24e-09 7.17e-08 9.34e-08   0.0
      DP_OP_646J3_136_2117 (stage1_path_engine_0_DP_OP_646J3_136_2117_J3_0_9)
                                      1.65e-08 5.24e-09 7.17e-08 9.34e-08   0.0
      DP_OP_669J3_159_8083 (stage1_path_engine_0_DP_OP_669J3_159_8083_J3_0_9)
                                         0.000    0.000 3.25e-07 3.25e-07   0.0
      DP_OP_663J3_153_2117 (stage1_path_engine_0_DP_OP_663J3_153_2117_J3_0_9)
                                      1.65e-08 5.19e-09 7.21e-08 9.38e-08   0.0
      DP_OP_632J3_122_2117 (stage1_path_engine_0_DP_OP_632J3_122_2117_J3_0_9)
                                      1.59e-08 4.96e-09 7.17e-08 9.25e-08   0.0
      DP_OP_647J3_137_2117 (stage1_path_engine_0_DP_OP_647J3_137_2117_J3_0_9)
                                      1.65e-08 5.19e-09 7.21e-08 9.38e-08   0.0
      DP_OP_633J3_123_2117 (stage1_path_engine_0_DP_OP_633J3_123_2117_J3_0_9)
                                      1.64e-08 5.17e-09 7.19e-08 9.34e-08   0.0
      DP_OP_650J3_140_2117 (stage1_path_engine_0_DP_OP_650J3_140_2117_J3_0_9)
                                      1.61e-08 5.01e-09 7.51e-08 9.62e-08   0.0
      DP_OP_648J3_138_2117 (stage1_path_engine_0_DP_OP_648J3_138_2117_J3_0_9)
                                      1.59e-08 4.96e-09 7.17e-08 9.25e-08   0.0
      DP_OP_634J3_124_2117 (stage1_path_engine_0_DP_OP_634J3_124_2117_J3_0_9)
                                      1.61e-08 5.01e-09 7.51e-08 9.62e-08   0.0
      DP_OP_651J3_141_2117 (stage1_path_engine_0_DP_OP_651J3_141_2117_J3_0_9)
                                      1.64e-08 5.09e-09 7.47e-08 9.62e-08   0.0
      DP_OP_649J3_139_2117 (stage1_path_engine_0_DP_OP_649J3_139_2117_J3_0_9)
                                      1.64e-08 5.17e-09 7.19e-08 9.34e-08   0.0
      DP_OP_635J3_125_2117 (stage1_path_engine_0_DP_OP_635J3_125_2117_J3_0_9)
                                      1.64e-08 5.09e-09 7.47e-08 9.62e-08   0.0
      DP_OP_652J3_142_2117 (stage1_path_engine_0_DP_OP_652J3_142_2117_J3_0_9)
                                      1.73e-08 5.48e-09 7.38e-08 9.65e-08   0.0
      DP_OP_636J3_126_2117 (stage1_path_engine_0_DP_OP_636J3_126_2117_J3_0_9)
                                      1.73e-08 5.48e-09 7.38e-08 9.65e-08   0.0
      mult_x_10 (stage1_path_engine_0_DW_mult_tc_J3_22_9)
                                      1.70e-07 1.05e-07 3.35e-07 6.09e-07   0.0
      mult_x_11 (stage1_path_engine_0_DW_mult_tc_J3_21_9)
                                      1.71e-07 1.05e-07 3.22e-07 5.98e-07   0.0
      mult_x_12 (stage1_path_engine_0_DW_mult_tc_J3_20_9)
                                      1.73e-07 1.06e-07 3.07e-07 5.85e-07   0.0
      mult_x_13 (stage1_path_engine_0_DW_mult_tc_J3_19_9)
                                      1.75e-07 1.06e-07 3.40e-07 6.20e-07   0.0
      mult_x_14 (stage1_path_engine_0_DW_mult_tc_J3_18_9)
                                      1.72e-07 1.05e-07 3.19e-07 5.96e-07   0.0
      mult_x_15 (stage1_path_engine_0_DW_mult_tc_J3_17_9)
                                      1.69e-07 1.05e-07 3.33e-07 6.07e-07   0.0
      mult_x_16 (stage1_path_engine_0_DW_mult_tc_J3_16_9)
                                      1.71e-07 1.05e-07 3.27e-07 6.03e-07   0.0
      mult_x_17 (stage1_path_engine_0_DW_mult_tc_J3_15_9)
                                      1.72e-07 1.06e-07 3.01e-07 5.79e-07   0.0
      mult_x_18 (stage1_path_engine_0_DW_mult_tc_J3_14_9)
                                      1.75e-07 1.05e-07 3.43e-07 6.23e-07   0.0
      mult_x_19 (stage1_path_engine_0_DW_mult_tc_J3_13_9)
                                      1.71e-07 1.04e-07 3.15e-07 5.90e-07   0.0
      DP_OP_653J3_143_2117 (stage1_path_engine_0_DP_OP_653J3_143_2117_J3_0_9)
                                      1.66e-08 5.31e-09 7.34e-08 9.54e-08   0.0
      mult_x_20 (stage1_path_engine_0_DW_mult_tc_J3_12_9)
                                      1.71e-07 1.05e-07 3.35e-07 6.11e-07   0.0
      mult_x_21 (stage1_path_engine_0_DW_mult_tc_J3_11_9)
                                      1.71e-07 1.05e-07 3.22e-07 5.99e-07   0.0
      mult_x_22 (stage1_path_engine_0_DW_mult_tc_J3_10_9)
                                      1.72e-07 1.05e-07 3.07e-07 5.85e-07   0.0
      mult_x_23 (stage1_path_engine_0_DW_mult_tc_J3_9_9)
                                      1.75e-07 1.06e-07 3.39e-07 6.19e-07   0.0
      mult_x_24 (stage1_path_engine_0_DW_mult_tc_J3_8_9)
                                      1.73e-07 1.05e-07 3.19e-07 5.97e-07   0.0
      mult_x_25 (stage1_path_engine_0_DW_mult_tc_J3_7_9)
                                      1.70e-07 1.05e-07 3.32e-07 6.07e-07   0.0
      mult_x_26 (stage1_path_engine_0_DW_mult_tc_J3_6_9)
                                      1.71e-07 1.05e-07 3.27e-07 6.04e-07   0.0
      mult_x_27 (stage1_path_engine_0_DW_mult_tc_J3_5_9)
                                      1.73e-07 1.06e-07 3.02e-07 5.81e-07   0.0
      mult_x_28 (stage1_path_engine_0_DW_mult_tc_J3_4_9)
                                      1.76e-07 1.06e-07 3.43e-07 6.25e-07   0.0
      mult_x_29 (stage1_path_engine_0_DW_mult_tc_J3_3_9)
                                      1.71e-07 1.05e-07 3.15e-07 5.91e-07   0.0
      mult_x_30 (stage1_path_engine_0_DW_mult_tc_J3_2_9)
                                      1.70e-07 1.05e-07 3.34e-07 6.08e-07   0.0
      mult_x_31 (stage1_path_engine_0_DW_mult_tc_J3_1_9)
                                      1.72e-07 1.06e-07 3.22e-07 6.00e-07   0.0
      mult_x_32 (stage1_path_engine_0_DW_mult_tc_J3_0_9)
                                      1.73e-07 1.06e-07 3.07e-07 5.86e-07   0.0
      DP_OP_664J3_154_8083 (stage1_path_engine_0_DP_OP_664J3_154_8083_J3_0_9)
                                         0.000    0.000 3.25e-07 3.25e-07   0.0
      mult_x_1 (stage1_path_engine_0_DW_mult_tc_J3_31_9)
                                      1.71e-07 1.05e-07 3.22e-07 5.98e-07   0.0
      mult_x_2 (stage1_path_engine_0_DW_mult_tc_J3_30_9)
                                      1.72e-07 1.05e-07 3.07e-07 5.85e-07   0.0
      mult_x_3 (stage1_path_engine_0_DW_mult_tc_J3_29_9)
                                      1.76e-07 1.06e-07 3.43e-07 6.24e-07   0.0
      mult_x_4 (stage1_path_engine_0_DW_mult_tc_J3_28_9)
                                      1.71e-07 1.05e-07 3.19e-07 5.95e-07   0.0
      mult_x_5 (stage1_path_engine_0_DW_mult_tc_J3_27_9)
                                      1.69e-07 1.04e-07 3.33e-07 6.06e-07   0.0
      mult_x_6 (stage1_path_engine_0_DW_mult_tc_J3_26_9)
                                      1.71e-07 1.05e-07 3.27e-07 6.04e-07   0.0
      mult_x_7 (stage1_path_engine_0_DW_mult_tc_J3_25_9)
                                      1.73e-07 1.06e-07 3.02e-07 5.80e-07   0.0
      mult_x_8 (stage1_path_engine_0_DW_mult_tc_J3_24_9)
                                      1.74e-07 1.06e-07 3.38e-07 6.18e-07   0.0
      mult_x_9 (stage1_path_engine_0_DW_mult_tc_J3_23_9)
                                      1.70e-07 1.04e-07 3.15e-07 5.89e-07   0.0
      DP_OP_637J3_127_2117 (stage1_path_engine_0_DP_OP_637J3_127_2117_J3_0_9)
                                      1.66e-08 5.31e-09 7.34e-08 9.54e-08   0.0
      DP_OP_654J3_144_2117 (stage1_path_engine_0_DP_OP_654J3_144_2117_J3_0_9)
                                      1.65e-08 5.24e-09 7.17e-08 9.34e-08   0.0
      DP_OP_665J3_155_8083 (stage1_path_engine_0_DP_OP_665J3_155_8083_J3_0_9)
                                         0.000    0.000 3.25e-07 3.25e-07   0.0
      DP_OP_640J3_130_2117 (stage1_path_engine_0_DP_OP_640J3_130_2117_J3_0_9)
                                      1.59e-08 4.96e-09 7.17e-08 9.25e-08   0.0
      DP_OP_638J3_128_2117 (stage1_path_engine_0_DP_OP_638J3_128_2117_J3_0_9)
                                      1.65e-08 5.24e-09 7.17e-08 9.34e-08   0.0
      DP_OP_655J3_145_2117 (stage1_path_engine_0_DP_OP_655J3_145_2117_J3_0_9)
                                      1.65e-08 5.19e-09 7.21e-08 9.38e-08   0.0
      DP_OP_666J3_156_8083 (stage1_path_engine_0_DP_OP_666J3_156_8083_J3_0_9)
                                         0.000    0.000 3.25e-07 3.25e-07   0.0
      DP_OP_641J3_131_2117 (stage1_path_engine_0_DP_OP_641J3_131_2117_J3_0_9)
                                      1.64e-08 5.17e-09 7.19e-08 9.34e-08   0.0
      DP_OP_639J3_129_2117 (stage1_path_engine_0_DP_OP_639J3_129_2117_J3_0_9)
                                      1.65e-08 5.19e-09 7.21e-08 9.38e-08   0.0
      DP_OP_656J3_146_2117 (stage1_path_engine_0_DP_OP_656J3_146_2117_J3_0_9)
                                      1.59e-08 4.96e-09 7.17e-08 9.25e-08   0.0
      DP_OP_672J3_162_589 (stage1_path_engine_0_DP_OP_672J3_162_589_J3_0_9)
                                         0.000    0.000 3.66e-07 3.66e-07   0.0
      DP_OP_642J3_132_2117 (stage1_path_engine_0_DP_OP_642J3_132_2117_J3_0_9)
                                      1.61e-08 5.01e-09 7.51e-08 9.62e-08   0.0
    u_up (stage1_path_engine_8)       6.69e-04 4.99e-06 2.49e-05 6.99e-04   3.6
      DP_OP_657J3_147_2117 (stage1_path_engine_0_DP_OP_657J3_147_2117_J3_0_8)
                                      1.91e-08 6.28e-09 7.12e-08 9.66e-08   0.0
      DP_OP_670J3_160_8083 (stage1_path_engine_0_DP_OP_670J3_160_8083_J3_0_8)
                                         0.000    0.000 3.25e-07 3.25e-07   0.0
      DP_OP_673J3_163_589 (stage1_path_engine_0_DP_OP_673J3_163_589_J3_0_8)
                                         0.000    0.000 3.66e-07 3.66e-07   0.0
      DP_OP_643J3_133_2117 (stage1_path_engine_0_DP_OP_643J3_133_2117_J3_0_8)
                                      1.86e-08 5.97e-09 7.42e-08 9.88e-08   0.0
      add_x_33 (stage1_path_engine_0_DW01_add_J3_1_8)
                                         0.000    0.000 1.37e-07 1.37e-07   0.0
      DP_OP_660J3_150_2117 (stage1_path_engine_0_DP_OP_660J3_150_2117_J3_0_8)
                                      1.94e-08 6.33e-09 7.33e-08 9.91e-08   0.0
      DP_OP_658J3_148_2117 (stage1_path_engine_0_DP_OP_658J3_148_2117_J3_0_8)
                                      1.95e-08 6.28e-09 7.20e-08 9.77e-08   0.0
      DP_OP_671J3_161_8083 (stage1_path_engine_0_DP_OP_671J3_161_8083_J3_0_8)
                                         0.000    0.000 3.25e-07 3.25e-07   0.0
      DP_OP_644J3_134_2117 (stage1_path_engine_0_DP_OP_644J3_134_2117_J3_0_8)
                                      1.94e-08 6.33e-09 7.33e-08 9.91e-08   0.0
      DP_OP_667J3_157_8083 (stage1_path_engine_0_DP_OP_667J3_157_8083_J3_0_8)
                                         0.000    0.000 3.25e-07 3.25e-07   0.0
      DP_OP_661J3_151_2117 (stage1_path_engine_0_DP_OP_661J3_151_2117_J3_0_8)
                                      1.84e-08 6.02e-09 7.27e-08 9.71e-08   0.0
      DP_OP_659J3_149_2117 (stage1_path_engine_0_DP_OP_659J3_149_2117_J3_0_8)
                                      1.86e-08 5.97e-09 7.42e-08 9.88e-08   0.0
      add_x_194 (stage1_path_engine_0_DW01_add_J3_0_8)
                                         0.000    0.000 1.90e-07 1.90e-07   0.0
      DP_OP_645J3_135_2117 (stage1_path_engine_0_DP_OP_645J3_135_2117_J3_0_8)
                                      1.84e-08 6.02e-09 7.27e-08 9.71e-08   0.0
      DP_OP_668J3_158_8083 (stage1_path_engine_0_DP_OP_668J3_158_8083_J3_0_8)
                                         0.000    0.000 3.25e-07 3.25e-07   0.0
      DP_OP_662J3_152_2117 (stage1_path_engine_0_DP_OP_662J3_152_2117_J3_0_8)
                                      1.89e-08 6.18e-09 7.07e-08 9.58e-08   0.0
      DP_OP_646J3_136_2117 (stage1_path_engine_0_DP_OP_646J3_136_2117_J3_0_8)
                                      1.89e-08 6.18e-09 7.07e-08 9.58e-08   0.0
      DP_OP_669J3_159_8083 (stage1_path_engine_0_DP_OP_669J3_159_8083_J3_0_8)
                                         0.000    0.000 3.25e-07 3.25e-07   0.0
      DP_OP_663J3_153_2117 (stage1_path_engine_0_DP_OP_663J3_153_2117_J3_0_8)
                                      1.97e-08 6.40e-09 7.12e-08 9.73e-08   0.0
      DP_OP_632J3_122_2117 (stage1_path_engine_0_DP_OP_632J3_122_2117_J3_0_8)
                                      1.81e-08 5.85e-09 7.12e-08 9.52e-08   0.0
      DP_OP_647J3_137_2117 (stage1_path_engine_0_DP_OP_647J3_137_2117_J3_0_8)
                                      1.97e-08 6.40e-09 7.12e-08 9.73e-08   0.0
      DP_OP_633J3_123_2117 (stage1_path_engine_0_DP_OP_633J3_123_2117_J3_0_8)
                                      1.91e-08 6.28e-09 7.12e-08 9.66e-08   0.0
      DP_OP_650J3_140_2117 (stage1_path_engine_0_DP_OP_650J3_140_2117_J3_0_8)
                                      1.95e-08 6.28e-09 7.20e-08 9.77e-08   0.0
      DP_OP_648J3_138_2117 (stage1_path_engine_0_DP_OP_648J3_138_2117_J3_0_8)
                                      1.81e-08 5.85e-09 7.12e-08 9.52e-08   0.0
      DP_OP_634J3_124_2117 (stage1_path_engine_0_DP_OP_634J3_124_2117_J3_0_8)
                                      1.95e-08 6.28e-09 7.20e-08 9.77e-08   0.0
      DP_OP_651J3_141_2117 (stage1_path_engine_0_DP_OP_651J3_141_2117_J3_0_8)
                                      1.86e-08 5.97e-09 7.42e-08 9.88e-08   0.0
      DP_OP_649J3_139_2117 (stage1_path_engine_0_DP_OP_649J3_139_2117_J3_0_8)
                                      1.91e-08 6.28e-09 7.12e-08 9.66e-08   0.0
      DP_OP_635J3_125_2117 (stage1_path_engine_0_DP_OP_635J3_125_2117_J3_0_8)
                                      1.86e-08 5.97e-09 7.42e-08 9.88e-08   0.0
      DP_OP_652J3_142_2117 (stage1_path_engine_0_DP_OP_652J3_142_2117_J3_0_8)
                                      1.94e-08 6.33e-09 7.33e-08 9.91e-08   0.0
      DP_OP_636J3_126_2117 (stage1_path_engine_0_DP_OP_636J3_126_2117_J3_0_8)
                                      1.94e-08 6.33e-09 7.33e-08 9.91e-08   0.0
      mult_x_10 (stage1_path_engine_0_DW_mult_tc_J3_22_8)
                                      1.72e-07 1.06e-07 3.02e-07 5.79e-07   0.0
      mult_x_11 (stage1_path_engine_0_DW_mult_tc_J3_21_8)
                                      1.72e-07 1.07e-07 3.41e-07 6.19e-07   0.0
      mult_x_12 (stage1_path_engine_0_DW_mult_tc_J3_20_8)
                                      1.70e-07 1.06e-07 3.42e-07 6.19e-07   0.0
      mult_x_13 (stage1_path_engine_0_DW_mult_tc_J3_19_8)
                                      1.74e-07 1.07e-07 3.12e-07 5.93e-07   0.0
      mult_x_14 (stage1_path_engine_0_DW_mult_tc_J3_18_8)
                                      1.76e-07 1.07e-07 3.23e-07 6.06e-07   0.0
      mult_x_15 (stage1_path_engine_0_DW_mult_tc_J3_17_8)
                                      1.71e-07 1.06e-07 3.07e-07 5.85e-07   0.0
      mult_x_16 (stage1_path_engine_0_DW_mult_tc_J3_16_8)
                                      1.73e-07 1.12e-07 3.43e-07 6.28e-07   0.0
      mult_x_17 (stage1_path_engine_0_DW_mult_tc_J3_15_8)
                                      1.71e-07 1.06e-07 3.46e-07 6.23e-07   0.0
      mult_x_18 (stage1_path_engine_0_DW_mult_tc_J3_14_8)
                                      1.73e-07 1.07e-07 3.10e-07 5.90e-07   0.0
      mult_x_19 (stage1_path_engine_0_DW_mult_tc_J3_13_8)
                                      1.75e-07 1.02e-07 3.19e-07 5.96e-07   0.0
      DP_OP_653J3_143_2117 (stage1_path_engine_0_DP_OP_653J3_143_2117_J3_0_8)
                                      1.84e-08 6.02e-09 7.27e-08 9.71e-08   0.0
      mult_x_20 (stage1_path_engine_0_DW_mult_tc_J3_12_8)
                                      1.71e-07 1.06e-07 3.01e-07 5.79e-07   0.0
      mult_x_21 (stage1_path_engine_0_DW_mult_tc_J3_11_8)
                                      1.71e-07 1.07e-07 3.41e-07 6.19e-07   0.0
      mult_x_22 (stage1_path_engine_0_DW_mult_tc_J3_10_8)
                                      1.70e-07 1.07e-07 3.42e-07 6.19e-07   0.0
      mult_x_23 (stage1_path_engine_0_DW_mult_tc_J3_9_8)
                                      1.73e-07 1.07e-07 3.13e-07 5.94e-07   0.0
      mult_x_24 (stage1_path_engine_0_DW_mult_tc_J3_8_8)
                                      1.77e-07 1.08e-07 3.22e-07 6.07e-07   0.0
      mult_x_25 (stage1_path_engine_0_DW_mult_tc_J3_7_8)
                                      1.70e-07 1.06e-07 3.07e-07 5.83e-07   0.0
      mult_x_26 (stage1_path_engine_0_DW_mult_tc_J3_6_8)
                                      1.70e-07 1.06e-07 3.38e-07 6.14e-07   0.0
      mult_x_27 (stage1_path_engine_0_DW_mult_tc_J3_5_8)
                                      1.71e-07 1.07e-07 3.45e-07 6.23e-07   0.0
      mult_x_28 (stage1_path_engine_0_DW_mult_tc_J3_4_8)
                                      1.74e-07 1.08e-07 3.10e-07 5.91e-07   0.0
      mult_x_29 (stage1_path_engine_0_DW_mult_tc_J3_3_8)
                                      1.77e-07 1.08e-07 3.26e-07 6.11e-07   0.0
      mult_x_30 (stage1_path_engine_0_DW_mult_tc_J3_2_8)
                                      1.70e-07 1.05e-07 3.05e-07 5.80e-07   0.0
      mult_x_31 (stage1_path_engine_0_DW_mult_tc_J3_1_8)
                                      1.72e-07 1.07e-07 3.41e-07 6.20e-07   0.0
      mult_x_32 (stage1_path_engine_0_DW_mult_tc_J3_0_8)
                                      1.71e-07 1.07e-07 3.42e-07 6.20e-07   0.0
      DP_OP_664J3_154_8083 (stage1_path_engine_0_DP_OP_664J3_154_8083_J3_0_8)
                                         0.000    0.000 3.25e-07 3.25e-07   0.0
      mult_x_1 (stage1_path_engine_0_DW_mult_tc_J3_31_8)
                                      1.70e-07 1.06e-07 3.41e-07 6.18e-07   0.0
      mult_x_2 (stage1_path_engine_0_DW_mult_tc_J3_30_8)
                                      1.70e-07 1.07e-07 3.42e-07 6.19e-07   0.0
      mult_x_3 (stage1_path_engine_0_DW_mult_tc_J3_29_8)
                                      1.75e-07 1.08e-07 3.10e-07 5.93e-07   0.0
      mult_x_4 (stage1_path_engine_0_DW_mult_tc_J3_28_8)
                                      1.75e-07 1.07e-07 3.23e-07 6.05e-07   0.0
      mult_x_5 (stage1_path_engine_0_DW_mult_tc_J3_27_8)
                                      1.71e-07 1.06e-07 3.06e-07 5.83e-07   0.0
      mult_x_6 (stage1_path_engine_0_DW_mult_tc_J3_26_8)
                                      1.71e-07 1.06e-07 3.38e-07 6.15e-07   0.0
      mult_x_7 (stage1_path_engine_0_DW_mult_tc_J3_25_8)
                                      1.71e-07 1.07e-07 3.46e-07 6.24e-07   0.0
      mult_x_8 (stage1_path_engine_0_DW_mult_tc_J3_24_8)
                                      1.74e-07 1.08e-07 3.13e-07 5.95e-07   0.0
      mult_x_9 (stage1_path_engine_0_DW_mult_tc_J3_23_8)
                                      1.75e-07 1.07e-07 3.27e-07 6.09e-07   0.0
      DP_OP_637J3_127_2117 (stage1_path_engine_0_DP_OP_637J3_127_2117_J3_0_8)
                                      1.84e-08 6.02e-09 7.27e-08 9.71e-08   0.0
      DP_OP_654J3_144_2117 (stage1_path_engine_0_DP_OP_654J3_144_2117_J3_0_8)
                                      1.89e-08 6.18e-09 7.07e-08 9.58e-08   0.0
      DP_OP_665J3_155_8083 (stage1_path_engine_0_DP_OP_665J3_155_8083_J3_0_8)
                                         0.000    0.000 3.25e-07 3.25e-07   0.0
      DP_OP_640J3_130_2117 (stage1_path_engine_0_DP_OP_640J3_130_2117_J3_0_8)
                                      1.81e-08 5.85e-09 7.12e-08 9.52e-08   0.0
      DP_OP_638J3_128_2117 (stage1_path_engine_0_DP_OP_638J3_128_2117_J3_0_8)
                                      1.89e-08 6.18e-09 7.07e-08 9.58e-08   0.0
      DP_OP_655J3_145_2117 (stage1_path_engine_0_DP_OP_655J3_145_2117_J3_0_8)
                                      1.97e-08 6.40e-09 7.12e-08 9.73e-08   0.0
      DP_OP_666J3_156_8083 (stage1_path_engine_0_DP_OP_666J3_156_8083_J3_0_8)
                                         0.000    0.000 3.25e-07 3.25e-07   0.0
      DP_OP_641J3_131_2117 (stage1_path_engine_0_DP_OP_641J3_131_2117_J3_0_8)
                                      1.91e-08 6.28e-09 7.12e-08 9.66e-08   0.0
      DP_OP_639J3_129_2117 (stage1_path_engine_0_DP_OP_639J3_129_2117_J3_0_8)
                                      1.97e-08 6.40e-09 7.12e-08 9.73e-08   0.0
      DP_OP_656J3_146_2117 (stage1_path_engine_0_DP_OP_656J3_146_2117_J3_0_8)
                                      1.81e-08 5.85e-09 7.12e-08 9.52e-08   0.0
      DP_OP_672J3_162_589 (stage1_path_engine_0_DP_OP_672J3_162_589_J3_0_8)
                                         0.000    0.000 3.66e-07 3.66e-07   0.0
      DP_OP_642J3_132_2117 (stage1_path_engine_0_DP_OP_642J3_132_2117_J3_0_8)
                                      1.95e-08 6.28e-09 7.20e-08 9.77e-08   0.0
  DP_OP_275J1_133_5275 (stage1_tile_DP_OP_275J1_133_5275_J1_0)
                                      7.70e-08 3.27e-08 1.44e-07 2.54e-07   0.0
  DP_OP_268J1_126_5275 (stage1_tile_DP_OP_268J1_126_5275_J1_0)
                                      5.80e-08 2.42e-08 1.43e-07 2.25e-07   0.0
  g_weight_3__u_weight (sram_bank_128x256_12)
                                      2.52e-04 4.93e-07 9.45e-05 3.47e-04   1.8
    g_bank_6__u_macro (hs128x32_wrapper_97)
                                      3.21e-05 6.17e-08 1.18e-05 4.39e-05   0.2
    g_bank_5__u_macro (hs128x32_wrapper_98)
                                      3.21e-05 6.16e-08 1.18e-05 4.40e-05   0.2
    g_bank_4__u_macro (hs128x32_wrapper_99)
                                      3.20e-05 6.16e-08 1.18e-05 4.39e-05   0.2
    g_bank_0__u_macro (hs128x32_wrapper_103)
                                      2.80e-05 6.16e-08 1.18e-05 3.99e-05   0.2
    g_bank_3__u_macro (hs128x32_wrapper_100)
                                      3.21e-05 6.17e-08 1.18e-05 4.40e-05   0.2
    g_bank_2__u_macro (hs128x32_wrapper_101)
                                      3.20e-05 6.16e-08 1.18e-05 4.39e-05   0.2
    g_bank_1__u_macro (hs128x32_wrapper_102)
                                      3.21e-05 6.17e-08 1.18e-05 4.39e-05   0.2
    g_bank_7__u_macro (hs128x32_wrapper_96)
                                      3.20e-05 6.16e-08 1.18e-05 4.39e-05   0.2
  g_pair_2__u_pair (stage1_lane_pair_5)
                                      1.35e-03 1.32e-05 4.92e-05 1.41e-03   7.3
    u_gate (stage1_path_engine_11)    6.73e-04 6.56e-06 2.45e-05 7.04e-04   3.7
      DP_OP_657J3_147_2117 (stage1_path_engine_0_DP_OP_657J3_147_2117_J3_0_11)
                                      1.53e-08 4.89e-09 6.69e-08 8.70e-08   0.0
      DP_OP_670J3_160_8083 (stage1_path_engine_0_DP_OP_670J3_160_8083_J3_0_11)
                                      1.18e-07 4.53e-08 3.25e-07 4.89e-07   0.0
      DP_OP_673J3_163_589 (stage1_path_engine_0_DP_OP_673J3_163_589_J3_0_11)
                                      1.44e-07 5.27e-08 3.66e-07 5.63e-07   0.0
      DP_OP_643J3_133_2117 (stage1_path_engine_0_DP_OP_643J3_133_2117_J3_0_11)
                                      1.70e-08 5.45e-09 6.76e-08 9.00e-08   0.0
      add_x_33 (stage1_path_engine_0_DW01_add_J3_1_11)
                                      5.72e-08 1.44e-08 1.37e-07 2.09e-07   0.0
      DP_OP_660J3_150_2117 (stage1_path_engine_0_DP_OP_660J3_150_2117_J3_0_11)
                                      1.62e-08 5.19e-09 6.65e-08 8.79e-08   0.0
      DP_OP_658J3_148_2117 (stage1_path_engine_0_DP_OP_658J3_148_2117_J3_0_11)
                                      1.66e-08 5.36e-09 6.72e-08 8.92e-08   0.0
      DP_OP_671J3_161_8083 (stage1_path_engine_0_DP_OP_671J3_161_8083_J3_0_11)
                                      1.11e-07 4.38e-08 3.25e-07 4.80e-07   0.0
      DP_OP_644J3_134_2117 (stage1_path_engine_0_DP_OP_644J3_134_2117_J3_0_11)
                                      1.62e-08 5.19e-09 6.65e-08 8.79e-08   0.0
      DP_OP_667J3_157_8083 (stage1_path_engine_0_DP_OP_667J3_157_8083_J3_0_11)
                                      1.09e-07 4.27e-08 3.25e-07 4.77e-07   0.0
      DP_OP_661J3_151_2117 (stage1_path_engine_0_DP_OP_661J3_151_2117_J3_0_11)
                                      1.37e-08 4.33e-09 6.60e-08 8.40e-08   0.0
      DP_OP_659J3_149_2117 (stage1_path_engine_0_DP_OP_659J3_149_2117_J3_0_11)
                                      1.70e-08 5.45e-09 6.76e-08 9.00e-08   0.0
      add_x_194 (stage1_path_engine_0_DW01_add_J3_0_11)
                                      8.20e-08 1.88e-08 1.90e-07 2.91e-07   0.0
      DP_OP_645J3_135_2117 (stage1_path_engine_0_DP_OP_645J3_135_2117_J3_0_11)
                                      1.37e-08 4.33e-09 6.60e-08 8.40e-08   0.0
      DP_OP_668J3_158_8083 (stage1_path_engine_0_DP_OP_668J3_158_8083_J3_0_11)
                                      1.10e-07 4.35e-08 3.25e-07 4.79e-07   0.0
      DP_OP_662J3_152_2117 (stage1_path_engine_0_DP_OP_662J3_152_2117_J3_0_11)
                                      1.37e-08 4.30e-09 6.74e-08 8.54e-08   0.0
      DP_OP_646J3_136_2117 (stage1_path_engine_0_DP_OP_646J3_136_2117_J3_0_11)
                                      1.37e-08 4.30e-09 6.74e-08 8.54e-08   0.0
      DP_OP_669J3_159_8083 (stage1_path_engine_0_DP_OP_669J3_159_8083_J3_0_11)
                                      1.14e-07 4.42e-08 3.25e-07 4.84e-07   0.0
      DP_OP_663J3_153_2117 (stage1_path_engine_0_DP_OP_663J3_153_2117_J3_0_11)
                                      1.53e-08 4.85e-09 6.71e-08 8.72e-08   0.0
      DP_OP_632J3_122_2117 (stage1_path_engine_0_DP_OP_632J3_122_2117_J3_0_11)
                                      1.46e-08 4.63e-09 6.67e-08 8.59e-08   0.0
      DP_OP_647J3_137_2117 (stage1_path_engine_0_DP_OP_647J3_137_2117_J3_0_11)
                                      1.53e-08 4.85e-09 6.71e-08 8.72e-08   0.0
      DP_OP_633J3_123_2117 (stage1_path_engine_0_DP_OP_633J3_123_2117_J3_0_11)
                                      1.53e-08 4.89e-09 6.69e-08 8.70e-08   0.0
      DP_OP_650J3_140_2117 (stage1_path_engine_0_DP_OP_650J3_140_2117_J3_0_11)
                                      1.66e-08 5.36e-09 6.72e-08 8.92e-08   0.0
      DP_OP_648J3_138_2117 (stage1_path_engine_0_DP_OP_648J3_138_2117_J3_0_11)
                                      1.46e-08 4.63e-09 6.67e-08 8.59e-08   0.0
      DP_OP_634J3_124_2117 (stage1_path_engine_0_DP_OP_634J3_124_2117_J3_0_11)
                                      1.66e-08 5.36e-09 6.72e-08 8.92e-08   0.0
      DP_OP_651J3_141_2117 (stage1_path_engine_0_DP_OP_651J3_141_2117_J3_0_11)
                                      1.70e-08 5.45e-09 6.76e-08 9.00e-08   0.0
      DP_OP_649J3_139_2117 (stage1_path_engine_0_DP_OP_649J3_139_2117_J3_0_11)
                                      1.53e-08 4.89e-09 6.69e-08 8.70e-08   0.0
      DP_OP_635J3_125_2117 (stage1_path_engine_0_DP_OP_635J3_125_2117_J3_0_11)
                                      1.70e-08 5.45e-09 6.76e-08 9.00e-08   0.0
      DP_OP_652J3_142_2117 (stage1_path_engine_0_DP_OP_652J3_142_2117_J3_0_11)
                                      1.62e-08 5.19e-09 6.65e-08 8.79e-08   0.0
      DP_OP_636J3_126_2117 (stage1_path_engine_0_DP_OP_636J3_126_2117_J3_0_11)
                                      1.62e-08 5.19e-09 6.65e-08 8.79e-08   0.0
      mult_x_10 (stage1_path_engine_0_DW_mult_tc_J3_22_11)
                                      1.73e-07 1.04e-07 3.05e-07 5.83e-07   0.0
      mult_x_11 (stage1_path_engine_0_DW_mult_tc_J3_21_11)
                                      1.74e-07 1.04e-07 3.17e-07 5.95e-07   0.0
      mult_x_12 (stage1_path_engine_0_DW_mult_tc_J3_20_11)
                                      1.70e-07 1.03e-07 3.01e-07 5.75e-07   0.0
      mult_x_13 (stage1_path_engine_0_DW_mult_tc_J3_19_11)
                                      1.70e-07 1.03e-07 3.34e-07 6.07e-07   0.0
      mult_x_14 (stage1_path_engine_0_DW_mult_tc_J3_18_11)
                                      1.70e-07 1.03e-07 3.40e-07 6.13e-07   0.0
      mult_x_15 (stage1_path_engine_0_DW_mult_tc_J3_17_11)
                                      1.73e-07 1.05e-07 3.08e-07 5.86e-07   0.0
      mult_x_16 (stage1_path_engine_0_DW_mult_tc_J3_16_11)
                                      1.74e-07 1.04e-07 3.21e-07 5.99e-07   0.0
      mult_x_17 (stage1_path_engine_0_DW_mult_tc_J3_15_11)
                                      1.70e-07 1.03e-07 2.96e-07 5.69e-07   0.0
      mult_x_18 (stage1_path_engine_0_DW_mult_tc_J3_14_11)
                                      1.70e-07 1.03e-07 3.36e-07 6.09e-07   0.0
      mult_x_19 (stage1_path_engine_0_DW_mult_tc_J3_13_11)
                                      1.70e-07 1.03e-07 3.36e-07 6.09e-07   0.0
      DP_OP_653J3_143_2117 (stage1_path_engine_0_DP_OP_653J3_143_2117_J3_0_11)
                                      1.37e-08 4.33e-09 6.60e-08 8.40e-08   0.0
      mult_x_20 (stage1_path_engine_0_DW_mult_tc_J3_12_11)
                                      1.74e-07 1.05e-07 3.05e-07 5.84e-07   0.0
      mult_x_21 (stage1_path_engine_0_DW_mult_tc_J3_11_11)
                                      1.75e-07 1.04e-07 3.18e-07 5.96e-07   0.0
      mult_x_22 (stage1_path_engine_0_DW_mult_tc_J3_10_11)
                                      1.70e-07 1.03e-07 3.01e-07 5.74e-07   0.0
      mult_x_23 (stage1_path_engine_0_DW_mult_tc_J3_9_11)
                                      1.70e-07 1.03e-07 3.33e-07 6.06e-07   0.0
      mult_x_24 (stage1_path_engine_0_DW_mult_tc_J3_8_11)
                                      1.70e-07 1.04e-07 3.40e-07 6.14e-07   0.0
      mult_x_25 (stage1_path_engine_0_DW_mult_tc_J3_7_11)
                                      1.73e-07 1.05e-07 3.08e-07 5.86e-07   0.0
      mult_x_26 (stage1_path_engine_0_DW_mult_tc_J3_6_11)
                                      1.74e-07 1.04e-07 3.21e-07 6.00e-07   0.0
      mult_x_27 (stage1_path_engine_0_DW_mult_tc_J3_5_11)
                                      1.71e-07 1.03e-07 2.96e-07 5.70e-07   0.0
      mult_x_28 (stage1_path_engine_0_DW_mult_tc_J3_4_11)
                                      1.71e-07 1.04e-07 3.36e-07 6.10e-07   0.0
      mult_x_29 (stage1_path_engine_0_DW_mult_tc_J3_3_11)
                                      1.70e-07 1.03e-07 3.37e-07 6.10e-07   0.0
      mult_x_30 (stage1_path_engine_0_DW_mult_tc_J3_2_11)
                                      1.73e-07 1.04e-07 3.07e-07 5.84e-07   0.0
      mult_x_31 (stage1_path_engine_0_DW_mult_tc_J3_1_11)
                                      1.75e-07 1.04e-07 3.17e-07 5.97e-07   0.0
      mult_x_32 (stage1_path_engine_0_DW_mult_tc_J3_0_11)
                                      1.70e-07 1.03e-07 3.02e-07 5.75e-07   0.0
      DP_OP_664J3_154_8083 (stage1_path_engine_0_DP_OP_664J3_154_8083_J3_0_11)
                                      1.06e-07 4.13e-08 3.25e-07 4.72e-07   0.0
      mult_x_1 (stage1_path_engine_0_DW_mult_tc_J3_31_11)
                                      1.73e-07 1.04e-07 3.17e-07 5.94e-07   0.0
      mult_x_2 (stage1_path_engine_0_DW_mult_tc_J3_30_11)
                                      1.70e-07 1.03e-07 3.02e-07 5.74e-07   0.0
      mult_x_3 (stage1_path_engine_0_DW_mult_tc_J3_29_11)
                                      1.71e-07 1.04e-07 3.35e-07 6.10e-07   0.0
      mult_x_4 (stage1_path_engine_0_DW_mult_tc_J3_28_11)
                                      1.71e-07 1.04e-07 3.40e-07 6.15e-07   0.0
      mult_x_5 (stage1_path_engine_0_DW_mult_tc_J3_27_11)
                                      1.73e-07 1.04e-07 3.08e-07 5.85e-07   0.0
      mult_x_6 (stage1_path_engine_0_DW_mult_tc_J3_26_11)
                                      1.74e-07 1.04e-07 3.21e-07 5.99e-07   0.0
      mult_x_7 (stage1_path_engine_0_DW_mult_tc_J3_25_11)
                                      1.70e-07 1.03e-07 2.96e-07 5.70e-07   0.0
      mult_x_8 (stage1_path_engine_0_DW_mult_tc_J3_24_11)
                                      1.70e-07 1.03e-07 3.32e-07 6.05e-07   0.0
      mult_x_9 (stage1_path_engine_0_DW_mult_tc_J3_23_11)
                                      1.69e-07 1.03e-07 3.36e-07 6.09e-07   0.0
      DP_OP_637J3_127_2117 (stage1_path_engine_0_DP_OP_637J3_127_2117_J3_0_11)
                                      1.37e-08 4.33e-09 6.60e-08 8.40e-08   0.0
      DP_OP_654J3_144_2117 (stage1_path_engine_0_DP_OP_654J3_144_2117_J3_0_11)
                                      1.37e-08 4.30e-09 6.74e-08 8.54e-08   0.0
      DP_OP_665J3_155_8083 (stage1_path_engine_0_DP_OP_665J3_155_8083_J3_0_11)
                                      1.23e-07 4.65e-08 3.25e-07 4.94e-07   0.0
      DP_OP_640J3_130_2117 (stage1_path_engine_0_DP_OP_640J3_130_2117_J3_0_11)
                                      1.46e-08 4.63e-09 6.67e-08 8.59e-08   0.0
      DP_OP_638J3_128_2117 (stage1_path_engine_0_DP_OP_638J3_128_2117_J3_0_11)
                                      1.37e-08 4.30e-09 6.74e-08 8.54e-08   0.0
      DP_OP_655J3_145_2117 (stage1_path_engine_0_DP_OP_655J3_145_2117_J3_0_11)
                                      1.53e-08 4.85e-09 6.71e-08 8.72e-08   0.0
      DP_OP_666J3_156_8083 (stage1_path_engine_0_DP_OP_666J3_156_8083_J3_0_11)
                                      1.06e-07 4.17e-08 3.25e-07 4.73e-07   0.0
      DP_OP_641J3_131_2117 (stage1_path_engine_0_DP_OP_641J3_131_2117_J3_0_11)
                                      1.53e-08 4.89e-09 6.69e-08 8.70e-08   0.0
      DP_OP_639J3_129_2117 (stage1_path_engine_0_DP_OP_639J3_129_2117_J3_0_11)
                                      1.53e-08 4.85e-09 6.71e-08 8.72e-08   0.0
      DP_OP_656J3_146_2117 (stage1_path_engine_0_DP_OP_656J3_146_2117_J3_0_11)
                                      1.46e-08 4.63e-09 6.67e-08 8.59e-08   0.0
      DP_OP_672J3_162_589 (stage1_path_engine_0_DP_OP_672J3_162_589_J3_0_11)
                                      1.45e-07 5.32e-08 3.66e-07 5.65e-07   0.0
      DP_OP_642J3_132_2117 (stage1_path_engine_0_DP_OP_642J3_132_2117_J3_0_11)
                                      1.66e-08 5.36e-09 6.72e-08 8.92e-08   0.0
    u_up (stage1_path_engine_10)      6.73e-04 6.67e-06 2.46e-05 7.04e-04   3.7
      DP_OP_657J3_147_2117 (stage1_path_engine_0_DP_OP_657J3_147_2117_J3_0_10)
                                      1.70e-08 5.52e-09 6.70e-08 8.96e-08   0.0
      DP_OP_670J3_160_8083 (stage1_path_engine_0_DP_OP_670J3_160_8083_J3_0_10)
                                      1.14e-07 4.46e-08 3.25e-07 4.83e-07   0.0
      DP_OP_673J3_163_589 (stage1_path_engine_0_DP_OP_673J3_163_589_J3_0_10)
                                      1.51e-07 5.55e-08 3.66e-07 5.73e-07   0.0
      DP_OP_643J3_133_2117 (stage1_path_engine_0_DP_OP_643J3_133_2117_J3_0_10)
                                      1.93e-08 6.24e-09 6.78e-08 9.33e-08   0.0
      add_x_33 (stage1_path_engine_0_DW01_add_J3_1_10)
                                      5.41e-08 1.38e-08 1.37e-07 2.05e-07   0.0
      DP_OP_660J3_150_2117 (stage1_path_engine_0_DP_OP_660J3_150_2117_J3_0_10)
                                      1.84e-08 5.98e-09 6.72e-08 9.16e-08   0.0
      DP_OP_658J3_148_2117 (stage1_path_engine_0_DP_OP_658J3_148_2117_J3_0_10)
                                      1.83e-08 5.91e-09 6.81e-08 9.24e-08   0.0
      DP_OP_671J3_161_8083 (stage1_path_engine_0_DP_OP_671J3_161_8083_J3_0_10)
                                      1.15e-07 4.51e-08 3.25e-07 4.85e-07   0.0
      DP_OP_644J3_134_2117 (stage1_path_engine_0_DP_OP_644J3_134_2117_J3_0_10)
                                      1.84e-08 5.98e-09 6.72e-08 9.16e-08   0.0
      DP_OP_667J3_157_8083 (stage1_path_engine_0_DP_OP_667J3_157_8083_J3_0_10)
                                      1.16e-07 4.51e-08 3.25e-07 4.86e-07   0.0
      DP_OP_661J3_151_2117 (stage1_path_engine_0_DP_OP_661J3_151_2117_J3_0_10)
                                      1.56e-08 5.00e-09 6.65e-08 8.71e-08   0.0
      DP_OP_659J3_149_2117 (stage1_path_engine_0_DP_OP_659J3_149_2117_J3_0_10)
                                      1.93e-08 6.24e-09 6.78e-08 9.33e-08   0.0
      add_x_194 (stage1_path_engine_0_DW01_add_J3_0_10)
                                      8.58e-08 1.97e-08 1.90e-07 2.96e-07   0.0
      DP_OP_645J3_135_2117 (stage1_path_engine_0_DP_OP_645J3_135_2117_J3_0_10)
                                      1.56e-08 5.00e-09 6.65e-08 8.71e-08   0.0
      DP_OP_668J3_158_8083 (stage1_path_engine_0_DP_OP_668J3_158_8083_J3_0_10)
                                      1.17e-07 4.56e-08 3.25e-07 4.87e-07   0.0
      DP_OP_662J3_152_2117 (stage1_path_engine_0_DP_OP_662J3_152_2117_J3_0_10)
                                      1.60e-08 5.09e-09 6.78e-08 8.89e-08   0.0
      DP_OP_646J3_136_2117 (stage1_path_engine_0_DP_OP_646J3_136_2117_J3_0_10)
                                      1.60e-08 5.09e-09 6.78e-08 8.89e-08   0.0
      DP_OP_669J3_159_8083 (stage1_path_engine_0_DP_OP_669J3_159_8083_J3_0_10)
                                      1.26e-07 4.85e-08 3.25e-07 4.99e-07   0.0
      DP_OP_663J3_153_2117 (stage1_path_engine_0_DP_OP_663J3_153_2117_J3_0_10)
                                      1.67e-08 5.30e-09 6.74e-08 8.93e-08   0.0
      DP_OP_632J3_122_2117 (stage1_path_engine_0_DP_OP_632J3_122_2117_J3_0_10)
                                      1.60e-08 5.07e-09 6.70e-08 8.81e-08   0.0
      DP_OP_647J3_137_2117 (stage1_path_engine_0_DP_OP_647J3_137_2117_J3_0_10)
                                      1.67e-08 5.30e-09 6.74e-08 8.93e-08   0.0
      DP_OP_633J3_123_2117 (stage1_path_engine_0_DP_OP_633J3_123_2117_J3_0_10)
                                      1.70e-08 5.52e-09 6.70e-08 8.96e-08   0.0
      DP_OP_650J3_140_2117 (stage1_path_engine_0_DP_OP_650J3_140_2117_J3_0_10)
                                      1.83e-08 5.91e-09 6.81e-08 9.24e-08   0.0
      DP_OP_648J3_138_2117 (stage1_path_engine_0_DP_OP_648J3_138_2117_J3_0_10)
                                      1.60e-08 5.07e-09 6.70e-08 8.81e-08   0.0
      DP_OP_634J3_124_2117 (stage1_path_engine_0_DP_OP_634J3_124_2117_J3_0_10)
                                      1.83e-08 5.91e-09 6.81e-08 9.24e-08   0.0
      DP_OP_651J3_141_2117 (stage1_path_engine_0_DP_OP_651J3_141_2117_J3_0_10)
                                      1.93e-08 6.24e-09 6.78e-08 9.33e-08   0.0
      DP_OP_649J3_139_2117 (stage1_path_engine_0_DP_OP_649J3_139_2117_J3_0_10)
                                      1.70e-08 5.52e-09 6.70e-08 8.96e-08   0.0
      DP_OP_635J3_125_2117 (stage1_path_engine_0_DP_OP_635J3_125_2117_J3_0_10)
                                      1.93e-08 6.24e-09 6.78e-08 9.33e-08   0.0
      DP_OP_652J3_142_2117 (stage1_path_engine_0_DP_OP_652J3_142_2117_J3_0_10)
                                      1.84e-08 5.98e-09 6.72e-08 9.16e-08   0.0
      DP_OP_636J3_126_2117 (stage1_path_engine_0_DP_OP_636J3_126_2117_J3_0_10)
                                      1.84e-08 5.98e-09 6.72e-08 9.16e-08   0.0
      mult_x_10 (stage1_path_engine_0_DW_mult_tc_J3_22_10)
                                      1.71e-07 1.04e-07 3.44e-07 6.19e-07   0.0
      mult_x_11 (stage1_path_engine_0_DW_mult_tc_J3_21_10)
                                      1.73e-07 1.04e-07 3.20e-07 5.97e-07   0.0
      mult_x_12 (stage1_path_engine_0_DW_mult_tc_J3_20_10)
                                      1.73e-07 1.04e-07 3.33e-07 6.10e-07   0.0
      mult_x_13 (stage1_path_engine_0_DW_mult_tc_J3_19_10)
                                      1.71e-07 1.03e-07 3.04e-07 5.78e-07   0.0
      mult_x_14 (stage1_path_engine_0_DW_mult_tc_J3_18_10)
                                      1.71e-07 1.04e-07 3.13e-07 5.88e-07   0.0
      mult_x_15 (stage1_path_engine_0_DW_mult_tc_J3_17_10)
                                      1.70e-07 1.04e-07 3.39e-07 6.13e-07   0.0
      mult_x_16 (stage1_path_engine_0_DW_mult_tc_J3_16_10)
                                      1.73e-07 1.05e-07 3.17e-07 5.95e-07   0.0
      mult_x_17 (stage1_path_engine_0_DW_mult_tc_J3_15_10)
                                      1.74e-07 1.04e-07 3.35e-07 6.13e-07   0.0
      mult_x_18 (stage1_path_engine_0_DW_mult_tc_J3_14_10)
                                      1.70e-07 1.03e-07 3.00e-07 5.73e-07   0.0
      mult_x_19 (stage1_path_engine_0_DW_mult_tc_J3_13_10)
                                      1.71e-07 1.03e-07 3.17e-07 5.91e-07   0.0
      DP_OP_653J3_143_2117 (stage1_path_engine_0_DP_OP_653J3_143_2117_J3_0_10)
                                      1.56e-08 5.00e-09 6.65e-08 8.71e-08   0.0
      mult_x_20 (stage1_path_engine_0_DW_mult_tc_J3_12_10)
                                      1.71e-07 1.04e-07 3.44e-07 6.19e-07   0.0
      mult_x_21 (stage1_path_engine_0_DW_mult_tc_J3_11_10)
                                      1.73e-07 1.05e-07 3.19e-07 5.97e-07   0.0
      mult_x_22 (stage1_path_engine_0_DW_mult_tc_J3_10_10)
                                      1.73e-07 1.04e-07 3.33e-07 6.10e-07   0.0
      mult_x_23 (stage1_path_engine_0_DW_mult_tc_J3_9_10)
                                      1.71e-07 1.03e-07 3.05e-07 5.79e-07   0.0
      mult_x_24 (stage1_path_engine_0_DW_mult_tc_J3_8_10)
                                      1.72e-07 1.04e-07 3.13e-07 5.89e-07   0.0
      mult_x_25 (stage1_path_engine_0_DW_mult_tc_J3_7_10)
                                      1.69e-07 1.04e-07 3.39e-07 6.12e-07   0.0
      mult_x_26 (stage1_path_engine_0_DW_mult_tc_J3_6_10)
                                      1.71e-07 1.04e-07 3.16e-07 5.92e-07   0.0
      mult_x_27 (stage1_path_engine_0_DW_mult_tc_J3_5_10)
                                      1.74e-07 1.04e-07 3.35e-07 6.13e-07   0.0
      mult_x_28 (stage1_path_engine_0_DW_mult_tc_J3_4_10)
                                      1.71e-07 1.04e-07 3.00e-07 5.74e-07   0.0
      mult_x_29 (stage1_path_engine_0_DW_mult_tc_J3_3_10)
                                      1.72e-07 1.04e-07 3.17e-07 5.93e-07   0.0
      mult_x_30 (stage1_path_engine_0_DW_mult_tc_J3_2_10)
                                      1.70e-07 1.04e-07 3.41e-07 6.15e-07   0.0
      mult_x_31 (stage1_path_engine_0_DW_mult_tc_J3_1_10)
                                      1.73e-07 1.05e-07 3.19e-07 5.97e-07   0.0
      mult_x_32 (stage1_path_engine_0_DW_mult_tc_J3_0_10)
                                      1.73e-07 1.04e-07 3.33e-07 6.10e-07   0.0
      DP_OP_664J3_154_8083 (stage1_path_engine_0_DP_OP_664J3_154_8083_J3_0_10)
                                      1.23e-07 4.74e-08 3.25e-07 4.96e-07   0.0
      mult_x_1 (stage1_path_engine_0_DW_mult_tc_J3_31_10)
                                      1.72e-07 1.04e-07 3.20e-07 5.95e-07   0.0
      mult_x_2 (stage1_path_engine_0_DW_mult_tc_J3_30_10)
                                      1.73e-07 1.04e-07 3.33e-07 6.10e-07   0.0
      mult_x_3 (stage1_path_engine_0_DW_mult_tc_J3_29_10)
                                      1.72e-07 1.04e-07 3.00e-07 5.76e-07   0.0
      mult_x_4 (stage1_path_engine_0_DW_mult_tc_J3_28_10)
                                      1.70e-07 1.03e-07 3.14e-07 5.87e-07   0.0
      mult_x_5 (stage1_path_engine_0_DW_mult_tc_J3_27_10)
                                      1.70e-07 1.04e-07 3.40e-07 6.14e-07   0.0
      mult_x_6 (stage1_path_engine_0_DW_mult_tc_J3_26_10)
                                      1.72e-07 1.04e-07 3.17e-07 5.93e-07   0.0
      mult_x_7 (stage1_path_engine_0_DW_mult_tc_J3_25_10)
                                      1.74e-07 1.04e-07 3.35e-07 6.14e-07   0.0
      mult_x_8 (stage1_path_engine_0_DW_mult_tc_J3_24_10)
                                      1.71e-07 1.04e-07 3.05e-07 5.80e-07   0.0
      mult_x_9 (stage1_path_engine_0_DW_mult_tc_J3_23_10)
                                      1.70e-07 1.03e-07 3.18e-07 5.91e-07   0.0
      DP_OP_637J3_127_2117 (stage1_path_engine_0_DP_OP_637J3_127_2117_J3_0_10)
                                      1.56e-08 5.00e-09 6.65e-08 8.71e-08   0.0
      DP_OP_654J3_144_2117 (stage1_path_engine_0_DP_OP_654J3_144_2117_J3_0_10)
                                      1.60e-08 5.09e-09 6.78e-08 8.89e-08   0.0
      DP_OP_665J3_155_8083 (stage1_path_engine_0_DP_OP_665J3_155_8083_J3_0_10)
                                      1.14e-07 4.49e-08 3.25e-07 4.84e-07   0.0
      DP_OP_640J3_130_2117 (stage1_path_engine_0_DP_OP_640J3_130_2117_J3_0_10)
                                      1.60e-08 5.07e-09 6.70e-08 8.81e-08   0.0
      DP_OP_638J3_128_2117 (stage1_path_engine_0_DP_OP_638J3_128_2117_J3_0_10)
                                      1.60e-08 5.09e-09 6.78e-08 8.89e-08   0.0
      DP_OP_655J3_145_2117 (stage1_path_engine_0_DP_OP_655J3_145_2117_J3_0_10)
                                      1.67e-08 5.30e-09 6.74e-08 8.93e-08   0.0
      DP_OP_666J3_156_8083 (stage1_path_engine_0_DP_OP_666J3_156_8083_J3_0_10)
                                      1.14e-07 4.43e-08 3.25e-07 4.83e-07   0.0
      DP_OP_641J3_131_2117 (stage1_path_engine_0_DP_OP_641J3_131_2117_J3_0_10)
                                      1.70e-08 5.52e-09 6.70e-08 8.96e-08   0.0
      DP_OP_639J3_129_2117 (stage1_path_engine_0_DP_OP_639J3_129_2117_J3_0_10)
                                      1.67e-08 5.30e-09 6.74e-08 8.93e-08   0.0
      DP_OP_656J3_146_2117 (stage1_path_engine_0_DP_OP_656J3_146_2117_J3_0_10)
                                      1.60e-08 5.07e-09 6.70e-08 8.81e-08   0.0
      DP_OP_672J3_162_589 (stage1_path_engine_0_DP_OP_672J3_162_589_J3_0_10)
                                      1.50e-07 5.50e-08 3.66e-07 5.72e-07   0.0
      DP_OP_642J3_132_2117 (stage1_path_engine_0_DP_OP_642J3_132_2117_J3_0_10)
                                      1.83e-08 5.91e-09 6.81e-08 9.24e-08   0.0
  DP_OP_271J1_129_5275 (stage1_tile_DP_OP_271J1_129_5275_J1_0)
                                      6.24e-08 2.75e-08 1.45e-07 2.35e-07   0.0
  DP_OP_274J1_132_5275 (stage1_tile_DP_OP_274J1_132_5275_J1_0)
                                      1.06e-07 4.14e-08 1.41e-07 2.89e-07   0.0
  g_weight_11__u_weight (sram_bank_128x256_4)
                                      2.52e-04 4.94e-07 9.45e-05 3.47e-04   1.8
    g_bank_6__u_macro (hs128x32_wrapper_33)
                                      3.21e-05 6.17e-08 1.18e-05 4.39e-05   0.2
    g_bank_5__u_macro (hs128x32_wrapper_34)
                                      3.21e-05 6.17e-08 1.18e-05 4.40e-05   0.2
    g_bank_4__u_macro (hs128x32_wrapper_35)
                                      3.20e-05 6.17e-08 1.18e-05 4.39e-05   0.2
    g_bank_0__u_macro (hs128x32_wrapper_39)
                                      2.80e-05 6.17e-08 1.18e-05 3.99e-05   0.2
    g_bank_3__u_macro (hs128x32_wrapper_36)
                                      3.21e-05 6.17e-08 1.18e-05 4.40e-05   0.2
    g_bank_2__u_macro (hs128x32_wrapper_37)
                                      3.20e-05 6.18e-08 1.18e-05 4.39e-05   0.2
    g_bank_1__u_macro (hs128x32_wrapper_38)
                                      3.21e-05 6.17e-08 1.18e-05 4.39e-05   0.2
    g_bank_7__u_macro (hs128x32_wrapper_32)
                                      3.20e-05 6.18e-08 1.18e-05 4.39e-05   0.2
  g_weight_6__u_weight (sram_bank_128x256_9)
                                      2.52e-04 4.93e-07 9.45e-05 3.47e-04   1.8
    g_bank_6__u_macro (hs128x32_wrapper_73)
                                      3.21e-05 6.16e-08 1.18e-05 4.39e-05   0.2
    g_bank_5__u_macro (hs128x32_wrapper_74)
                                      3.21e-05 6.17e-08 1.18e-05 4.40e-05   0.2
    g_bank_4__u_macro (hs128x32_wrapper_75)
                                      3.20e-05 6.16e-08 1.18e-05 4.39e-05   0.2
    g_bank_0__u_macro (hs128x32_wrapper_79)
                                      2.80e-05 6.17e-08 1.18e-05 3.99e-05   0.2
    g_bank_3__u_macro (hs128x32_wrapper_76)
                                      3.21e-05 6.17e-08 1.18e-05 4.40e-05   0.2
    g_bank_2__u_macro (hs128x32_wrapper_77)
                                      3.20e-05 6.16e-08 1.18e-05 4.39e-05   0.2
    g_bank_1__u_macro (hs128x32_wrapper_78)
                                      3.21e-05 6.16e-08 1.18e-05 4.39e-05   0.2
    g_bank_7__u_macro (hs128x32_wrapper_72)
                                      3.20e-05 6.16e-08 1.18e-05 4.39e-05   0.2
  DP_OP_267J1_125_5275 (stage1_tile_DP_OP_267J1_125_5275_J1_0)
                                      9.09e-08 3.79e-08 1.46e-07 2.74e-07   0.0
  g_pair_1__u_pair (stage1_lane_pair_6)
                                      1.34e-03 1.30e-05 4.97e-05 1.41e-03   7.3
    u_gate (stage1_path_engine_13)    6.72e-04 6.43e-06 2.49e-05 7.04e-04   3.7
      DP_OP_657J3_147_2117 (stage1_path_engine_0_DP_OP_657J3_147_2117_J3_0_13)
                                      1.77e-08 6.26e-09 7.02e-08 9.42e-08   0.0
      DP_OP_670J3_160_8083 (stage1_path_engine_0_DP_OP_670J3_160_8083_J3_0_13)
                                      7.57e-08 3.06e-08 3.25e-07 4.32e-07   0.0
      DP_OP_673J3_163_589 (stage1_path_engine_0_DP_OP_673J3_163_589_J3_0_13)
                                      1.53e-07 5.57e-08 3.66e-07 5.75e-07   0.0
      DP_OP_643J3_133_2117 (stage1_path_engine_0_DP_OP_643J3_133_2117_J3_0_13)
                                      1.78e-08 6.20e-09 7.00e-08 9.41e-08   0.0
      add_x_33 (stage1_path_engine_0_DW01_add_J3_1_13)
                                      5.61e-08 1.43e-08 1.37e-07 2.07e-07   0.0
      DP_OP_660J3_150_2117 (stage1_path_engine_0_DP_OP_660J3_150_2117_J3_0_13)
                                      1.76e-08 6.16e-09 7.24e-08 9.61e-08   0.0
      DP_OP_658J3_148_2117 (stage1_path_engine_0_DP_OP_658J3_148_2117_J3_0_13)
                                      1.81e-08 6.32e-09 6.98e-08 9.43e-08   0.0
      DP_OP_671J3_161_8083 (stage1_path_engine_0_DP_OP_671J3_161_8083_J3_0_13)
                                      9.05e-08 3.66e-08 3.25e-07 4.52e-07   0.0
      DP_OP_644J3_134_2117 (stage1_path_engine_0_DP_OP_644J3_134_2117_J3_0_13)
                                      1.76e-08 6.16e-09 7.24e-08 9.61e-08   0.0
      DP_OP_667J3_157_8083 (stage1_path_engine_0_DP_OP_667J3_157_8083_J3_0_13)
                                      9.95e-08 3.90e-08 3.25e-07 4.64e-07   0.0
      DP_OP_661J3_151_2117 (stage1_path_engine_0_DP_OP_661J3_151_2117_J3_0_13)
                                      1.60e-08 5.63e-09 7.17e-08 9.33e-08   0.0
      DP_OP_659J3_149_2117 (stage1_path_engine_0_DP_OP_659J3_149_2117_J3_0_13)
                                      1.78e-08 6.20e-09 7.00e-08 9.41e-08   0.0
      add_x_194 (stage1_path_engine_0_DW01_add_J3_0_13)
                                      9.05e-08 2.07e-08 1.90e-07 3.01e-07   0.0
      DP_OP_645J3_135_2117 (stage1_path_engine_0_DP_OP_645J3_135_2117_J3_0_13)
                                      1.60e-08 5.63e-09 7.17e-08 9.33e-08   0.0
      DP_OP_668J3_158_8083 (stage1_path_engine_0_DP_OP_668J3_158_8083_J3_0_13)
                                      7.61e-08 3.11e-08 3.25e-07 4.32e-07   0.0
      DP_OP_662J3_152_2117 (stage1_path_engine_0_DP_OP_662J3_152_2117_J3_0_13)
                                      1.65e-08 5.83e-09 6.87e-08 9.10e-08   0.0
      DP_OP_646J3_136_2117 (stage1_path_engine_0_DP_OP_646J3_136_2117_J3_0_13)
                                      1.65e-08 5.83e-09 6.87e-08 9.10e-08   0.0
      DP_OP_669J3_159_8083 (stage1_path_engine_0_DP_OP_669J3_159_8083_J3_0_13)
                                      9.06e-08 3.65e-08 3.25e-07 4.52e-07   0.0
      DP_OP_663J3_153_2117 (stage1_path_engine_0_DP_OP_663J3_153_2117_J3_0_13)
                                      1.79e-08 6.30e-09 6.89e-08 9.32e-08   0.0
      DP_OP_632J3_122_2117 (stage1_path_engine_0_DP_OP_632J3_122_2117_J3_0_13)
                                      1.71e-08 5.99e-09 7.00e-08 9.31e-08   0.0
      DP_OP_647J3_137_2117 (stage1_path_engine_0_DP_OP_647J3_137_2117_J3_0_13)
                                      1.79e-08 6.30e-09 6.89e-08 9.32e-08   0.0
      DP_OP_633J3_123_2117 (stage1_path_engine_0_DP_OP_633J3_123_2117_J3_0_13)
                                      1.77e-08 6.26e-09 7.02e-08 9.42e-08   0.0
      DP_OP_650J3_140_2117 (stage1_path_engine_0_DP_OP_650J3_140_2117_J3_0_13)
                                      1.81e-08 6.32e-09 6.98e-08 9.43e-08   0.0
      DP_OP_648J3_138_2117 (stage1_path_engine_0_DP_OP_648J3_138_2117_J3_0_13)
                                      1.71e-08 5.99e-09 7.00e-08 9.31e-08   0.0
      DP_OP_634J3_124_2117 (stage1_path_engine_0_DP_OP_634J3_124_2117_J3_0_13)
                                      1.81e-08 6.32e-09 6.98e-08 9.43e-08   0.0
      DP_OP_651J3_141_2117 (stage1_path_engine_0_DP_OP_651J3_141_2117_J3_0_13)
                                      1.78e-08 6.20e-09 7.00e-08 9.41e-08   0.0
      DP_OP_649J3_139_2117 (stage1_path_engine_0_DP_OP_649J3_139_2117_J3_0_13)
                                      1.77e-08 6.26e-09 7.02e-08 9.42e-08   0.0
      DP_OP_635J3_125_2117 (stage1_path_engine_0_DP_OP_635J3_125_2117_J3_0_13)
                                      1.78e-08 6.20e-09 7.00e-08 9.41e-08   0.0
      DP_OP_652J3_142_2117 (stage1_path_engine_0_DP_OP_652J3_142_2117_J3_0_13)
                                      1.76e-08 6.16e-09 7.24e-08 9.61e-08   0.0
      DP_OP_636J3_126_2117 (stage1_path_engine_0_DP_OP_636J3_126_2117_J3_0_13)
                                      1.76e-08 6.16e-09 7.24e-08 9.61e-08   0.0
      mult_x_10 (stage1_path_engine_0_DW_mult_tc_J3_22_13)
                                      1.73e-07 1.09e-07 3.08e-07 5.91e-07   0.0
      mult_x_11 (stage1_path_engine_0_DW_mult_tc_J3_21_13)
                                      1.72e-07 1.09e-07 3.21e-07 6.02e-07   0.0
      mult_x_12 (stage1_path_engine_0_DW_mult_tc_J3_20_13)
                                      1.74e-07 1.10e-07 3.48e-07 6.32e-07   0.0
      mult_x_13 (stage1_path_engine_0_DW_mult_tc_J3_19_13)
                                      1.74e-07 1.10e-07 3.26e-07 6.10e-07   0.0
      mult_x_14 (stage1_path_engine_0_DW_mult_tc_J3_18_13)
                                      1.75e-07 1.10e-07 3.43e-07 6.28e-07   0.0
      mult_x_15 (stage1_path_engine_0_DW_mult_tc_J3_17_13)
                                      1.74e-07 1.10e-07 3.13e-07 5.96e-07   0.0
      mult_x_16 (stage1_path_engine_0_DW_mult_tc_J3_16_13)
                                      1.72e-07 1.09e-07 3.25e-07 6.06e-07   0.0
      mult_x_17 (stage1_path_engine_0_DW_mult_tc_J3_15_13)
                                      1.75e-07 1.11e-07 3.52e-07 6.37e-07   0.0
      mult_x_18 (stage1_path_engine_0_DW_mult_tc_J3_14_13)
                                      1.74e-07 1.10e-07 3.28e-07 6.11e-07   0.0
      mult_x_19 (stage1_path_engine_0_DW_mult_tc_J3_13_13)
                                      1.74e-07 1.08e-07 3.38e-07 6.20e-07   0.0
      DP_OP_653J3_143_2117 (stage1_path_engine_0_DP_OP_653J3_143_2117_J3_0_13)
                                      1.60e-08 5.63e-09 7.17e-08 9.33e-08   0.0
      mult_x_20 (stage1_path_engine_0_DW_mult_tc_J3_12_13)
                                      1.74e-07 1.10e-07 3.08e-07 5.93e-07   0.0
      mult_x_21 (stage1_path_engine_0_DW_mult_tc_J3_11_13)
                                      1.72e-07 1.09e-07 3.21e-07 6.03e-07   0.0
      mult_x_22 (stage1_path_engine_0_DW_mult_tc_J3_10_13)
                                      1.72e-07 1.10e-07 3.47e-07 6.30e-07   0.0
      mult_x_23 (stage1_path_engine_0_DW_mult_tc_J3_9_13)
                                      1.74e-07 1.10e-07 3.25e-07 6.09e-07   0.0
      mult_x_24 (stage1_path_engine_0_DW_mult_tc_J3_8_13)
                                      1.76e-07 1.10e-07 3.43e-07 6.29e-07   0.0
      mult_x_25 (stage1_path_engine_0_DW_mult_tc_J3_7_13)
                                      1.74e-07 1.10e-07 3.13e-07 5.96e-07   0.0
      mult_x_26 (stage1_path_engine_0_DW_mult_tc_J3_6_13)
                                      1.72e-07 1.09e-07 3.25e-07 6.07e-07   0.0
      mult_x_27 (stage1_path_engine_0_DW_mult_tc_J3_5_13)
                                      1.73e-07 1.10e-07 3.52e-07 6.35e-07   0.0
      mult_x_28 (stage1_path_engine_0_DW_mult_tc_J3_4_13)
                                      1.75e-07 1.11e-07 3.28e-07 6.13e-07   0.0
      mult_x_29 (stage1_path_engine_0_DW_mult_tc_J3_3_13)
                                      1.75e-07 1.10e-07 3.41e-07 6.26e-07   0.0
      mult_x_30 (stage1_path_engine_0_DW_mult_tc_J3_2_13)
                                      1.73e-07 1.09e-07 3.11e-07 5.94e-07   0.0
      mult_x_31 (stage1_path_engine_0_DW_mult_tc_J3_1_13)
                                      1.73e-07 1.10e-07 3.21e-07 6.04e-07   0.0
      mult_x_32 (stage1_path_engine_0_DW_mult_tc_J3_0_13)
                                      1.72e-07 1.10e-07 3.47e-07 6.29e-07   0.0
      DP_OP_664J3_154_8083 (stage1_path_engine_0_DP_OP_664J3_154_8083_J3_0_13)
                                      7.76e-08 3.17e-08 3.25e-07 4.34e-07   0.0
      mult_x_1 (stage1_path_engine_0_DW_mult_tc_J3_31_13)
                                      1.71e-07 1.09e-07 3.21e-07 6.01e-07   0.0
      mult_x_2 (stage1_path_engine_0_DW_mult_tc_J3_30_13)
                                      1.74e-07 1.11e-07 3.47e-07 6.32e-07   0.0
      mult_x_3 (stage1_path_engine_0_DW_mult_tc_J3_29_13)
                                      1.75e-07 1.11e-07 3.27e-07 6.13e-07   0.0
      mult_x_4 (stage1_path_engine_0_DW_mult_tc_J3_28_13)
                                      1.75e-07 1.10e-07 3.43e-07 6.28e-07   0.0
      mult_x_5 (stage1_path_engine_0_DW_mult_tc_J3_27_13)
                                      1.73e-07 1.09e-07 3.13e-07 5.94e-07   0.0
      mult_x_6 (stage1_path_engine_0_DW_mult_tc_J3_26_13)
                                      1.72e-07 1.09e-07 3.25e-07 6.06e-07   0.0
      mult_x_7 (stage1_path_engine_0_DW_mult_tc_J3_25_13)
                                      1.76e-07 1.11e-07 3.52e-07 6.39e-07   0.0
      mult_x_8 (stage1_path_engine_0_DW_mult_tc_J3_24_13)
                                      1.74e-07 1.10e-07 3.24e-07 6.08e-07   0.0
      mult_x_9 (stage1_path_engine_0_DW_mult_tc_J3_23_13)
                                      1.74e-07 1.10e-07 3.41e-07 6.25e-07   0.0
      DP_OP_637J3_127_2117 (stage1_path_engine_0_DP_OP_637J3_127_2117_J3_0_13)
                                      1.60e-08 5.63e-09 7.17e-08 9.33e-08   0.0
      DP_OP_654J3_144_2117 (stage1_path_engine_0_DP_OP_654J3_144_2117_J3_0_13)
                                      1.65e-08 5.83e-09 6.87e-08 9.10e-08   0.0
      DP_OP_665J3_155_8083 (stage1_path_engine_0_DP_OP_665J3_155_8083_J3_0_13)
                                      8.79e-08 3.56e-08 3.25e-07 4.48e-07   0.0
      DP_OP_640J3_130_2117 (stage1_path_engine_0_DP_OP_640J3_130_2117_J3_0_13)
                                      1.71e-08 5.99e-09 7.00e-08 9.31e-08   0.0
      DP_OP_638J3_128_2117 (stage1_path_engine_0_DP_OP_638J3_128_2117_J3_0_13)
                                      1.65e-08 5.83e-09 6.87e-08 9.10e-08   0.0
      DP_OP_655J3_145_2117 (stage1_path_engine_0_DP_OP_655J3_145_2117_J3_0_13)
                                      1.79e-08 6.30e-09 6.89e-08 9.32e-08   0.0
      DP_OP_666J3_156_8083 (stage1_path_engine_0_DP_OP_666J3_156_8083_J3_0_13)
                                      7.94e-08 3.22e-08 3.25e-07 4.36e-07   0.0
      DP_OP_641J3_131_2117 (stage1_path_engine_0_DP_OP_641J3_131_2117_J3_0_13)
                                      1.77e-08 6.26e-09 7.02e-08 9.42e-08   0.0
      DP_OP_639J3_129_2117 (stage1_path_engine_0_DP_OP_639J3_129_2117_J3_0_13)
                                      1.79e-08 6.30e-09 6.89e-08 9.32e-08   0.0
      DP_OP_656J3_146_2117 (stage1_path_engine_0_DP_OP_656J3_146_2117_J3_0_13)
                                      1.71e-08 5.99e-09 7.00e-08 9.31e-08   0.0
      DP_OP_672J3_162_589 (stage1_path_engine_0_DP_OP_672J3_162_589_J3_0_13)
                                      1.57e-07 5.79e-08 3.66e-07 5.81e-07   0.0
      DP_OP_642J3_132_2117 (stage1_path_engine_0_DP_OP_642J3_132_2117_J3_0_13)
                                      1.81e-08 6.32e-09 6.98e-08 9.43e-08   0.0
    u_up (stage1_path_engine_12)      6.73e-04 6.56e-06 2.48e-05 7.04e-04   3.7
      DP_OP_657J3_147_2117 (stage1_path_engine_0_DP_OP_657J3_147_2117_J3_0_12)
                                      1.71e-08 5.98e-09 6.85e-08 9.16e-08   0.0
      DP_OP_670J3_160_8083 (stage1_path_engine_0_DP_OP_670J3_160_8083_J3_0_12)
                                      9.24e-08 3.70e-08 3.25e-07 4.54e-07   0.0
      DP_OP_673J3_163_589 (stage1_path_engine_0_DP_OP_673J3_163_589_J3_0_12)
                                      1.53e-07 5.59e-08 3.66e-07 5.75e-07   0.0
      DP_OP_643J3_133_2117 (stage1_path_engine_0_DP_OP_643J3_133_2117_J3_0_12)
                                      1.77e-08 6.12e-09 6.80e-08 9.18e-08   0.0
      add_x_33 (stage1_path_engine_0_DW01_add_J3_1_12)
                                      5.40e-08 1.37e-08 1.37e-07 2.05e-07   0.0
      DP_OP_660J3_150_2117 (stage1_path_engine_0_DP_OP_660J3_150_2117_J3_0_12)
                                      1.72e-08 5.99e-09 6.83e-08 9.14e-08   0.0
      DP_OP_658J3_148_2117 (stage1_path_engine_0_DP_OP_658J3_148_2117_J3_0_12)
                                      1.78e-08 6.18e-09 6.77e-08 9.17e-08   0.0
      DP_OP_671J3_161_8083 (stage1_path_engine_0_DP_OP_671J3_161_8083_J3_0_12)
                                      1.09e-07 4.22e-08 3.25e-07 4.76e-07   0.0
      DP_OP_644J3_134_2117 (stage1_path_engine_0_DP_OP_644J3_134_2117_J3_0_12)
                                      1.72e-08 5.99e-09 6.83e-08 9.14e-08   0.0
      DP_OP_667J3_157_8083 (stage1_path_engine_0_DP_OP_667J3_157_8083_J3_0_12)
                                      9.80e-08 3.88e-08 3.25e-07 4.62e-07   0.0
      DP_OP_661J3_151_2117 (stage1_path_engine_0_DP_OP_661J3_151_2117_J3_0_12)
                                      1.46e-08 5.06e-09 7.03e-08 8.99e-08   0.0
      DP_OP_659J3_149_2117 (stage1_path_engine_0_DP_OP_659J3_149_2117_J3_0_12)
                                      1.77e-08 6.12e-09 6.80e-08 9.18e-08   0.0
      add_x_194 (stage1_path_engine_0_DW01_add_J3_0_12)
                                      7.66e-08 1.76e-08 1.90e-07 2.84e-07   0.0
      DP_OP_645J3_135_2117 (stage1_path_engine_0_DP_OP_645J3_135_2117_J3_0_12)
                                      1.46e-08 5.06e-09 7.03e-08 8.99e-08   0.0
      DP_OP_668J3_158_8083 (stage1_path_engine_0_DP_OP_668J3_158_8083_J3_0_12)
                                      9.18e-08 3.68e-08 3.25e-07 4.54e-07   0.0
      DP_OP_662J3_152_2117 (stage1_path_engine_0_DP_OP_662J3_152_2117_J3_0_12)
                                      1.53e-08 5.34e-09 6.66e-08 8.73e-08   0.0
      DP_OP_646J3_136_2117 (stage1_path_engine_0_DP_OP_646J3_136_2117_J3_0_12)
                                      1.53e-08 5.34e-09 6.66e-08 8.73e-08   0.0
      DP_OP_669J3_159_8083 (stage1_path_engine_0_DP_OP_669J3_159_8083_J3_0_12)
                                      9.74e-08 3.91e-08 3.25e-07 4.61e-07   0.0
      DP_OP_663J3_153_2117 (stage1_path_engine_0_DP_OP_663J3_153_2117_J3_0_12)
                                      1.69e-08 5.85e-09 6.69e-08 8.96e-08   0.0
      DP_OP_632J3_122_2117 (stage1_path_engine_0_DP_OP_632J3_122_2117_J3_0_12)
                                      1.58e-08 5.47e-09 6.78e-08 8.91e-08   0.0
      DP_OP_647J3_137_2117 (stage1_path_engine_0_DP_OP_647J3_137_2117_J3_0_12)
                                      1.69e-08 5.85e-09 6.69e-08 8.96e-08   0.0
      DP_OP_633J3_123_2117 (stage1_path_engine_0_DP_OP_633J3_123_2117_J3_0_12)
                                      1.71e-08 5.98e-09 6.85e-08 9.16e-08   0.0
      DP_OP_650J3_140_2117 (stage1_path_engine_0_DP_OP_650J3_140_2117_J3_0_12)
                                      1.78e-08 6.18e-09 6.77e-08 9.17e-08   0.0
      DP_OP_648J3_138_2117 (stage1_path_engine_0_DP_OP_648J3_138_2117_J3_0_12)
                                      1.58e-08 5.47e-09 6.78e-08 8.91e-08   0.0
      DP_OP_634J3_124_2117 (stage1_path_engine_0_DP_OP_634J3_124_2117_J3_0_12)
                                      1.78e-08 6.18e-09 6.77e-08 9.17e-08   0.0
      DP_OP_651J3_141_2117 (stage1_path_engine_0_DP_OP_651J3_141_2117_J3_0_12)
                                      1.77e-08 6.12e-09 6.80e-08 9.18e-08   0.0
      DP_OP_649J3_139_2117 (stage1_path_engine_0_DP_OP_649J3_139_2117_J3_0_12)
                                      1.71e-08 5.98e-09 6.85e-08 9.16e-08   0.0
      DP_OP_635J3_125_2117 (stage1_path_engine_0_DP_OP_635J3_125_2117_J3_0_12)
                                      1.77e-08 6.12e-09 6.80e-08 9.18e-08   0.0
      DP_OP_652J3_142_2117 (stage1_path_engine_0_DP_OP_652J3_142_2117_J3_0_12)
                                      1.72e-08 5.99e-09 6.83e-08 9.14e-08   0.0
      DP_OP_636J3_126_2117 (stage1_path_engine_0_DP_OP_636J3_126_2117_J3_0_12)
                                      1.72e-08 5.99e-09 6.83e-08 9.14e-08   0.0
      mult_x_10 (stage1_path_engine_0_DW_mult_tc_J3_22_12)
                                      1.77e-07 1.11e-07 3.48e-07 6.35e-07   0.0
      mult_x_11 (stage1_path_engine_0_DW_mult_tc_J3_21_12)
                                      1.73e-07 1.09e-07 3.25e-07 6.07e-07   0.0
      mult_x_12 (stage1_path_engine_0_DW_mult_tc_J3_20_12)
                                      1.71e-07 1.09e-07 3.38e-07 6.18e-07   0.0
      mult_x_13 (stage1_path_engine_0_DW_mult_tc_J3_19_12)
                                      1.74e-07 1.10e-07 3.31e-07 6.15e-07   0.0
      mult_x_14 (stage1_path_engine_0_DW_mult_tc_J3_18_12)
                                      1.74e-07 1.10e-07 3.07e-07 5.91e-07   0.0
      mult_x_15 (stage1_path_engine_0_DW_mult_tc_J3_17_12)
                                      1.76e-07 1.11e-07 3.43e-07 6.30e-07   0.0
      mult_x_16 (stage1_path_engine_0_DW_mult_tc_J3_16_12)
                                      1.73e-07 1.10e-07 3.20e-07 6.03e-07   0.0
      mult_x_17 (stage1_path_engine_0_DW_mult_tc_J3_15_12)
                                      1.71e-07 1.09e-07 3.40e-07 6.20e-07   0.0
      mult_x_18 (stage1_path_engine_0_DW_mult_tc_J3_14_12)
                                      1.72e-07 1.10e-07 3.27e-07 6.09e-07   0.0
      mult_x_19 (stage1_path_engine_0_DW_mult_tc_J3_13_12)
                                      1.74e-07 1.08e-07 3.10e-07 5.91e-07   0.0
      DP_OP_653J3_143_2117 (stage1_path_engine_0_DP_OP_653J3_143_2117_J3_0_12)
                                      1.46e-08 5.06e-09 7.03e-08 8.99e-08   0.0
      mult_x_20 (stage1_path_engine_0_DW_mult_tc_J3_12_12)
                                      1.77e-07 1.11e-07 3.48e-07 6.36e-07   0.0
      mult_x_21 (stage1_path_engine_0_DW_mult_tc_J3_11_12)
                                      1.73e-07 1.09e-07 3.24e-07 6.07e-07   0.0
      mult_x_22 (stage1_path_engine_0_DW_mult_tc_J3_10_12)
                                      1.71e-07 1.09e-07 3.38e-07 6.18e-07   0.0
      mult_x_23 (stage1_path_engine_0_DW_mult_tc_J3_9_12)
                                      1.73e-07 1.10e-07 3.32e-07 6.15e-07   0.0
      mult_x_24 (stage1_path_engine_0_DW_mult_tc_J3_8_12)
                                      1.75e-07 1.11e-07 3.07e-07 5.92e-07   0.0
      mult_x_25 (stage1_path_engine_0_DW_mult_tc_J3_7_12)
                                      1.76e-07 1.10e-07 3.43e-07 6.29e-07   0.0
      mult_x_26 (stage1_path_engine_0_DW_mult_tc_J3_6_12)
                                      1.71e-07 1.09e-07 3.20e-07 6.00e-07   0.0
      mult_x_27 (stage1_path_engine_0_DW_mult_tc_J3_5_12)
                                      1.71e-07 1.09e-07 3.40e-07 6.20e-07   0.0
      mult_x_28 (stage1_path_engine_0_DW_mult_tc_J3_4_12)
                                      1.73e-07 1.10e-07 3.27e-07 6.10e-07   0.0
      mult_x_29 (stage1_path_engine_0_DW_mult_tc_J3_3_12)
                                      1.75e-07 1.10e-07 3.12e-07 5.97e-07   0.0
      mult_x_30 (stage1_path_engine_0_DW_mult_tc_J3_2_12)
                                      1.77e-07 1.10e-07 3.45e-07 6.32e-07   0.0
      mult_x_31 (stage1_path_engine_0_DW_mult_tc_J3_1_12)
                                      1.73e-07 1.10e-07 3.24e-07 6.07e-07   0.0
      mult_x_32 (stage1_path_engine_0_DW_mult_tc_J3_0_12)
                                      1.71e-07 1.09e-07 3.38e-07 6.18e-07   0.0
      DP_OP_664J3_154_8083 (stage1_path_engine_0_DP_OP_664J3_154_8083_J3_0_12)
                                      9.41e-08 3.75e-08 3.25e-07 4.57e-07   0.0
      mult_x_1 (stage1_path_engine_0_DW_mult_tc_J3_31_12)
                                      1.72e-07 1.09e-07 3.25e-07 6.05e-07   0.0
      mult_x_2 (stage1_path_engine_0_DW_mult_tc_J3_30_12)
                                      1.71e-07 1.09e-07 3.38e-07 6.17e-07   0.0
      mult_x_3 (stage1_path_engine_0_DW_mult_tc_J3_29_12)
                                      1.76e-07 1.11e-07 3.27e-07 6.15e-07   0.0
      mult_x_4 (stage1_path_engine_0_DW_mult_tc_J3_28_12)
                                      1.73e-07 1.10e-07 3.07e-07 5.90e-07   0.0
      mult_x_5 (stage1_path_engine_0_DW_mult_tc_J3_27_12)
                                      1.76e-07 1.10e-07 3.44e-07 6.30e-07   0.0
      mult_x_6 (stage1_path_engine_0_DW_mult_tc_J3_26_12)
                                      1.72e-07 1.09e-07 3.20e-07 6.01e-07   0.0
      mult_x_7 (stage1_path_engine_0_DW_mult_tc_J3_25_12)
                                      1.71e-07 1.09e-07 3.40e-07 6.21e-07   0.0
      mult_x_8 (stage1_path_engine_0_DW_mult_tc_J3_24_12)
                                      1.75e-07 1.11e-07 3.33e-07 6.18e-07   0.0
      mult_x_9 (stage1_path_engine_0_DW_mult_tc_J3_23_12)
                                      1.73e-07 1.09e-07 3.13e-07 5.95e-07   0.0
      DP_OP_637J3_127_2117 (stage1_path_engine_0_DP_OP_637J3_127_2117_J3_0_12)
                                      1.46e-08 5.06e-09 7.03e-08 8.99e-08   0.0
      DP_OP_654J3_144_2117 (stage1_path_engine_0_DP_OP_654J3_144_2117_J3_0_12)
                                      1.53e-08 5.34e-09 6.66e-08 8.73e-08   0.0
      DP_OP_665J3_155_8083 (stage1_path_engine_0_DP_OP_665J3_155_8083_J3_0_12)
                                      9.92e-08 3.95e-08 3.25e-07 4.64e-07   0.0
      DP_OP_640J3_130_2117 (stage1_path_engine_0_DP_OP_640J3_130_2117_J3_0_12)
                                      1.58e-08 5.47e-09 6.78e-08 8.91e-08   0.0
      DP_OP_638J3_128_2117 (stage1_path_engine_0_DP_OP_638J3_128_2117_J3_0_12)
                                      1.53e-08 5.34e-09 6.66e-08 8.73e-08   0.0
      DP_OP_655J3_145_2117 (stage1_path_engine_0_DP_OP_655J3_145_2117_J3_0_12)
                                      1.69e-08 5.85e-09 6.69e-08 8.96e-08   0.0
      DP_OP_666J3_156_8083 (stage1_path_engine_0_DP_OP_666J3_156_8083_J3_0_12)
                                      1.05e-07 4.06e-08 3.25e-07 4.70e-07   0.0
      DP_OP_641J3_131_2117 (stage1_path_engine_0_DP_OP_641J3_131_2117_J3_0_12)
                                      1.71e-08 5.98e-09 6.85e-08 9.16e-08   0.0
      DP_OP_639J3_129_2117 (stage1_path_engine_0_DP_OP_639J3_129_2117_J3_0_12)
                                      1.69e-08 5.85e-09 6.69e-08 8.96e-08   0.0
      DP_OP_656J3_146_2117 (stage1_path_engine_0_DP_OP_656J3_146_2117_J3_0_12)
                                      1.58e-08 5.47e-09 6.78e-08 8.91e-08   0.0
      DP_OP_672J3_162_589 (stage1_path_engine_0_DP_OP_672J3_162_589_J3_0_12)
                                      1.56e-07 5.65e-08 3.66e-07 5.78e-07   0.0
      DP_OP_642J3_132_2117 (stage1_path_engine_0_DP_OP_642J3_132_2117_J3_0_12)
                                      1.78e-08 6.18e-09 6.77e-08 9.17e-08   0.0
  g_weight_14__u_weight (sram_bank_128x256_1)
                                      2.52e-04 4.94e-07 9.45e-05 3.47e-04   1.8
    g_bank_6__u_macro (hs128x32_wrapper_9)
                                      3.21e-05 6.17e-08 1.18e-05 4.39e-05   0.2
    g_bank_5__u_macro (hs128x32_wrapper_10)
                                      3.21e-05 6.17e-08 1.18e-05 4.40e-05   0.2
    g_bank_4__u_macro (hs128x32_wrapper_11)
                                      3.20e-05 6.18e-08 1.18e-05 4.39e-05   0.2
    g_bank_0__u_macro (hs128x32_wrapper_15)
                                      2.80e-05 6.17e-08 1.18e-05 3.99e-05   0.2
    g_bank_3__u_macro (hs128x32_wrapper_12)
                                      3.21e-05 6.17e-08 1.18e-05 4.40e-05   0.2
    g_bank_2__u_macro (hs128x32_wrapper_13)
                                      3.20e-05 6.17e-08 1.18e-05 4.39e-05   0.2
    g_bank_1__u_macro (hs128x32_wrapper_14)
                                      3.21e-05 6.17e-08 1.18e-05 4.39e-05   0.2
    g_bank_7__u_macro (hs128x32_wrapper_8)
                                      3.20e-05 6.17e-08 1.18e-05 4.39e-05   0.2
  g_weight_9__u_weight (sram_bank_128x256_6)
                                      2.52e-04 4.93e-07 9.45e-05 3.47e-04   1.8
    g_bank_6__u_macro (hs128x32_wrapper_49)
                                      3.21e-05 6.16e-08 1.18e-05 4.39e-05   0.2
    g_bank_5__u_macro (hs128x32_wrapper_50)
                                      3.21e-05 6.17e-08 1.18e-05 4.40e-05   0.2
    g_bank_4__u_macro (hs128x32_wrapper_51)
                                      3.20e-05 6.16e-08 1.18e-05 4.39e-05   0.2
    g_bank_0__u_macro (hs128x32_wrapper_55)
                                      2.80e-05 6.17e-08 1.18e-05 3.99e-05   0.2
    g_bank_3__u_macro (hs128x32_wrapper_52)
                                      3.21e-05 6.16e-08 1.18e-05 4.40e-05   0.2
    g_bank_2__u_macro (hs128x32_wrapper_53)
                                      3.20e-05 6.17e-08 1.18e-05 4.39e-05   0.2
    g_bank_1__u_macro (hs128x32_wrapper_54)
                                      3.21e-05 6.16e-08 1.18e-05 4.39e-05   0.2
    g_bank_7__u_macro (hs128x32_wrapper_48)
                                      3.20e-05 6.17e-08 1.18e-05 4.39e-05   0.2
  DP_OP_270J1_128_5275 (stage1_tile_DP_OP_270J1_128_5275_J1_0)
                                      7.77e-08 3.11e-08 1.42e-07 2.50e-07   0.0
  DP_OP_273J1_131_5275 (stage1_tile_DP_OP_273J1_131_5275_J1_0)
                                      7.63e-08 3.27e-08 1.46e-07 2.55e-07   0.0
  DP_OP_266J1_124_5275 (stage1_tile_DP_OP_266J1_124_5275_J1_0)
                                      1.34e-07 5.18e-08 1.43e-07 3.28e-07   0.0
  g_pair_0__u_pair (stage1_lane_pair_7)
                                      1.34e-03 1.22e-05 4.99e-05 1.41e-03   7.3
    u_gate (stage1_path_engine_15)    6.72e-04 5.98e-06 2.50e-05 7.03e-04   3.7
      DP_OP_635J2_123_6502 (stage1_path_engine_14_DP_OP_635J2_123_6502_J2_0_1)
                                      1.63e-08 5.17e-09 7.19e-08 9.34e-08   0.0
      DP_OP_673J2_161_310 (stage1_path_engine_14_DP_OP_673J2_161_310_J2_0_1)
                                      6.03e-08 2.54e-08 3.25e-07 4.10e-07   0.0
      DP_OP_652J2_140_6502 (stage1_path_engine_14_DP_OP_652J2_140_6502_J2_0_1)
                                      1.60e-08 5.01e-09 7.51e-08 9.61e-08   0.0
      add_x_33 (stage1_path_engine_14_DW01_add_J2_1_1)
                                      6.03e-08 1.54e-08 1.37e-07 2.13e-07   0.0
      DP_OP_636J2_124_6502 (stage1_path_engine_14_DP_OP_636J2_124_6502_J2_0_1)
                                      1.60e-08 5.01e-09 7.51e-08 9.61e-08   0.0
      DP_OP_653J2_141_6502 (stage1_path_engine_14_DP_OP_653J2_141_6502_J2_0_1)
                                      1.63e-08 5.09e-09 7.47e-08 9.61e-08   0.0
      DP_OP_660J2_148_6502 (stage1_path_engine_14_DP_OP_660J2_148_6502_J2_0_1)
                                      1.60e-08 5.01e-09 7.51e-08 9.61e-08   0.0
      DP_OP_672J2_160_310 (stage1_path_engine_14_DP_OP_672J2_160_310_J2_0_1)
                                      4.44e-08 1.89e-08 3.25e-07 3.88e-07   0.0
      add_x_194 (stage1_path_engine_14_DW01_add_J2_0_1)
                                      8.47e-08 2.01e-08 1.90e-07 2.95e-07   0.0
      DP_OP_637J2_125_6502 (stage1_path_engine_14_DP_OP_637J2_125_6502_J2_0_1)
                                      1.63e-08 5.09e-09 7.47e-08 9.61e-08   0.0
      DP_OP_654J2_142_6502 (stage1_path_engine_14_DP_OP_654J2_142_6502_J2_0_1)
                                      1.72e-08 5.48e-09 7.38e-08 9.65e-08   0.0
      DP_OP_661J2_149_6502 (stage1_path_engine_14_DP_OP_661J2_149_6502_J2_0_1)
                                      1.63e-08 5.09e-09 7.47e-08 9.61e-08   0.0
      DP_OP_638J2_126_6502 (stage1_path_engine_14_DP_OP_638J2_126_6502_J2_0_1)
                                      1.72e-08 5.48e-09 7.38e-08 9.65e-08   0.0
      DP_OP_655J2_143_6502 (stage1_path_engine_14_DP_OP_655J2_143_6502_J2_0_1)
                                      1.66e-08 5.31e-09 7.34e-08 9.53e-08   0.0
      DP_OP_674J2_162_9602 (stage1_path_engine_14_DP_OP_674J2_162_9602_J2_0_1)
                                      1.25e-07 4.74e-08 3.66e-07 5.39e-07   0.0
      DP_OP_639J2_127_6502 (stage1_path_engine_14_DP_OP_639J2_127_6502_J2_0_1)
                                      1.66e-08 5.31e-09 7.34e-08 9.53e-08   0.0
      DP_OP_656J2_144_6502 (stage1_path_engine_14_DP_OP_656J2_144_6502_J2_0_1)
                                      1.64e-08 5.24e-09 7.17e-08 9.34e-08   0.0
      DP_OP_675J2_163_9602 (stage1_path_engine_14_DP_OP_675J2_163_9602_J2_0_1)
                                      1.23e-07 4.74e-08 3.66e-07 5.36e-07   0.0
      DP_OP_642J2_130_6502 (stage1_path_engine_14_DP_OP_642J2_130_6502_J2_0_1)
                                      1.58e-08 4.96e-09 7.17e-08 9.24e-08   0.0
      DP_OP_657J2_145_6502 (stage1_path_engine_14_DP_OP_657J2_145_6502_J2_0_1)
                                      1.65e-08 5.19e-09 7.21e-08 9.37e-08   0.0
      DP_OP_643J2_131_6502 (stage1_path_engine_14_DP_OP_643J2_131_6502_J2_0_1)
                                      1.63e-08 5.17e-09 7.19e-08 9.34e-08   0.0
      DP_OP_650J2_138_6502 (stage1_path_engine_14_DP_OP_650J2_138_6502_J2_0_1)
                                      1.58e-08 4.96e-09 7.17e-08 9.24e-08   0.0
      DP_OP_658J2_146_6502 (stage1_path_engine_14_DP_OP_658J2_146_6502_J2_0_1)
                                      1.58e-08 4.96e-09 7.17e-08 9.24e-08   0.0
      DP_OP_670J2_158_310 (stage1_path_engine_14_DP_OP_670J2_158_310_J2_0_1)
                                      4.45e-08 1.88e-08 3.25e-07 3.88e-07   0.0
      DP_OP_671J2_159_310 (stage1_path_engine_14_DP_OP_671J2_159_310_J2_0_1)
                                      6.84e-08 2.81e-08 3.25e-07 4.21e-07   0.0
      DP_OP_644J2_132_6502 (stage1_path_engine_14_DP_OP_644J2_132_6502_J2_0_1)
                                      1.60e-08 5.01e-09 7.51e-08 9.61e-08   0.0
      DP_OP_651J2_139_6502 (stage1_path_engine_14_DP_OP_651J2_139_6502_J2_0_1)
                                      1.63e-08 5.17e-09 7.19e-08 9.34e-08   0.0
      DP_OP_659J2_147_6502 (stage1_path_engine_14_DP_OP_659J2_147_6502_J2_0_1)
                                      1.63e-08 5.17e-09 7.19e-08 9.34e-08   0.0
      DP_OP_645J2_133_6502 (stage1_path_engine_14_DP_OP_645J2_133_6502_J2_0_1)
                                      1.63e-08 5.09e-09 7.47e-08 9.61e-08   0.0
      DP_OP_662J2_150_6502 (stage1_path_engine_14_DP_OP_662J2_150_6502_J2_0_1)
                                      1.72e-08 5.48e-09 7.38e-08 9.65e-08   0.0
      mult_x_10 (stage1_path_engine_14_DW_mult_tc_J2_22_1)
                                      1.76e-07 1.11e-07 3.28e-07 6.15e-07   0.0
      mult_x_11 (stage1_path_engine_14_DW_mult_tc_J2_21_1)
                                      1.73e-07 1.10e-07 3.07e-07 5.89e-07   0.0
      mult_x_12 (stage1_path_engine_14_DW_mult_tc_J2_20_1)
                                      1.77e-07 1.11e-07 3.44e-07 6.31e-07   0.0
      mult_x_13 (stage1_path_engine_14_DW_mult_tc_J2_19_1)
                                      1.72e-07 1.09e-07 3.21e-07 6.02e-07   0.0
      mult_x_14 (stage1_path_engine_14_DW_mult_tc_J2_18_1)
                                      1.70e-07 1.09e-07 3.40e-07 6.19e-07   0.0
      mult_x_15 (stage1_path_engine_14_DW_mult_tc_J2_17_1)
                                      1.76e-07 1.11e-07 3.33e-07 6.19e-07   0.0
      mult_x_16 (stage1_path_engine_14_DW_mult_tc_J2_16_1)
                                      1.73e-07 1.09e-07 3.12e-07 5.94e-07   0.0
      mult_x_17 (stage1_path_engine_14_DW_mult_tc_J2_15_1)
                                      1.78e-07 1.11e-07 3.48e-07 6.37e-07   0.0
      mult_x_18 (stage1_path_engine_14_DW_mult_tc_J2_14_1)
                                      1.72e-07 1.09e-07 3.25e-07 6.05e-07   0.0
      mult_x_19 (stage1_path_engine_14_DW_mult_tc_J2_13_1)
                                      1.70e-07 1.05e-07 3.33e-07 6.08e-07   0.0
      mult_x_20 (stage1_path_engine_14_DW_mult_tc_J2_12_1)
                                      1.76e-07 1.11e-07 3.27e-07 6.14e-07   0.0
      mult_x_21 (stage1_path_engine_14_DW_mult_tc_J2_11_1)
                                      1.73e-07 1.09e-07 3.07e-07 5.90e-07   0.0
      mult_x_22 (stage1_path_engine_14_DW_mult_tc_J2_10_1)
                                      1.76e-07 1.10e-07 3.44e-07 6.30e-07   0.0
      mult_x_23 (stage1_path_engine_14_DW_mult_tc_J2_9_1)
                                      1.72e-07 1.09e-07 3.20e-07 6.01e-07   0.0
      mult_x_24 (stage1_path_engine_14_DW_mult_tc_J2_8_1)
                                      1.71e-07 1.09e-07 3.40e-07 6.21e-07   0.0
      mult_x_25 (stage1_path_engine_14_DW_mult_tc_J2_7_1)
                                      1.75e-07 1.10e-07 3.33e-07 6.18e-07   0.0
      mult_x_26 (stage1_path_engine_14_DW_mult_tc_J2_6_1)
                                      1.73e-07 1.09e-07 3.13e-07 5.95e-07   0.0
      mult_x_27 (stage1_path_engine_14_DW_mult_tc_J2_5_1)
                                      1.77e-07 1.10e-07 3.48e-07 6.35e-07   0.0
      mult_x_28 (stage1_path_engine_14_DW_mult_tc_J2_4_1)
                                      1.73e-07 1.09e-07 3.25e-07 6.07e-07   0.0
      mult_x_29 (stage1_path_engine_14_DW_mult_tc_J2_3_1)
                                      1.71e-07 1.09e-07 3.38e-07 6.18e-07   0.0
      mult_x_30 (stage1_path_engine_14_DW_mult_tc_J2_2_1)
                                      1.74e-07 1.10e-07 3.31e-07 6.15e-07   0.0
      mult_x_31 (stage1_path_engine_14_DW_mult_tc_J2_1_1)
                                      1.73e-07 1.10e-07 3.07e-07 5.90e-07   0.0
      mult_x_32 (stage1_path_engine_14_DW_mult_tc_J2_0_1)
                                      1.76e-07 1.11e-07 3.43e-07 6.30e-07   0.0
      DP_OP_646J2_134_6502 (stage1_path_engine_14_DP_OP_646J2_134_6502_J2_0_1)
                                      1.72e-08 5.48e-09 7.38e-08 9.65e-08   0.0
      mult_x_1 (stage1_path_engine_14_DW_mult_tc_J2_31_1)
                                      1.71e-07 1.09e-07 3.07e-07 5.87e-07   0.0
      mult_x_2 (stage1_path_engine_14_DW_mult_tc_J2_30_1)
                                      1.76e-07 1.11e-07 3.43e-07 6.31e-07   0.0
      mult_x_3 (stage1_path_engine_14_DW_mult_tc_J2_29_1)
                                      1.73e-07 1.09e-07 3.24e-07 6.06e-07   0.0
      mult_x_4 (stage1_path_engine_14_DW_mult_tc_J2_28_1)
                                      1.71e-07 1.09e-07 3.40e-07 6.20e-07   0.0
      mult_x_5 (stage1_path_engine_14_DW_mult_tc_J2_27_1)
                                      1.75e-07 1.11e-07 3.32e-07 6.18e-07   0.0
      mult_x_6 (stage1_path_engine_14_DW_mult_tc_J2_26_1)
                                      1.72e-07 1.09e-07 3.12e-07 5.94e-07   0.0
      mult_x_7 (stage1_path_engine_14_DW_mult_tc_J2_25_1)
                                      1.78e-07 1.11e-07 3.48e-07 6.38e-07   0.0
      DP_OP_663J2_151_6502 (stage1_path_engine_14_DP_OP_663J2_151_6502_J2_0_1)
                                      1.66e-08 5.31e-09 7.34e-08 9.53e-08   0.0
      mult_x_8 (stage1_path_engine_14_DW_mult_tc_J2_24_1)
                                      1.72e-07 1.09e-07 3.20e-07 6.00e-07   0.0
      mult_x_9 (stage1_path_engine_14_DW_mult_tc_J2_23_1)
                                      1.70e-07 1.08e-07 3.38e-07 6.16e-07   0.0
      DP_OP_647J2_135_6502 (stage1_path_engine_14_DP_OP_647J2_135_6502_J2_0_1)
                                      1.66e-08 5.31e-09 7.34e-08 9.53e-08   0.0
      DP_OP_664J2_152_6502 (stage1_path_engine_14_DP_OP_664J2_152_6502_J2_0_1)
                                      1.64e-08 5.24e-09 7.17e-08 9.34e-08   0.0
      DP_OP_668J2_156_310 (stage1_path_engine_14_DP_OP_668J2_156_310_J2_0_1)
                                      4.22e-08 1.79e-08 3.25e-07 3.85e-07   0.0
      DP_OP_640J2_128_6502 (stage1_path_engine_14_DP_OP_640J2_128_6502_J2_0_1)
                                      1.64e-08 5.24e-09 7.17e-08 9.34e-08   0.0
      DP_OP_669J2_157_310 (stage1_path_engine_14_DP_OP_669J2_157_310_J2_0_1)
                                      6.35e-08 2.66e-08 3.25e-07 4.15e-07   0.0
      DP_OP_648J2_136_6502 (stage1_path_engine_14_DP_OP_648J2_136_6502_J2_0_1)
                                      1.64e-08 5.24e-09 7.17e-08 9.34e-08   0.0
      DP_OP_665J2_153_6502 (stage1_path_engine_14_DP_OP_665J2_153_6502_J2_0_1)
                                      1.65e-08 5.19e-09 7.21e-08 9.37e-08   0.0
      DP_OP_666J2_154_310 (stage1_path_engine_14_DP_OP_666J2_154_310_J2_0_1)
                                      4.98e-08 2.08e-08 3.25e-07 3.95e-07   0.0
      DP_OP_634J2_122_6502 (stage1_path_engine_14_DP_OP_634J2_122_6502_J2_0_1)
                                      1.58e-08 4.96e-09 7.17e-08 9.24e-08   0.0
      DP_OP_641J2_129_6502 (stage1_path_engine_14_DP_OP_641J2_129_6502_J2_0_1)
                                      1.65e-08 5.19e-09 7.21e-08 9.37e-08   0.0
      DP_OP_649J2_137_6502 (stage1_path_engine_14_DP_OP_649J2_137_6502_J2_0_1)
                                      1.65e-08 5.19e-09 7.21e-08 9.37e-08   0.0
      DP_OP_667J2_155_310 (stage1_path_engine_14_DP_OP_667J2_155_310_J2_0_1)
                                      6.32e-08 2.64e-08 3.25e-07 4.14e-07   0.0
    u_up (stage1_path_engine_14)      6.73e-04 6.22e-06 2.49e-05 7.04e-04   3.7
      DP_OP_635J2_123_6502 (stage1_path_engine_14_DP_OP_635J2_123_6502_J2_0_0)
                                      1.91e-08 6.28e-09 7.11e-08 9.65e-08   0.0
      DP_OP_673J2_161_310 (stage1_path_engine_14_DP_OP_673J2_161_310_J2_0_0)
                                      7.48e-08 3.10e-08 3.25e-07 4.31e-07   0.0
      DP_OP_652J2_140_6502 (stage1_path_engine_14_DP_OP_652J2_140_6502_J2_0_0)
                                      1.94e-08 6.28e-09 7.19e-08 9.76e-08   0.0
      add_x_33 (stage1_path_engine_14_DW01_add_J2_1_0)
                                      5.37e-08 1.38e-08 1.37e-07 2.05e-07   0.0
      DP_OP_636J2_124_6502 (stage1_path_engine_14_DP_OP_636J2_124_6502_J2_0_0)
                                      1.94e-08 6.28e-09 7.19e-08 9.76e-08   0.0
      DP_OP_653J2_141_6502 (stage1_path_engine_14_DP_OP_653J2_141_6502_J2_0_0)
                                      1.86e-08 5.97e-09 7.42e-08 9.87e-08   0.0
      DP_OP_660J2_148_6502 (stage1_path_engine_14_DP_OP_660J2_148_6502_J2_0_0)
                                      1.94e-08 6.28e-09 7.19e-08 9.76e-08   0.0
      DP_OP_672J2_160_310 (stage1_path_engine_14_DP_OP_672J2_160_310_J2_0_0)
                                      5.92e-08 2.48e-08 3.25e-07 4.09e-07   0.0
      add_x_194 (stage1_path_engine_14_DW01_add_J2_0_0)
                                      8.17e-08 1.94e-08 1.90e-07 2.91e-07   0.0
      DP_OP_637J2_125_6502 (stage1_path_engine_14_DP_OP_637J2_125_6502_J2_0_0)
                                      1.86e-08 5.97e-09 7.42e-08 9.87e-08   0.0
      DP_OP_654J2_142_6502 (stage1_path_engine_14_DP_OP_654J2_142_6502_J2_0_0)
                                      1.94e-08 6.33e-09 7.33e-08 9.90e-08   0.0
      DP_OP_661J2_149_6502 (stage1_path_engine_14_DP_OP_661J2_149_6502_J2_0_0)
                                      1.86e-08 5.97e-09 7.42e-08 9.87e-08   0.0
      DP_OP_638J2_126_6502 (stage1_path_engine_14_DP_OP_638J2_126_6502_J2_0_0)
                                      1.94e-08 6.33e-09 7.33e-08 9.90e-08   0.0
      DP_OP_655J2_143_6502 (stage1_path_engine_14_DP_OP_655J2_143_6502_J2_0_0)
                                      1.83e-08 6.02e-09 7.27e-08 9.70e-08   0.0
      DP_OP_674J2_162_9602 (stage1_path_engine_14_DP_OP_674J2_162_9602_J2_0_0)
                                      1.41e-07 5.22e-08 3.66e-07 5.59e-07   0.0
      DP_OP_639J2_127_6502 (stage1_path_engine_14_DP_OP_639J2_127_6502_J2_0_0)
                                      1.83e-08 6.02e-09 7.27e-08 9.70e-08   0.0
      DP_OP_656J2_144_6502 (stage1_path_engine_14_DP_OP_656J2_144_6502_J2_0_0)
                                      1.89e-08 6.18e-09 7.06e-08 9.57e-08   0.0
      DP_OP_675J2_163_9602 (stage1_path_engine_14_DP_OP_675J2_163_9602_J2_0_0)
                                      1.43e-07 5.30e-08 3.66e-07 5.63e-07   0.0
      DP_OP_642J2_130_6502 (stage1_path_engine_14_DP_OP_642J2_130_6502_J2_0_0)
                                      1.81e-08 5.85e-09 7.12e-08 9.51e-08   0.0
      DP_OP_657J2_145_6502 (stage1_path_engine_14_DP_OP_657J2_145_6502_J2_0_0)
                                      1.96e-08 6.40e-09 7.12e-08 9.72e-08   0.0
      DP_OP_643J2_131_6502 (stage1_path_engine_14_DP_OP_643J2_131_6502_J2_0_0)
                                      1.91e-08 6.28e-09 7.11e-08 9.65e-08   0.0
      DP_OP_650J2_138_6502 (stage1_path_engine_14_DP_OP_650J2_138_6502_J2_0_0)
                                      1.81e-08 5.85e-09 7.12e-08 9.51e-08   0.0
      DP_OP_658J2_146_6502 (stage1_path_engine_14_DP_OP_658J2_146_6502_J2_0_0)
                                      1.81e-08 5.85e-09 7.12e-08 9.51e-08   0.0
      DP_OP_670J2_158_310 (stage1_path_engine_14_DP_OP_670J2_158_310_J2_0_0)
                                      6.86e-08 2.80e-08 3.25e-07 4.21e-07   0.0
      DP_OP_671J2_159_310 (stage1_path_engine_14_DP_OP_671J2_159_310_J2_0_0)
                                      7.77e-08 3.20e-08 3.25e-07 4.35e-07   0.0
      DP_OP_644J2_132_6502 (stage1_path_engine_14_DP_OP_644J2_132_6502_J2_0_0)
                                      1.94e-08 6.28e-09 7.19e-08 9.76e-08   0.0
      DP_OP_651J2_139_6502 (stage1_path_engine_14_DP_OP_651J2_139_6502_J2_0_0)
                                      1.91e-08 6.28e-09 7.11e-08 9.65e-08   0.0
      DP_OP_659J2_147_6502 (stage1_path_engine_14_DP_OP_659J2_147_6502_J2_0_0)
                                      1.91e-08 6.28e-09 7.11e-08 9.65e-08   0.0
      DP_OP_645J2_133_6502 (stage1_path_engine_14_DP_OP_645J2_133_6502_J2_0_0)
                                      1.86e-08 5.97e-09 7.42e-08 9.87e-08   0.0
      DP_OP_662J2_150_6502 (stage1_path_engine_14_DP_OP_662J2_150_6502_J2_0_0)
                                      1.94e-08 6.33e-09 7.33e-08 9.90e-08   0.0
      mult_x_10 (stage1_path_engine_14_DW_mult_tc_J2_22_0)
                                      1.72e-07 1.10e-07 3.43e-07 6.25e-07   0.0
      mult_x_11 (stage1_path_engine_14_DW_mult_tc_J2_21_0)
                                      1.74e-07 1.10e-07 3.48e-07 6.32e-07   0.0
      mult_x_12 (stage1_path_engine_14_DW_mult_tc_J2_20_0)
                                      1.75e-07 1.10e-07 3.16e-07 6.01e-07   0.0
      mult_x_13 (stage1_path_engine_14_DW_mult_tc_J2_19_0)
                                      1.77e-07 1.10e-07 3.28e-07 6.14e-07   0.0
      mult_x_14 (stage1_path_engine_14_DW_mult_tc_J2_18_0)
                                      1.71e-07 1.09e-07 3.04e-07 5.84e-07   0.0
      mult_x_15 (stage1_path_engine_14_DW_mult_tc_J2_17_0)
                                      1.72e-07 1.10e-07 3.40e-07 6.22e-07   0.0
      mult_x_16 (stage1_path_engine_14_DW_mult_tc_J2_16_0)
                                      1.73e-07 1.10e-07 3.45e-07 6.28e-07   0.0
      mult_x_17 (stage1_path_engine_14_DW_mult_tc_J2_15_0)
                                      1.75e-07 1.10e-07 3.13e-07 5.98e-07   0.0
      mult_x_18 (stage1_path_engine_14_DW_mult_tc_J2_14_0)
                                      1.75e-07 1.10e-07 3.25e-07 6.10e-07   0.0
      mult_x_19 (stage1_path_engine_14_DW_mult_tc_J2_13_0)
                                      1.71e-07 1.07e-07 3.07e-07 5.85e-07   0.0
      mult_x_20 (stage1_path_engine_14_DW_mult_tc_J2_12_0)
                                      1.73e-07 1.10e-07 3.43e-07 6.26e-07   0.0
      mult_x_21 (stage1_path_engine_14_DW_mult_tc_J2_11_0)
                                      1.73e-07 1.10e-07 3.48e-07 6.31e-07   0.0
      mult_x_22 (stage1_path_engine_14_DW_mult_tc_J2_10_0)
                                      1.75e-07 1.10e-07 3.16e-07 6.01e-07   0.0
      mult_x_23 (stage1_path_engine_14_DW_mult_tc_J2_9_0)
                                      1.76e-07 1.10e-07 3.29e-07 6.15e-07   0.0
      mult_x_24 (stage1_path_engine_14_DW_mult_tc_J2_8_0)
                                      1.73e-07 1.09e-07 3.04e-07 5.86e-07   0.0
      mult_x_25 (stage1_path_engine_14_DW_mult_tc_J2_7_0)
                                      1.71e-07 1.10e-07 3.40e-07 6.21e-07   0.0
      mult_x_26 (stage1_path_engine_14_DW_mult_tc_J2_6_0)
                                      1.71e-07 1.09e-07 3.44e-07 6.25e-07   0.0
      mult_x_27 (stage1_path_engine_14_DW_mult_tc_J2_5_0)
                                      1.75e-07 1.11e-07 3.13e-07 5.99e-07   0.0
      mult_x_28 (stage1_path_engine_14_DW_mult_tc_J2_4_0)
                                      1.76e-07 1.10e-07 3.25e-07 6.11e-07   0.0
      mult_x_29 (stage1_path_engine_14_DW_mult_tc_J2_3_0)
                                      1.73e-07 1.09e-07 3.09e-07 5.91e-07   0.0
      mult_x_30 (stage1_path_engine_14_DW_mult_tc_J2_2_0)
                                      1.72e-07 1.09e-07 3.41e-07 6.23e-07   0.0
      mult_x_31 (stage1_path_engine_14_DW_mult_tc_J2_1_0)
                                      1.72e-07 1.09e-07 3.48e-07 6.29e-07   0.0
      mult_x_32 (stage1_path_engine_14_DW_mult_tc_J2_0_0)
                                      1.75e-07 1.11e-07 3.16e-07 6.02e-07   0.0
      DP_OP_646J2_134_6502 (stage1_path_engine_14_DP_OP_646J2_134_6502_J2_0_0)
                                      1.94e-08 6.33e-09 7.33e-08 9.90e-08   0.0
      mult_x_1 (stage1_path_engine_14_DW_mult_tc_J2_31_0)
                                      1.74e-07 1.10e-07 3.48e-07 6.32e-07   0.0
      mult_x_2 (stage1_path_engine_14_DW_mult_tc_J2_30_0)
                                      1.75e-07 1.10e-07 3.16e-07 6.01e-07   0.0
      mult_x_3 (stage1_path_engine_14_DW_mult_tc_J2_29_0)
                                      1.78e-07 1.11e-07 3.25e-07 6.14e-07   0.0
      mult_x_4 (stage1_path_engine_14_DW_mult_tc_J2_28_0)
                                      1.71e-07 1.08e-07 3.04e-07 5.83e-07   0.0
      mult_x_5 (stage1_path_engine_14_DW_mult_tc_J2_27_0)
                                      1.72e-07 1.09e-07 3.40e-07 6.21e-07   0.0
      mult_x_6 (stage1_path_engine_14_DW_mult_tc_J2_26_0)
                                      1.73e-07 1.10e-07 3.45e-07 6.28e-07   0.0
      mult_x_7 (stage1_path_engine_14_DW_mult_tc_J2_25_0)
                                      1.75e-07 1.11e-07 3.13e-07 5.98e-07   0.0
      DP_OP_663J2_151_6502 (stage1_path_engine_14_DP_OP_663J2_151_6502_J2_0_0)
                                      1.83e-08 6.02e-09 7.27e-08 9.70e-08   0.0
      mult_x_8 (stage1_path_engine_14_DW_mult_tc_J2_24_0)
                                      1.77e-07 1.11e-07 3.29e-07 6.17e-07   0.0
      mult_x_9 (stage1_path_engine_14_DW_mult_tc_J2_23_0)
                                      1.71e-07 1.08e-07 3.10e-07 5.89e-07   0.0
      DP_OP_647J2_135_6502 (stage1_path_engine_14_DP_OP_647J2_135_6502_J2_0_0)
                                      1.83e-08 6.02e-09 7.27e-08 9.70e-08   0.0
      DP_OP_664J2_152_6502 (stage1_path_engine_14_DP_OP_664J2_152_6502_J2_0_0)
                                      1.89e-08 6.18e-09 7.06e-08 9.57e-08   0.0
      DP_OP_668J2_156_310 (stage1_path_engine_14_DP_OP_668J2_156_310_J2_0_0)
                                      6.18e-08 2.55e-08 3.25e-07 4.12e-07   0.0
      DP_OP_640J2_128_6502 (stage1_path_engine_14_DP_OP_640J2_128_6502_J2_0_0)
                                      1.89e-08 6.18e-09 7.06e-08 9.57e-08   0.0
      DP_OP_669J2_157_310 (stage1_path_engine_14_DP_OP_669J2_157_310_J2_0_0)
                                      7.27e-08 3.00e-08 3.25e-07 4.27e-07   0.0
      DP_OP_648J2_136_6502 (stage1_path_engine_14_DP_OP_648J2_136_6502_J2_0_0)
                                      1.89e-08 6.18e-09 7.06e-08 9.57e-08   0.0
      DP_OP_665J2_153_6502 (stage1_path_engine_14_DP_OP_665J2_153_6502_J2_0_0)
                                      1.96e-08 6.40e-09 7.12e-08 9.72e-08   0.0
      DP_OP_666J2_154_310 (stage1_path_engine_14_DP_OP_666J2_154_310_J2_0_0)
                                      6.16e-08 2.55e-08 3.25e-07 4.12e-07   0.0
      DP_OP_634J2_122_6502 (stage1_path_engine_14_DP_OP_634J2_122_6502_J2_0_0)
                                      1.81e-08 5.85e-09 7.12e-08 9.51e-08   0.0
      DP_OP_641J2_129_6502 (stage1_path_engine_14_DP_OP_641J2_129_6502_J2_0_0)
                                      1.96e-08 6.40e-09 7.12e-08 9.72e-08   0.0
      DP_OP_649J2_137_6502 (stage1_path_engine_14_DP_OP_649J2_137_6502_J2_0_0)
                                      1.96e-08 6.40e-09 7.12e-08 9.72e-08   0.0
      DP_OP_667J2_155_310 (stage1_path_engine_14_DP_OP_667J2_155_310_J2_0_0)
                                      7.34e-08 3.03e-08 3.25e-07 4.29e-07   0.0
  g_weight_2__u_weight (sram_bank_128x256_13)
                                      2.52e-04 4.94e-07 9.45e-05 3.47e-04   1.8
    g_bank_6__u_macro (hs128x32_wrapper_105)
                                      3.21e-05 6.18e-08 1.18e-05 4.39e-05   0.2
    g_bank_5__u_macro (hs128x32_wrapper_106)
                                      3.21e-05 6.17e-08 1.18e-05 4.40e-05   0.2
    g_bank_4__u_macro (hs128x32_wrapper_107)
                                      3.20e-05 6.17e-08 1.18e-05 4.39e-05   0.2
    g_bank_0__u_macro (hs128x32_wrapper_111)
                                      2.80e-05 6.17e-08 1.18e-05 3.99e-05   0.2
    g_bank_3__u_macro (hs128x32_wrapper_108)
                                      3.21e-05 6.17e-08 1.18e-05 4.40e-05   0.2
    g_bank_2__u_macro (hs128x32_wrapper_109)
                                      3.20e-05 6.17e-08 1.18e-05 4.39e-05   0.2
    g_bank_1__u_macro (hs128x32_wrapper_110)
                                      3.21e-05 6.18e-08 1.18e-05 4.39e-05   0.2
    g_bank_7__u_macro (hs128x32_wrapper_104)
                                      3.20e-05 6.17e-08 1.18e-05 4.39e-05   0.2
  DP_OP_279J1_137_5275 (stage1_tile_DP_OP_279J1_137_5275_J1_0)
                                      6.23e-08 2.75e-08 1.43e-07 2.33e-07   0.0
  u_beta_w (sram_bank_128x128_1)      1.17e-04 1.18e-07 4.73e-05 1.64e-04   0.9
    g_bank_1__u_macro (hs128x32_wrapper_134)
                                      2.92e-05 3.02e-08 1.18e-05 4.11e-05   0.2
    g_bank_2__u_macro (hs128x32_wrapper_133)
                                      2.92e-05 2.76e-08 1.18e-05 4.10e-05   0.2
    g_bank_3__u_macro (hs128x32_wrapper_132)
                                      2.94e-05 3.28e-08 1.18e-05 4.13e-05   0.2
    g_bank_0__u_macro (hs128x32_wrapper_135)
                                      2.90e-05 2.76e-08 1.18e-05 4.08e-05   0.2
  DP_OP_272J1_130_5275 (stage1_tile_DP_OP_272J1_130_5275_J1_0)
                                      7.43e-08 3.03e-08 1.42e-07 2.47e-07   0.0
  g_weight_10__u_weight (sram_bank_128x256_5)
                                      2.52e-04 4.93e-07 9.45e-05 3.47e-04   1.8
    g_bank_6__u_macro (hs128x32_wrapper_41)
                                      3.21e-05 6.15e-08 1.18e-05 4.39e-05   0.2
    g_bank_5__u_macro (hs128x32_wrapper_42)
                                      3.21e-05 6.16e-08 1.18e-05 4.40e-05   0.2
    g_bank_4__u_macro (hs128x32_wrapper_43)
                                      3.20e-05 6.15e-08 1.18e-05 4.39e-05   0.2
    g_bank_0__u_macro (hs128x32_wrapper_47)
                                      2.80e-05 6.16e-08 1.18e-05 3.99e-05   0.2
    g_bank_3__u_macro (hs128x32_wrapper_44)
                                      3.21e-05 6.15e-08 1.18e-05 4.40e-05   0.2
    g_bank_2__u_macro (hs128x32_wrapper_45)
                                      3.20e-05 6.16e-08 1.18e-05 4.39e-05   0.2
    g_bank_1__u_macro (hs128x32_wrapper_46)
                                      3.21e-05 6.15e-08 1.18e-05 4.39e-05   0.2
    g_bank_7__u_macro (hs128x32_wrapper_40)
                                      3.20e-05 6.16e-08 1.18e-05 4.39e-05   0.2
  g_weight_5__u_weight (sram_bank_128x256_10)
                                      2.52e-04 4.94e-07 9.45e-05 3.47e-04   1.8
    g_bank_6__u_macro (hs128x32_wrapper_81)
                                      3.21e-05 6.17e-08 1.18e-05 4.39e-05   0.2
    g_bank_5__u_macro (hs128x32_wrapper_82)
                                      3.21e-05 6.17e-08 1.18e-05 4.40e-05   0.2
    g_bank_4__u_macro (hs128x32_wrapper_83)
                                      3.20e-05 6.17e-08 1.18e-05 4.39e-05   0.2
    g_bank_0__u_macro (hs128x32_wrapper_87)
                                      2.80e-05 6.17e-08 1.18e-05 3.99e-05   0.2
    g_bank_3__u_macro (hs128x32_wrapper_84)
                                      3.21e-05 6.18e-08 1.18e-05 4.40e-05   0.2
    g_bank_2__u_macro (hs128x32_wrapper_85)
                                      3.20e-05 6.17e-08 1.18e-05 4.39e-05   0.2
    g_bank_1__u_macro (hs128x32_wrapper_86)
                                      3.21e-05 6.17e-08 1.18e-05 4.39e-05   0.2
    g_bank_7__u_macro (hs128x32_wrapper_80)
                                      3.20e-05 6.17e-08 1.18e-05 4.39e-05   0.2
  DP_OP_265J1_123_5275 (stage1_tile_DP_OP_265J1_123_5275_J1_0)
                                      9.02e-08 3.79e-08 1.47e-07 2.75e-07   0.0
  u_config (stage1_config_frontend)   3.23e-04 3.88e-05 3.35e-06 3.65e-04   1.9
  g_pair_7__u_pair (stage1_lane_pair_0)
                                      1.34e-03 1.30e-05 4.98e-05 1.41e-03   7.3
    u_gate (stage1_path_engine_1)     6.72e-04 6.38e-06 2.49e-05 7.04e-04   3.7
      DP_OP_657J3_147_2117 (stage1_path_engine_0_DP_OP_657J3_147_2117_J3_0_1)
                                      1.77e-08 6.26e-09 7.03e-08 9.43e-08   0.0
      DP_OP_670J3_160_8083 (stage1_path_engine_0_DP_OP_670J3_160_8083_J3_0_1)
                                      8.58e-08 3.43e-08 3.25e-07 4.45e-07   0.0
      DP_OP_673J3_163_589 (stage1_path_engine_0_DP_OP_673J3_163_589_J3_0_1)
                                      1.54e-07 5.65e-08 3.66e-07 5.77e-07   0.0
      DP_OP_643J3_133_2117 (stage1_path_engine_0_DP_OP_643J3_133_2117_J3_0_1)
                                      1.78e-08 6.20e-09 7.01e-08 9.41e-08   0.0
      add_x_33 (stage1_path_engine_0_DW01_add_J3_1_1)
                                      5.61e-08 1.43e-08 1.37e-07 2.08e-07   0.0
      DP_OP_660J3_150_2117 (stage1_path_engine_0_DP_OP_660J3_150_2117_J3_0_1)
                                      1.76e-08 6.16e-09 7.25e-08 9.62e-08   0.0
      DP_OP_658J3_148_2117 (stage1_path_engine_0_DP_OP_658J3_148_2117_J3_0_1)
                                      1.81e-08 6.32e-09 6.99e-08 9.43e-08   0.0
      DP_OP_671J3_161_8083 (stage1_path_engine_0_DP_OP_671J3_161_8083_J3_0_1)
                                      9.01e-08 3.62e-08 3.25e-07 4.51e-07   0.0
      DP_OP_644J3_134_2117 (stage1_path_engine_0_DP_OP_644J3_134_2117_J3_0_1)
                                      1.76e-08 6.16e-09 7.25e-08 9.62e-08   0.0
      DP_OP_667J3_157_8083 (stage1_path_engine_0_DP_OP_667J3_157_8083_J3_0_1)
                                      8.76e-08 3.49e-08 3.25e-07 4.47e-07   0.0
      DP_OP_661J3_151_2117 (stage1_path_engine_0_DP_OP_661J3_151_2117_J3_0_1)
                                      1.60e-08 5.63e-09 7.18e-08 9.34e-08   0.0
      DP_OP_659J3_149_2117 (stage1_path_engine_0_DP_OP_659J3_149_2117_J3_0_1)
                                      1.78e-08 6.20e-09 7.01e-08 9.41e-08   0.0
      add_x_194 (stage1_path_engine_0_DW01_add_J3_0_1)
                                      8.04e-08 1.84e-08 1.90e-07 2.89e-07   0.0
      DP_OP_645J3_135_2117 (stage1_path_engine_0_DP_OP_645J3_135_2117_J3_0_1)
                                      1.60e-08 5.63e-09 7.18e-08 9.34e-08   0.0
      DP_OP_668J3_158_8083 (stage1_path_engine_0_DP_OP_668J3_158_8083_J3_0_1)
                                      7.71e-08 3.12e-08 3.25e-07 4.33e-07   0.0
      DP_OP_662J3_152_2117 (stage1_path_engine_0_DP_OP_662J3_152_2117_J3_0_1)
                                      1.65e-08 5.83e-09 6.88e-08 9.11e-08   0.0
      DP_OP_646J3_136_2117 (stage1_path_engine_0_DP_OP_646J3_136_2117_J3_0_1)
                                      1.65e-08 5.83e-09 6.88e-08 9.11e-08   0.0
      DP_OP_669J3_159_8083 (stage1_path_engine_0_DP_OP_669J3_159_8083_J3_0_1)
                                      8.88e-08 3.53e-08 3.25e-07 4.49e-07   0.0
      DP_OP_663J3_153_2117 (stage1_path_engine_0_DP_OP_663J3_153_2117_J3_0_1)
                                      1.79e-08 6.30e-09 6.90e-08 9.32e-08   0.0
      DP_OP_632J3_122_2117 (stage1_path_engine_0_DP_OP_632J3_122_2117_J3_0_1)
                                      1.71e-08 5.99e-09 7.00e-08 9.32e-08   0.0
      DP_OP_647J3_137_2117 (stage1_path_engine_0_DP_OP_647J3_137_2117_J3_0_1)
                                      1.79e-08 6.30e-09 6.90e-08 9.32e-08   0.0
      DP_OP_633J3_123_2117 (stage1_path_engine_0_DP_OP_633J3_123_2117_J3_0_1)
                                      1.77e-08 6.26e-09 7.03e-08 9.43e-08   0.0
      DP_OP_650J3_140_2117 (stage1_path_engine_0_DP_OP_650J3_140_2117_J3_0_1)
                                      1.81e-08 6.32e-09 6.99e-08 9.43e-08   0.0
      DP_OP_648J3_138_2117 (stage1_path_engine_0_DP_OP_648J3_138_2117_J3_0_1)
                                      1.71e-08 5.99e-09 7.00e-08 9.32e-08   0.0
      DP_OP_634J3_124_2117 (stage1_path_engine_0_DP_OP_634J3_124_2117_J3_0_1)
                                      1.81e-08 6.32e-09 6.99e-08 9.43e-08   0.0
      DP_OP_651J3_141_2117 (stage1_path_engine_0_DP_OP_651J3_141_2117_J3_0_1)
                                      1.78e-08 6.20e-09 7.01e-08 9.41e-08   0.0
      DP_OP_649J3_139_2117 (stage1_path_engine_0_DP_OP_649J3_139_2117_J3_0_1)
                                      1.77e-08 6.26e-09 7.03e-08 9.43e-08   0.0
      DP_OP_635J3_125_2117 (stage1_path_engine_0_DP_OP_635J3_125_2117_J3_0_1)
                                      1.78e-08 6.20e-09 7.01e-08 9.41e-08   0.0
      DP_OP_652J3_142_2117 (stage1_path_engine_0_DP_OP_652J3_142_2117_J3_0_1)
                                      1.76e-08 6.16e-09 7.25e-08 9.62e-08   0.0
      DP_OP_636J3_126_2117 (stage1_path_engine_0_DP_OP_636J3_126_2117_J3_0_1)
                                      1.76e-08 6.16e-09 7.25e-08 9.62e-08   0.0
      mult_x_10 (stage1_path_engine_0_DW_mult_tc_J3_22_1)
                                      1.74e-07 1.10e-07 3.27e-07 6.11e-07   0.0
      mult_x_11 (stage1_path_engine_0_DW_mult_tc_J3_21_1)
                                      1.75e-07 1.09e-07 3.43e-07 6.28e-07   0.0
      mult_x_12 (stage1_path_engine_0_DW_mult_tc_J3_20_1)
                                      1.72e-07 1.08e-07 3.13e-07 5.93e-07   0.0
      mult_x_13 (stage1_path_engine_0_DW_mult_tc_J3_19_1)
                                      1.72e-07 1.09e-07 3.24e-07 6.05e-07   0.0
      mult_x_14 (stage1_path_engine_0_DW_mult_tc_J3_18_1)
                                      1.75e-07 1.10e-07 3.52e-07 6.37e-07   0.0
      mult_x_15 (stage1_path_engine_0_DW_mult_tc_J3_17_1)
                                      1.74e-07 1.10e-07 3.24e-07 6.07e-07   0.0
      mult_x_16 (stage1_path_engine_0_DW_mult_tc_J3_16_1)
                                      1.75e-07 1.09e-07 3.41e-07 6.26e-07   0.0
      mult_x_17 (stage1_path_engine_0_DW_mult_tc_J3_15_1)
                                      1.72e-07 1.08e-07 3.08e-07 5.88e-07   0.0
      mult_x_18 (stage1_path_engine_0_DW_mult_tc_J3_14_1)
                                      1.71e-07 1.08e-07 3.21e-07 6.00e-07   0.0
      mult_x_19 (stage1_path_engine_0_DW_mult_tc_J3_13_1)
                                      1.74e-07 1.10e-07 3.47e-07 6.31e-07   0.0
      DP_OP_653J3_143_2117 (stage1_path_engine_0_DP_OP_653J3_143_2117_J3_0_1)
                                      1.60e-08 5.63e-09 7.18e-08 9.34e-08   0.0
      mult_x_20 (stage1_path_engine_0_DW_mult_tc_J3_12_1)
                                      1.75e-07 1.10e-07 3.27e-07 6.12e-07   0.0
      mult_x_21 (stage1_path_engine_0_DW_mult_tc_J3_11_1)
                                      1.75e-07 1.09e-07 3.43e-07 6.27e-07   0.0
      mult_x_22 (stage1_path_engine_0_DW_mult_tc_J3_10_1)
                                      1.72e-07 1.08e-07 3.13e-07 5.93e-07   0.0
      mult_x_23 (stage1_path_engine_0_DW_mult_tc_J3_9_1)
                                      1.72e-07 1.08e-07 3.25e-07 6.05e-07   0.0
      mult_x_24 (stage1_path_engine_0_DW_mult_tc_J3_8_1)
                                      1.76e-07 1.10e-07 3.52e-07 6.38e-07   0.0
      mult_x_25 (stage1_path_engine_0_DW_mult_tc_J3_7_1)
                                      1.74e-07 1.10e-07 3.24e-07 6.07e-07   0.0
      mult_x_26 (stage1_path_engine_0_DW_mult_tc_J3_6_1)
                                      1.74e-07 1.09e-07 3.41e-07 6.24e-07   0.0
      mult_x_27 (stage1_path_engine_0_DW_mult_tc_J3_5_1)
                                      1.73e-07 1.08e-07 3.08e-07 5.90e-07   0.0
      mult_x_28 (stage1_path_engine_0_DW_mult_tc_J3_4_1)
                                      1.72e-07 1.09e-07 3.21e-07 6.01e-07   0.0
      mult_x_29 (stage1_path_engine_0_DW_mult_tc_J3_3_1)
                                      1.74e-07 1.10e-07 3.48e-07 6.31e-07   0.0
      mult_x_30 (stage1_path_engine_0_DW_mult_tc_J3_2_1)
                                      1.74e-07 1.09e-07 3.26e-07 6.09e-07   0.0
      mult_x_31 (stage1_path_engine_0_DW_mult_tc_J3_1_1)
                                      1.75e-07 1.09e-07 3.43e-07 6.27e-07   0.0
      mult_x_32 (stage1_path_engine_0_DW_mult_tc_J3_0_1)
                                      1.73e-07 1.09e-07 3.13e-07 5.95e-07   0.0
      DP_OP_664J3_154_8083 (stage1_path_engine_0_DP_OP_664J3_154_8083_J3_0_1)
                                      7.72e-08 3.10e-08 3.25e-07 4.33e-07   0.0
      mult_x_1 (stage1_path_engine_0_DW_mult_tc_J3_31_1)
                                      1.75e-07 1.09e-07 3.44e-07 6.28e-07   0.0
      mult_x_2 (stage1_path_engine_0_DW_mult_tc_J3_30_1)
                                      1.73e-07 1.08e-07 3.13e-07 5.94e-07   0.0
      mult_x_3 (stage1_path_engine_0_DW_mult_tc_J3_29_1)
                                      1.74e-07 1.09e-07 3.21e-07 6.04e-07   0.0
      mult_x_4 (stage1_path_engine_0_DW_mult_tc_J3_28_1)
                                      1.74e-07 1.10e-07 3.52e-07 6.35e-07   0.0
      mult_x_5 (stage1_path_engine_0_DW_mult_tc_J3_27_1)
                                      1.73e-07 1.09e-07 3.25e-07 6.07e-07   0.0
      mult_x_6 (stage1_path_engine_0_DW_mult_tc_J3_26_1)
                                      1.75e-07 1.09e-07 3.41e-07 6.26e-07   0.0
      mult_x_7 (stage1_path_engine_0_DW_mult_tc_J3_25_1)
                                      1.72e-07 1.08e-07 3.08e-07 5.89e-07   0.0
      mult_x_8 (stage1_path_engine_0_DW_mult_tc_J3_24_1)
                                      1.73e-07 1.09e-07 3.25e-07 6.07e-07   0.0
      mult_x_9 (stage1_path_engine_0_DW_mult_tc_J3_23_1)
                                      1.73e-07 1.09e-07 3.47e-07 6.30e-07   0.0
      DP_OP_637J3_127_2117 (stage1_path_engine_0_DP_OP_637J3_127_2117_J3_0_1)
                                      1.60e-08 5.63e-09 7.18e-08 9.34e-08   0.0
      DP_OP_654J3_144_2117 (stage1_path_engine_0_DP_OP_654J3_144_2117_J3_0_1)
                                      1.65e-08 5.83e-09 6.88e-08 9.11e-08   0.0
      DP_OP_665J3_155_8083 (stage1_path_engine_0_DP_OP_665J3_155_8083_J3_0_1)
                                      9.99e-08 3.91e-08 3.25e-07 4.64e-07   0.0
      DP_OP_640J3_130_2117 (stage1_path_engine_0_DP_OP_640J3_130_2117_J3_0_1)
                                      1.71e-08 5.99e-09 7.00e-08 9.32e-08   0.0
      DP_OP_638J3_128_2117 (stage1_path_engine_0_DP_OP_638J3_128_2117_J3_0_1)
                                      1.65e-08 5.83e-09 6.88e-08 9.11e-08   0.0
      DP_OP_655J3_145_2117 (stage1_path_engine_0_DP_OP_655J3_145_2117_J3_0_1)
                                      1.79e-08 6.30e-09 6.90e-08 9.32e-08   0.0
      DP_OP_666J3_156_8083 (stage1_path_engine_0_DP_OP_666J3_156_8083_J3_0_1)
                                      7.79e-08 3.16e-08 3.25e-07 4.35e-07   0.0
      DP_OP_641J3_131_2117 (stage1_path_engine_0_DP_OP_641J3_131_2117_J3_0_1)
                                      1.77e-08 6.26e-09 7.03e-08 9.43e-08   0.0
      DP_OP_639J3_129_2117 (stage1_path_engine_0_DP_OP_639J3_129_2117_J3_0_1)
                                      1.79e-08 6.30e-09 6.90e-08 9.32e-08   0.0
      DP_OP_656J3_146_2117 (stage1_path_engine_0_DP_OP_656J3_146_2117_J3_0_1)
                                      1.71e-08 5.99e-09 7.00e-08 9.32e-08   0.0
      DP_OP_672J3_162_589 (stage1_path_engine_0_DP_OP_672J3_162_589_J3_0_1)
                                      1.50e-07 5.54e-08 3.66e-07 5.71e-07   0.0
      DP_OP_642J3_132_2117 (stage1_path_engine_0_DP_OP_642J3_132_2117_J3_0_1)
                                      1.81e-08 6.32e-09 6.99e-08 9.43e-08   0.0
    u_up (stage1_path_engine_0)       6.73e-04 6.61e-06 2.49e-05 7.04e-04   3.7
      DP_OP_657J3_147_2117 (stage1_path_engine_0_DP_OP_657J3_147_2117_J3_0_0)
                                      1.71e-08 5.98e-09 6.86e-08 9.16e-08   0.0
      DP_OP_670J3_160_8083 (stage1_path_engine_0_DP_OP_670J3_160_8083_J3_0_0)
                                      9.69e-08 3.82e-08 3.25e-07 4.60e-07   0.0
      DP_OP_673J3_163_589 (stage1_path_engine_0_DP_OP_673J3_163_589_J3_0_0)
                                      1.49e-07 5.41e-08 3.66e-07 5.69e-07   0.0
      DP_OP_643J3_133_2117 (stage1_path_engine_0_DP_OP_643J3_133_2117_J3_0_0)
                                      1.77e-08 6.12e-09 6.80e-08 9.19e-08   0.0
      add_x_33 (stage1_path_engine_0_DW01_add_J3_1_0)
                                      5.34e-08 1.36e-08 1.37e-07 2.04e-07   0.0
      DP_OP_660J3_150_2117 (stage1_path_engine_0_DP_OP_660J3_150_2117_J3_0_0)
                                      1.72e-08 5.99e-09 6.84e-08 9.15e-08   0.0
      DP_OP_658J3_148_2117 (stage1_path_engine_0_DP_OP_658J3_148_2117_J3_0_0)
                                      1.78e-08 6.18e-09 6.78e-08 9.17e-08   0.0
      DP_OP_671J3_161_8083 (stage1_path_engine_0_DP_OP_671J3_161_8083_J3_0_0)
                                      9.74e-08 3.87e-08 3.25e-07 4.61e-07   0.0
      DP_OP_644J3_134_2117 (stage1_path_engine_0_DP_OP_644J3_134_2117_J3_0_0)
                                      1.72e-08 5.99e-09 6.84e-08 9.15e-08   0.0
      DP_OP_667J3_157_8083 (stage1_path_engine_0_DP_OP_667J3_157_8083_J3_0_0)
                                      9.82e-08 3.90e-08 3.25e-07 4.62e-07   0.0
      DP_OP_661J3_151_2117 (stage1_path_engine_0_DP_OP_661J3_151_2117_J3_0_0)
                                      1.46e-08 5.06e-09 7.03e-08 9.00e-08   0.0
      DP_OP_659J3_149_2117 (stage1_path_engine_0_DP_OP_659J3_149_2117_J3_0_0)
                                      1.77e-08 6.12e-09 6.80e-08 9.19e-08   0.0
      add_x_194 (stage1_path_engine_0_DW01_add_J3_0_0)
                                      7.74e-08 1.78e-08 1.90e-07 2.85e-07   0.0
      DP_OP_645J3_135_2117 (stage1_path_engine_0_DP_OP_645J3_135_2117_J3_0_0)
                                      1.46e-08 5.06e-09 7.03e-08 9.00e-08   0.0
      DP_OP_668J3_158_8083 (stage1_path_engine_0_DP_OP_668J3_158_8083_J3_0_0)
                                      9.22e-08 3.69e-08 3.25e-07 4.54e-07   0.0
      DP_OP_662J3_152_2117 (stage1_path_engine_0_DP_OP_662J3_152_2117_J3_0_0)
                                      1.53e-08 5.34e-09 6.67e-08 8.74e-08   0.0
      DP_OP_646J3_136_2117 (stage1_path_engine_0_DP_OP_646J3_136_2117_J3_0_0)
                                      1.53e-08 5.34e-09 6.67e-08 8.74e-08   0.0
      DP_OP_669J3_159_8083 (stage1_path_engine_0_DP_OP_669J3_159_8083_J3_0_0)
                                      1.12e-07 4.34e-08 3.25e-07 4.80e-07   0.0
      DP_OP_663J3_153_2117 (stage1_path_engine_0_DP_OP_663J3_153_2117_J3_0_0)
                                      1.69e-08 5.85e-09 6.70e-08 8.97e-08   0.0
      DP_OP_632J3_122_2117 (stage1_path_engine_0_DP_OP_632J3_122_2117_J3_0_0)
                                      1.58e-08 5.47e-09 6.79e-08 8.92e-08   0.0
      DP_OP_647J3_137_2117 (stage1_path_engine_0_DP_OP_647J3_137_2117_J3_0_0)
                                      1.69e-08 5.85e-09 6.70e-08 8.97e-08   0.0
      DP_OP_633J3_123_2117 (stage1_path_engine_0_DP_OP_633J3_123_2117_J3_0_0)
                                      1.71e-08 5.98e-09 6.86e-08 9.16e-08   0.0
      DP_OP_650J3_140_2117 (stage1_path_engine_0_DP_OP_650J3_140_2117_J3_0_0)
                                      1.78e-08 6.18e-09 6.78e-08 9.17e-08   0.0
      DP_OP_648J3_138_2117 (stage1_path_engine_0_DP_OP_648J3_138_2117_J3_0_0)
                                      1.58e-08 5.47e-09 6.79e-08 8.92e-08   0.0
      DP_OP_634J3_124_2117 (stage1_path_engine_0_DP_OP_634J3_124_2117_J3_0_0)
                                      1.78e-08 6.18e-09 6.78e-08 9.17e-08   0.0
      DP_OP_651J3_141_2117 (stage1_path_engine_0_DP_OP_651J3_141_2117_J3_0_0)
                                      1.77e-08 6.12e-09 6.80e-08 9.19e-08   0.0
      DP_OP_649J3_139_2117 (stage1_path_engine_0_DP_OP_649J3_139_2117_J3_0_0)
                                      1.71e-08 5.98e-09 6.86e-08 9.16e-08   0.0
      DP_OP_635J3_125_2117 (stage1_path_engine_0_DP_OP_635J3_125_2117_J3_0_0)
                                      1.77e-08 6.12e-09 6.80e-08 9.19e-08   0.0
      DP_OP_652J3_142_2117 (stage1_path_engine_0_DP_OP_652J3_142_2117_J3_0_0)
                                      1.72e-08 5.99e-09 6.84e-08 9.15e-08   0.0
      DP_OP_636J3_126_2117 (stage1_path_engine_0_DP_OP_636J3_126_2117_J3_0_0)
                                      1.72e-08 5.99e-09 6.84e-08 9.15e-08   0.0
      mult_x_10 (stage1_path_engine_0_DW_mult_tc_J3_22_0)
                                      1.77e-07 1.13e-07 3.30e-07 6.20e-07   0.0
      mult_x_11 (stage1_path_engine_0_DW_mult_tc_J3_21_0)
                                      1.73e-07 1.11e-07 3.09e-07 5.94e-07   0.0
      mult_x_12 (stage1_path_engine_0_DW_mult_tc_J3_20_0)
                                      1.77e-07 1.12e-07 3.47e-07 6.36e-07   0.0
      mult_x_13 (stage1_path_engine_0_DW_mult_tc_J3_19_0)
                                      1.72e-07 1.10e-07 3.24e-07 6.07e-07   0.0
      mult_x_14 (stage1_path_engine_0_DW_mult_tc_J3_18_0)
                                      1.71e-07 1.10e-07 3.43e-07 6.23e-07   0.0
      mult_x_15 (stage1_path_engine_0_DW_mult_tc_J3_17_0)
                                      1.76e-07 1.13e-07 3.35e-07 6.24e-07   0.0
      mult_x_16 (stage1_path_engine_0_DW_mult_tc_J3_16_0)
                                      1.73e-07 1.09e-07 3.12e-07 5.94e-07   0.0
      mult_x_17 (stage1_path_engine_0_DW_mult_tc_J3_15_0)
                                      1.78e-07 1.12e-07 3.51e-07 6.41e-07   0.0
      mult_x_18 (stage1_path_engine_0_DW_mult_tc_J3_14_0)
                                      1.72e-07 1.10e-07 3.27e-07 6.09e-07   0.0
      mult_x_19 (stage1_path_engine_0_DW_mult_tc_J3_13_0)
                                      1.70e-07 1.08e-07 3.38e-07 6.16e-07   0.0
      DP_OP_653J3_143_2117 (stage1_path_engine_0_DP_OP_653J3_143_2117_J3_0_0)
                                      1.46e-08 5.06e-09 7.03e-08 9.00e-08   0.0
      mult_x_20 (stage1_path_engine_0_DW_mult_tc_J3_12_0)
                                      1.76e-07 1.13e-07 3.30e-07 6.19e-07   0.0
      mult_x_21 (stage1_path_engine_0_DW_mult_tc_J3_11_0)
                                      1.74e-07 1.11e-07 3.10e-07 5.95e-07   0.0
      mult_x_22 (stage1_path_engine_0_DW_mult_tc_J3_10_0)
                                      1.76e-07 1.12e-07 3.46e-07 6.35e-07   0.0
      mult_x_23 (stage1_path_engine_0_DW_mult_tc_J3_9_0)
                                      1.72e-07 1.10e-07 3.23e-07 6.05e-07   0.0
      mult_x_24 (stage1_path_engine_0_DW_mult_tc_J3_8_0)
                                      1.72e-07 1.11e-07 3.43e-07 6.25e-07   0.0
      mult_x_25 (stage1_path_engine_0_DW_mult_tc_J3_7_0)
                                      1.75e-07 1.12e-07 3.35e-07 6.22e-07   0.0
      mult_x_26 (stage1_path_engine_0_DW_mult_tc_J3_6_0)
                                      1.74e-07 1.11e-07 3.15e-07 6.00e-07   0.0
      mult_x_27 (stage1_path_engine_0_DW_mult_tc_J3_5_0)
                                      1.77e-07 1.12e-07 3.51e-07 6.40e-07   0.0
      mult_x_28 (stage1_path_engine_0_DW_mult_tc_J3_4_0)
                                      1.74e-07 1.11e-07 3.27e-07 6.12e-07   0.0
      mult_x_29 (stage1_path_engine_0_DW_mult_tc_J3_3_0)
                                      1.71e-07 1.10e-07 3.41e-07 6.22e-07   0.0
      mult_x_30 (stage1_path_engine_0_DW_mult_tc_J3_2_0)
                                      1.74e-07 1.12e-07 3.34e-07 6.20e-07   0.0
      mult_x_31 (stage1_path_engine_0_DW_mult_tc_J3_1_0)
                                      1.74e-07 1.11e-07 3.10e-07 5.95e-07   0.0
      mult_x_32 (stage1_path_engine_0_DW_mult_tc_J3_0_0)
                                      1.76e-07 1.12e-07 3.46e-07 6.35e-07   0.0
      DP_OP_664J3_154_8083 (stage1_path_engine_0_DP_OP_664J3_154_8083_J3_0_0)
                                      1.02e-07 4.01e-08 3.25e-07 4.68e-07   0.0
      mult_x_1 (stage1_path_engine_0_DW_mult_tc_J3_31_0)
                                      1.72e-07 1.10e-07 3.09e-07 5.91e-07   0.0
      mult_x_2 (stage1_path_engine_0_DW_mult_tc_J3_30_0)
                                      1.77e-07 1.12e-07 3.46e-07 6.35e-07   0.0
      mult_x_3 (stage1_path_engine_0_DW_mult_tc_J3_29_0)
                                      1.73e-07 1.11e-07 3.27e-07 6.11e-07   0.0
      mult_x_4 (stage1_path_engine_0_DW_mult_tc_J3_28_0)
                                      1.71e-07 1.11e-07 3.43e-07 6.25e-07   0.0
      mult_x_5 (stage1_path_engine_0_DW_mult_tc_J3_27_0)
                                      1.76e-07 1.12e-07 3.35e-07 6.23e-07   0.0
      mult_x_6 (stage1_path_engine_0_DW_mult_tc_J3_26_0)
                                      1.73e-07 1.11e-07 3.15e-07 5.98e-07   0.0
      mult_x_7 (stage1_path_engine_0_DW_mult_tc_J3_25_0)
                                      1.79e-07 1.13e-07 3.51e-07 6.42e-07   0.0
      mult_x_8 (stage1_path_engine_0_DW_mult_tc_J3_24_0)
                                      1.72e-07 1.11e-07 3.22e-07 6.05e-07   0.0
      mult_x_9 (stage1_path_engine_0_DW_mult_tc_J3_23_0)
                                      1.70e-07 1.10e-07 3.41e-07 6.21e-07   0.0
      DP_OP_637J3_127_2117 (stage1_path_engine_0_DP_OP_637J3_127_2117_J3_0_0)
                                      1.46e-08 5.06e-09 7.03e-08 9.00e-08   0.0
      DP_OP_654J3_144_2117 (stage1_path_engine_0_DP_OP_654J3_144_2117_J3_0_0)
                                      1.53e-08 5.34e-09 6.67e-08 8.74e-08   0.0
      DP_OP_665J3_155_8083 (stage1_path_engine_0_DP_OP_665J3_155_8083_J3_0_0)
                                      9.96e-08 3.94e-08 3.25e-07 4.64e-07   0.0
      DP_OP_640J3_130_2117 (stage1_path_engine_0_DP_OP_640J3_130_2117_J3_0_0)
                                      1.58e-08 5.47e-09 6.79e-08 8.92e-08   0.0
      DP_OP_638J3_128_2117 (stage1_path_engine_0_DP_OP_638J3_128_2117_J3_0_0)
                                      1.53e-08 5.34e-09 6.67e-08 8.74e-08   0.0
      DP_OP_655J3_145_2117 (stage1_path_engine_0_DP_OP_655J3_145_2117_J3_0_0)
                                      1.69e-08 5.85e-09 6.70e-08 8.97e-08   0.0
      DP_OP_666J3_156_8083 (stage1_path_engine_0_DP_OP_666J3_156_8083_J3_0_0)
                                      8.78e-08 3.50e-08 3.25e-07 4.48e-07   0.0
      DP_OP_641J3_131_2117 (stage1_path_engine_0_DP_OP_641J3_131_2117_J3_0_0)
                                      1.71e-08 5.98e-09 6.86e-08 9.16e-08   0.0
      DP_OP_639J3_129_2117 (stage1_path_engine_0_DP_OP_639J3_129_2117_J3_0_0)
                                      1.69e-08 5.85e-09 6.70e-08 8.97e-08   0.0
      DP_OP_656J3_146_2117 (stage1_path_engine_0_DP_OP_656J3_146_2117_J3_0_0)
                                      1.58e-08 5.47e-09 6.79e-08 8.92e-08   0.0
      DP_OP_672J3_162_589 (stage1_path_engine_0_DP_OP_672J3_162_589_J3_0_0)
                                      1.55e-07 5.67e-08 3.66e-07 5.78e-07   0.0
      DP_OP_642J3_132_2117 (stage1_path_engine_0_DP_OP_642J3_132_2117_J3_0_0)
                                      1.78e-08 6.18e-09 6.78e-08 9.17e-08   0.0
  g_weight_13__u_weight (sram_bank_128x256_2)
                                      2.52e-04 4.93e-07 9.45e-05 3.47e-04   1.8
    g_bank_6__u_macro (hs128x32_wrapper_17)
                                      3.21e-05 6.15e-08 1.18e-05 4.39e-05   0.2
    g_bank_5__u_macro (hs128x32_wrapper_18)
                                      3.21e-05 6.15e-08 1.18e-05 4.40e-05   0.2
    g_bank_4__u_macro (hs128x32_wrapper_19)
                                      3.20e-05 6.16e-08 1.18e-05 4.39e-05   0.2
    g_bank_0__u_macro (hs128x32_wrapper_23)
                                      2.80e-05 6.15e-08 1.18e-05 3.99e-05   0.2
    g_bank_3__u_macro (hs128x32_wrapper_20)
                                      3.21e-05 6.15e-08 1.18e-05 4.40e-05   0.2
    g_bank_2__u_macro (hs128x32_wrapper_21)
                                      3.20e-05 6.16e-08 1.18e-05 4.39e-05   0.2
    g_bank_1__u_macro (hs128x32_wrapper_22)
                                      3.21e-05 6.15e-08 1.18e-05 4.39e-05   0.2
    g_bank_7__u_macro (hs128x32_wrapper_16)
                                      3.20e-05 6.16e-08 1.18e-05 4.39e-05   0.2
  g_weight_8__u_weight (sram_bank_128x256_7)
                                      2.52e-04 4.94e-07 9.45e-05 3.47e-04   1.8
    g_bank_6__u_macro (hs128x32_wrapper_57)
                                      3.21e-05 6.17e-08 1.18e-05 4.39e-05   0.2
    g_bank_5__u_macro (hs128x32_wrapper_58)
                                      3.21e-05 6.18e-08 1.18e-05 4.40e-05   0.2
    g_bank_4__u_macro (hs128x32_wrapper_59)
                                      3.20e-05 6.17e-08 1.18e-05 4.39e-05   0.2
    g_bank_0__u_macro (hs128x32_wrapper_63)
                                      2.80e-05 6.18e-08 1.18e-05 3.99e-05   0.2
    g_bank_3__u_macro (hs128x32_wrapper_60)
                                      3.21e-05 6.17e-08 1.18e-05 4.40e-05   0.2
    g_bank_2__u_macro (hs128x32_wrapper_61)
                                      3.20e-05 6.17e-08 1.18e-05 4.39e-05   0.2
    g_bank_1__u_macro (hs128x32_wrapper_62)
                                      3.21e-05 6.17e-08 1.18e-05 4.39e-05   0.2
    g_bank_7__u_macro (hs128x32_wrapper_56)
                                      3.20e-05 6.17e-08 1.18e-05 4.39e-05   0.2
  DP_OP_278J1_136_5275 (stage1_tile_DP_OP_278J1_136_5275_J1_0)
                                      7.78e-08 3.11e-08 1.40e-07 2.49e-07   0.0
1
